n_full	n_placebo	n_null	total_epochs	null_per_pair	fn_construction	stopping	p_full	p_placebo	p_null	d	role	replicates	look	p_pass	p_cut	p_cant_tell_yet	se_pass	expected_pairs	price_range
97	97	97	291	1.00	union	anytime	0.35	0.35	0.35	0.00	no-lift	200	1	0.00000	0.00000	1.00000	0.00000	1.000	$24.15-$25.32 (cap $87.30)
97	97	97	291	1.00	union	anytime	0.35	0.35	0.35	0.00	no-lift	200	2	0.00000	0.00000	1.00000	0.00000	2.000	$24.15-$25.32 (cap $87.30)
97	97	97	291	1.00	union	anytime	0.35	0.35	0.35	0.00	no-lift	200	3	0.00000	0.00000	1.00000	0.00000	3.000	$24.15-$25.32 (cap $87.30)
97	97	97	291	1.00	union	anytime	0.35	0.35	0.35	0.00	no-lift	200	4	0.00000	0.00000	1.00000	0.00000	4.000	$24.15-$25.32 (cap $87.30)
97	97	97	291	1.00	union	anytime	0.35	0.35	0.35	0.00	no-lift	200	5	0.00000	0.00000	1.00000	0.00000	5.000	$24.15-$25.32 (cap $87.30)
97	97	97	291	1.00	union	anytime	0.35	0.35	0.35	0.00	no-lift	200	6	0.00000	0.00000	1.00000	0.00000	6.000	$24.15-$25.32 (cap $87.30)
97	97	97	291	1.00	union	anytime	0.35	0.35	0.35	0.00	no-lift	200	7	0.00000	0.00000	1.00000	0.00000	7.000	$24.15-$25.32 (cap $87.30)
97	97	97	291	1.00	union	anytime	0.35	0.35	0.35	0.00	no-lift	200	8	0.00000	0.00500	0.99500	0.00000	8.000	$24.15-$25.32 (cap $87.30)
97	97	97	291	1.00	union	anytime	0.35	0.35	0.35	0.00	no-lift	200	9	0.00000	0.01000	0.99000	0.00000	8.995	$24.15-$25.32 (cap $87.30)
97	97	97	291	1.00	union	anytime	0.35	0.35	0.35	0.00	no-lift	200	10	0.00000	0.01000	0.99000	0.00000	9.985	$24.15-$25.32 (cap $87.30)
97	97	97	291	1.00	union	anytime	0.35	0.35	0.35	0.00	no-lift	200	11	0.00000	0.01500	0.98500	0.00000	10.975	$24.15-$25.32 (cap $87.30)
97	97	97	291	1.00	union	anytime	0.35	0.35	0.35	0.00	no-lift	200	12	0.00000	0.04000	0.96000	0.00000	11.960	$24.15-$25.32 (cap $87.30)
97	97	97	291	1.00	union	anytime	0.35	0.35	0.35	0.00	no-lift	200	13	0.00000	0.04500	0.95500	0.00000	12.920	$24.15-$25.32 (cap $87.30)
97	97	97	291	1.00	union	anytime	0.35	0.35	0.35	0.00	no-lift	200	14	0.00000	0.06500	0.93500	0.00000	13.875	$24.15-$25.32 (cap $87.30)
97	97	97	291	1.00	union	anytime	0.35	0.35	0.35	0.00	no-lift	200	15	0.00000	0.07000	0.93000	0.00000	14.810	$24.15-$25.32 (cap $87.30)
97	97	97	291	1.00	union	anytime	0.35	0.35	0.35	0.00	no-lift	200	16	0.00000	0.07500	0.92500	0.00000	15.740	$24.15-$25.32 (cap $87.30)
97	97	97	291	1.00	union	anytime	0.35	0.35	0.35	0.00	no-lift	200	17	0.00000	0.07500	0.92500	0.00000	16.665	$24.15-$25.32 (cap $87.30)
97	97	97	291	1.00	union	anytime	0.35	0.35	0.35	0.00	no-lift	200	18	0.00000	0.09500	0.90500	0.00000	17.590	$24.15-$25.32 (cap $87.30)
97	97	97	291	1.00	union	anytime	0.35	0.35	0.35	0.00	no-lift	200	19	0.00000	0.12000	0.88000	0.00000	18.495	$24.15-$25.32 (cap $87.30)
97	97	97	291	1.00	union	anytime	0.35	0.35	0.35	0.00	no-lift	200	20	0.00000	0.13000	0.87000	0.00000	19.375	$24.15-$25.32 (cap $87.30)
97	97	97	291	1.00	union	anytime	0.35	0.35	0.35	0.00	no-lift	200	21	0.00000	0.14000	0.86000	0.00000	20.245	$24.15-$25.32 (cap $87.30)
97	97	97	291	1.00	union	anytime	0.35	0.35	0.35	0.00	no-lift	200	22	0.00000	0.15000	0.85000	0.00000	21.105	$24.15-$25.32 (cap $87.30)
97	97	97	291	1.00	union	anytime	0.35	0.35	0.35	0.00	no-lift	200	23	0.00000	0.16500	0.83500	0.00000	21.955	$24.15-$25.32 (cap $87.30)
97	97	97	291	1.00	union	anytime	0.35	0.35	0.35	0.00	no-lift	200	24	0.00000	0.16500	0.83500	0.00000	22.790	$24.15-$25.32 (cap $87.30)
97	97	97	291	1.00	union	anytime	0.35	0.35	0.35	0.00	no-lift	200	25	0.00000	0.17000	0.83000	0.00000	23.625	$24.15-$25.32 (cap $87.30)
97	97	97	291	1.00	union	anytime	0.35	0.35	0.35	0.00	no-lift	200	26	0.00000	0.20000	0.80000	0.00000	24.455	$24.15-$25.32 (cap $87.30)
97	97	97	291	1.00	union	anytime	0.35	0.35	0.35	0.00	no-lift	200	27	0.00000	0.20000	0.80000	0.00000	25.255	$24.15-$25.32 (cap $87.30)
97	97	97	291	1.00	union	anytime	0.35	0.35	0.35	0.00	no-lift	200	28	0.00000	0.21500	0.78500	0.00000	26.055	$24.15-$25.32 (cap $87.30)
97	97	97	291	1.00	union	anytime	0.35	0.35	0.35	0.00	no-lift	200	29	0.00000	0.22000	0.78000	0.00000	26.840	$24.15-$25.32 (cap $87.30)
97	97	97	291	1.00	union	anytime	0.35	0.35	0.35	0.00	no-lift	200	30	0.00000	0.22500	0.77500	0.00000	27.620	$24.15-$25.32 (cap $87.30)
97	97	97	291	1.00	union	anytime	0.35	0.35	0.35	0.00	no-lift	200	31	0.00000	0.23000	0.77000	0.00000	28.395	$24.15-$25.32 (cap $87.30)
97	97	97	291	1.00	union	anytime	0.35	0.35	0.35	0.00	no-lift	200	32	0.00000	0.23500	0.76500	0.00000	29.165	$24.15-$25.32 (cap $87.30)
97	97	97	291	1.00	union	anytime	0.35	0.35	0.35	0.00	no-lift	200	33	0.00000	0.25500	0.74500	0.00000	29.930	$24.15-$25.32 (cap $87.30)
97	97	97	291	1.00	union	anytime	0.35	0.35	0.35	0.00	no-lift	200	34	0.00000	0.26000	0.74000	0.00000	30.675	$24.15-$25.32 (cap $87.30)
97	97	97	291	1.00	union	anytime	0.35	0.35	0.35	0.00	no-lift	200	35	0.00000	0.26000	0.74000	0.00000	31.415	$24.15-$25.32 (cap $87.30)
97	97	97	291	1.00	union	anytime	0.35	0.35	0.35	0.00	no-lift	200	36	0.00000	0.26000	0.74000	0.00000	32.155	$24.15-$25.32 (cap $87.30)
97	97	97	291	1.00	union	anytime	0.35	0.35	0.35	0.00	no-lift	200	37	0.00000	0.27500	0.72500	0.00000	32.895	$24.15-$25.32 (cap $87.30)
97	97	97	291	1.00	union	anytime	0.35	0.35	0.35	0.00	no-lift	200	38	0.00000	0.29000	0.71000	0.00000	33.620	$24.15-$25.32 (cap $87.30)
97	97	97	291	1.00	union	anytime	0.35	0.35	0.35	0.00	no-lift	200	39	0.00000	0.30000	0.70000	0.00000	34.330	$24.15-$25.32 (cap $87.30)
97	97	97	291	1.00	union	anytime	0.35	0.35	0.35	0.00	no-lift	200	40	0.00000	0.30000	0.70000	0.00000	35.030	$24.15-$25.32 (cap $87.30)
97	97	97	291	1.00	union	anytime	0.35	0.35	0.35	0.00	no-lift	200	41	0.00000	0.31000	0.69000	0.00000	35.730	$24.15-$25.32 (cap $87.30)
97	97	97	291	1.00	union	anytime	0.35	0.35	0.35	0.00	no-lift	200	42	0.00000	0.31500	0.68500	0.00000	36.420	$24.15-$25.32 (cap $87.30)
97	97	97	291	1.00	union	anytime	0.35	0.35	0.35	0.00	no-lift	200	43	0.00000	0.32500	0.67500	0.00000	37.105	$24.15-$25.32 (cap $87.30)
97	97	97	291	1.00	union	anytime	0.35	0.35	0.35	0.00	no-lift	200	44	0.00000	0.32500	0.67500	0.00000	37.780	$24.15-$25.32 (cap $87.30)
97	97	97	291	1.00	union	anytime	0.35	0.35	0.35	0.00	no-lift	200	45	0.00000	0.32500	0.67500	0.00000	38.455	$24.15-$25.32 (cap $87.30)
97	97	97	291	1.00	union	anytime	0.35	0.35	0.35	0.00	no-lift	200	46	0.00000	0.33500	0.66500	0.00000	39.130	$24.15-$25.32 (cap $87.30)
97	97	97	291	1.00	union	anytime	0.35	0.35	0.35	0.00	no-lift	200	47	0.00000	0.35000	0.65000	0.00000	39.795	$24.15-$25.32 (cap $87.30)
97	97	97	291	1.00	union	anytime	0.35	0.35	0.35	0.00	no-lift	200	48	0.00000	0.35000	0.65000	0.00000	40.445	$24.15-$25.32 (cap $87.30)
97	97	97	291	1.00	union	anytime	0.35	0.35	0.35	0.00	no-lift	200	49	0.00000	0.36000	0.64000	0.00000	41.095	$24.15-$25.32 (cap $87.30)
97	97	97	291	1.00	union	anytime	0.35	0.35	0.35	0.00	no-lift	200	50	0.00000	0.36000	0.64000	0.00000	41.735	$24.15-$25.32 (cap $87.30)
97	97	97	291	1.00	union	anytime	0.35	0.35	0.35	0.00	no-lift	200	51	0.00000	0.36500	0.63500	0.00000	42.375	$24.15-$25.32 (cap $87.30)
97	97	97	291	1.00	union	anytime	0.35	0.35	0.35	0.00	no-lift	200	52	0.00000	0.37500	0.62500	0.00000	43.010	$24.15-$25.32 (cap $87.30)
97	97	97	291	1.00	union	anytime	0.35	0.35	0.35	0.00	no-lift	200	53	0.00000	0.37500	0.62500	0.00000	43.635	$24.15-$25.32 (cap $87.30)
97	97	97	291	1.00	union	anytime	0.35	0.35	0.35	0.00	no-lift	200	54	0.00000	0.38500	0.61500	0.00000	44.260	$24.15-$25.32 (cap $87.30)
97	97	97	291	1.00	union	anytime	0.35	0.35	0.35	0.00	no-lift	200	55	0.00000	0.38500	0.61500	0.00000	44.875	$24.15-$25.32 (cap $87.30)
97	97	97	291	1.00	union	anytime	0.35	0.35	0.35	0.00	no-lift	200	56	0.00000	0.39500	0.60500	0.00000	45.490	$24.15-$25.32 (cap $87.30)
97	97	97	291	1.00	union	anytime	0.35	0.35	0.35	0.00	no-lift	200	57	0.00000	0.39500	0.60500	0.00000	46.095	$24.15-$25.32 (cap $87.30)
97	97	97	291	1.00	union	anytime	0.35	0.35	0.35	0.00	no-lift	200	58	0.00000	0.40000	0.60000	0.00000	46.700	$24.15-$25.32 (cap $87.30)
97	97	97	291	1.00	union	anytime	0.35	0.35	0.35	0.00	no-lift	200	59	0.00000	0.40500	0.59500	0.00000	47.300	$24.15-$25.32 (cap $87.30)
97	97	97	291	1.00	union	anytime	0.35	0.35	0.35	0.00	no-lift	200	60	0.00000	0.41500	0.58500	0.00000	47.895	$24.15-$25.32 (cap $87.30)
97	97	97	291	1.00	union	anytime	0.35	0.35	0.35	0.00	no-lift	200	61	0.00000	0.42000	0.58000	0.00000	48.480	$24.15-$25.32 (cap $87.30)
97	97	97	291	1.00	union	anytime	0.35	0.35	0.35	0.00	no-lift	200	62	0.00000	0.42000	0.58000	0.00000	49.060	$24.15-$25.32 (cap $87.30)
97	97	97	291	1.00	union	anytime	0.35	0.35	0.35	0.00	no-lift	200	63	0.00000	0.43000	0.57000	0.00000	49.640	$24.15-$25.32 (cap $87.30)
97	97	97	291	1.00	union	anytime	0.35	0.35	0.35	0.00	no-lift	200	64	0.00000	0.43000	0.57000	0.00000	50.210	$24.15-$25.32 (cap $87.30)
97	97	97	291	1.00	union	anytime	0.35	0.35	0.35	0.00	no-lift	200	65	0.00000	0.43500	0.56500	0.00000	50.780	$24.15-$25.32 (cap $87.30)
97	97	97	291	1.00	union	anytime	0.35	0.35	0.35	0.00	no-lift	200	66	0.00000	0.43500	0.56500	0.00000	51.345	$24.15-$25.32 (cap $87.30)
97	97	97	291	1.00	union	anytime	0.35	0.35	0.35	0.00	no-lift	200	67	0.00000	0.43500	0.56500	0.00000	51.910	$24.15-$25.32 (cap $87.30)
97	97	97	291	1.00	union	anytime	0.35	0.35	0.35	0.00	no-lift	200	68	0.00000	0.44500	0.55500	0.00000	52.475	$24.15-$25.32 (cap $87.30)
97	97	97	291	1.00	union	anytime	0.35	0.35	0.35	0.00	no-lift	200	69	0.00000	0.45000	0.55000	0.00000	53.030	$24.15-$25.32 (cap $87.30)
97	97	97	291	1.00	union	anytime	0.35	0.35	0.35	0.00	no-lift	200	70	0.00000	0.45000	0.55000	0.00000	53.580	$24.15-$25.32 (cap $87.30)
97	97	97	291	1.00	union	anytime	0.35	0.35	0.35	0.00	no-lift	200	71	0.00000	0.45500	0.54500	0.00000	54.130	$24.15-$25.32 (cap $87.30)
97	97	97	291	1.00	union	anytime	0.35	0.35	0.35	0.00	no-lift	200	72	0.00000	0.46000	0.54000	0.00000	54.675	$24.15-$25.32 (cap $87.30)
97	97	97	291	1.00	union	anytime	0.35	0.35	0.35	0.00	no-lift	200	73	0.00000	0.47000	0.53000	0.00000	55.215	$24.15-$25.32 (cap $87.30)
97	97	97	291	1.00	union	anytime	0.35	0.35	0.35	0.00	no-lift	200	74	0.00000	0.47500	0.52500	0.00000	55.745	$24.15-$25.32 (cap $87.30)
97	97	97	291	1.00	union	anytime	0.35	0.35	0.35	0.00	no-lift	200	75	0.00000	0.47500	0.52500	0.00000	56.270	$24.15-$25.32 (cap $87.30)
97	97	97	291	1.00	union	anytime	0.35	0.35	0.35	0.00	no-lift	200	76	0.00000	0.47500	0.52500	0.00000	56.795	$24.15-$25.32 (cap $87.30)
97	97	97	291	1.00	union	anytime	0.35	0.35	0.35	0.00	no-lift	200	77	0.00000	0.48000	0.52000	0.00000	57.320	$24.15-$25.32 (cap $87.30)
97	97	97	291	1.00	union	anytime	0.35	0.35	0.35	0.00	no-lift	200	78	0.00000	0.48500	0.51500	0.00000	57.840	$24.15-$25.32 (cap $87.30)
97	97	97	291	1.00	union	anytime	0.35	0.35	0.35	0.00	no-lift	200	79	0.00000	0.49000	0.51000	0.00000	58.355	$24.15-$25.32 (cap $87.30)
97	97	97	291	1.00	union	anytime	0.35	0.35	0.35	0.00	no-lift	200	80	0.00000	0.49500	0.50500	0.00000	58.865	$24.15-$25.32 (cap $87.30)
97	97	97	291	1.00	union	anytime	0.35	0.35	0.35	0.00	no-lift	200	81	0.00000	0.49500	0.50500	0.00000	59.370	$24.15-$25.32 (cap $87.30)
97	97	97	291	1.00	union	anytime	0.35	0.35	0.35	0.00	no-lift	200	82	0.00000	0.50500	0.49500	0.00000	59.875	$24.15-$25.32 (cap $87.30)
97	97	97	291	1.00	union	anytime	0.35	0.35	0.35	0.00	no-lift	200	83	0.00000	0.51000	0.49000	0.00000	60.370	$24.15-$25.32 (cap $87.30)
97	97	97	291	1.00	union	anytime	0.35	0.35	0.35	0.00	no-lift	200	84	0.00000	0.51500	0.48500	0.00000	60.860	$24.15-$25.32 (cap $87.30)
97	97	97	291	1.00	union	anytime	0.35	0.35	0.35	0.00	no-lift	200	85	0.00000	0.51500	0.48500	0.00000	61.345	$24.15-$25.32 (cap $87.30)
97	97	97	291	1.00	union	anytime	0.35	0.35	0.35	0.00	no-lift	200	86	0.00000	0.52500	0.47500	0.00000	61.830	$24.15-$25.32 (cap $87.30)
97	97	97	291	1.00	union	anytime	0.35	0.35	0.35	0.00	no-lift	200	87	0.00000	0.52500	0.47500	0.00000	62.305	$24.15-$25.32 (cap $87.30)
97	97	97	291	1.00	union	anytime	0.35	0.35	0.35	0.00	no-lift	200	88	0.00000	0.53500	0.46500	0.00000	62.780	$24.15-$25.32 (cap $87.30)
97	97	97	291	1.00	union	anytime	0.35	0.35	0.35	0.00	no-lift	200	89	0.00000	0.53500	0.46500	0.00000	63.245	$24.15-$25.32 (cap $87.30)
97	97	97	291	1.00	union	anytime	0.35	0.35	0.35	0.00	no-lift	200	90	0.00000	0.54500	0.45500	0.00000	63.710	$24.15-$25.32 (cap $87.30)
97	97	97	291	1.00	union	anytime	0.35	0.35	0.35	0.00	no-lift	200	91	0.00000	0.54500	0.45500	0.00000	64.165	$24.15-$25.32 (cap $87.30)
97	97	97	291	1.00	union	anytime	0.35	0.35	0.35	0.00	no-lift	200	92	0.00000	0.54500	0.45500	0.00000	64.620	$24.15-$25.32 (cap $87.30)
97	97	97	291	1.00	union	anytime	0.35	0.35	0.35	0.00	no-lift	200	93	0.00000	0.54500	0.45500	0.00000	65.075	$24.15-$25.32 (cap $87.30)
97	97	97	291	1.00	union	anytime	0.35	0.35	0.35	0.00	no-lift	200	94	0.00000	0.55500	0.44500	0.00000	65.530	$24.15-$25.32 (cap $87.30)
97	97	97	291	1.00	union	anytime	0.35	0.35	0.35	0.00	no-lift	200	95	0.00000	0.55500	0.44500	0.00000	65.975	$24.15-$25.32 (cap $87.30)
97	97	97	291	1.00	union	anytime	0.35	0.35	0.35	0.00	no-lift	200	96	0.00000	0.56500	0.43500	0.00000	66.420	$24.15-$25.32 (cap $87.30)
97	97	97	291	1.00	union	anytime	0.35	0.35	0.35	0.00	no-lift	200	97	0.00000	0.57000	0.43000	0.00000	66.855	$24.15-$25.32 (cap $87.30)
97	97	48	242	0.50	union	anytime	0.35	0.35	0.35	0.00	no-lift	200	1	0.00000	0.00000	1.00000	0.00000	1.000	$20.09-$21.05 (cap $72.60)
97	97	48	242	0.50	union	anytime	0.35	0.35	0.35	0.00	no-lift	200	2	0.00000	0.00000	1.00000	0.00000	2.000	$20.09-$21.05 (cap $72.60)
97	97	48	242	0.50	union	anytime	0.35	0.35	0.35	0.00	no-lift	200	3	0.00000	0.00000	1.00000	0.00000	3.000	$20.09-$21.05 (cap $72.60)
97	97	48	242	0.50	union	anytime	0.35	0.35	0.35	0.00	no-lift	200	4	0.00000	0.00000	1.00000	0.00000	4.000	$20.09-$21.05 (cap $72.60)
97	97	48	242	0.50	union	anytime	0.35	0.35	0.35	0.00	no-lift	200	5	0.00000	0.00000	1.00000	0.00000	5.000	$20.09-$21.05 (cap $72.60)
97	97	48	242	0.50	union	anytime	0.35	0.35	0.35	0.00	no-lift	200	6	0.00000	0.00000	1.00000	0.00000	6.000	$20.09-$21.05 (cap $72.60)
97	97	48	242	0.50	union	anytime	0.35	0.35	0.35	0.00	no-lift	200	7	0.00000	0.00000	1.00000	0.00000	7.000	$20.09-$21.05 (cap $72.60)
97	97	48	242	0.50	union	anytime	0.35	0.35	0.35	0.00	no-lift	200	8	0.00000	0.00500	0.99500	0.00000	8.000	$20.09-$21.05 (cap $72.60)
97	97	48	242	0.50	union	anytime	0.35	0.35	0.35	0.00	no-lift	200	9	0.00000	0.01000	0.99000	0.00000	8.995	$20.09-$21.05 (cap $72.60)
97	97	48	242	0.50	union	anytime	0.35	0.35	0.35	0.00	no-lift	200	10	0.00000	0.01000	0.99000	0.00000	9.985	$20.09-$21.05 (cap $72.60)
97	97	48	242	0.50	union	anytime	0.35	0.35	0.35	0.00	no-lift	200	11	0.00000	0.01500	0.98500	0.00000	10.975	$20.09-$21.05 (cap $72.60)
97	97	48	242	0.50	union	anytime	0.35	0.35	0.35	0.00	no-lift	200	12	0.00000	0.04000	0.96000	0.00000	11.960	$20.09-$21.05 (cap $72.60)
97	97	48	242	0.50	union	anytime	0.35	0.35	0.35	0.00	no-lift	200	13	0.00000	0.04500	0.95500	0.00000	12.920	$20.09-$21.05 (cap $72.60)
97	97	48	242	0.50	union	anytime	0.35	0.35	0.35	0.00	no-lift	200	14	0.00000	0.06500	0.93500	0.00000	13.875	$20.09-$21.05 (cap $72.60)
97	97	48	242	0.50	union	anytime	0.35	0.35	0.35	0.00	no-lift	200	15	0.00000	0.07000	0.93000	0.00000	14.810	$20.09-$21.05 (cap $72.60)
97	97	48	242	0.50	union	anytime	0.35	0.35	0.35	0.00	no-lift	200	16	0.00000	0.07500	0.92500	0.00000	15.740	$20.09-$21.05 (cap $72.60)
97	97	48	242	0.50	union	anytime	0.35	0.35	0.35	0.00	no-lift	200	17	0.00000	0.07500	0.92500	0.00000	16.665	$20.09-$21.05 (cap $72.60)
97	97	48	242	0.50	union	anytime	0.35	0.35	0.35	0.00	no-lift	200	18	0.00000	0.09500	0.90500	0.00000	17.590	$20.09-$21.05 (cap $72.60)
97	97	48	242	0.50	union	anytime	0.35	0.35	0.35	0.00	no-lift	200	19	0.00000	0.12000	0.88000	0.00000	18.495	$20.09-$21.05 (cap $72.60)
97	97	48	242	0.50	union	anytime	0.35	0.35	0.35	0.00	no-lift	200	20	0.00000	0.13000	0.87000	0.00000	19.375	$20.09-$21.05 (cap $72.60)
97	97	48	242	0.50	union	anytime	0.35	0.35	0.35	0.00	no-lift	200	21	0.00000	0.14000	0.86000	0.00000	20.245	$20.09-$21.05 (cap $72.60)
97	97	48	242	0.50	union	anytime	0.35	0.35	0.35	0.00	no-lift	200	22	0.00000	0.15000	0.85000	0.00000	21.105	$20.09-$21.05 (cap $72.60)
97	97	48	242	0.50	union	anytime	0.35	0.35	0.35	0.00	no-lift	200	23	0.00000	0.16500	0.83500	0.00000	21.955	$20.09-$21.05 (cap $72.60)
97	97	48	242	0.50	union	anytime	0.35	0.35	0.35	0.00	no-lift	200	24	0.00000	0.16500	0.83500	0.00000	22.790	$20.09-$21.05 (cap $72.60)
97	97	48	242	0.50	union	anytime	0.35	0.35	0.35	0.00	no-lift	200	25	0.00000	0.17000	0.83000	0.00000	23.625	$20.09-$21.05 (cap $72.60)
97	97	48	242	0.50	union	anytime	0.35	0.35	0.35	0.00	no-lift	200	26	0.00000	0.20000	0.80000	0.00000	24.455	$20.09-$21.05 (cap $72.60)
97	97	48	242	0.50	union	anytime	0.35	0.35	0.35	0.00	no-lift	200	27	0.00000	0.20000	0.80000	0.00000	25.255	$20.09-$21.05 (cap $72.60)
97	97	48	242	0.50	union	anytime	0.35	0.35	0.35	0.00	no-lift	200	28	0.00000	0.21500	0.78500	0.00000	26.055	$20.09-$21.05 (cap $72.60)
97	97	48	242	0.50	union	anytime	0.35	0.35	0.35	0.00	no-lift	200	29	0.00000	0.22000	0.78000	0.00000	26.840	$20.09-$21.05 (cap $72.60)
97	97	48	242	0.50	union	anytime	0.35	0.35	0.35	0.00	no-lift	200	30	0.00000	0.22500	0.77500	0.00000	27.620	$20.09-$21.05 (cap $72.60)
97	97	48	242	0.50	union	anytime	0.35	0.35	0.35	0.00	no-lift	200	31	0.00000	0.23000	0.77000	0.00000	28.395	$20.09-$21.05 (cap $72.60)
97	97	48	242	0.50	union	anytime	0.35	0.35	0.35	0.00	no-lift	200	32	0.00000	0.23500	0.76500	0.00000	29.165	$20.09-$21.05 (cap $72.60)
97	97	48	242	0.50	union	anytime	0.35	0.35	0.35	0.00	no-lift	200	33	0.00000	0.25500	0.74500	0.00000	29.930	$20.09-$21.05 (cap $72.60)
97	97	48	242	0.50	union	anytime	0.35	0.35	0.35	0.00	no-lift	200	34	0.00000	0.26000	0.74000	0.00000	30.675	$20.09-$21.05 (cap $72.60)
97	97	48	242	0.50	union	anytime	0.35	0.35	0.35	0.00	no-lift	200	35	0.00000	0.26000	0.74000	0.00000	31.415	$20.09-$21.05 (cap $72.60)
97	97	48	242	0.50	union	anytime	0.35	0.35	0.35	0.00	no-lift	200	36	0.00000	0.26000	0.74000	0.00000	32.155	$20.09-$21.05 (cap $72.60)
97	97	48	242	0.50	union	anytime	0.35	0.35	0.35	0.00	no-lift	200	37	0.00000	0.27500	0.72500	0.00000	32.895	$20.09-$21.05 (cap $72.60)
97	97	48	242	0.50	union	anytime	0.35	0.35	0.35	0.00	no-lift	200	38	0.00000	0.29000	0.71000	0.00000	33.620	$20.09-$21.05 (cap $72.60)
97	97	48	242	0.50	union	anytime	0.35	0.35	0.35	0.00	no-lift	200	39	0.00000	0.30000	0.70000	0.00000	34.330	$20.09-$21.05 (cap $72.60)
97	97	48	242	0.50	union	anytime	0.35	0.35	0.35	0.00	no-lift	200	40	0.00000	0.30000	0.70000	0.00000	35.030	$20.09-$21.05 (cap $72.60)
97	97	48	242	0.50	union	anytime	0.35	0.35	0.35	0.00	no-lift	200	41	0.00000	0.31000	0.69000	0.00000	35.730	$20.09-$21.05 (cap $72.60)
97	97	48	242	0.50	union	anytime	0.35	0.35	0.35	0.00	no-lift	200	42	0.00000	0.31500	0.68500	0.00000	36.420	$20.09-$21.05 (cap $72.60)
97	97	48	242	0.50	union	anytime	0.35	0.35	0.35	0.00	no-lift	200	43	0.00000	0.32500	0.67500	0.00000	37.105	$20.09-$21.05 (cap $72.60)
97	97	48	242	0.50	union	anytime	0.35	0.35	0.35	0.00	no-lift	200	44	0.00000	0.32500	0.67500	0.00000	37.780	$20.09-$21.05 (cap $72.60)
97	97	48	242	0.50	union	anytime	0.35	0.35	0.35	0.00	no-lift	200	45	0.00000	0.32500	0.67500	0.00000	38.455	$20.09-$21.05 (cap $72.60)
97	97	48	242	0.50	union	anytime	0.35	0.35	0.35	0.00	no-lift	200	46	0.00000	0.33500	0.66500	0.00000	39.130	$20.09-$21.05 (cap $72.60)
97	97	48	242	0.50	union	anytime	0.35	0.35	0.35	0.00	no-lift	200	47	0.00000	0.35000	0.65000	0.00000	39.795	$20.09-$21.05 (cap $72.60)
97	97	48	242	0.50	union	anytime	0.35	0.35	0.35	0.00	no-lift	200	48	0.00000	0.35000	0.65000	0.00000	40.445	$20.09-$21.05 (cap $72.60)
97	97	48	242	0.50	union	anytime	0.35	0.35	0.35	0.00	no-lift	200	49	0.00000	0.36000	0.64000	0.00000	41.095	$20.09-$21.05 (cap $72.60)
97	97	48	242	0.50	union	anytime	0.35	0.35	0.35	0.00	no-lift	200	50	0.00000	0.36000	0.64000	0.00000	41.735	$20.09-$21.05 (cap $72.60)
97	97	48	242	0.50	union	anytime	0.35	0.35	0.35	0.00	no-lift	200	51	0.00000	0.36500	0.63500	0.00000	42.375	$20.09-$21.05 (cap $72.60)
97	97	48	242	0.50	union	anytime	0.35	0.35	0.35	0.00	no-lift	200	52	0.00000	0.37500	0.62500	0.00000	43.010	$20.09-$21.05 (cap $72.60)
97	97	48	242	0.50	union	anytime	0.35	0.35	0.35	0.00	no-lift	200	53	0.00000	0.37500	0.62500	0.00000	43.635	$20.09-$21.05 (cap $72.60)
97	97	48	242	0.50	union	anytime	0.35	0.35	0.35	0.00	no-lift	200	54	0.00000	0.38500	0.61500	0.00000	44.260	$20.09-$21.05 (cap $72.60)
97	97	48	242	0.50	union	anytime	0.35	0.35	0.35	0.00	no-lift	200	55	0.00000	0.38500	0.61500	0.00000	44.875	$20.09-$21.05 (cap $72.60)
97	97	48	242	0.50	union	anytime	0.35	0.35	0.35	0.00	no-lift	200	56	0.00000	0.39500	0.60500	0.00000	45.490	$20.09-$21.05 (cap $72.60)
97	97	48	242	0.50	union	anytime	0.35	0.35	0.35	0.00	no-lift	200	57	0.00000	0.39500	0.60500	0.00000	46.095	$20.09-$21.05 (cap $72.60)
97	97	48	242	0.50	union	anytime	0.35	0.35	0.35	0.00	no-lift	200	58	0.00000	0.40000	0.60000	0.00000	46.700	$20.09-$21.05 (cap $72.60)
97	97	48	242	0.50	union	anytime	0.35	0.35	0.35	0.00	no-lift	200	59	0.00000	0.40500	0.59500	0.00000	47.300	$20.09-$21.05 (cap $72.60)
97	97	48	242	0.50	union	anytime	0.35	0.35	0.35	0.00	no-lift	200	60	0.00000	0.41500	0.58500	0.00000	47.895	$20.09-$21.05 (cap $72.60)
97	97	48	242	0.50	union	anytime	0.35	0.35	0.35	0.00	no-lift	200	61	0.00000	0.42000	0.58000	0.00000	48.480	$20.09-$21.05 (cap $72.60)
97	97	48	242	0.50	union	anytime	0.35	0.35	0.35	0.00	no-lift	200	62	0.00000	0.42000	0.58000	0.00000	49.060	$20.09-$21.05 (cap $72.60)
97	97	48	242	0.50	union	anytime	0.35	0.35	0.35	0.00	no-lift	200	63	0.00000	0.43000	0.57000	0.00000	49.640	$20.09-$21.05 (cap $72.60)
97	97	48	242	0.50	union	anytime	0.35	0.35	0.35	0.00	no-lift	200	64	0.00000	0.43000	0.57000	0.00000	50.210	$20.09-$21.05 (cap $72.60)
97	97	48	242	0.50	union	anytime	0.35	0.35	0.35	0.00	no-lift	200	65	0.00000	0.43500	0.56500	0.00000	50.780	$20.09-$21.05 (cap $72.60)
97	97	48	242	0.50	union	anytime	0.35	0.35	0.35	0.00	no-lift	200	66	0.00000	0.43500	0.56500	0.00000	51.345	$20.09-$21.05 (cap $72.60)
97	97	48	242	0.50	union	anytime	0.35	0.35	0.35	0.00	no-lift	200	67	0.00000	0.43500	0.56500	0.00000	51.910	$20.09-$21.05 (cap $72.60)
97	97	48	242	0.50	union	anytime	0.35	0.35	0.35	0.00	no-lift	200	68	0.00000	0.44500	0.55500	0.00000	52.475	$20.09-$21.05 (cap $72.60)
97	97	48	242	0.50	union	anytime	0.35	0.35	0.35	0.00	no-lift	200	69	0.00000	0.45000	0.55000	0.00000	53.030	$20.09-$21.05 (cap $72.60)
97	97	48	242	0.50	union	anytime	0.35	0.35	0.35	0.00	no-lift	200	70	0.00000	0.45000	0.55000	0.00000	53.580	$20.09-$21.05 (cap $72.60)
97	97	48	242	0.50	union	anytime	0.35	0.35	0.35	0.00	no-lift	200	71	0.00000	0.45500	0.54500	0.00000	54.130	$20.09-$21.05 (cap $72.60)
97	97	48	242	0.50	union	anytime	0.35	0.35	0.35	0.00	no-lift	200	72	0.00000	0.46000	0.54000	0.00000	54.675	$20.09-$21.05 (cap $72.60)
97	97	48	242	0.50	union	anytime	0.35	0.35	0.35	0.00	no-lift	200	73	0.00000	0.47000	0.53000	0.00000	55.215	$20.09-$21.05 (cap $72.60)
97	97	48	242	0.50	union	anytime	0.35	0.35	0.35	0.00	no-lift	200	74	0.00000	0.47500	0.52500	0.00000	55.745	$20.09-$21.05 (cap $72.60)
97	97	48	242	0.50	union	anytime	0.35	0.35	0.35	0.00	no-lift	200	75	0.00000	0.47500	0.52500	0.00000	56.270	$20.09-$21.05 (cap $72.60)
97	97	48	242	0.50	union	anytime	0.35	0.35	0.35	0.00	no-lift	200	76	0.00000	0.47500	0.52500	0.00000	56.795	$20.09-$21.05 (cap $72.60)
97	97	48	242	0.50	union	anytime	0.35	0.35	0.35	0.00	no-lift	200	77	0.00000	0.48000	0.52000	0.00000	57.320	$20.09-$21.05 (cap $72.60)
97	97	48	242	0.50	union	anytime	0.35	0.35	0.35	0.00	no-lift	200	78	0.00000	0.48500	0.51500	0.00000	57.840	$20.09-$21.05 (cap $72.60)
97	97	48	242	0.50	union	anytime	0.35	0.35	0.35	0.00	no-lift	200	79	0.00000	0.49000	0.51000	0.00000	58.355	$20.09-$21.05 (cap $72.60)
97	97	48	242	0.50	union	anytime	0.35	0.35	0.35	0.00	no-lift	200	80	0.00000	0.49500	0.50500	0.00000	58.865	$20.09-$21.05 (cap $72.60)
97	97	48	242	0.50	union	anytime	0.35	0.35	0.35	0.00	no-lift	200	81	0.00000	0.49500	0.50500	0.00000	59.370	$20.09-$21.05 (cap $72.60)
97	97	48	242	0.50	union	anytime	0.35	0.35	0.35	0.00	no-lift	200	82	0.00000	0.50500	0.49500	0.00000	59.875	$20.09-$21.05 (cap $72.60)
97	97	48	242	0.50	union	anytime	0.35	0.35	0.35	0.00	no-lift	200	83	0.00000	0.51000	0.49000	0.00000	60.370	$20.09-$21.05 (cap $72.60)
97	97	48	242	0.50	union	anytime	0.35	0.35	0.35	0.00	no-lift	200	84	0.00000	0.51500	0.48500	0.00000	60.860	$20.09-$21.05 (cap $72.60)
97	97	48	242	0.50	union	anytime	0.35	0.35	0.35	0.00	no-lift	200	85	0.00000	0.51500	0.48500	0.00000	61.345	$20.09-$21.05 (cap $72.60)
97	97	48	242	0.50	union	anytime	0.35	0.35	0.35	0.00	no-lift	200	86	0.00000	0.52500	0.47500	0.00000	61.830	$20.09-$21.05 (cap $72.60)
97	97	48	242	0.50	union	anytime	0.35	0.35	0.35	0.00	no-lift	200	87	0.00000	0.52500	0.47500	0.00000	62.305	$20.09-$21.05 (cap $72.60)
97	97	48	242	0.50	union	anytime	0.35	0.35	0.35	0.00	no-lift	200	88	0.00000	0.53500	0.46500	0.00000	62.780	$20.09-$21.05 (cap $72.60)
97	97	48	242	0.50	union	anytime	0.35	0.35	0.35	0.00	no-lift	200	89	0.00000	0.53500	0.46500	0.00000	63.245	$20.09-$21.05 (cap $72.60)
97	97	48	242	0.50	union	anytime	0.35	0.35	0.35	0.00	no-lift	200	90	0.00000	0.54500	0.45500	0.00000	63.710	$20.09-$21.05 (cap $72.60)
97	97	48	242	0.50	union	anytime	0.35	0.35	0.35	0.00	no-lift	200	91	0.00000	0.54500	0.45500	0.00000	64.165	$20.09-$21.05 (cap $72.60)
97	97	48	242	0.50	union	anytime	0.35	0.35	0.35	0.00	no-lift	200	92	0.00000	0.54500	0.45500	0.00000	64.620	$20.09-$21.05 (cap $72.60)
97	97	48	242	0.50	union	anytime	0.35	0.35	0.35	0.00	no-lift	200	93	0.00000	0.54500	0.45500	0.00000	65.075	$20.09-$21.05 (cap $72.60)
97	97	48	242	0.50	union	anytime	0.35	0.35	0.35	0.00	no-lift	200	94	0.00000	0.55500	0.44500	0.00000	65.530	$20.09-$21.05 (cap $72.60)
97	97	48	242	0.50	union	anytime	0.35	0.35	0.35	0.00	no-lift	200	95	0.00000	0.55500	0.44500	0.00000	65.975	$20.09-$21.05 (cap $72.60)
97	97	48	242	0.50	union	anytime	0.35	0.35	0.35	0.00	no-lift	200	96	0.00000	0.56500	0.43500	0.00000	66.420	$20.09-$21.05 (cap $72.60)
97	97	48	242	0.50	union	anytime	0.35	0.35	0.35	0.00	no-lift	200	97	0.00000	0.57000	0.43000	0.00000	66.855	$20.09-$21.05 (cap $72.60)
97	97	97	291	1.00	direct	anytime	0.35	0.35	0.35	0.00	no-lift	200	1	0.00000	0.00000	1.00000	0.00000	1.000	$24.15-$25.32 (cap $87.30)
97	97	97	291	1.00	direct	anytime	0.35	0.35	0.35	0.00	no-lift	200	2	0.00000	0.00000	1.00000	0.00000	2.000	$24.15-$25.32 (cap $87.30)
97	97	97	291	1.00	direct	anytime	0.35	0.35	0.35	0.00	no-lift	200	3	0.00000	0.00000	1.00000	0.00000	3.000	$24.15-$25.32 (cap $87.30)
97	97	97	291	1.00	direct	anytime	0.35	0.35	0.35	0.00	no-lift	200	4	0.00000	0.00000	1.00000	0.00000	4.000	$24.15-$25.32 (cap $87.30)
97	97	97	291	1.00	direct	anytime	0.35	0.35	0.35	0.00	no-lift	200	5	0.00000	0.00000	1.00000	0.00000	5.000	$24.15-$25.32 (cap $87.30)
97	97	97	291	1.00	direct	anytime	0.35	0.35	0.35	0.00	no-lift	200	6	0.00000	0.00000	1.00000	0.00000	6.000	$24.15-$25.32 (cap $87.30)
97	97	97	291	1.00	direct	anytime	0.35	0.35	0.35	0.00	no-lift	200	7	0.00000	0.00000	1.00000	0.00000	7.000	$24.15-$25.32 (cap $87.30)
97	97	97	291	1.00	direct	anytime	0.35	0.35	0.35	0.00	no-lift	200	8	0.00000	0.00500	0.99500	0.00000	8.000	$24.15-$25.32 (cap $87.30)
97	97	97	291	1.00	direct	anytime	0.35	0.35	0.35	0.00	no-lift	200	9	0.00000	0.01000	0.99000	0.00000	8.995	$24.15-$25.32 (cap $87.30)
97	97	97	291	1.00	direct	anytime	0.35	0.35	0.35	0.00	no-lift	200	10	0.00000	0.01000	0.99000	0.00000	9.985	$24.15-$25.32 (cap $87.30)
97	97	97	291	1.00	direct	anytime	0.35	0.35	0.35	0.00	no-lift	200	11	0.00000	0.01500	0.98500	0.00000	10.975	$24.15-$25.32 (cap $87.30)
97	97	97	291	1.00	direct	anytime	0.35	0.35	0.35	0.00	no-lift	200	12	0.00000	0.04000	0.96000	0.00000	11.960	$24.15-$25.32 (cap $87.30)
97	97	97	291	1.00	direct	anytime	0.35	0.35	0.35	0.00	no-lift	200	13	0.00000	0.04500	0.95500	0.00000	12.920	$24.15-$25.32 (cap $87.30)
97	97	97	291	1.00	direct	anytime	0.35	0.35	0.35	0.00	no-lift	200	14	0.00000	0.06500	0.93500	0.00000	13.875	$24.15-$25.32 (cap $87.30)
97	97	97	291	1.00	direct	anytime	0.35	0.35	0.35	0.00	no-lift	200	15	0.00000	0.07000	0.93000	0.00000	14.810	$24.15-$25.32 (cap $87.30)
97	97	97	291	1.00	direct	anytime	0.35	0.35	0.35	0.00	no-lift	200	16	0.00000	0.07500	0.92500	0.00000	15.740	$24.15-$25.32 (cap $87.30)
97	97	97	291	1.00	direct	anytime	0.35	0.35	0.35	0.00	no-lift	200	17	0.00000	0.07500	0.92500	0.00000	16.665	$24.15-$25.32 (cap $87.30)
97	97	97	291	1.00	direct	anytime	0.35	0.35	0.35	0.00	no-lift	200	18	0.00000	0.09500	0.90500	0.00000	17.590	$24.15-$25.32 (cap $87.30)
97	97	97	291	1.00	direct	anytime	0.35	0.35	0.35	0.00	no-lift	200	19	0.00000	0.12000	0.88000	0.00000	18.495	$24.15-$25.32 (cap $87.30)
97	97	97	291	1.00	direct	anytime	0.35	0.35	0.35	0.00	no-lift	200	20	0.00000	0.13000	0.87000	0.00000	19.375	$24.15-$25.32 (cap $87.30)
97	97	97	291	1.00	direct	anytime	0.35	0.35	0.35	0.00	no-lift	200	21	0.00000	0.14000	0.86000	0.00000	20.245	$24.15-$25.32 (cap $87.30)
97	97	97	291	1.00	direct	anytime	0.35	0.35	0.35	0.00	no-lift	200	22	0.00000	0.15000	0.85000	0.00000	21.105	$24.15-$25.32 (cap $87.30)
97	97	97	291	1.00	direct	anytime	0.35	0.35	0.35	0.00	no-lift	200	23	0.00000	0.16500	0.83500	0.00000	21.955	$24.15-$25.32 (cap $87.30)
97	97	97	291	1.00	direct	anytime	0.35	0.35	0.35	0.00	no-lift	200	24	0.00000	0.16500	0.83500	0.00000	22.790	$24.15-$25.32 (cap $87.30)
97	97	97	291	1.00	direct	anytime	0.35	0.35	0.35	0.00	no-lift	200	25	0.00000	0.17000	0.83000	0.00000	23.625	$24.15-$25.32 (cap $87.30)
97	97	97	291	1.00	direct	anytime	0.35	0.35	0.35	0.00	no-lift	200	26	0.00000	0.20000	0.80000	0.00000	24.455	$24.15-$25.32 (cap $87.30)
97	97	97	291	1.00	direct	anytime	0.35	0.35	0.35	0.00	no-lift	200	27	0.00000	0.20000	0.80000	0.00000	25.255	$24.15-$25.32 (cap $87.30)
97	97	97	291	1.00	direct	anytime	0.35	0.35	0.35	0.00	no-lift	200	28	0.00000	0.21500	0.78500	0.00000	26.055	$24.15-$25.32 (cap $87.30)
97	97	97	291	1.00	direct	anytime	0.35	0.35	0.35	0.00	no-lift	200	29	0.00000	0.22000	0.78000	0.00000	26.840	$24.15-$25.32 (cap $87.30)
97	97	97	291	1.00	direct	anytime	0.35	0.35	0.35	0.00	no-lift	200	30	0.00000	0.22500	0.77500	0.00000	27.620	$24.15-$25.32 (cap $87.30)
97	97	97	291	1.00	direct	anytime	0.35	0.35	0.35	0.00	no-lift	200	31	0.00000	0.23000	0.77000	0.00000	28.395	$24.15-$25.32 (cap $87.30)
97	97	97	291	1.00	direct	anytime	0.35	0.35	0.35	0.00	no-lift	200	32	0.00000	0.23500	0.76500	0.00000	29.165	$24.15-$25.32 (cap $87.30)
97	97	97	291	1.00	direct	anytime	0.35	0.35	0.35	0.00	no-lift	200	33	0.00000	0.25500	0.74500	0.00000	29.930	$24.15-$25.32 (cap $87.30)
97	97	97	291	1.00	direct	anytime	0.35	0.35	0.35	0.00	no-lift	200	34	0.00000	0.26000	0.74000	0.00000	30.675	$24.15-$25.32 (cap $87.30)
97	97	97	291	1.00	direct	anytime	0.35	0.35	0.35	0.00	no-lift	200	35	0.00000	0.26000	0.74000	0.00000	31.415	$24.15-$25.32 (cap $87.30)
97	97	97	291	1.00	direct	anytime	0.35	0.35	0.35	0.00	no-lift	200	36	0.00000	0.26000	0.74000	0.00000	32.155	$24.15-$25.32 (cap $87.30)
97	97	97	291	1.00	direct	anytime	0.35	0.35	0.35	0.00	no-lift	200	37	0.00000	0.27500	0.72500	0.00000	32.895	$24.15-$25.32 (cap $87.30)
97	97	97	291	1.00	direct	anytime	0.35	0.35	0.35	0.00	no-lift	200	38	0.00000	0.29000	0.71000	0.00000	33.620	$24.15-$25.32 (cap $87.30)
97	97	97	291	1.00	direct	anytime	0.35	0.35	0.35	0.00	no-lift	200	39	0.00000	0.30000	0.70000	0.00000	34.330	$24.15-$25.32 (cap $87.30)
97	97	97	291	1.00	direct	anytime	0.35	0.35	0.35	0.00	no-lift	200	40	0.00000	0.30000	0.70000	0.00000	35.030	$24.15-$25.32 (cap $87.30)
97	97	97	291	1.00	direct	anytime	0.35	0.35	0.35	0.00	no-lift	200	41	0.00000	0.31000	0.69000	0.00000	35.730	$24.15-$25.32 (cap $87.30)
97	97	97	291	1.00	direct	anytime	0.35	0.35	0.35	0.00	no-lift	200	42	0.00000	0.31500	0.68500	0.00000	36.420	$24.15-$25.32 (cap $87.30)
97	97	97	291	1.00	direct	anytime	0.35	0.35	0.35	0.00	no-lift	200	43	0.00000	0.32500	0.67500	0.00000	37.105	$24.15-$25.32 (cap $87.30)
97	97	97	291	1.00	direct	anytime	0.35	0.35	0.35	0.00	no-lift	200	44	0.00000	0.32500	0.67500	0.00000	37.780	$24.15-$25.32 (cap $87.30)
97	97	97	291	1.00	direct	anytime	0.35	0.35	0.35	0.00	no-lift	200	45	0.00000	0.32500	0.67500	0.00000	38.455	$24.15-$25.32 (cap $87.30)
97	97	97	291	1.00	direct	anytime	0.35	0.35	0.35	0.00	no-lift	200	46	0.00000	0.33500	0.66500	0.00000	39.130	$24.15-$25.32 (cap $87.30)
97	97	97	291	1.00	direct	anytime	0.35	0.35	0.35	0.00	no-lift	200	47	0.00000	0.35000	0.65000	0.00000	39.795	$24.15-$25.32 (cap $87.30)
97	97	97	291	1.00	direct	anytime	0.35	0.35	0.35	0.00	no-lift	200	48	0.00000	0.35000	0.65000	0.00000	40.445	$24.15-$25.32 (cap $87.30)
97	97	97	291	1.00	direct	anytime	0.35	0.35	0.35	0.00	no-lift	200	49	0.00000	0.36000	0.64000	0.00000	41.095	$24.15-$25.32 (cap $87.30)
97	97	97	291	1.00	direct	anytime	0.35	0.35	0.35	0.00	no-lift	200	50	0.00000	0.36000	0.64000	0.00000	41.735	$24.15-$25.32 (cap $87.30)
97	97	97	291	1.00	direct	anytime	0.35	0.35	0.35	0.00	no-lift	200	51	0.00000	0.36500	0.63500	0.00000	42.375	$24.15-$25.32 (cap $87.30)
97	97	97	291	1.00	direct	anytime	0.35	0.35	0.35	0.00	no-lift	200	52	0.00000	0.37500	0.62500	0.00000	43.010	$24.15-$25.32 (cap $87.30)
97	97	97	291	1.00	direct	anytime	0.35	0.35	0.35	0.00	no-lift	200	53	0.00000	0.37500	0.62500	0.00000	43.635	$24.15-$25.32 (cap $87.30)
97	97	97	291	1.00	direct	anytime	0.35	0.35	0.35	0.00	no-lift	200	54	0.00000	0.38500	0.61500	0.00000	44.260	$24.15-$25.32 (cap $87.30)
97	97	97	291	1.00	direct	anytime	0.35	0.35	0.35	0.00	no-lift	200	55	0.00000	0.38500	0.61500	0.00000	44.875	$24.15-$25.32 (cap $87.30)
97	97	97	291	1.00	direct	anytime	0.35	0.35	0.35	0.00	no-lift	200	56	0.00000	0.39500	0.60500	0.00000	45.490	$24.15-$25.32 (cap $87.30)
97	97	97	291	1.00	direct	anytime	0.35	0.35	0.35	0.00	no-lift	200	57	0.00000	0.39500	0.60500	0.00000	46.095	$24.15-$25.32 (cap $87.30)
97	97	97	291	1.00	direct	anytime	0.35	0.35	0.35	0.00	no-lift	200	58	0.00000	0.40000	0.60000	0.00000	46.700	$24.15-$25.32 (cap $87.30)
97	97	97	291	1.00	direct	anytime	0.35	0.35	0.35	0.00	no-lift	200	59	0.00000	0.40500	0.59500	0.00000	47.300	$24.15-$25.32 (cap $87.30)
97	97	97	291	1.00	direct	anytime	0.35	0.35	0.35	0.00	no-lift	200	60	0.00000	0.41500	0.58500	0.00000	47.895	$24.15-$25.32 (cap $87.30)
97	97	97	291	1.00	direct	anytime	0.35	0.35	0.35	0.00	no-lift	200	61	0.00000	0.42000	0.58000	0.00000	48.480	$24.15-$25.32 (cap $87.30)
97	97	97	291	1.00	direct	anytime	0.35	0.35	0.35	0.00	no-lift	200	62	0.00000	0.42000	0.58000	0.00000	49.060	$24.15-$25.32 (cap $87.30)
97	97	97	291	1.00	direct	anytime	0.35	0.35	0.35	0.00	no-lift	200	63	0.00000	0.43000	0.57000	0.00000	49.640	$24.15-$25.32 (cap $87.30)
97	97	97	291	1.00	direct	anytime	0.35	0.35	0.35	0.00	no-lift	200	64	0.00000	0.43000	0.57000	0.00000	50.210	$24.15-$25.32 (cap $87.30)
97	97	97	291	1.00	direct	anytime	0.35	0.35	0.35	0.00	no-lift	200	65	0.00000	0.43500	0.56500	0.00000	50.780	$24.15-$25.32 (cap $87.30)
97	97	97	291	1.00	direct	anytime	0.35	0.35	0.35	0.00	no-lift	200	66	0.00000	0.43500	0.56500	0.00000	51.345	$24.15-$25.32 (cap $87.30)
97	97	97	291	1.00	direct	anytime	0.35	0.35	0.35	0.00	no-lift	200	67	0.00000	0.43500	0.56500	0.00000	51.910	$24.15-$25.32 (cap $87.30)
97	97	97	291	1.00	direct	anytime	0.35	0.35	0.35	0.00	no-lift	200	68	0.00000	0.44500	0.55500	0.00000	52.475	$24.15-$25.32 (cap $87.30)
97	97	97	291	1.00	direct	anytime	0.35	0.35	0.35	0.00	no-lift	200	69	0.00000	0.45000	0.55000	0.00000	53.030	$24.15-$25.32 (cap $87.30)
97	97	97	291	1.00	direct	anytime	0.35	0.35	0.35	0.00	no-lift	200	70	0.00000	0.45000	0.55000	0.00000	53.580	$24.15-$25.32 (cap $87.30)
97	97	97	291	1.00	direct	anytime	0.35	0.35	0.35	0.00	no-lift	200	71	0.00000	0.45500	0.54500	0.00000	54.130	$24.15-$25.32 (cap $87.30)
97	97	97	291	1.00	direct	anytime	0.35	0.35	0.35	0.00	no-lift	200	72	0.00000	0.46000	0.54000	0.00000	54.675	$24.15-$25.32 (cap $87.30)
97	97	97	291	1.00	direct	anytime	0.35	0.35	0.35	0.00	no-lift	200	73	0.00000	0.47000	0.53000	0.00000	55.215	$24.15-$25.32 (cap $87.30)
97	97	97	291	1.00	direct	anytime	0.35	0.35	0.35	0.00	no-lift	200	74	0.00000	0.47500	0.52500	0.00000	55.745	$24.15-$25.32 (cap $87.30)
97	97	97	291	1.00	direct	anytime	0.35	0.35	0.35	0.00	no-lift	200	75	0.00000	0.47500	0.52500	0.00000	56.270	$24.15-$25.32 (cap $87.30)
97	97	97	291	1.00	direct	anytime	0.35	0.35	0.35	0.00	no-lift	200	76	0.00000	0.47500	0.52500	0.00000	56.795	$24.15-$25.32 (cap $87.30)
97	97	97	291	1.00	direct	anytime	0.35	0.35	0.35	0.00	no-lift	200	77	0.00000	0.48000	0.52000	0.00000	57.320	$24.15-$25.32 (cap $87.30)
97	97	97	291	1.00	direct	anytime	0.35	0.35	0.35	0.00	no-lift	200	78	0.00000	0.48500	0.51500	0.00000	57.840	$24.15-$25.32 (cap $87.30)
97	97	97	291	1.00	direct	anytime	0.35	0.35	0.35	0.00	no-lift	200	79	0.00000	0.49000	0.51000	0.00000	58.355	$24.15-$25.32 (cap $87.30)
97	97	97	291	1.00	direct	anytime	0.35	0.35	0.35	0.00	no-lift	200	80	0.00000	0.49500	0.50500	0.00000	58.865	$24.15-$25.32 (cap $87.30)
97	97	97	291	1.00	direct	anytime	0.35	0.35	0.35	0.00	no-lift	200	81	0.00000	0.49500	0.50500	0.00000	59.370	$24.15-$25.32 (cap $87.30)
97	97	97	291	1.00	direct	anytime	0.35	0.35	0.35	0.00	no-lift	200	82	0.00000	0.50500	0.49500	0.00000	59.875	$24.15-$25.32 (cap $87.30)
97	97	97	291	1.00	direct	anytime	0.35	0.35	0.35	0.00	no-lift	200	83	0.00000	0.51000	0.49000	0.00000	60.370	$24.15-$25.32 (cap $87.30)
97	97	97	291	1.00	direct	anytime	0.35	0.35	0.35	0.00	no-lift	200	84	0.00000	0.51500	0.48500	0.00000	60.860	$24.15-$25.32 (cap $87.30)
97	97	97	291	1.00	direct	anytime	0.35	0.35	0.35	0.00	no-lift	200	85	0.00000	0.51500	0.48500	0.00000	61.345	$24.15-$25.32 (cap $87.30)
97	97	97	291	1.00	direct	anytime	0.35	0.35	0.35	0.00	no-lift	200	86	0.00000	0.52500	0.47500	0.00000	61.830	$24.15-$25.32 (cap $87.30)
97	97	97	291	1.00	direct	anytime	0.35	0.35	0.35	0.00	no-lift	200	87	0.00000	0.52500	0.47500	0.00000	62.305	$24.15-$25.32 (cap $87.30)
97	97	97	291	1.00	direct	anytime	0.35	0.35	0.35	0.00	no-lift	200	88	0.00000	0.53500	0.46500	0.00000	62.780	$24.15-$25.32 (cap $87.30)
97	97	97	291	1.00	direct	anytime	0.35	0.35	0.35	0.00	no-lift	200	89	0.00000	0.53500	0.46500	0.00000	63.245	$24.15-$25.32 (cap $87.30)
97	97	97	291	1.00	direct	anytime	0.35	0.35	0.35	0.00	no-lift	200	90	0.00000	0.54500	0.45500	0.00000	63.710	$24.15-$25.32 (cap $87.30)
97	97	97	291	1.00	direct	anytime	0.35	0.35	0.35	0.00	no-lift	200	91	0.00000	0.54500	0.45500	0.00000	64.165	$24.15-$25.32 (cap $87.30)
97	97	97	291	1.00	direct	anytime	0.35	0.35	0.35	0.00	no-lift	200	92	0.00000	0.54500	0.45500	0.00000	64.620	$24.15-$25.32 (cap $87.30)
97	97	97	291	1.00	direct	anytime	0.35	0.35	0.35	0.00	no-lift	200	93	0.00000	0.54500	0.45500	0.00000	65.075	$24.15-$25.32 (cap $87.30)
97	97	97	291	1.00	direct	anytime	0.35	0.35	0.35	0.00	no-lift	200	94	0.00000	0.55500	0.44500	0.00000	65.530	$24.15-$25.32 (cap $87.30)
97	97	97	291	1.00	direct	anytime	0.35	0.35	0.35	0.00	no-lift	200	95	0.00000	0.55500	0.44500	0.00000	65.975	$24.15-$25.32 (cap $87.30)
97	97	97	291	1.00	direct	anytime	0.35	0.35	0.35	0.00	no-lift	200	96	0.00000	0.56500	0.43500	0.00000	66.420	$24.15-$25.32 (cap $87.30)
97	97	97	291	1.00	direct	anytime	0.35	0.35	0.35	0.00	no-lift	200	97	0.00000	0.57000	0.43000	0.00000	66.855	$24.15-$25.32 (cap $87.30)
97	97	97	291	1.00	union	anytime	0.45	0.35	0.35	0.10	no-lift	200	1	0.00000	0.00000	1.00000	0.00000	1.000	$24.15-$25.32 (cap $87.30)
97	97	97	291	1.00	union	anytime	0.45	0.35	0.35	0.10	no-lift	200	2	0.00000	0.00000	1.00000	0.00000	2.000	$24.15-$25.32 (cap $87.30)
97	97	97	291	1.00	union	anytime	0.45	0.35	0.35	0.10	no-lift	200	3	0.00000	0.00000	1.00000	0.00000	3.000	$24.15-$25.32 (cap $87.30)
97	97	97	291	1.00	union	anytime	0.45	0.35	0.35	0.10	no-lift	200	4	0.00000	0.00000	1.00000	0.00000	4.000	$24.15-$25.32 (cap $87.30)
97	97	97	291	1.00	union	anytime	0.45	0.35	0.35	0.10	no-lift	200	5	0.00000	0.00000	1.00000	0.00000	5.000	$24.15-$25.32 (cap $87.30)
97	97	97	291	1.00	union	anytime	0.45	0.35	0.35	0.10	no-lift	200	6	0.00000	0.00000	1.00000	0.00000	6.000	$24.15-$25.32 (cap $87.30)
97	97	97	291	1.00	union	anytime	0.45	0.35	0.35	0.10	no-lift	200	7	0.00000	0.00500	0.99500	0.00000	7.000	$24.15-$25.32 (cap $87.30)
97	97	97	291	1.00	union	anytime	0.45	0.35	0.35	0.10	no-lift	200	8	0.00000	0.00500	0.99500	0.00000	7.995	$24.15-$25.32 (cap $87.30)
97	97	97	291	1.00	union	anytime	0.45	0.35	0.35	0.10	no-lift	200	9	0.00000	0.00500	0.99500	0.00000	8.990	$24.15-$25.32 (cap $87.30)
97	97	97	291	1.00	union	anytime	0.45	0.35	0.35	0.10	no-lift	200	10	0.00000	0.01000	0.99000	0.00000	9.985	$24.15-$25.32 (cap $87.30)
97	97	97	291	1.00	union	anytime	0.45	0.35	0.35	0.10	no-lift	200	11	0.00000	0.01000	0.99000	0.00000	10.975	$24.15-$25.32 (cap $87.30)
97	97	97	291	1.00	union	anytime	0.45	0.35	0.35	0.10	no-lift	200	12	0.00000	0.01000	0.99000	0.00000	11.965	$24.15-$25.32 (cap $87.30)
97	97	97	291	1.00	union	anytime	0.45	0.35	0.35	0.10	no-lift	200	13	0.00000	0.01000	0.99000	0.00000	12.955	$24.15-$25.32 (cap $87.30)
97	97	97	291	1.00	union	anytime	0.45	0.35	0.35	0.10	no-lift	200	14	0.00000	0.02000	0.98000	0.00000	13.945	$24.15-$25.32 (cap $87.30)
97	97	97	291	1.00	union	anytime	0.45	0.35	0.35	0.10	no-lift	200	15	0.00000	0.02500	0.97500	0.00000	14.925	$24.15-$25.32 (cap $87.30)
97	97	97	291	1.00	union	anytime	0.45	0.35	0.35	0.10	no-lift	200	16	0.00000	0.02500	0.97500	0.00000	15.900	$24.15-$25.32 (cap $87.30)
97	97	97	291	1.00	union	anytime	0.45	0.35	0.35	0.10	no-lift	200	17	0.00000	0.02500	0.97500	0.00000	16.875	$24.15-$25.32 (cap $87.30)
97	97	97	291	1.00	union	anytime	0.45	0.35	0.35	0.10	no-lift	200	18	0.00000	0.02500	0.97500	0.00000	17.850	$24.15-$25.32 (cap $87.30)
97	97	97	291	1.00	union	anytime	0.45	0.35	0.35	0.10	no-lift	200	19	0.00000	0.02500	0.97500	0.00000	18.825	$24.15-$25.32 (cap $87.30)
97	97	97	291	1.00	union	anytime	0.45	0.35	0.35	0.10	no-lift	200	20	0.00000	0.02500	0.97500	0.00000	19.800	$24.15-$25.32 (cap $87.30)
97	97	97	291	1.00	union	anytime	0.45	0.35	0.35	0.10	no-lift	200	21	0.00000	0.03500	0.96500	0.00000	20.775	$24.15-$25.32 (cap $87.30)
97	97	97	291	1.00	union	anytime	0.45	0.35	0.35	0.10	no-lift	200	22	0.00000	0.04000	0.96000	0.00000	21.740	$24.15-$25.32 (cap $87.30)
97	97	97	291	1.00	union	anytime	0.45	0.35	0.35	0.10	no-lift	200	23	0.00000	0.05000	0.95000	0.00000	22.700	$24.15-$25.32 (cap $87.30)
97	97	97	291	1.00	union	anytime	0.45	0.35	0.35	0.10	no-lift	200	24	0.00000	0.05500	0.94500	0.00000	23.650	$24.15-$25.32 (cap $87.30)
97	97	97	291	1.00	union	anytime	0.45	0.35	0.35	0.10	no-lift	200	25	0.00000	0.05500	0.94500	0.00000	24.595	$24.15-$25.32 (cap $87.30)
97	97	97	291	1.00	union	anytime	0.45	0.35	0.35	0.10	no-lift	200	26	0.00000	0.06500	0.93500	0.00000	25.540	$24.15-$25.32 (cap $87.30)
97	97	97	291	1.00	union	anytime	0.45	0.35	0.35	0.10	no-lift	200	27	0.00000	0.07000	0.93000	0.00000	26.475	$24.15-$25.32 (cap $87.30)
97	97	97	291	1.00	union	anytime	0.45	0.35	0.35	0.10	no-lift	200	28	0.00000	0.07500	0.92500	0.00000	27.405	$24.15-$25.32 (cap $87.30)
97	97	97	291	1.00	union	anytime	0.45	0.35	0.35	0.10	no-lift	200	29	0.00000	0.08000	0.92000	0.00000	28.330	$24.15-$25.32 (cap $87.30)
97	97	97	291	1.00	union	anytime	0.45	0.35	0.35	0.10	no-lift	200	30	0.00000	0.08000	0.92000	0.00000	29.250	$24.15-$25.32 (cap $87.30)
97	97	97	291	1.00	union	anytime	0.45	0.35	0.35	0.10	no-lift	200	31	0.00000	0.08500	0.91500	0.00000	30.170	$24.15-$25.32 (cap $87.30)
97	97	97	291	1.00	union	anytime	0.45	0.35	0.35	0.10	no-lift	200	32	0.00000	0.08500	0.91500	0.00000	31.085	$24.15-$25.32 (cap $87.30)
97	97	97	291	1.00	union	anytime	0.45	0.35	0.35	0.10	no-lift	200	33	0.00000	0.08500	0.91500	0.00000	32.000	$24.15-$25.32 (cap $87.30)
97	97	97	291	1.00	union	anytime	0.45	0.35	0.35	0.10	no-lift	200	34	0.00000	0.08500	0.91500	0.00000	32.915	$24.15-$25.32 (cap $87.30)
97	97	97	291	1.00	union	anytime	0.45	0.35	0.35	0.10	no-lift	200	35	0.00000	0.08500	0.91500	0.00000	33.830	$24.15-$25.32 (cap $87.30)
97	97	97	291	1.00	union	anytime	0.45	0.35	0.35	0.10	no-lift	200	36	0.00000	0.08500	0.91500	0.00000	34.745	$24.15-$25.32 (cap $87.30)
97	97	97	291	1.00	union	anytime	0.45	0.35	0.35	0.10	no-lift	200	37	0.00000	0.08500	0.91500	0.00000	35.660	$24.15-$25.32 (cap $87.30)
97	97	97	291	1.00	union	anytime	0.45	0.35	0.35	0.10	no-lift	200	38	0.00000	0.08500	0.91500	0.00000	36.575	$24.15-$25.32 (cap $87.30)
97	97	97	291	1.00	union	anytime	0.45	0.35	0.35	0.10	no-lift	200	39	0.00000	0.08500	0.91500	0.00000	37.490	$24.15-$25.32 (cap $87.30)
97	97	97	291	1.00	union	anytime	0.45	0.35	0.35	0.10	no-lift	200	40	0.00000	0.08500	0.91500	0.00000	38.405	$24.15-$25.32 (cap $87.30)
97	97	97	291	1.00	union	anytime	0.45	0.35	0.35	0.10	no-lift	200	41	0.00000	0.09500	0.90500	0.00000	39.320	$24.15-$25.32 (cap $87.30)
97	97	97	291	1.00	union	anytime	0.45	0.35	0.35	0.10	no-lift	200	42	0.00000	0.09500	0.90500	0.00000	40.225	$24.15-$25.32 (cap $87.30)
97	97	97	291	1.00	union	anytime	0.45	0.35	0.35	0.10	no-lift	200	43	0.00000	0.09500	0.90500	0.00000	41.130	$24.15-$25.32 (cap $87.30)
97	97	97	291	1.00	union	anytime	0.45	0.35	0.35	0.10	no-lift	200	44	0.00000	0.09500	0.90500	0.00000	42.035	$24.15-$25.32 (cap $87.30)
97	97	97	291	1.00	union	anytime	0.45	0.35	0.35	0.10	no-lift	200	45	0.00000	0.09500	0.90500	0.00000	42.940	$24.15-$25.32 (cap $87.30)
97	97	97	291	1.00	union	anytime	0.45	0.35	0.35	0.10	no-lift	200	46	0.00000	0.09500	0.90500	0.00000	43.845	$24.15-$25.32 (cap $87.30)
97	97	97	291	1.00	union	anytime	0.45	0.35	0.35	0.10	no-lift	200	47	0.00000	0.10000	0.90000	0.00000	44.750	$24.15-$25.32 (cap $87.30)
97	97	97	291	1.00	union	anytime	0.45	0.35	0.35	0.10	no-lift	200	48	0.00000	0.10000	0.90000	0.00000	45.650	$24.15-$25.32 (cap $87.30)
97	97	97	291	1.00	union	anytime	0.45	0.35	0.35	0.10	no-lift	200	49	0.00000	0.10000	0.90000	0.00000	46.550	$24.15-$25.32 (cap $87.30)
97	97	97	291	1.00	union	anytime	0.45	0.35	0.35	0.10	no-lift	200	50	0.00000	0.10000	0.90000	0.00000	47.450	$24.15-$25.32 (cap $87.30)
97	97	97	291	1.00	union	anytime	0.45	0.35	0.35	0.10	no-lift	200	51	0.00000	0.10000	0.90000	0.00000	48.350	$24.15-$25.32 (cap $87.30)
97	97	97	291	1.00	union	anytime	0.45	0.35	0.35	0.10	no-lift	200	52	0.00000	0.10500	0.89500	0.00000	49.250	$24.15-$25.32 (cap $87.30)
97	97	97	291	1.00	union	anytime	0.45	0.35	0.35	0.10	no-lift	200	53	0.00000	0.10500	0.89500	0.00000	50.145	$24.15-$25.32 (cap $87.30)
97	97	97	291	1.00	union	anytime	0.45	0.35	0.35	0.10	no-lift	200	54	0.00000	0.11500	0.88500	0.00000	51.040	$24.15-$25.32 (cap $87.30)
97	97	97	291	1.00	union	anytime	0.45	0.35	0.35	0.10	no-lift	200	55	0.00000	0.11500	0.88500	0.00000	51.925	$24.15-$25.32 (cap $87.30)
97	97	97	291	1.00	union	anytime	0.45	0.35	0.35	0.10	no-lift	200	56	0.00000	0.11500	0.88500	0.00000	52.810	$24.15-$25.32 (cap $87.30)
97	97	97	291	1.00	union	anytime	0.45	0.35	0.35	0.10	no-lift	200	57	0.00000	0.11500	0.88500	0.00000	53.695	$24.15-$25.32 (cap $87.30)
97	97	97	291	1.00	union	anytime	0.45	0.35	0.35	0.10	no-lift	200	58	0.00000	0.11500	0.88500	0.00000	54.580	$24.15-$25.32 (cap $87.30)
97	97	97	291	1.00	union	anytime	0.45	0.35	0.35	0.10	no-lift	200	59	0.00000	0.11500	0.88500	0.00000	55.465	$24.15-$25.32 (cap $87.30)
97	97	97	291	1.00	union	anytime	0.45	0.35	0.35	0.10	no-lift	200	60	0.00000	0.11500	0.88500	0.00000	56.350	$24.15-$25.32 (cap $87.30)
97	97	97	291	1.00	union	anytime	0.45	0.35	0.35	0.10	no-lift	200	61	0.00000	0.12000	0.88000	0.00000	57.235	$24.15-$25.32 (cap $87.30)
97	97	97	291	1.00	union	anytime	0.45	0.35	0.35	0.10	no-lift	200	62	0.00000	0.12000	0.88000	0.00000	58.115	$24.15-$25.32 (cap $87.30)
97	97	97	291	1.00	union	anytime	0.45	0.35	0.35	0.10	no-lift	200	63	0.00000	0.13000	0.87000	0.00000	58.995	$24.15-$25.32 (cap $87.30)
97	97	97	291	1.00	union	anytime	0.45	0.35	0.35	0.10	no-lift	200	64	0.00000	0.13000	0.87000	0.00000	59.865	$24.15-$25.32 (cap $87.30)
97	97	97	291	1.00	union	anytime	0.45	0.35	0.35	0.10	no-lift	200	65	0.00000	0.13000	0.87000	0.00000	60.735	$24.15-$25.32 (cap $87.30)
97	97	97	291	1.00	union	anytime	0.45	0.35	0.35	0.10	no-lift	200	66	0.00000	0.13000	0.87000	0.00000	61.605	$24.15-$25.32 (cap $87.30)
97	97	97	291	1.00	union	anytime	0.45	0.35	0.35	0.10	no-lift	200	67	0.00000	0.14000	0.86000	0.00000	62.475	$24.15-$25.32 (cap $87.30)
97	97	97	291	1.00	union	anytime	0.45	0.35	0.35	0.10	no-lift	200	68	0.00000	0.14500	0.85500	0.00000	63.335	$24.15-$25.32 (cap $87.30)
97	97	97	291	1.00	union	anytime	0.45	0.35	0.35	0.10	no-lift	200	69	0.00000	0.14500	0.85500	0.00000	64.190	$24.15-$25.32 (cap $87.30)
97	97	97	291	1.00	union	anytime	0.45	0.35	0.35	0.10	no-lift	200	70	0.00000	0.14500	0.85500	0.00000	65.045	$24.15-$25.32 (cap $87.30)
97	97	97	291	1.00	union	anytime	0.45	0.35	0.35	0.10	no-lift	200	71	0.00000	0.14500	0.85500	0.00000	65.900	$24.15-$25.32 (cap $87.30)
97	97	97	291	1.00	union	anytime	0.45	0.35	0.35	0.10	no-lift	200	72	0.00000	0.15000	0.85000	0.00000	66.755	$24.15-$25.32 (cap $87.30)
97	97	97	291	1.00	union	anytime	0.45	0.35	0.35	0.10	no-lift	200	73	0.00000	0.15000	0.85000	0.00000	67.605	$24.15-$25.32 (cap $87.30)
97	97	97	291	1.00	union	anytime	0.45	0.35	0.35	0.10	no-lift	200	74	0.00000	0.15000	0.85000	0.00000	68.455	$24.15-$25.32 (cap $87.30)
97	97	97	291	1.00	union	anytime	0.45	0.35	0.35	0.10	no-lift	200	75	0.00000	0.15000	0.85000	0.00000	69.305	$24.15-$25.32 (cap $87.30)
97	97	97	291	1.00	union	anytime	0.45	0.35	0.35	0.10	no-lift	200	76	0.00000	0.16000	0.84000	0.00000	70.155	$24.15-$25.32 (cap $87.30)
97	97	97	291	1.00	union	anytime	0.45	0.35	0.35	0.10	no-lift	200	77	0.00000	0.16000	0.84000	0.00000	70.995	$24.15-$25.32 (cap $87.30)
97	97	97	291	1.00	union	anytime	0.45	0.35	0.35	0.10	no-lift	200	78	0.00000	0.16000	0.84000	0.00000	71.835	$24.15-$25.32 (cap $87.30)
97	97	97	291	1.00	union	anytime	0.45	0.35	0.35	0.10	no-lift	200	79	0.00000	0.16000	0.84000	0.00000	72.675	$24.15-$25.32 (cap $87.30)
97	97	97	291	1.00	union	anytime	0.45	0.35	0.35	0.10	no-lift	200	80	0.00000	0.16500	0.83500	0.00000	73.515	$24.15-$25.32 (cap $87.30)
97	97	97	291	1.00	union	anytime	0.45	0.35	0.35	0.10	no-lift	200	81	0.00000	0.16500	0.83500	0.00000	74.350	$24.15-$25.32 (cap $87.30)
97	97	97	291	1.00	union	anytime	0.45	0.35	0.35	0.10	no-lift	200	82	0.00000	0.17000	0.83000	0.00000	75.185	$24.15-$25.32 (cap $87.30)
97	97	97	291	1.00	union	anytime	0.45	0.35	0.35	0.10	no-lift	200	83	0.00000	0.18000	0.82000	0.00000	76.015	$24.15-$25.32 (cap $87.30)
97	97	97	291	1.00	union	anytime	0.45	0.35	0.35	0.10	no-lift	200	84	0.00000	0.18000	0.82000	0.00000	76.835	$24.15-$25.32 (cap $87.30)
97	97	97	291	1.00	union	anytime	0.45	0.35	0.35	0.10	no-lift	200	85	0.00000	0.18000	0.82000	0.00000	77.655	$24.15-$25.32 (cap $87.30)
97	97	97	291	1.00	union	anytime	0.45	0.35	0.35	0.10	no-lift	200	86	0.00000	0.18000	0.82000	0.00000	78.475	$24.15-$25.32 (cap $87.30)
97	97	97	291	1.00	union	anytime	0.45	0.35	0.35	0.10	no-lift	200	87	0.00000	0.18000	0.82000	0.00000	79.295	$24.15-$25.32 (cap $87.30)
97	97	97	291	1.00	union	anytime	0.45	0.35	0.35	0.10	no-lift	200	88	0.00000	0.18000	0.82000	0.00000	80.115	$24.15-$25.32 (cap $87.30)
97	97	97	291	1.00	union	anytime	0.45	0.35	0.35	0.10	no-lift	200	89	0.00000	0.18000	0.82000	0.00000	80.935	$24.15-$25.32 (cap $87.30)
97	97	97	291	1.00	union	anytime	0.45	0.35	0.35	0.10	no-lift	200	90	0.00000	0.18000	0.82000	0.00000	81.755	$24.15-$25.32 (cap $87.30)
97	97	97	291	1.00	union	anytime	0.45	0.35	0.35	0.10	no-lift	200	91	0.00000	0.18000	0.82000	0.00000	82.575	$24.15-$25.32 (cap $87.30)
97	97	97	291	1.00	union	anytime	0.45	0.35	0.35	0.10	no-lift	200	92	0.00000	0.18000	0.82000	0.00000	83.395	$24.15-$25.32 (cap $87.30)
97	97	97	291	1.00	union	anytime	0.45	0.35	0.35	0.10	no-lift	200	93	0.00000	0.18000	0.82000	0.00000	84.215	$24.15-$25.32 (cap $87.30)
97	97	97	291	1.00	union	anytime	0.45	0.35	0.35	0.10	no-lift	200	94	0.00000	0.18000	0.82000	0.00000	85.035	$24.15-$25.32 (cap $87.30)
97	97	97	291	1.00	union	anytime	0.45	0.35	0.35	0.10	no-lift	200	95	0.00000	0.18000	0.82000	0.00000	85.855	$24.15-$25.32 (cap $87.30)
97	97	97	291	1.00	union	anytime	0.45	0.35	0.35	0.10	no-lift	200	96	0.00000	0.18000	0.82000	0.00000	86.675	$24.15-$25.32 (cap $87.30)
97	97	97	291	1.00	union	anytime	0.45	0.35	0.35	0.10	no-lift	200	97	0.00000	0.18500	0.81500	0.00000	87.495	$24.15-$25.32 (cap $87.30)
97	97	48	242	0.50	union	anytime	0.45	0.35	0.35	0.10	no-lift	200	1	0.00000	0.00000	1.00000	0.00000	1.000	$20.09-$21.05 (cap $72.60)
97	97	48	242	0.50	union	anytime	0.45	0.35	0.35	0.10	no-lift	200	2	0.00000	0.00000	1.00000	0.00000	2.000	$20.09-$21.05 (cap $72.60)
97	97	48	242	0.50	union	anytime	0.45	0.35	0.35	0.10	no-lift	200	3	0.00000	0.00000	1.00000	0.00000	3.000	$20.09-$21.05 (cap $72.60)
97	97	48	242	0.50	union	anytime	0.45	0.35	0.35	0.10	no-lift	200	4	0.00000	0.00000	1.00000	0.00000	4.000	$20.09-$21.05 (cap $72.60)
97	97	48	242	0.50	union	anytime	0.45	0.35	0.35	0.10	no-lift	200	5	0.00000	0.00000	1.00000	0.00000	5.000	$20.09-$21.05 (cap $72.60)
97	97	48	242	0.50	union	anytime	0.45	0.35	0.35	0.10	no-lift	200	6	0.00000	0.00000	1.00000	0.00000	6.000	$20.09-$21.05 (cap $72.60)
97	97	48	242	0.50	union	anytime	0.45	0.35	0.35	0.10	no-lift	200	7	0.00000	0.00500	0.99500	0.00000	7.000	$20.09-$21.05 (cap $72.60)
97	97	48	242	0.50	union	anytime	0.45	0.35	0.35	0.10	no-lift	200	8	0.00000	0.00500	0.99500	0.00000	7.995	$20.09-$21.05 (cap $72.60)
97	97	48	242	0.50	union	anytime	0.45	0.35	0.35	0.10	no-lift	200	9	0.00000	0.00500	0.99500	0.00000	8.990	$20.09-$21.05 (cap $72.60)
97	97	48	242	0.50	union	anytime	0.45	0.35	0.35	0.10	no-lift	200	10	0.00000	0.01000	0.99000	0.00000	9.985	$20.09-$21.05 (cap $72.60)
97	97	48	242	0.50	union	anytime	0.45	0.35	0.35	0.10	no-lift	200	11	0.00000	0.01000	0.99000	0.00000	10.975	$20.09-$21.05 (cap $72.60)
97	97	48	242	0.50	union	anytime	0.45	0.35	0.35	0.10	no-lift	200	12	0.00000	0.01000	0.99000	0.00000	11.965	$20.09-$21.05 (cap $72.60)
97	97	48	242	0.50	union	anytime	0.45	0.35	0.35	0.10	no-lift	200	13	0.00000	0.01000	0.99000	0.00000	12.955	$20.09-$21.05 (cap $72.60)
97	97	48	242	0.50	union	anytime	0.45	0.35	0.35	0.10	no-lift	200	14	0.00000	0.02000	0.98000	0.00000	13.945	$20.09-$21.05 (cap $72.60)
97	97	48	242	0.50	union	anytime	0.45	0.35	0.35	0.10	no-lift	200	15	0.00000	0.02500	0.97500	0.00000	14.925	$20.09-$21.05 (cap $72.60)
97	97	48	242	0.50	union	anytime	0.45	0.35	0.35	0.10	no-lift	200	16	0.00000	0.02500	0.97500	0.00000	15.900	$20.09-$21.05 (cap $72.60)
97	97	48	242	0.50	union	anytime	0.45	0.35	0.35	0.10	no-lift	200	17	0.00000	0.02500	0.97500	0.00000	16.875	$20.09-$21.05 (cap $72.60)
97	97	48	242	0.50	union	anytime	0.45	0.35	0.35	0.10	no-lift	200	18	0.00000	0.02500	0.97500	0.00000	17.850	$20.09-$21.05 (cap $72.60)
97	97	48	242	0.50	union	anytime	0.45	0.35	0.35	0.10	no-lift	200	19	0.00000	0.02500	0.97500	0.00000	18.825	$20.09-$21.05 (cap $72.60)
97	97	48	242	0.50	union	anytime	0.45	0.35	0.35	0.10	no-lift	200	20	0.00000	0.02500	0.97500	0.00000	19.800	$20.09-$21.05 (cap $72.60)
97	97	48	242	0.50	union	anytime	0.45	0.35	0.35	0.10	no-lift	200	21	0.00000	0.03500	0.96500	0.00000	20.775	$20.09-$21.05 (cap $72.60)
97	97	48	242	0.50	union	anytime	0.45	0.35	0.35	0.10	no-lift	200	22	0.00000	0.04000	0.96000	0.00000	21.740	$20.09-$21.05 (cap $72.60)
97	97	48	242	0.50	union	anytime	0.45	0.35	0.35	0.10	no-lift	200	23	0.00000	0.05000	0.95000	0.00000	22.700	$20.09-$21.05 (cap $72.60)
97	97	48	242	0.50	union	anytime	0.45	0.35	0.35	0.10	no-lift	200	24	0.00000	0.05500	0.94500	0.00000	23.650	$20.09-$21.05 (cap $72.60)
97	97	48	242	0.50	union	anytime	0.45	0.35	0.35	0.10	no-lift	200	25	0.00000	0.05500	0.94500	0.00000	24.595	$20.09-$21.05 (cap $72.60)
97	97	48	242	0.50	union	anytime	0.45	0.35	0.35	0.10	no-lift	200	26	0.00000	0.06500	0.93500	0.00000	25.540	$20.09-$21.05 (cap $72.60)
97	97	48	242	0.50	union	anytime	0.45	0.35	0.35	0.10	no-lift	200	27	0.00000	0.07000	0.93000	0.00000	26.475	$20.09-$21.05 (cap $72.60)
97	97	48	242	0.50	union	anytime	0.45	0.35	0.35	0.10	no-lift	200	28	0.00000	0.07500	0.92500	0.00000	27.405	$20.09-$21.05 (cap $72.60)
97	97	48	242	0.50	union	anytime	0.45	0.35	0.35	0.10	no-lift	200	29	0.00000	0.08000	0.92000	0.00000	28.330	$20.09-$21.05 (cap $72.60)
97	97	48	242	0.50	union	anytime	0.45	0.35	0.35	0.10	no-lift	200	30	0.00000	0.08000	0.92000	0.00000	29.250	$20.09-$21.05 (cap $72.60)
97	97	48	242	0.50	union	anytime	0.45	0.35	0.35	0.10	no-lift	200	31	0.00000	0.08500	0.91500	0.00000	30.170	$20.09-$21.05 (cap $72.60)
97	97	48	242	0.50	union	anytime	0.45	0.35	0.35	0.10	no-lift	200	32	0.00000	0.08500	0.91500	0.00000	31.085	$20.09-$21.05 (cap $72.60)
97	97	48	242	0.50	union	anytime	0.45	0.35	0.35	0.10	no-lift	200	33	0.00000	0.08500	0.91500	0.00000	32.000	$20.09-$21.05 (cap $72.60)
97	97	48	242	0.50	union	anytime	0.45	0.35	0.35	0.10	no-lift	200	34	0.00000	0.08500	0.91500	0.00000	32.915	$20.09-$21.05 (cap $72.60)
97	97	48	242	0.50	union	anytime	0.45	0.35	0.35	0.10	no-lift	200	35	0.00000	0.08500	0.91500	0.00000	33.830	$20.09-$21.05 (cap $72.60)
97	97	48	242	0.50	union	anytime	0.45	0.35	0.35	0.10	no-lift	200	36	0.00000	0.08500	0.91500	0.00000	34.745	$20.09-$21.05 (cap $72.60)
97	97	48	242	0.50	union	anytime	0.45	0.35	0.35	0.10	no-lift	200	37	0.00000	0.08500	0.91500	0.00000	35.660	$20.09-$21.05 (cap $72.60)
97	97	48	242	0.50	union	anytime	0.45	0.35	0.35	0.10	no-lift	200	38	0.00000	0.08500	0.91500	0.00000	36.575	$20.09-$21.05 (cap $72.60)
97	97	48	242	0.50	union	anytime	0.45	0.35	0.35	0.10	no-lift	200	39	0.00000	0.08500	0.91500	0.00000	37.490	$20.09-$21.05 (cap $72.60)
97	97	48	242	0.50	union	anytime	0.45	0.35	0.35	0.10	no-lift	200	40	0.00000	0.08500	0.91500	0.00000	38.405	$20.09-$21.05 (cap $72.60)
97	97	48	242	0.50	union	anytime	0.45	0.35	0.35	0.10	no-lift	200	41	0.00000	0.09500	0.90500	0.00000	39.320	$20.09-$21.05 (cap $72.60)
97	97	48	242	0.50	union	anytime	0.45	0.35	0.35	0.10	no-lift	200	42	0.00000	0.09500	0.90500	0.00000	40.225	$20.09-$21.05 (cap $72.60)
97	97	48	242	0.50	union	anytime	0.45	0.35	0.35	0.10	no-lift	200	43	0.00000	0.09500	0.90500	0.00000	41.130	$20.09-$21.05 (cap $72.60)
97	97	48	242	0.50	union	anytime	0.45	0.35	0.35	0.10	no-lift	200	44	0.00000	0.09500	0.90500	0.00000	42.035	$20.09-$21.05 (cap $72.60)
97	97	48	242	0.50	union	anytime	0.45	0.35	0.35	0.10	no-lift	200	45	0.00000	0.09500	0.90500	0.00000	42.940	$20.09-$21.05 (cap $72.60)
97	97	48	242	0.50	union	anytime	0.45	0.35	0.35	0.10	no-lift	200	46	0.00000	0.09500	0.90500	0.00000	43.845	$20.09-$21.05 (cap $72.60)
97	97	48	242	0.50	union	anytime	0.45	0.35	0.35	0.10	no-lift	200	47	0.00000	0.10000	0.90000	0.00000	44.750	$20.09-$21.05 (cap $72.60)
97	97	48	242	0.50	union	anytime	0.45	0.35	0.35	0.10	no-lift	200	48	0.00000	0.10000	0.90000	0.00000	45.650	$20.09-$21.05 (cap $72.60)
97	97	48	242	0.50	union	anytime	0.45	0.35	0.35	0.10	no-lift	200	49	0.00000	0.10000	0.90000	0.00000	46.550	$20.09-$21.05 (cap $72.60)
97	97	48	242	0.50	union	anytime	0.45	0.35	0.35	0.10	no-lift	200	50	0.00000	0.10000	0.90000	0.00000	47.450	$20.09-$21.05 (cap $72.60)
97	97	48	242	0.50	union	anytime	0.45	0.35	0.35	0.10	no-lift	200	51	0.00000	0.10000	0.90000	0.00000	48.350	$20.09-$21.05 (cap $72.60)
97	97	48	242	0.50	union	anytime	0.45	0.35	0.35	0.10	no-lift	200	52	0.00000	0.10500	0.89500	0.00000	49.250	$20.09-$21.05 (cap $72.60)
97	97	48	242	0.50	union	anytime	0.45	0.35	0.35	0.10	no-lift	200	53	0.00000	0.10500	0.89500	0.00000	50.145	$20.09-$21.05 (cap $72.60)
97	97	48	242	0.50	union	anytime	0.45	0.35	0.35	0.10	no-lift	200	54	0.00000	0.11500	0.88500	0.00000	51.040	$20.09-$21.05 (cap $72.60)
97	97	48	242	0.50	union	anytime	0.45	0.35	0.35	0.10	no-lift	200	55	0.00000	0.11500	0.88500	0.00000	51.925	$20.09-$21.05 (cap $72.60)
97	97	48	242	0.50	union	anytime	0.45	0.35	0.35	0.10	no-lift	200	56	0.00000	0.11500	0.88500	0.00000	52.810	$20.09-$21.05 (cap $72.60)
97	97	48	242	0.50	union	anytime	0.45	0.35	0.35	0.10	no-lift	200	57	0.00000	0.11500	0.88500	0.00000	53.695	$20.09-$21.05 (cap $72.60)
97	97	48	242	0.50	union	anytime	0.45	0.35	0.35	0.10	no-lift	200	58	0.00000	0.11500	0.88500	0.00000	54.580	$20.09-$21.05 (cap $72.60)
97	97	48	242	0.50	union	anytime	0.45	0.35	0.35	0.10	no-lift	200	59	0.00000	0.11500	0.88500	0.00000	55.465	$20.09-$21.05 (cap $72.60)
97	97	48	242	0.50	union	anytime	0.45	0.35	0.35	0.10	no-lift	200	60	0.00000	0.11500	0.88500	0.00000	56.350	$20.09-$21.05 (cap $72.60)
97	97	48	242	0.50	union	anytime	0.45	0.35	0.35	0.10	no-lift	200	61	0.00000	0.12000	0.88000	0.00000	57.235	$20.09-$21.05 (cap $72.60)
97	97	48	242	0.50	union	anytime	0.45	0.35	0.35	0.10	no-lift	200	62	0.00000	0.12000	0.88000	0.00000	58.115	$20.09-$21.05 (cap $72.60)
97	97	48	242	0.50	union	anytime	0.45	0.35	0.35	0.10	no-lift	200	63	0.00000	0.13000	0.87000	0.00000	58.995	$20.09-$21.05 (cap $72.60)
97	97	48	242	0.50	union	anytime	0.45	0.35	0.35	0.10	no-lift	200	64	0.00000	0.13000	0.87000	0.00000	59.865	$20.09-$21.05 (cap $72.60)
97	97	48	242	0.50	union	anytime	0.45	0.35	0.35	0.10	no-lift	200	65	0.00000	0.13000	0.87000	0.00000	60.735	$20.09-$21.05 (cap $72.60)
97	97	48	242	0.50	union	anytime	0.45	0.35	0.35	0.10	no-lift	200	66	0.00000	0.13000	0.87000	0.00000	61.605	$20.09-$21.05 (cap $72.60)
97	97	48	242	0.50	union	anytime	0.45	0.35	0.35	0.10	no-lift	200	67	0.00000	0.14000	0.86000	0.00000	62.475	$20.09-$21.05 (cap $72.60)
97	97	48	242	0.50	union	anytime	0.45	0.35	0.35	0.10	no-lift	200	68	0.00000	0.14500	0.85500	0.00000	63.335	$20.09-$21.05 (cap $72.60)
97	97	48	242	0.50	union	anytime	0.45	0.35	0.35	0.10	no-lift	200	69	0.00000	0.14500	0.85500	0.00000	64.190	$20.09-$21.05 (cap $72.60)
97	97	48	242	0.50	union	anytime	0.45	0.35	0.35	0.10	no-lift	200	70	0.00000	0.14500	0.85500	0.00000	65.045	$20.09-$21.05 (cap $72.60)
97	97	48	242	0.50	union	anytime	0.45	0.35	0.35	0.10	no-lift	200	71	0.00000	0.14500	0.85500	0.00000	65.900	$20.09-$21.05 (cap $72.60)
97	97	48	242	0.50	union	anytime	0.45	0.35	0.35	0.10	no-lift	200	72	0.00000	0.15000	0.85000	0.00000	66.755	$20.09-$21.05 (cap $72.60)
97	97	48	242	0.50	union	anytime	0.45	0.35	0.35	0.10	no-lift	200	73	0.00000	0.15000	0.85000	0.00000	67.605	$20.09-$21.05 (cap $72.60)
97	97	48	242	0.50	union	anytime	0.45	0.35	0.35	0.10	no-lift	200	74	0.00000	0.15000	0.85000	0.00000	68.455	$20.09-$21.05 (cap $72.60)
97	97	48	242	0.50	union	anytime	0.45	0.35	0.35	0.10	no-lift	200	75	0.00000	0.15000	0.85000	0.00000	69.305	$20.09-$21.05 (cap $72.60)
97	97	48	242	0.50	union	anytime	0.45	0.35	0.35	0.10	no-lift	200	76	0.00000	0.16000	0.84000	0.00000	70.155	$20.09-$21.05 (cap $72.60)
97	97	48	242	0.50	union	anytime	0.45	0.35	0.35	0.10	no-lift	200	77	0.00000	0.16000	0.84000	0.00000	70.995	$20.09-$21.05 (cap $72.60)
97	97	48	242	0.50	union	anytime	0.45	0.35	0.35	0.10	no-lift	200	78	0.00000	0.16000	0.84000	0.00000	71.835	$20.09-$21.05 (cap $72.60)
97	97	48	242	0.50	union	anytime	0.45	0.35	0.35	0.10	no-lift	200	79	0.00000	0.16000	0.84000	0.00000	72.675	$20.09-$21.05 (cap $72.60)
97	97	48	242	0.50	union	anytime	0.45	0.35	0.35	0.10	no-lift	200	80	0.00000	0.16500	0.83500	0.00000	73.515	$20.09-$21.05 (cap $72.60)
97	97	48	242	0.50	union	anytime	0.45	0.35	0.35	0.10	no-lift	200	81	0.00000	0.16500	0.83500	0.00000	74.350	$20.09-$21.05 (cap $72.60)
97	97	48	242	0.50	union	anytime	0.45	0.35	0.35	0.10	no-lift	200	82	0.00000	0.17000	0.83000	0.00000	75.185	$20.09-$21.05 (cap $72.60)
97	97	48	242	0.50	union	anytime	0.45	0.35	0.35	0.10	no-lift	200	83	0.00000	0.18000	0.82000	0.00000	76.015	$20.09-$21.05 (cap $72.60)
97	97	48	242	0.50	union	anytime	0.45	0.35	0.35	0.10	no-lift	200	84	0.00000	0.18000	0.82000	0.00000	76.835	$20.09-$21.05 (cap $72.60)
97	97	48	242	0.50	union	anytime	0.45	0.35	0.35	0.10	no-lift	200	85	0.00000	0.18000	0.82000	0.00000	77.655	$20.09-$21.05 (cap $72.60)
97	97	48	242	0.50	union	anytime	0.45	0.35	0.35	0.10	no-lift	200	86	0.00000	0.18000	0.82000	0.00000	78.475	$20.09-$21.05 (cap $72.60)
97	97	48	242	0.50	union	anytime	0.45	0.35	0.35	0.10	no-lift	200	87	0.00000	0.18000	0.82000	0.00000	79.295	$20.09-$21.05 (cap $72.60)
97	97	48	242	0.50	union	anytime	0.45	0.35	0.35	0.10	no-lift	200	88	0.00000	0.18000	0.82000	0.00000	80.115	$20.09-$21.05 (cap $72.60)
97	97	48	242	0.50	union	anytime	0.45	0.35	0.35	0.10	no-lift	200	89	0.00000	0.18000	0.82000	0.00000	80.935	$20.09-$21.05 (cap $72.60)
97	97	48	242	0.50	union	anytime	0.45	0.35	0.35	0.10	no-lift	200	90	0.00000	0.18000	0.82000	0.00000	81.755	$20.09-$21.05 (cap $72.60)
97	97	48	242	0.50	union	anytime	0.45	0.35	0.35	0.10	no-lift	200	91	0.00000	0.18000	0.82000	0.00000	82.575	$20.09-$21.05 (cap $72.60)
97	97	48	242	0.50	union	anytime	0.45	0.35	0.35	0.10	no-lift	200	92	0.00000	0.18000	0.82000	0.00000	83.395	$20.09-$21.05 (cap $72.60)
97	97	48	242	0.50	union	anytime	0.45	0.35	0.35	0.10	no-lift	200	93	0.00000	0.18000	0.82000	0.00000	84.215	$20.09-$21.05 (cap $72.60)
97	97	48	242	0.50	union	anytime	0.45	0.35	0.35	0.10	no-lift	200	94	0.00000	0.18000	0.82000	0.00000	85.035	$20.09-$21.05 (cap $72.60)
97	97	48	242	0.50	union	anytime	0.45	0.35	0.35	0.10	no-lift	200	95	0.00000	0.18000	0.82000	0.00000	85.855	$20.09-$21.05 (cap $72.60)
97	97	48	242	0.50	union	anytime	0.45	0.35	0.35	0.10	no-lift	200	96	0.00000	0.18000	0.82000	0.00000	86.675	$20.09-$21.05 (cap $72.60)
97	97	48	242	0.50	union	anytime	0.45	0.35	0.35	0.10	no-lift	200	97	0.00000	0.18500	0.81500	0.00000	87.495	$20.09-$21.05 (cap $72.60)
97	97	97	291	1.00	direct	anytime	0.45	0.35	0.35	0.10	no-lift	200	1	0.00000	0.00000	1.00000	0.00000	1.000	$24.15-$25.32 (cap $87.30)
97	97	97	291	1.00	direct	anytime	0.45	0.35	0.35	0.10	no-lift	200	2	0.00000	0.00000	1.00000	0.00000	2.000	$24.15-$25.32 (cap $87.30)
97	97	97	291	1.00	direct	anytime	0.45	0.35	0.35	0.10	no-lift	200	3	0.00000	0.00000	1.00000	0.00000	3.000	$24.15-$25.32 (cap $87.30)
97	97	97	291	1.00	direct	anytime	0.45	0.35	0.35	0.10	no-lift	200	4	0.00000	0.00000	1.00000	0.00000	4.000	$24.15-$25.32 (cap $87.30)
97	97	97	291	1.00	direct	anytime	0.45	0.35	0.35	0.10	no-lift	200	5	0.00000	0.00000	1.00000	0.00000	5.000	$24.15-$25.32 (cap $87.30)
97	97	97	291	1.00	direct	anytime	0.45	0.35	0.35	0.10	no-lift	200	6	0.00000	0.00000	1.00000	0.00000	6.000	$24.15-$25.32 (cap $87.30)
97	97	97	291	1.00	direct	anytime	0.45	0.35	0.35	0.10	no-lift	200	7	0.00000	0.00500	0.99500	0.00000	7.000	$24.15-$25.32 (cap $87.30)
97	97	97	291	1.00	direct	anytime	0.45	0.35	0.35	0.10	no-lift	200	8	0.00000	0.00500	0.99500	0.00000	7.995	$24.15-$25.32 (cap $87.30)
97	97	97	291	1.00	direct	anytime	0.45	0.35	0.35	0.10	no-lift	200	9	0.00000	0.00500	0.99500	0.00000	8.990	$24.15-$25.32 (cap $87.30)
97	97	97	291	1.00	direct	anytime	0.45	0.35	0.35	0.10	no-lift	200	10	0.00000	0.01000	0.99000	0.00000	9.985	$24.15-$25.32 (cap $87.30)
97	97	97	291	1.00	direct	anytime	0.45	0.35	0.35	0.10	no-lift	200	11	0.00000	0.01000	0.99000	0.00000	10.975	$24.15-$25.32 (cap $87.30)
97	97	97	291	1.00	direct	anytime	0.45	0.35	0.35	0.10	no-lift	200	12	0.00000	0.01000	0.99000	0.00000	11.965	$24.15-$25.32 (cap $87.30)
97	97	97	291	1.00	direct	anytime	0.45	0.35	0.35	0.10	no-lift	200	13	0.00000	0.01000	0.99000	0.00000	12.955	$24.15-$25.32 (cap $87.30)
97	97	97	291	1.00	direct	anytime	0.45	0.35	0.35	0.10	no-lift	200	14	0.00000	0.02000	0.98000	0.00000	13.945	$24.15-$25.32 (cap $87.30)
97	97	97	291	1.00	direct	anytime	0.45	0.35	0.35	0.10	no-lift	200	15	0.00000	0.02500	0.97500	0.00000	14.925	$24.15-$25.32 (cap $87.30)
97	97	97	291	1.00	direct	anytime	0.45	0.35	0.35	0.10	no-lift	200	16	0.00000	0.02500	0.97500	0.00000	15.900	$24.15-$25.32 (cap $87.30)
97	97	97	291	1.00	direct	anytime	0.45	0.35	0.35	0.10	no-lift	200	17	0.00000	0.02500	0.97500	0.00000	16.875	$24.15-$25.32 (cap $87.30)
97	97	97	291	1.00	direct	anytime	0.45	0.35	0.35	0.10	no-lift	200	18	0.00000	0.02500	0.97500	0.00000	17.850	$24.15-$25.32 (cap $87.30)
97	97	97	291	1.00	direct	anytime	0.45	0.35	0.35	0.10	no-lift	200	19	0.00000	0.02500	0.97500	0.00000	18.825	$24.15-$25.32 (cap $87.30)
97	97	97	291	1.00	direct	anytime	0.45	0.35	0.35	0.10	no-lift	200	20	0.00000	0.02500	0.97500	0.00000	19.800	$24.15-$25.32 (cap $87.30)
97	97	97	291	1.00	direct	anytime	0.45	0.35	0.35	0.10	no-lift	200	21	0.00000	0.03500	0.96500	0.00000	20.775	$24.15-$25.32 (cap $87.30)
97	97	97	291	1.00	direct	anytime	0.45	0.35	0.35	0.10	no-lift	200	22	0.00000	0.04000	0.96000	0.00000	21.740	$24.15-$25.32 (cap $87.30)
97	97	97	291	1.00	direct	anytime	0.45	0.35	0.35	0.10	no-lift	200	23	0.00000	0.05000	0.95000	0.00000	22.700	$24.15-$25.32 (cap $87.30)
97	97	97	291	1.00	direct	anytime	0.45	0.35	0.35	0.10	no-lift	200	24	0.00000	0.05500	0.94500	0.00000	23.650	$24.15-$25.32 (cap $87.30)
97	97	97	291	1.00	direct	anytime	0.45	0.35	0.35	0.10	no-lift	200	25	0.00000	0.05500	0.94500	0.00000	24.595	$24.15-$25.32 (cap $87.30)
97	97	97	291	1.00	direct	anytime	0.45	0.35	0.35	0.10	no-lift	200	26	0.00000	0.06500	0.93500	0.00000	25.540	$24.15-$25.32 (cap $87.30)
97	97	97	291	1.00	direct	anytime	0.45	0.35	0.35	0.10	no-lift	200	27	0.00000	0.07000	0.93000	0.00000	26.475	$24.15-$25.32 (cap $87.30)
97	97	97	291	1.00	direct	anytime	0.45	0.35	0.35	0.10	no-lift	200	28	0.00000	0.07500	0.92500	0.00000	27.405	$24.15-$25.32 (cap $87.30)
97	97	97	291	1.00	direct	anytime	0.45	0.35	0.35	0.10	no-lift	200	29	0.00000	0.08000	0.92000	0.00000	28.330	$24.15-$25.32 (cap $87.30)
97	97	97	291	1.00	direct	anytime	0.45	0.35	0.35	0.10	no-lift	200	30	0.00000	0.08000	0.92000	0.00000	29.250	$24.15-$25.32 (cap $87.30)
97	97	97	291	1.00	direct	anytime	0.45	0.35	0.35	0.10	no-lift	200	31	0.00000	0.08500	0.91500	0.00000	30.170	$24.15-$25.32 (cap $87.30)
97	97	97	291	1.00	direct	anytime	0.45	0.35	0.35	0.10	no-lift	200	32	0.00000	0.08500	0.91500	0.00000	31.085	$24.15-$25.32 (cap $87.30)
97	97	97	291	1.00	direct	anytime	0.45	0.35	0.35	0.10	no-lift	200	33	0.00000	0.08500	0.91500	0.00000	32.000	$24.15-$25.32 (cap $87.30)
97	97	97	291	1.00	direct	anytime	0.45	0.35	0.35	0.10	no-lift	200	34	0.00000	0.08500	0.91500	0.00000	32.915	$24.15-$25.32 (cap $87.30)
97	97	97	291	1.00	direct	anytime	0.45	0.35	0.35	0.10	no-lift	200	35	0.00000	0.08500	0.91500	0.00000	33.830	$24.15-$25.32 (cap $87.30)
97	97	97	291	1.00	direct	anytime	0.45	0.35	0.35	0.10	no-lift	200	36	0.00000	0.08500	0.91500	0.00000	34.745	$24.15-$25.32 (cap $87.30)
97	97	97	291	1.00	direct	anytime	0.45	0.35	0.35	0.10	no-lift	200	37	0.00000	0.08500	0.91500	0.00000	35.660	$24.15-$25.32 (cap $87.30)
97	97	97	291	1.00	direct	anytime	0.45	0.35	0.35	0.10	no-lift	200	38	0.00000	0.08500	0.91500	0.00000	36.575	$24.15-$25.32 (cap $87.30)
97	97	97	291	1.00	direct	anytime	0.45	0.35	0.35	0.10	no-lift	200	39	0.00000	0.08500	0.91500	0.00000	37.490	$24.15-$25.32 (cap $87.30)
97	97	97	291	1.00	direct	anytime	0.45	0.35	0.35	0.10	no-lift	200	40	0.00000	0.08500	0.91500	0.00000	38.405	$24.15-$25.32 (cap $87.30)
97	97	97	291	1.00	direct	anytime	0.45	0.35	0.35	0.10	no-lift	200	41	0.00000	0.09500	0.90500	0.00000	39.320	$24.15-$25.32 (cap $87.30)
97	97	97	291	1.00	direct	anytime	0.45	0.35	0.35	0.10	no-lift	200	42	0.00000	0.09500	0.90500	0.00000	40.225	$24.15-$25.32 (cap $87.30)
97	97	97	291	1.00	direct	anytime	0.45	0.35	0.35	0.10	no-lift	200	43	0.00000	0.09500	0.90500	0.00000	41.130	$24.15-$25.32 (cap $87.30)
97	97	97	291	1.00	direct	anytime	0.45	0.35	0.35	0.10	no-lift	200	44	0.00000	0.09500	0.90500	0.00000	42.035	$24.15-$25.32 (cap $87.30)
97	97	97	291	1.00	direct	anytime	0.45	0.35	0.35	0.10	no-lift	200	45	0.00000	0.09500	0.90500	0.00000	42.940	$24.15-$25.32 (cap $87.30)
97	97	97	291	1.00	direct	anytime	0.45	0.35	0.35	0.10	no-lift	200	46	0.00000	0.09500	0.90500	0.00000	43.845	$24.15-$25.32 (cap $87.30)
97	97	97	291	1.00	direct	anytime	0.45	0.35	0.35	0.10	no-lift	200	47	0.00000	0.10000	0.90000	0.00000	44.750	$24.15-$25.32 (cap $87.30)
97	97	97	291	1.00	direct	anytime	0.45	0.35	0.35	0.10	no-lift	200	48	0.00000	0.10000	0.90000	0.00000	45.650	$24.15-$25.32 (cap $87.30)
97	97	97	291	1.00	direct	anytime	0.45	0.35	0.35	0.10	no-lift	200	49	0.00000	0.10000	0.90000	0.00000	46.550	$24.15-$25.32 (cap $87.30)
97	97	97	291	1.00	direct	anytime	0.45	0.35	0.35	0.10	no-lift	200	50	0.00000	0.10000	0.90000	0.00000	47.450	$24.15-$25.32 (cap $87.30)
97	97	97	291	1.00	direct	anytime	0.45	0.35	0.35	0.10	no-lift	200	51	0.00000	0.10000	0.90000	0.00000	48.350	$24.15-$25.32 (cap $87.30)
97	97	97	291	1.00	direct	anytime	0.45	0.35	0.35	0.10	no-lift	200	52	0.00000	0.10500	0.89500	0.00000	49.250	$24.15-$25.32 (cap $87.30)
97	97	97	291	1.00	direct	anytime	0.45	0.35	0.35	0.10	no-lift	200	53	0.00000	0.10500	0.89500	0.00000	50.145	$24.15-$25.32 (cap $87.30)
97	97	97	291	1.00	direct	anytime	0.45	0.35	0.35	0.10	no-lift	200	54	0.00000	0.11500	0.88500	0.00000	51.040	$24.15-$25.32 (cap $87.30)
97	97	97	291	1.00	direct	anytime	0.45	0.35	0.35	0.10	no-lift	200	55	0.00000	0.11500	0.88500	0.00000	51.925	$24.15-$25.32 (cap $87.30)
97	97	97	291	1.00	direct	anytime	0.45	0.35	0.35	0.10	no-lift	200	56	0.00000	0.11500	0.88500	0.00000	52.810	$24.15-$25.32 (cap $87.30)
97	97	97	291	1.00	direct	anytime	0.45	0.35	0.35	0.10	no-lift	200	57	0.00000	0.11500	0.88500	0.00000	53.695	$24.15-$25.32 (cap $87.30)
97	97	97	291	1.00	direct	anytime	0.45	0.35	0.35	0.10	no-lift	200	58	0.00000	0.11500	0.88500	0.00000	54.580	$24.15-$25.32 (cap $87.30)
97	97	97	291	1.00	direct	anytime	0.45	0.35	0.35	0.10	no-lift	200	59	0.00000	0.11500	0.88500	0.00000	55.465	$24.15-$25.32 (cap $87.30)
97	97	97	291	1.00	direct	anytime	0.45	0.35	0.35	0.10	no-lift	200	60	0.00000	0.11500	0.88500	0.00000	56.350	$24.15-$25.32 (cap $87.30)
97	97	97	291	1.00	direct	anytime	0.45	0.35	0.35	0.10	no-lift	200	61	0.00000	0.12000	0.88000	0.00000	57.235	$24.15-$25.32 (cap $87.30)
97	97	97	291	1.00	direct	anytime	0.45	0.35	0.35	0.10	no-lift	200	62	0.00000	0.12000	0.88000	0.00000	58.115	$24.15-$25.32 (cap $87.30)
97	97	97	291	1.00	direct	anytime	0.45	0.35	0.35	0.10	no-lift	200	63	0.00000	0.13000	0.87000	0.00000	58.995	$24.15-$25.32 (cap $87.30)
97	97	97	291	1.00	direct	anytime	0.45	0.35	0.35	0.10	no-lift	200	64	0.00000	0.13000	0.87000	0.00000	59.865	$24.15-$25.32 (cap $87.30)
97	97	97	291	1.00	direct	anytime	0.45	0.35	0.35	0.10	no-lift	200	65	0.00000	0.13000	0.87000	0.00000	60.735	$24.15-$25.32 (cap $87.30)
97	97	97	291	1.00	direct	anytime	0.45	0.35	0.35	0.10	no-lift	200	66	0.00000	0.13000	0.87000	0.00000	61.605	$24.15-$25.32 (cap $87.30)
97	97	97	291	1.00	direct	anytime	0.45	0.35	0.35	0.10	no-lift	200	67	0.00000	0.14000	0.86000	0.00000	62.475	$24.15-$25.32 (cap $87.30)
97	97	97	291	1.00	direct	anytime	0.45	0.35	0.35	0.10	no-lift	200	68	0.00000	0.14500	0.85500	0.00000	63.335	$24.15-$25.32 (cap $87.30)
97	97	97	291	1.00	direct	anytime	0.45	0.35	0.35	0.10	no-lift	200	69	0.00000	0.14500	0.85500	0.00000	64.190	$24.15-$25.32 (cap $87.30)
97	97	97	291	1.00	direct	anytime	0.45	0.35	0.35	0.10	no-lift	200	70	0.00000	0.14500	0.85500	0.00000	65.045	$24.15-$25.32 (cap $87.30)
97	97	97	291	1.00	direct	anytime	0.45	0.35	0.35	0.10	no-lift	200	71	0.00000	0.14500	0.85500	0.00000	65.900	$24.15-$25.32 (cap $87.30)
97	97	97	291	1.00	direct	anytime	0.45	0.35	0.35	0.10	no-lift	200	72	0.00000	0.15000	0.85000	0.00000	66.755	$24.15-$25.32 (cap $87.30)
97	97	97	291	1.00	direct	anytime	0.45	0.35	0.35	0.10	no-lift	200	73	0.00000	0.15000	0.85000	0.00000	67.605	$24.15-$25.32 (cap $87.30)
97	97	97	291	1.00	direct	anytime	0.45	0.35	0.35	0.10	no-lift	200	74	0.00000	0.15000	0.85000	0.00000	68.455	$24.15-$25.32 (cap $87.30)
97	97	97	291	1.00	direct	anytime	0.45	0.35	0.35	0.10	no-lift	200	75	0.00000	0.15000	0.85000	0.00000	69.305	$24.15-$25.32 (cap $87.30)
97	97	97	291	1.00	direct	anytime	0.45	0.35	0.35	0.10	no-lift	200	76	0.00000	0.16000	0.84000	0.00000	70.155	$24.15-$25.32 (cap $87.30)
97	97	97	291	1.00	direct	anytime	0.45	0.35	0.35	0.10	no-lift	200	77	0.00000	0.16000	0.84000	0.00000	70.995	$24.15-$25.32 (cap $87.30)
97	97	97	291	1.00	direct	anytime	0.45	0.35	0.35	0.10	no-lift	200	78	0.00000	0.16000	0.84000	0.00000	71.835	$24.15-$25.32 (cap $87.30)
97	97	97	291	1.00	direct	anytime	0.45	0.35	0.35	0.10	no-lift	200	79	0.00000	0.16000	0.84000	0.00000	72.675	$24.15-$25.32 (cap $87.30)
97	97	97	291	1.00	direct	anytime	0.45	0.35	0.35	0.10	no-lift	200	80	0.00000	0.16500	0.83500	0.00000	73.515	$24.15-$25.32 (cap $87.30)
97	97	97	291	1.00	direct	anytime	0.45	0.35	0.35	0.10	no-lift	200	81	0.00000	0.16500	0.83500	0.00000	74.350	$24.15-$25.32 (cap $87.30)
97	97	97	291	1.00	direct	anytime	0.45	0.35	0.35	0.10	no-lift	200	82	0.00000	0.17000	0.83000	0.00000	75.185	$24.15-$25.32 (cap $87.30)
97	97	97	291	1.00	direct	anytime	0.45	0.35	0.35	0.10	no-lift	200	83	0.00000	0.18000	0.82000	0.00000	76.015	$24.15-$25.32 (cap $87.30)
97	97	97	291	1.00	direct	anytime	0.45	0.35	0.35	0.10	no-lift	200	84	0.00000	0.18000	0.82000	0.00000	76.835	$24.15-$25.32 (cap $87.30)
97	97	97	291	1.00	direct	anytime	0.45	0.35	0.35	0.10	no-lift	200	85	0.00000	0.18000	0.82000	0.00000	77.655	$24.15-$25.32 (cap $87.30)
97	97	97	291	1.00	direct	anytime	0.45	0.35	0.35	0.10	no-lift	200	86	0.00000	0.18000	0.82000	0.00000	78.475	$24.15-$25.32 (cap $87.30)
97	97	97	291	1.00	direct	anytime	0.45	0.35	0.35	0.10	no-lift	200	87	0.00000	0.18000	0.82000	0.00000	79.295	$24.15-$25.32 (cap $87.30)
97	97	97	291	1.00	direct	anytime	0.45	0.35	0.35	0.10	no-lift	200	88	0.00000	0.18000	0.82000	0.00000	80.115	$24.15-$25.32 (cap $87.30)
97	97	97	291	1.00	direct	anytime	0.45	0.35	0.35	0.10	no-lift	200	89	0.00000	0.18000	0.82000	0.00000	80.935	$24.15-$25.32 (cap $87.30)
97	97	97	291	1.00	direct	anytime	0.45	0.35	0.35	0.10	no-lift	200	90	0.00000	0.18000	0.82000	0.00000	81.755	$24.15-$25.32 (cap $87.30)
97	97	97	291	1.00	direct	anytime	0.45	0.35	0.35	0.10	no-lift	200	91	0.00000	0.18000	0.82000	0.00000	82.575	$24.15-$25.32 (cap $87.30)
97	97	97	291	1.00	direct	anytime	0.45	0.35	0.35	0.10	no-lift	200	92	0.00000	0.18000	0.82000	0.00000	83.395	$24.15-$25.32 (cap $87.30)
97	97	97	291	1.00	direct	anytime	0.45	0.35	0.35	0.10	no-lift	200	93	0.00000	0.18000	0.82000	0.00000	84.215	$24.15-$25.32 (cap $87.30)
97	97	97	291	1.00	direct	anytime	0.45	0.35	0.35	0.10	no-lift	200	94	0.00000	0.18000	0.82000	0.00000	85.035	$24.15-$25.32 (cap $87.30)
97	97	97	291	1.00	direct	anytime	0.45	0.35	0.35	0.10	no-lift	200	95	0.00000	0.18000	0.82000	0.00000	85.855	$24.15-$25.32 (cap $87.30)
97	97	97	291	1.00	direct	anytime	0.45	0.35	0.35	0.10	no-lift	200	96	0.00000	0.18000	0.82000	0.00000	86.675	$24.15-$25.32 (cap $87.30)
97	97	97	291	1.00	direct	anytime	0.45	0.35	0.35	0.10	no-lift	200	97	0.00000	0.18500	0.81500	0.00000	87.495	$24.15-$25.32 (cap $87.30)
97	97	97	291	1.00	union	anytime	0.50	0.35	0.35	0.15	no-lift	200	1	0.00000	0.00000	1.00000	0.00000	1.000	$24.15-$25.32 (cap $87.30)
97	97	97	291	1.00	union	anytime	0.50	0.35	0.35	0.15	no-lift	200	2	0.00000	0.00000	1.00000	0.00000	2.000	$24.15-$25.32 (cap $87.30)
97	97	97	291	1.00	union	anytime	0.50	0.35	0.35	0.15	no-lift	200	3	0.00000	0.00000	1.00000	0.00000	3.000	$24.15-$25.32 (cap $87.30)
97	97	97	291	1.00	union	anytime	0.50	0.35	0.35	0.15	no-lift	200	4	0.00000	0.00000	1.00000	0.00000	4.000	$24.15-$25.32 (cap $87.30)
97	97	97	291	1.00	union	anytime	0.50	0.35	0.35	0.15	no-lift	200	5	0.00000	0.00000	1.00000	0.00000	5.000	$24.15-$25.32 (cap $87.30)
97	97	97	291	1.00	union	anytime	0.50	0.35	0.35	0.15	no-lift	200	6	0.00000	0.00000	1.00000	0.00000	6.000	$24.15-$25.32 (cap $87.30)
97	97	97	291	1.00	union	anytime	0.50	0.35	0.35	0.15	no-lift	200	7	0.00000	0.00000	1.00000	0.00000	7.000	$24.15-$25.32 (cap $87.30)
97	97	97	291	1.00	union	anytime	0.50	0.35	0.35	0.15	no-lift	200	8	0.00000	0.00000	1.00000	0.00000	8.000	$24.15-$25.32 (cap $87.30)
97	97	97	291	1.00	union	anytime	0.50	0.35	0.35	0.15	no-lift	200	9	0.00000	0.00000	1.00000	0.00000	9.000	$24.15-$25.32 (cap $87.30)
97	97	97	291	1.00	union	anytime	0.50	0.35	0.35	0.15	no-lift	200	10	0.00000	0.00000	1.00000	0.00000	10.000	$24.15-$25.32 (cap $87.30)
97	97	97	291	1.00	union	anytime	0.50	0.35	0.35	0.15	no-lift	200	11	0.00000	0.00000	1.00000	0.00000	11.000	$24.15-$25.32 (cap $87.30)
97	97	97	291	1.00	union	anytime	0.50	0.35	0.35	0.15	no-lift	200	12	0.00000	0.00000	1.00000	0.00000	12.000	$24.15-$25.32 (cap $87.30)
97	97	97	291	1.00	union	anytime	0.50	0.35	0.35	0.15	no-lift	200	13	0.00000	0.00000	1.00000	0.00000	13.000	$24.15-$25.32 (cap $87.30)
97	97	97	291	1.00	union	anytime	0.50	0.35	0.35	0.15	no-lift	200	14	0.00000	0.00000	1.00000	0.00000	14.000	$24.15-$25.32 (cap $87.30)
97	97	97	291	1.00	union	anytime	0.50	0.35	0.35	0.15	no-lift	200	15	0.00000	0.00000	1.00000	0.00000	15.000	$24.15-$25.32 (cap $87.30)
97	97	97	291	1.00	union	anytime	0.50	0.35	0.35	0.15	no-lift	200	16	0.00000	0.00000	1.00000	0.00000	16.000	$24.15-$25.32 (cap $87.30)
97	97	97	291	1.00	union	anytime	0.50	0.35	0.35	0.15	no-lift	200	17	0.00000	0.00000	1.00000	0.00000	17.000	$24.15-$25.32 (cap $87.30)
97	97	97	291	1.00	union	anytime	0.50	0.35	0.35	0.15	no-lift	200	18	0.00000	0.00500	0.99500	0.00000	18.000	$24.15-$25.32 (cap $87.30)
97	97	97	291	1.00	union	anytime	0.50	0.35	0.35	0.15	no-lift	200	19	0.00000	0.00500	0.99500	0.00000	18.995	$24.15-$25.32 (cap $87.30)
97	97	97	291	1.00	union	anytime	0.50	0.35	0.35	0.15	no-lift	200	20	0.00000	0.00500	0.99500	0.00000	19.990	$24.15-$25.32 (cap $87.30)
97	97	97	291	1.00	union	anytime	0.50	0.35	0.35	0.15	no-lift	200	21	0.00000	0.00500	0.99500	0.00000	20.985	$24.15-$25.32 (cap $87.30)
97	97	97	291	1.00	union	anytime	0.50	0.35	0.35	0.15	no-lift	200	22	0.00000	0.00500	0.99500	0.00000	21.980	$24.15-$25.32 (cap $87.30)
97	97	97	291	1.00	union	anytime	0.50	0.35	0.35	0.15	no-lift	200	23	0.00000	0.01000	0.99000	0.00000	22.975	$24.15-$25.32 (cap $87.30)
97	97	97	291	1.00	union	anytime	0.50	0.35	0.35	0.15	no-lift	200	24	0.00000	0.01000	0.99000	0.00000	23.965	$24.15-$25.32 (cap $87.30)
97	97	97	291	1.00	union	anytime	0.50	0.35	0.35	0.15	no-lift	200	25	0.00000	0.01500	0.98500	0.00000	24.955	$24.15-$25.32 (cap $87.30)
97	97	97	291	1.00	union	anytime	0.50	0.35	0.35	0.15	no-lift	200	26	0.00000	0.02000	0.98000	0.00000	25.940	$24.15-$25.32 (cap $87.30)
97	97	97	291	1.00	union	anytime	0.50	0.35	0.35	0.15	no-lift	200	27	0.00000	0.02500	0.97500	0.00000	26.920	$24.15-$25.32 (cap $87.30)
97	97	97	291	1.00	union	anytime	0.50	0.35	0.35	0.15	no-lift	200	28	0.00000	0.02500	0.97500	0.00000	27.895	$24.15-$25.32 (cap $87.30)
97	97	97	291	1.00	union	anytime	0.50	0.35	0.35	0.15	no-lift	200	29	0.00000	0.02500	0.97500	0.00000	28.870	$24.15-$25.32 (cap $87.30)
97	97	97	291	1.00	union	anytime	0.50	0.35	0.35	0.15	no-lift	200	30	0.00000	0.02500	0.97500	0.00000	29.845	$24.15-$25.32 (cap $87.30)
97	97	97	291	1.00	union	anytime	0.50	0.35	0.35	0.15	no-lift	200	31	0.00000	0.03000	0.97000	0.00000	30.820	$24.15-$25.32 (cap $87.30)
97	97	97	291	1.00	union	anytime	0.50	0.35	0.35	0.15	no-lift	200	32	0.00000	0.03000	0.97000	0.00000	31.790	$24.15-$25.32 (cap $87.30)
97	97	97	291	1.00	union	anytime	0.50	0.35	0.35	0.15	no-lift	200	33	0.00000	0.03000	0.97000	0.00000	32.760	$24.15-$25.32 (cap $87.30)
97	97	97	291	1.00	union	anytime	0.50	0.35	0.35	0.15	no-lift	200	34	0.00000	0.03000	0.97000	0.00000	33.730	$24.15-$25.32 (cap $87.30)
97	97	97	291	1.00	union	anytime	0.50	0.35	0.35	0.15	no-lift	200	35	0.00000	0.03500	0.96500	0.00000	34.700	$24.15-$25.32 (cap $87.30)
97	97	97	291	1.00	union	anytime	0.50	0.35	0.35	0.15	no-lift	200	36	0.00000	0.03500	0.96500	0.00000	35.665	$24.15-$25.32 (cap $87.30)
97	97	97	291	1.00	union	anytime	0.50	0.35	0.35	0.15	no-lift	200	37	0.00000	0.03500	0.96500	0.00000	36.630	$24.15-$25.32 (cap $87.30)
97	97	97	291	1.00	union	anytime	0.50	0.35	0.35	0.15	no-lift	200	38	0.00000	0.03500	0.96500	0.00000	37.595	$24.15-$25.32 (cap $87.30)
97	97	97	291	1.00	union	anytime	0.50	0.35	0.35	0.15	no-lift	200	39	0.00000	0.03500	0.96500	0.00000	38.560	$24.15-$25.32 (cap $87.30)
97	97	97	291	1.00	union	anytime	0.50	0.35	0.35	0.15	no-lift	200	40	0.00000	0.03500	0.96500	0.00000	39.525	$24.15-$25.32 (cap $87.30)
97	97	97	291	1.00	union	anytime	0.50	0.35	0.35	0.15	no-lift	200	41	0.00000	0.03500	0.96500	0.00000	40.490	$24.15-$25.32 (cap $87.30)
97	97	97	291	1.00	union	anytime	0.50	0.35	0.35	0.15	no-lift	200	42	0.00000	0.04000	0.96000	0.00000	41.455	$24.15-$25.32 (cap $87.30)
97	97	97	291	1.00	union	anytime	0.50	0.35	0.35	0.15	no-lift	200	43	0.00000	0.04000	0.96000	0.00000	42.415	$24.15-$25.32 (cap $87.30)
97	97	97	291	1.00	union	anytime	0.50	0.35	0.35	0.15	no-lift	200	44	0.00000	0.04000	0.96000	0.00000	43.375	$24.15-$25.32 (cap $87.30)
97	97	97	291	1.00	union	anytime	0.50	0.35	0.35	0.15	no-lift	200	45	0.00000	0.04000	0.96000	0.00000	44.335	$24.15-$25.32 (cap $87.30)
97	97	97	291	1.00	union	anytime	0.50	0.35	0.35	0.15	no-lift	200	46	0.00000	0.04000	0.96000	0.00000	45.295	$24.15-$25.32 (cap $87.30)
97	97	97	291	1.00	union	anytime	0.50	0.35	0.35	0.15	no-lift	200	47	0.00000	0.04000	0.96000	0.00000	46.255	$24.15-$25.32 (cap $87.30)
97	97	97	291	1.00	union	anytime	0.50	0.35	0.35	0.15	no-lift	200	48	0.00000	0.04000	0.96000	0.00000	47.215	$24.15-$25.32 (cap $87.30)
97	97	97	291	1.00	union	anytime	0.50	0.35	0.35	0.15	no-lift	200	49	0.00000	0.04000	0.96000	0.00000	48.175	$24.15-$25.32 (cap $87.30)
97	97	97	291	1.00	union	anytime	0.50	0.35	0.35	0.15	no-lift	200	50	0.00000	0.04500	0.95500	0.00000	49.135	$24.15-$25.32 (cap $87.30)
97	97	97	291	1.00	union	anytime	0.50	0.35	0.35	0.15	no-lift	200	51	0.00000	0.04500	0.95500	0.00000	50.090	$24.15-$25.32 (cap $87.30)
97	97	97	291	1.00	union	anytime	0.50	0.35	0.35	0.15	no-lift	200	52	0.00000	0.04500	0.95500	0.00000	51.045	$24.15-$25.32 (cap $87.30)
97	97	97	291	1.00	union	anytime	0.50	0.35	0.35	0.15	no-lift	200	53	0.00000	0.04500	0.95500	0.00000	52.000	$24.15-$25.32 (cap $87.30)
97	97	97	291	1.00	union	anytime	0.50	0.35	0.35	0.15	no-lift	200	54	0.00000	0.04500	0.95500	0.00000	52.955	$24.15-$25.32 (cap $87.30)
97	97	97	291	1.00	union	anytime	0.50	0.35	0.35	0.15	no-lift	200	55	0.00000	0.04500	0.95500	0.00000	53.910	$24.15-$25.32 (cap $87.30)
97	97	97	291	1.00	union	anytime	0.50	0.35	0.35	0.15	no-lift	200	56	0.00000	0.04500	0.95500	0.00000	54.865	$24.15-$25.32 (cap $87.30)
97	97	97	291	1.00	union	anytime	0.50	0.35	0.35	0.15	no-lift	200	57	0.00000	0.04500	0.95500	0.00000	55.820	$24.15-$25.32 (cap $87.30)
97	97	97	291	1.00	union	anytime	0.50	0.35	0.35	0.15	no-lift	200	58	0.00000	0.04500	0.95500	0.00000	56.775	$24.15-$25.32 (cap $87.30)
97	97	97	291	1.00	union	anytime	0.50	0.35	0.35	0.15	no-lift	200	59	0.00000	0.04500	0.95500	0.00000	57.730	$24.15-$25.32 (cap $87.30)
97	97	97	291	1.00	union	anytime	0.50	0.35	0.35	0.15	no-lift	200	60	0.00000	0.04500	0.95500	0.00000	58.685	$24.15-$25.32 (cap $87.30)
97	97	97	291	1.00	union	anytime	0.50	0.35	0.35	0.15	no-lift	200	61	0.00000	0.04500	0.95500	0.00000	59.640	$24.15-$25.32 (cap $87.30)
97	97	97	291	1.00	union	anytime	0.50	0.35	0.35	0.15	no-lift	200	62	0.00000	0.04500	0.95500	0.00000	60.595	$24.15-$25.32 (cap $87.30)
97	97	97	291	1.00	union	anytime	0.50	0.35	0.35	0.15	no-lift	200	63	0.00000	0.04500	0.95500	0.00000	61.550	$24.15-$25.32 (cap $87.30)
97	97	97	291	1.00	union	anytime	0.50	0.35	0.35	0.15	no-lift	200	64	0.00000	0.04500	0.95500	0.00000	62.505	$24.15-$25.32 (cap $87.30)
97	97	97	291	1.00	union	anytime	0.50	0.35	0.35	0.15	no-lift	200	65	0.00000	0.04500	0.95500	0.00000	63.460	$24.15-$25.32 (cap $87.30)
97	97	97	291	1.00	union	anytime	0.50	0.35	0.35	0.15	no-lift	200	66	0.00000	0.04500	0.95500	0.00000	64.415	$24.15-$25.32 (cap $87.30)
97	97	97	291	1.00	union	anytime	0.50	0.35	0.35	0.15	no-lift	200	67	0.00000	0.04500	0.95500	0.00000	65.370	$24.15-$25.32 (cap $87.30)
97	97	97	291	1.00	union	anytime	0.50	0.35	0.35	0.15	no-lift	200	68	0.00000	0.04500	0.95500	0.00000	66.325	$24.15-$25.32 (cap $87.30)
97	97	97	291	1.00	union	anytime	0.50	0.35	0.35	0.15	no-lift	200	69	0.00000	0.04500	0.95500	0.00000	67.280	$24.15-$25.32 (cap $87.30)
97	97	97	291	1.00	union	anytime	0.50	0.35	0.35	0.15	no-lift	200	70	0.00000	0.04500	0.95500	0.00000	68.235	$24.15-$25.32 (cap $87.30)
97	97	97	291	1.00	union	anytime	0.50	0.35	0.35	0.15	no-lift	200	71	0.00000	0.04500	0.95500	0.00000	69.190	$24.15-$25.32 (cap $87.30)
97	97	97	291	1.00	union	anytime	0.50	0.35	0.35	0.15	no-lift	200	72	0.00000	0.04500	0.95500	0.00000	70.145	$24.15-$25.32 (cap $87.30)
97	97	97	291	1.00	union	anytime	0.50	0.35	0.35	0.15	no-lift	200	73	0.00000	0.04500	0.95500	0.00000	71.100	$24.15-$25.32 (cap $87.30)
97	97	97	291	1.00	union	anytime	0.50	0.35	0.35	0.15	no-lift	200	74	0.00000	0.04500	0.95500	0.00000	72.055	$24.15-$25.32 (cap $87.30)
97	97	97	291	1.00	union	anytime	0.50	0.35	0.35	0.15	no-lift	200	75	0.00000	0.04500	0.95500	0.00000	73.010	$24.15-$25.32 (cap $87.30)
97	97	97	291	1.00	union	anytime	0.50	0.35	0.35	0.15	no-lift	200	76	0.00000	0.04500	0.95500	0.00000	73.965	$24.15-$25.32 (cap $87.30)
97	97	97	291	1.00	union	anytime	0.50	0.35	0.35	0.15	no-lift	200	77	0.00000	0.04500	0.95500	0.00000	74.920	$24.15-$25.32 (cap $87.30)
97	97	97	291	1.00	union	anytime	0.50	0.35	0.35	0.15	no-lift	200	78	0.00000	0.05000	0.95000	0.00000	75.875	$24.15-$25.32 (cap $87.30)
97	97	97	291	1.00	union	anytime	0.50	0.35	0.35	0.15	no-lift	200	79	0.00000	0.05000	0.95000	0.00000	76.825	$24.15-$25.32 (cap $87.30)
97	97	97	291	1.00	union	anytime	0.50	0.35	0.35	0.15	no-lift	200	80	0.00000	0.05000	0.95000	0.00000	77.775	$24.15-$25.32 (cap $87.30)
97	97	97	291	1.00	union	anytime	0.50	0.35	0.35	0.15	no-lift	200	81	0.00000	0.05000	0.95000	0.00000	78.725	$24.15-$25.32 (cap $87.30)
97	97	97	291	1.00	union	anytime	0.50	0.35	0.35	0.15	no-lift	200	82	0.00000	0.05500	0.94500	0.00000	79.675	$24.15-$25.32 (cap $87.30)
97	97	97	291	1.00	union	anytime	0.50	0.35	0.35	0.15	no-lift	200	83	0.00000	0.05500	0.94500	0.00000	80.620	$24.15-$25.32 (cap $87.30)
97	97	97	291	1.00	union	anytime	0.50	0.35	0.35	0.15	no-lift	200	84	0.00000	0.05500	0.94500	0.00000	81.565	$24.15-$25.32 (cap $87.30)
97	97	97	291	1.00	union	anytime	0.50	0.35	0.35	0.15	no-lift	200	85	0.00000	0.06000	0.94000	0.00000	82.510	$24.15-$25.32 (cap $87.30)
97	97	97	291	1.00	union	anytime	0.50	0.35	0.35	0.15	no-lift	200	86	0.00000	0.06000	0.94000	0.00000	83.450	$24.15-$25.32 (cap $87.30)
97	97	97	291	1.00	union	anytime	0.50	0.35	0.35	0.15	no-lift	200	87	0.00000	0.06000	0.94000	0.00000	84.390	$24.15-$25.32 (cap $87.30)
97	97	97	291	1.00	union	anytime	0.50	0.35	0.35	0.15	no-lift	200	88	0.00000	0.06000	0.94000	0.00000	85.330	$24.15-$25.32 (cap $87.30)
97	97	97	291	1.00	union	anytime	0.50	0.35	0.35	0.15	no-lift	200	89	0.00000	0.06000	0.94000	0.00000	86.270	$24.15-$25.32 (cap $87.30)
97	97	97	291	1.00	union	anytime	0.50	0.35	0.35	0.15	no-lift	200	90	0.00000	0.06000	0.94000	0.00000	87.210	$24.15-$25.32 (cap $87.30)
97	97	97	291	1.00	union	anytime	0.50	0.35	0.35	0.15	no-lift	200	91	0.00000	0.06500	0.93500	0.00000	88.150	$24.15-$25.32 (cap $87.30)
97	97	97	291	1.00	union	anytime	0.50	0.35	0.35	0.15	no-lift	200	92	0.00000	0.06500	0.93500	0.00000	89.085	$24.15-$25.32 (cap $87.30)
97	97	97	291	1.00	union	anytime	0.50	0.35	0.35	0.15	no-lift	200	93	0.00000	0.06500	0.93500	0.00000	90.020	$24.15-$25.32 (cap $87.30)
97	97	97	291	1.00	union	anytime	0.50	0.35	0.35	0.15	no-lift	200	94	0.00000	0.06500	0.93500	0.00000	90.955	$24.15-$25.32 (cap $87.30)
97	97	97	291	1.00	union	anytime	0.50	0.35	0.35	0.15	no-lift	200	95	0.00000	0.06500	0.93500	0.00000	91.890	$24.15-$25.32 (cap $87.30)
97	97	97	291	1.00	union	anytime	0.50	0.35	0.35	0.15	no-lift	200	96	0.00000	0.06500	0.93500	0.00000	92.825	$24.15-$25.32 (cap $87.30)
97	97	97	291	1.00	union	anytime	0.50	0.35	0.35	0.15	no-lift	200	97	0.00000	0.06500	0.93500	0.00000	93.760	$24.15-$25.32 (cap $87.30)
97	97	48	242	0.50	union	anytime	0.50	0.35	0.35	0.15	no-lift	200	1	0.00000	0.00000	1.00000	0.00000	1.000	$20.09-$21.05 (cap $72.60)
97	97	48	242	0.50	union	anytime	0.50	0.35	0.35	0.15	no-lift	200	2	0.00000	0.00000	1.00000	0.00000	2.000	$20.09-$21.05 (cap $72.60)
97	97	48	242	0.50	union	anytime	0.50	0.35	0.35	0.15	no-lift	200	3	0.00000	0.00000	1.00000	0.00000	3.000	$20.09-$21.05 (cap $72.60)
97	97	48	242	0.50	union	anytime	0.50	0.35	0.35	0.15	no-lift	200	4	0.00000	0.00000	1.00000	0.00000	4.000	$20.09-$21.05 (cap $72.60)
97	97	48	242	0.50	union	anytime	0.50	0.35	0.35	0.15	no-lift	200	5	0.00000	0.00000	1.00000	0.00000	5.000	$20.09-$21.05 (cap $72.60)
97	97	48	242	0.50	union	anytime	0.50	0.35	0.35	0.15	no-lift	200	6	0.00000	0.00000	1.00000	0.00000	6.000	$20.09-$21.05 (cap $72.60)
97	97	48	242	0.50	union	anytime	0.50	0.35	0.35	0.15	no-lift	200	7	0.00000	0.00000	1.00000	0.00000	7.000	$20.09-$21.05 (cap $72.60)
97	97	48	242	0.50	union	anytime	0.50	0.35	0.35	0.15	no-lift	200	8	0.00000	0.00000	1.00000	0.00000	8.000	$20.09-$21.05 (cap $72.60)
97	97	48	242	0.50	union	anytime	0.50	0.35	0.35	0.15	no-lift	200	9	0.00000	0.00000	1.00000	0.00000	9.000	$20.09-$21.05 (cap $72.60)
97	97	48	242	0.50	union	anytime	0.50	0.35	0.35	0.15	no-lift	200	10	0.00000	0.00000	1.00000	0.00000	10.000	$20.09-$21.05 (cap $72.60)
97	97	48	242	0.50	union	anytime	0.50	0.35	0.35	0.15	no-lift	200	11	0.00000	0.00000	1.00000	0.00000	11.000	$20.09-$21.05 (cap $72.60)
97	97	48	242	0.50	union	anytime	0.50	0.35	0.35	0.15	no-lift	200	12	0.00000	0.00000	1.00000	0.00000	12.000	$20.09-$21.05 (cap $72.60)
97	97	48	242	0.50	union	anytime	0.50	0.35	0.35	0.15	no-lift	200	13	0.00000	0.00000	1.00000	0.00000	13.000	$20.09-$21.05 (cap $72.60)
97	97	48	242	0.50	union	anytime	0.50	0.35	0.35	0.15	no-lift	200	14	0.00000	0.00000	1.00000	0.00000	14.000	$20.09-$21.05 (cap $72.60)
97	97	48	242	0.50	union	anytime	0.50	0.35	0.35	0.15	no-lift	200	15	0.00000	0.00000	1.00000	0.00000	15.000	$20.09-$21.05 (cap $72.60)
97	97	48	242	0.50	union	anytime	0.50	0.35	0.35	0.15	no-lift	200	16	0.00000	0.00000	1.00000	0.00000	16.000	$20.09-$21.05 (cap $72.60)
97	97	48	242	0.50	union	anytime	0.50	0.35	0.35	0.15	no-lift	200	17	0.00000	0.00000	1.00000	0.00000	17.000	$20.09-$21.05 (cap $72.60)
97	97	48	242	0.50	union	anytime	0.50	0.35	0.35	0.15	no-lift	200	18	0.00000	0.00500	0.99500	0.00000	18.000	$20.09-$21.05 (cap $72.60)
97	97	48	242	0.50	union	anytime	0.50	0.35	0.35	0.15	no-lift	200	19	0.00000	0.00500	0.99500	0.00000	18.995	$20.09-$21.05 (cap $72.60)
97	97	48	242	0.50	union	anytime	0.50	0.35	0.35	0.15	no-lift	200	20	0.00000	0.00500	0.99500	0.00000	19.990	$20.09-$21.05 (cap $72.60)
97	97	48	242	0.50	union	anytime	0.50	0.35	0.35	0.15	no-lift	200	21	0.00000	0.00500	0.99500	0.00000	20.985	$20.09-$21.05 (cap $72.60)
97	97	48	242	0.50	union	anytime	0.50	0.35	0.35	0.15	no-lift	200	22	0.00000	0.00500	0.99500	0.00000	21.980	$20.09-$21.05 (cap $72.60)
97	97	48	242	0.50	union	anytime	0.50	0.35	0.35	0.15	no-lift	200	23	0.00000	0.01000	0.99000	0.00000	22.975	$20.09-$21.05 (cap $72.60)
97	97	48	242	0.50	union	anytime	0.50	0.35	0.35	0.15	no-lift	200	24	0.00000	0.01000	0.99000	0.00000	23.965	$20.09-$21.05 (cap $72.60)
97	97	48	242	0.50	union	anytime	0.50	0.35	0.35	0.15	no-lift	200	25	0.00000	0.01500	0.98500	0.00000	24.955	$20.09-$21.05 (cap $72.60)
97	97	48	242	0.50	union	anytime	0.50	0.35	0.35	0.15	no-lift	200	26	0.00000	0.02000	0.98000	0.00000	25.940	$20.09-$21.05 (cap $72.60)
97	97	48	242	0.50	union	anytime	0.50	0.35	0.35	0.15	no-lift	200	27	0.00000	0.02500	0.97500	0.00000	26.920	$20.09-$21.05 (cap $72.60)
97	97	48	242	0.50	union	anytime	0.50	0.35	0.35	0.15	no-lift	200	28	0.00000	0.02500	0.97500	0.00000	27.895	$20.09-$21.05 (cap $72.60)
97	97	48	242	0.50	union	anytime	0.50	0.35	0.35	0.15	no-lift	200	29	0.00000	0.02500	0.97500	0.00000	28.870	$20.09-$21.05 (cap $72.60)
97	97	48	242	0.50	union	anytime	0.50	0.35	0.35	0.15	no-lift	200	30	0.00000	0.02500	0.97500	0.00000	29.845	$20.09-$21.05 (cap $72.60)
97	97	48	242	0.50	union	anytime	0.50	0.35	0.35	0.15	no-lift	200	31	0.00000	0.03000	0.97000	0.00000	30.820	$20.09-$21.05 (cap $72.60)
97	97	48	242	0.50	union	anytime	0.50	0.35	0.35	0.15	no-lift	200	32	0.00000	0.03000	0.97000	0.00000	31.790	$20.09-$21.05 (cap $72.60)
97	97	48	242	0.50	union	anytime	0.50	0.35	0.35	0.15	no-lift	200	33	0.00000	0.03000	0.97000	0.00000	32.760	$20.09-$21.05 (cap $72.60)
97	97	48	242	0.50	union	anytime	0.50	0.35	0.35	0.15	no-lift	200	34	0.00000	0.03000	0.97000	0.00000	33.730	$20.09-$21.05 (cap $72.60)
97	97	48	242	0.50	union	anytime	0.50	0.35	0.35	0.15	no-lift	200	35	0.00000	0.03500	0.96500	0.00000	34.700	$20.09-$21.05 (cap $72.60)
97	97	48	242	0.50	union	anytime	0.50	0.35	0.35	0.15	no-lift	200	36	0.00000	0.03500	0.96500	0.00000	35.665	$20.09-$21.05 (cap $72.60)
97	97	48	242	0.50	union	anytime	0.50	0.35	0.35	0.15	no-lift	200	37	0.00000	0.03500	0.96500	0.00000	36.630	$20.09-$21.05 (cap $72.60)
97	97	48	242	0.50	union	anytime	0.50	0.35	0.35	0.15	no-lift	200	38	0.00000	0.03500	0.96500	0.00000	37.595	$20.09-$21.05 (cap $72.60)
97	97	48	242	0.50	union	anytime	0.50	0.35	0.35	0.15	no-lift	200	39	0.00000	0.03500	0.96500	0.00000	38.560	$20.09-$21.05 (cap $72.60)
97	97	48	242	0.50	union	anytime	0.50	0.35	0.35	0.15	no-lift	200	40	0.00000	0.03500	0.96500	0.00000	39.525	$20.09-$21.05 (cap $72.60)
97	97	48	242	0.50	union	anytime	0.50	0.35	0.35	0.15	no-lift	200	41	0.00000	0.03500	0.96500	0.00000	40.490	$20.09-$21.05 (cap $72.60)
97	97	48	242	0.50	union	anytime	0.50	0.35	0.35	0.15	no-lift	200	42	0.00000	0.04000	0.96000	0.00000	41.455	$20.09-$21.05 (cap $72.60)
97	97	48	242	0.50	union	anytime	0.50	0.35	0.35	0.15	no-lift	200	43	0.00000	0.04000	0.96000	0.00000	42.415	$20.09-$21.05 (cap $72.60)
97	97	48	242	0.50	union	anytime	0.50	0.35	0.35	0.15	no-lift	200	44	0.00000	0.04000	0.96000	0.00000	43.375	$20.09-$21.05 (cap $72.60)
97	97	48	242	0.50	union	anytime	0.50	0.35	0.35	0.15	no-lift	200	45	0.00000	0.04000	0.96000	0.00000	44.335	$20.09-$21.05 (cap $72.60)
97	97	48	242	0.50	union	anytime	0.50	0.35	0.35	0.15	no-lift	200	46	0.00000	0.04000	0.96000	0.00000	45.295	$20.09-$21.05 (cap $72.60)
97	97	48	242	0.50	union	anytime	0.50	0.35	0.35	0.15	no-lift	200	47	0.00000	0.04000	0.96000	0.00000	46.255	$20.09-$21.05 (cap $72.60)
97	97	48	242	0.50	union	anytime	0.50	0.35	0.35	0.15	no-lift	200	48	0.00000	0.04000	0.96000	0.00000	47.215	$20.09-$21.05 (cap $72.60)
97	97	48	242	0.50	union	anytime	0.50	0.35	0.35	0.15	no-lift	200	49	0.00000	0.04000	0.96000	0.00000	48.175	$20.09-$21.05 (cap $72.60)
97	97	48	242	0.50	union	anytime	0.50	0.35	0.35	0.15	no-lift	200	50	0.00000	0.04500	0.95500	0.00000	49.135	$20.09-$21.05 (cap $72.60)
97	97	48	242	0.50	union	anytime	0.50	0.35	0.35	0.15	no-lift	200	51	0.00000	0.04500	0.95500	0.00000	50.090	$20.09-$21.05 (cap $72.60)
97	97	48	242	0.50	union	anytime	0.50	0.35	0.35	0.15	no-lift	200	52	0.00000	0.04500	0.95500	0.00000	51.045	$20.09-$21.05 (cap $72.60)
97	97	48	242	0.50	union	anytime	0.50	0.35	0.35	0.15	no-lift	200	53	0.00000	0.04500	0.95500	0.00000	52.000	$20.09-$21.05 (cap $72.60)
97	97	48	242	0.50	union	anytime	0.50	0.35	0.35	0.15	no-lift	200	54	0.00000	0.04500	0.95500	0.00000	52.955	$20.09-$21.05 (cap $72.60)
97	97	48	242	0.50	union	anytime	0.50	0.35	0.35	0.15	no-lift	200	55	0.00000	0.04500	0.95500	0.00000	53.910	$20.09-$21.05 (cap $72.60)
97	97	48	242	0.50	union	anytime	0.50	0.35	0.35	0.15	no-lift	200	56	0.00000	0.04500	0.95500	0.00000	54.865	$20.09-$21.05 (cap $72.60)
97	97	48	242	0.50	union	anytime	0.50	0.35	0.35	0.15	no-lift	200	57	0.00000	0.04500	0.95500	0.00000	55.820	$20.09-$21.05 (cap $72.60)
97	97	48	242	0.50	union	anytime	0.50	0.35	0.35	0.15	no-lift	200	58	0.00000	0.04500	0.95500	0.00000	56.775	$20.09-$21.05 (cap $72.60)
97	97	48	242	0.50	union	anytime	0.50	0.35	0.35	0.15	no-lift	200	59	0.00000	0.04500	0.95500	0.00000	57.730	$20.09-$21.05 (cap $72.60)
97	97	48	242	0.50	union	anytime	0.50	0.35	0.35	0.15	no-lift	200	60	0.00000	0.04500	0.95500	0.00000	58.685	$20.09-$21.05 (cap $72.60)
97	97	48	242	0.50	union	anytime	0.50	0.35	0.35	0.15	no-lift	200	61	0.00000	0.04500	0.95500	0.00000	59.640	$20.09-$21.05 (cap $72.60)
97	97	48	242	0.50	union	anytime	0.50	0.35	0.35	0.15	no-lift	200	62	0.00000	0.04500	0.95500	0.00000	60.595	$20.09-$21.05 (cap $72.60)
97	97	48	242	0.50	union	anytime	0.50	0.35	0.35	0.15	no-lift	200	63	0.00000	0.04500	0.95500	0.00000	61.550	$20.09-$21.05 (cap $72.60)
97	97	48	242	0.50	union	anytime	0.50	0.35	0.35	0.15	no-lift	200	64	0.00000	0.04500	0.95500	0.00000	62.505	$20.09-$21.05 (cap $72.60)
97	97	48	242	0.50	union	anytime	0.50	0.35	0.35	0.15	no-lift	200	65	0.00000	0.04500	0.95500	0.00000	63.460	$20.09-$21.05 (cap $72.60)
97	97	48	242	0.50	union	anytime	0.50	0.35	0.35	0.15	no-lift	200	66	0.00000	0.04500	0.95500	0.00000	64.415	$20.09-$21.05 (cap $72.60)
97	97	48	242	0.50	union	anytime	0.50	0.35	0.35	0.15	no-lift	200	67	0.00000	0.04500	0.95500	0.00000	65.370	$20.09-$21.05 (cap $72.60)
97	97	48	242	0.50	union	anytime	0.50	0.35	0.35	0.15	no-lift	200	68	0.00000	0.04500	0.95500	0.00000	66.325	$20.09-$21.05 (cap $72.60)
97	97	48	242	0.50	union	anytime	0.50	0.35	0.35	0.15	no-lift	200	69	0.00000	0.04500	0.95500	0.00000	67.280	$20.09-$21.05 (cap $72.60)
97	97	48	242	0.50	union	anytime	0.50	0.35	0.35	0.15	no-lift	200	70	0.00000	0.04500	0.95500	0.00000	68.235	$20.09-$21.05 (cap $72.60)
97	97	48	242	0.50	union	anytime	0.50	0.35	0.35	0.15	no-lift	200	71	0.00000	0.04500	0.95500	0.00000	69.190	$20.09-$21.05 (cap $72.60)
97	97	48	242	0.50	union	anytime	0.50	0.35	0.35	0.15	no-lift	200	72	0.00000	0.04500	0.95500	0.00000	70.145	$20.09-$21.05 (cap $72.60)
97	97	48	242	0.50	union	anytime	0.50	0.35	0.35	0.15	no-lift	200	73	0.00000	0.04500	0.95500	0.00000	71.100	$20.09-$21.05 (cap $72.60)
97	97	48	242	0.50	union	anytime	0.50	0.35	0.35	0.15	no-lift	200	74	0.00000	0.04500	0.95500	0.00000	72.055	$20.09-$21.05 (cap $72.60)
97	97	48	242	0.50	union	anytime	0.50	0.35	0.35	0.15	no-lift	200	75	0.00000	0.04500	0.95500	0.00000	73.010	$20.09-$21.05 (cap $72.60)
97	97	48	242	0.50	union	anytime	0.50	0.35	0.35	0.15	no-lift	200	76	0.00000	0.04500	0.95500	0.00000	73.965	$20.09-$21.05 (cap $72.60)
97	97	48	242	0.50	union	anytime	0.50	0.35	0.35	0.15	no-lift	200	77	0.00000	0.04500	0.95500	0.00000	74.920	$20.09-$21.05 (cap $72.60)
97	97	48	242	0.50	union	anytime	0.50	0.35	0.35	0.15	no-lift	200	78	0.00000	0.05000	0.95000	0.00000	75.875	$20.09-$21.05 (cap $72.60)
97	97	48	242	0.50	union	anytime	0.50	0.35	0.35	0.15	no-lift	200	79	0.00000	0.05000	0.95000	0.00000	76.825	$20.09-$21.05 (cap $72.60)
97	97	48	242	0.50	union	anytime	0.50	0.35	0.35	0.15	no-lift	200	80	0.00000	0.05000	0.95000	0.00000	77.775	$20.09-$21.05 (cap $72.60)
97	97	48	242	0.50	union	anytime	0.50	0.35	0.35	0.15	no-lift	200	81	0.00000	0.05000	0.95000	0.00000	78.725	$20.09-$21.05 (cap $72.60)
97	97	48	242	0.50	union	anytime	0.50	0.35	0.35	0.15	no-lift	200	82	0.00000	0.05500	0.94500	0.00000	79.675	$20.09-$21.05 (cap $72.60)
97	97	48	242	0.50	union	anytime	0.50	0.35	0.35	0.15	no-lift	200	83	0.00000	0.05500	0.94500	0.00000	80.620	$20.09-$21.05 (cap $72.60)
97	97	48	242	0.50	union	anytime	0.50	0.35	0.35	0.15	no-lift	200	84	0.00000	0.05500	0.94500	0.00000	81.565	$20.09-$21.05 (cap $72.60)
97	97	48	242	0.50	union	anytime	0.50	0.35	0.35	0.15	no-lift	200	85	0.00000	0.06000	0.94000	0.00000	82.510	$20.09-$21.05 (cap $72.60)
97	97	48	242	0.50	union	anytime	0.50	0.35	0.35	0.15	no-lift	200	86	0.00000	0.06000	0.94000	0.00000	83.450	$20.09-$21.05 (cap $72.60)
97	97	48	242	0.50	union	anytime	0.50	0.35	0.35	0.15	no-lift	200	87	0.00000	0.06000	0.94000	0.00000	84.390	$20.09-$21.05 (cap $72.60)
97	97	48	242	0.50	union	anytime	0.50	0.35	0.35	0.15	no-lift	200	88	0.00000	0.06000	0.94000	0.00000	85.330	$20.09-$21.05 (cap $72.60)
97	97	48	242	0.50	union	anytime	0.50	0.35	0.35	0.15	no-lift	200	89	0.00000	0.06000	0.94000	0.00000	86.270	$20.09-$21.05 (cap $72.60)
97	97	48	242	0.50	union	anytime	0.50	0.35	0.35	0.15	no-lift	200	90	0.00000	0.06000	0.94000	0.00000	87.210	$20.09-$21.05 (cap $72.60)
97	97	48	242	0.50	union	anytime	0.50	0.35	0.35	0.15	no-lift	200	91	0.00000	0.06500	0.93500	0.00000	88.150	$20.09-$21.05 (cap $72.60)
97	97	48	242	0.50	union	anytime	0.50	0.35	0.35	0.15	no-lift	200	92	0.00000	0.06500	0.93500	0.00000	89.085	$20.09-$21.05 (cap $72.60)
97	97	48	242	0.50	union	anytime	0.50	0.35	0.35	0.15	no-lift	200	93	0.00000	0.06500	0.93500	0.00000	90.020	$20.09-$21.05 (cap $72.60)
97	97	48	242	0.50	union	anytime	0.50	0.35	0.35	0.15	no-lift	200	94	0.00000	0.06500	0.93500	0.00000	90.955	$20.09-$21.05 (cap $72.60)
97	97	48	242	0.50	union	anytime	0.50	0.35	0.35	0.15	no-lift	200	95	0.00000	0.06500	0.93500	0.00000	91.890	$20.09-$21.05 (cap $72.60)
97	97	48	242	0.50	union	anytime	0.50	0.35	0.35	0.15	no-lift	200	96	0.00000	0.06500	0.93500	0.00000	92.825	$20.09-$21.05 (cap $72.60)
97	97	48	242	0.50	union	anytime	0.50	0.35	0.35	0.15	no-lift	200	97	0.00000	0.06500	0.93500	0.00000	93.760	$20.09-$21.05 (cap $72.60)
97	97	97	291	1.00	direct	anytime	0.50	0.35	0.35	0.15	no-lift	200	1	0.00000	0.00000	1.00000	0.00000	1.000	$24.15-$25.32 (cap $87.30)
97	97	97	291	1.00	direct	anytime	0.50	0.35	0.35	0.15	no-lift	200	2	0.00000	0.00000	1.00000	0.00000	2.000	$24.15-$25.32 (cap $87.30)
97	97	97	291	1.00	direct	anytime	0.50	0.35	0.35	0.15	no-lift	200	3	0.00000	0.00000	1.00000	0.00000	3.000	$24.15-$25.32 (cap $87.30)
97	97	97	291	1.00	direct	anytime	0.50	0.35	0.35	0.15	no-lift	200	4	0.00000	0.00000	1.00000	0.00000	4.000	$24.15-$25.32 (cap $87.30)
97	97	97	291	1.00	direct	anytime	0.50	0.35	0.35	0.15	no-lift	200	5	0.00000	0.00000	1.00000	0.00000	5.000	$24.15-$25.32 (cap $87.30)
97	97	97	291	1.00	direct	anytime	0.50	0.35	0.35	0.15	no-lift	200	6	0.00000	0.00000	1.00000	0.00000	6.000	$24.15-$25.32 (cap $87.30)
97	97	97	291	1.00	direct	anytime	0.50	0.35	0.35	0.15	no-lift	200	7	0.00000	0.00000	1.00000	0.00000	7.000	$24.15-$25.32 (cap $87.30)
97	97	97	291	1.00	direct	anytime	0.50	0.35	0.35	0.15	no-lift	200	8	0.00000	0.00000	1.00000	0.00000	8.000	$24.15-$25.32 (cap $87.30)
97	97	97	291	1.00	direct	anytime	0.50	0.35	0.35	0.15	no-lift	200	9	0.00000	0.00000	1.00000	0.00000	9.000	$24.15-$25.32 (cap $87.30)
97	97	97	291	1.00	direct	anytime	0.50	0.35	0.35	0.15	no-lift	200	10	0.00000	0.00000	1.00000	0.00000	10.000	$24.15-$25.32 (cap $87.30)
97	97	97	291	1.00	direct	anytime	0.50	0.35	0.35	0.15	no-lift	200	11	0.00000	0.00000	1.00000	0.00000	11.000	$24.15-$25.32 (cap $87.30)
97	97	97	291	1.00	direct	anytime	0.50	0.35	0.35	0.15	no-lift	200	12	0.00000	0.00000	1.00000	0.00000	12.000	$24.15-$25.32 (cap $87.30)
97	97	97	291	1.00	direct	anytime	0.50	0.35	0.35	0.15	no-lift	200	13	0.00000	0.00000	1.00000	0.00000	13.000	$24.15-$25.32 (cap $87.30)
97	97	97	291	1.00	direct	anytime	0.50	0.35	0.35	0.15	no-lift	200	14	0.00000	0.00000	1.00000	0.00000	14.000	$24.15-$25.32 (cap $87.30)
97	97	97	291	1.00	direct	anytime	0.50	0.35	0.35	0.15	no-lift	200	15	0.00000	0.00000	1.00000	0.00000	15.000	$24.15-$25.32 (cap $87.30)
97	97	97	291	1.00	direct	anytime	0.50	0.35	0.35	0.15	no-lift	200	16	0.00000	0.00000	1.00000	0.00000	16.000	$24.15-$25.32 (cap $87.30)
97	97	97	291	1.00	direct	anytime	0.50	0.35	0.35	0.15	no-lift	200	17	0.00000	0.00000	1.00000	0.00000	17.000	$24.15-$25.32 (cap $87.30)
97	97	97	291	1.00	direct	anytime	0.50	0.35	0.35	0.15	no-lift	200	18	0.00000	0.00500	0.99500	0.00000	18.000	$24.15-$25.32 (cap $87.30)
97	97	97	291	1.00	direct	anytime	0.50	0.35	0.35	0.15	no-lift	200	19	0.00000	0.00500	0.99500	0.00000	18.995	$24.15-$25.32 (cap $87.30)
97	97	97	291	1.00	direct	anytime	0.50	0.35	0.35	0.15	no-lift	200	20	0.00000	0.00500	0.99500	0.00000	19.990	$24.15-$25.32 (cap $87.30)
97	97	97	291	1.00	direct	anytime	0.50	0.35	0.35	0.15	no-lift	200	21	0.00000	0.00500	0.99500	0.00000	20.985	$24.15-$25.32 (cap $87.30)
97	97	97	291	1.00	direct	anytime	0.50	0.35	0.35	0.15	no-lift	200	22	0.00000	0.00500	0.99500	0.00000	21.980	$24.15-$25.32 (cap $87.30)
97	97	97	291	1.00	direct	anytime	0.50	0.35	0.35	0.15	no-lift	200	23	0.00000	0.01000	0.99000	0.00000	22.975	$24.15-$25.32 (cap $87.30)
97	97	97	291	1.00	direct	anytime	0.50	0.35	0.35	0.15	no-lift	200	24	0.00000	0.01000	0.99000	0.00000	23.965	$24.15-$25.32 (cap $87.30)
97	97	97	291	1.00	direct	anytime	0.50	0.35	0.35	0.15	no-lift	200	25	0.00000	0.01500	0.98500	0.00000	24.955	$24.15-$25.32 (cap $87.30)
97	97	97	291	1.00	direct	anytime	0.50	0.35	0.35	0.15	no-lift	200	26	0.00000	0.02000	0.98000	0.00000	25.940	$24.15-$25.32 (cap $87.30)
97	97	97	291	1.00	direct	anytime	0.50	0.35	0.35	0.15	no-lift	200	27	0.00000	0.02500	0.97500	0.00000	26.920	$24.15-$25.32 (cap $87.30)
97	97	97	291	1.00	direct	anytime	0.50	0.35	0.35	0.15	no-lift	200	28	0.00000	0.02500	0.97500	0.00000	27.895	$24.15-$25.32 (cap $87.30)
97	97	97	291	1.00	direct	anytime	0.50	0.35	0.35	0.15	no-lift	200	29	0.00000	0.02500	0.97500	0.00000	28.870	$24.15-$25.32 (cap $87.30)
97	97	97	291	1.00	direct	anytime	0.50	0.35	0.35	0.15	no-lift	200	30	0.00000	0.02500	0.97500	0.00000	29.845	$24.15-$25.32 (cap $87.30)
97	97	97	291	1.00	direct	anytime	0.50	0.35	0.35	0.15	no-lift	200	31	0.00000	0.03000	0.97000	0.00000	30.820	$24.15-$25.32 (cap $87.30)
97	97	97	291	1.00	direct	anytime	0.50	0.35	0.35	0.15	no-lift	200	32	0.00000	0.03000	0.97000	0.00000	31.790	$24.15-$25.32 (cap $87.30)
97	97	97	291	1.00	direct	anytime	0.50	0.35	0.35	0.15	no-lift	200	33	0.00000	0.03000	0.97000	0.00000	32.760	$24.15-$25.32 (cap $87.30)
97	97	97	291	1.00	direct	anytime	0.50	0.35	0.35	0.15	no-lift	200	34	0.00000	0.03000	0.97000	0.00000	33.730	$24.15-$25.32 (cap $87.30)
97	97	97	291	1.00	direct	anytime	0.50	0.35	0.35	0.15	no-lift	200	35	0.00000	0.03500	0.96500	0.00000	34.700	$24.15-$25.32 (cap $87.30)
97	97	97	291	1.00	direct	anytime	0.50	0.35	0.35	0.15	no-lift	200	36	0.00000	0.03500	0.96500	0.00000	35.665	$24.15-$25.32 (cap $87.30)
97	97	97	291	1.00	direct	anytime	0.50	0.35	0.35	0.15	no-lift	200	37	0.00000	0.03500	0.96500	0.00000	36.630	$24.15-$25.32 (cap $87.30)
97	97	97	291	1.00	direct	anytime	0.50	0.35	0.35	0.15	no-lift	200	38	0.00000	0.03500	0.96500	0.00000	37.595	$24.15-$25.32 (cap $87.30)
97	97	97	291	1.00	direct	anytime	0.50	0.35	0.35	0.15	no-lift	200	39	0.00000	0.03500	0.96500	0.00000	38.560	$24.15-$25.32 (cap $87.30)
97	97	97	291	1.00	direct	anytime	0.50	0.35	0.35	0.15	no-lift	200	40	0.00000	0.03500	0.96500	0.00000	39.525	$24.15-$25.32 (cap $87.30)
97	97	97	291	1.00	direct	anytime	0.50	0.35	0.35	0.15	no-lift	200	41	0.00000	0.03500	0.96500	0.00000	40.490	$24.15-$25.32 (cap $87.30)
97	97	97	291	1.00	direct	anytime	0.50	0.35	0.35	0.15	no-lift	200	42	0.00000	0.04000	0.96000	0.00000	41.455	$24.15-$25.32 (cap $87.30)
97	97	97	291	1.00	direct	anytime	0.50	0.35	0.35	0.15	no-lift	200	43	0.00000	0.04000	0.96000	0.00000	42.415	$24.15-$25.32 (cap $87.30)
97	97	97	291	1.00	direct	anytime	0.50	0.35	0.35	0.15	no-lift	200	44	0.00000	0.04000	0.96000	0.00000	43.375	$24.15-$25.32 (cap $87.30)
97	97	97	291	1.00	direct	anytime	0.50	0.35	0.35	0.15	no-lift	200	45	0.00000	0.04000	0.96000	0.00000	44.335	$24.15-$25.32 (cap $87.30)
97	97	97	291	1.00	direct	anytime	0.50	0.35	0.35	0.15	no-lift	200	46	0.00000	0.04000	0.96000	0.00000	45.295	$24.15-$25.32 (cap $87.30)
97	97	97	291	1.00	direct	anytime	0.50	0.35	0.35	0.15	no-lift	200	47	0.00000	0.04000	0.96000	0.00000	46.255	$24.15-$25.32 (cap $87.30)
97	97	97	291	1.00	direct	anytime	0.50	0.35	0.35	0.15	no-lift	200	48	0.00000	0.04000	0.96000	0.00000	47.215	$24.15-$25.32 (cap $87.30)
97	97	97	291	1.00	direct	anytime	0.50	0.35	0.35	0.15	no-lift	200	49	0.00000	0.04000	0.96000	0.00000	48.175	$24.15-$25.32 (cap $87.30)
97	97	97	291	1.00	direct	anytime	0.50	0.35	0.35	0.15	no-lift	200	50	0.00000	0.04500	0.95500	0.00000	49.135	$24.15-$25.32 (cap $87.30)
97	97	97	291	1.00	direct	anytime	0.50	0.35	0.35	0.15	no-lift	200	51	0.00000	0.04500	0.95500	0.00000	50.090	$24.15-$25.32 (cap $87.30)
97	97	97	291	1.00	direct	anytime	0.50	0.35	0.35	0.15	no-lift	200	52	0.00000	0.04500	0.95500	0.00000	51.045	$24.15-$25.32 (cap $87.30)
97	97	97	291	1.00	direct	anytime	0.50	0.35	0.35	0.15	no-lift	200	53	0.00000	0.04500	0.95500	0.00000	52.000	$24.15-$25.32 (cap $87.30)
97	97	97	291	1.00	direct	anytime	0.50	0.35	0.35	0.15	no-lift	200	54	0.00000	0.04500	0.95500	0.00000	52.955	$24.15-$25.32 (cap $87.30)
97	97	97	291	1.00	direct	anytime	0.50	0.35	0.35	0.15	no-lift	200	55	0.00000	0.04500	0.95500	0.00000	53.910	$24.15-$25.32 (cap $87.30)
97	97	97	291	1.00	direct	anytime	0.50	0.35	0.35	0.15	no-lift	200	56	0.00000	0.04500	0.95500	0.00000	54.865	$24.15-$25.32 (cap $87.30)
97	97	97	291	1.00	direct	anytime	0.50	0.35	0.35	0.15	no-lift	200	57	0.00000	0.04500	0.95500	0.00000	55.820	$24.15-$25.32 (cap $87.30)
97	97	97	291	1.00	direct	anytime	0.50	0.35	0.35	0.15	no-lift	200	58	0.00000	0.04500	0.95500	0.00000	56.775	$24.15-$25.32 (cap $87.30)
97	97	97	291	1.00	direct	anytime	0.50	0.35	0.35	0.15	no-lift	200	59	0.00000	0.04500	0.95500	0.00000	57.730	$24.15-$25.32 (cap $87.30)
97	97	97	291	1.00	direct	anytime	0.50	0.35	0.35	0.15	no-lift	200	60	0.00000	0.04500	0.95500	0.00000	58.685	$24.15-$25.32 (cap $87.30)
97	97	97	291	1.00	direct	anytime	0.50	0.35	0.35	0.15	no-lift	200	61	0.00000	0.04500	0.95500	0.00000	59.640	$24.15-$25.32 (cap $87.30)
97	97	97	291	1.00	direct	anytime	0.50	0.35	0.35	0.15	no-lift	200	62	0.00000	0.04500	0.95500	0.00000	60.595	$24.15-$25.32 (cap $87.30)
97	97	97	291	1.00	direct	anytime	0.50	0.35	0.35	0.15	no-lift	200	63	0.00000	0.04500	0.95500	0.00000	61.550	$24.15-$25.32 (cap $87.30)
97	97	97	291	1.00	direct	anytime	0.50	0.35	0.35	0.15	no-lift	200	64	0.00000	0.04500	0.95500	0.00000	62.505	$24.15-$25.32 (cap $87.30)
97	97	97	291	1.00	direct	anytime	0.50	0.35	0.35	0.15	no-lift	200	65	0.00000	0.04500	0.95500	0.00000	63.460	$24.15-$25.32 (cap $87.30)
97	97	97	291	1.00	direct	anytime	0.50	0.35	0.35	0.15	no-lift	200	66	0.00000	0.04500	0.95500	0.00000	64.415	$24.15-$25.32 (cap $87.30)
97	97	97	291	1.00	direct	anytime	0.50	0.35	0.35	0.15	no-lift	200	67	0.00000	0.04500	0.95500	0.00000	65.370	$24.15-$25.32 (cap $87.30)
97	97	97	291	1.00	direct	anytime	0.50	0.35	0.35	0.15	no-lift	200	68	0.00000	0.04500	0.95500	0.00000	66.325	$24.15-$25.32 (cap $87.30)
97	97	97	291	1.00	direct	anytime	0.50	0.35	0.35	0.15	no-lift	200	69	0.00000	0.04500	0.95500	0.00000	67.280	$24.15-$25.32 (cap $87.30)
97	97	97	291	1.00	direct	anytime	0.50	0.35	0.35	0.15	no-lift	200	70	0.00000	0.04500	0.95500	0.00000	68.235	$24.15-$25.32 (cap $87.30)
97	97	97	291	1.00	direct	anytime	0.50	0.35	0.35	0.15	no-lift	200	71	0.00000	0.04500	0.95500	0.00000	69.190	$24.15-$25.32 (cap $87.30)
97	97	97	291	1.00	direct	anytime	0.50	0.35	0.35	0.15	no-lift	200	72	0.00000	0.04500	0.95500	0.00000	70.145	$24.15-$25.32 (cap $87.30)
97	97	97	291	1.00	direct	anytime	0.50	0.35	0.35	0.15	no-lift	200	73	0.00000	0.04500	0.95500	0.00000	71.100	$24.15-$25.32 (cap $87.30)
97	97	97	291	1.00	direct	anytime	0.50	0.35	0.35	0.15	no-lift	200	74	0.00000	0.04500	0.95500	0.00000	72.055	$24.15-$25.32 (cap $87.30)
97	97	97	291	1.00	direct	anytime	0.50	0.35	0.35	0.15	no-lift	200	75	0.00000	0.04500	0.95500	0.00000	73.010	$24.15-$25.32 (cap $87.30)
97	97	97	291	1.00	direct	anytime	0.50	0.35	0.35	0.15	no-lift	200	76	0.00000	0.04500	0.95500	0.00000	73.965	$24.15-$25.32 (cap $87.30)
97	97	97	291	1.00	direct	anytime	0.50	0.35	0.35	0.15	no-lift	200	77	0.00000	0.04500	0.95500	0.00000	74.920	$24.15-$25.32 (cap $87.30)
97	97	97	291	1.00	direct	anytime	0.50	0.35	0.35	0.15	no-lift	200	78	0.00000	0.05000	0.95000	0.00000	75.875	$24.15-$25.32 (cap $87.30)
97	97	97	291	1.00	direct	anytime	0.50	0.35	0.35	0.15	no-lift	200	79	0.00000	0.05000	0.95000	0.00000	76.825	$24.15-$25.32 (cap $87.30)
97	97	97	291	1.00	direct	anytime	0.50	0.35	0.35	0.15	no-lift	200	80	0.00000	0.05000	0.95000	0.00000	77.775	$24.15-$25.32 (cap $87.30)
97	97	97	291	1.00	direct	anytime	0.50	0.35	0.35	0.15	no-lift	200	81	0.00000	0.05000	0.95000	0.00000	78.725	$24.15-$25.32 (cap $87.30)
97	97	97	291	1.00	direct	anytime	0.50	0.35	0.35	0.15	no-lift	200	82	0.00000	0.05500	0.94500	0.00000	79.675	$24.15-$25.32 (cap $87.30)
97	97	97	291	1.00	direct	anytime	0.50	0.35	0.35	0.15	no-lift	200	83	0.00000	0.05500	0.94500	0.00000	80.620	$24.15-$25.32 (cap $87.30)
97	97	97	291	1.00	direct	anytime	0.50	0.35	0.35	0.15	no-lift	200	84	0.00000	0.05500	0.94500	0.00000	81.565	$24.15-$25.32 (cap $87.30)
97	97	97	291	1.00	direct	anytime	0.50	0.35	0.35	0.15	no-lift	200	85	0.00000	0.06000	0.94000	0.00000	82.510	$24.15-$25.32 (cap $87.30)
97	97	97	291	1.00	direct	anytime	0.50	0.35	0.35	0.15	no-lift	200	86	0.00000	0.06000	0.94000	0.00000	83.450	$24.15-$25.32 (cap $87.30)
97	97	97	291	1.00	direct	anytime	0.50	0.35	0.35	0.15	no-lift	200	87	0.00000	0.06000	0.94000	0.00000	84.390	$24.15-$25.32 (cap $87.30)
97	97	97	291	1.00	direct	anytime	0.50	0.35	0.35	0.15	no-lift	200	88	0.00000	0.06000	0.94000	0.00000	85.330	$24.15-$25.32 (cap $87.30)
97	97	97	291	1.00	direct	anytime	0.50	0.35	0.35	0.15	no-lift	200	89	0.00000	0.06000	0.94000	0.00000	86.270	$24.15-$25.32 (cap $87.30)
97	97	97	291	1.00	direct	anytime	0.50	0.35	0.35	0.15	no-lift	200	90	0.00000	0.06000	0.94000	0.00000	87.210	$24.15-$25.32 (cap $87.30)
97	97	97	291	1.00	direct	anytime	0.50	0.35	0.35	0.15	no-lift	200	91	0.00000	0.06500	0.93500	0.00000	88.150	$24.15-$25.32 (cap $87.30)
97	97	97	291	1.00	direct	anytime	0.50	0.35	0.35	0.15	no-lift	200	92	0.00000	0.06500	0.93500	0.00000	89.085	$24.15-$25.32 (cap $87.30)
97	97	97	291	1.00	direct	anytime	0.50	0.35	0.35	0.15	no-lift	200	93	0.00000	0.06500	0.93500	0.00000	90.020	$24.15-$25.32 (cap $87.30)
97	97	97	291	1.00	direct	anytime	0.50	0.35	0.35	0.15	no-lift	200	94	0.00000	0.06500	0.93500	0.00000	90.955	$24.15-$25.32 (cap $87.30)
97	97	97	291	1.00	direct	anytime	0.50	0.35	0.35	0.15	no-lift	200	95	0.00000	0.06500	0.93500	0.00000	91.890	$24.15-$25.32 (cap $87.30)
97	97	97	291	1.00	direct	anytime	0.50	0.35	0.35	0.15	no-lift	200	96	0.00000	0.06500	0.93500	0.00000	92.825	$24.15-$25.32 (cap $87.30)
97	97	97	291	1.00	direct	anytime	0.50	0.35	0.35	0.15	no-lift	200	97	0.00000	0.06500	0.93500	0.00000	93.760	$24.15-$25.32 (cap $87.30)
97	97	97	291	1.00	union	anytime	0.55	0.35	0.35	0.20	calibration	200	1	0.00000	0.00000	1.00000	0.00000	1.000	$24.15-$25.32 (cap $87.30)
97	97	97	291	1.00	union	anytime	0.55	0.35	0.35	0.20	calibration	200	2	0.00000	0.00000	1.00000	0.00000	2.000	$24.15-$25.32 (cap $87.30)
97	97	97	291	1.00	union	anytime	0.55	0.35	0.35	0.20	calibration	200	3	0.00000	0.00000	1.00000	0.00000	3.000	$24.15-$25.32 (cap $87.30)
97	97	97	291	1.00	union	anytime	0.55	0.35	0.35	0.20	calibration	200	4	0.00000	0.00000	1.00000	0.00000	4.000	$24.15-$25.32 (cap $87.30)
97	97	97	291	1.00	union	anytime	0.55	0.35	0.35	0.20	calibration	200	5	0.00000	0.00000	1.00000	0.00000	5.000	$24.15-$25.32 (cap $87.30)
97	97	97	291	1.00	union	anytime	0.55	0.35	0.35	0.20	calibration	200	6	0.00000	0.00000	1.00000	0.00000	6.000	$24.15-$25.32 (cap $87.30)
97	97	97	291	1.00	union	anytime	0.55	0.35	0.35	0.20	calibration	200	7	0.00000	0.00000	1.00000	0.00000	7.000	$24.15-$25.32 (cap $87.30)
97	97	97	291	1.00	union	anytime	0.55	0.35	0.35	0.20	calibration	200	8	0.00000	0.00000	1.00000	0.00000	8.000	$24.15-$25.32 (cap $87.30)
97	97	97	291	1.00	union	anytime	0.55	0.35	0.35	0.20	calibration	200	9	0.00000	0.00000	1.00000	0.00000	9.000	$24.15-$25.32 (cap $87.30)
97	97	97	291	1.00	union	anytime	0.55	0.35	0.35	0.20	calibration	200	10	0.00000	0.00000	1.00000	0.00000	10.000	$24.15-$25.32 (cap $87.30)
97	97	97	291	1.00	union	anytime	0.55	0.35	0.35	0.20	calibration	200	11	0.00000	0.00500	0.99500	0.00000	11.000	$24.15-$25.32 (cap $87.30)
97	97	97	291	1.00	union	anytime	0.55	0.35	0.35	0.20	calibration	200	12	0.00000	0.00500	0.99500	0.00000	11.995	$24.15-$25.32 (cap $87.30)
97	97	97	291	1.00	union	anytime	0.55	0.35	0.35	0.20	calibration	200	13	0.00000	0.00500	0.99500	0.00000	12.990	$24.15-$25.32 (cap $87.30)
97	97	97	291	1.00	union	anytime	0.55	0.35	0.35	0.20	calibration	200	14	0.00000	0.00500	0.99500	0.00000	13.985	$24.15-$25.32 (cap $87.30)
97	97	97	291	1.00	union	anytime	0.55	0.35	0.35	0.20	calibration	200	15	0.00000	0.00500	0.99500	0.00000	14.980	$24.15-$25.32 (cap $87.30)
97	97	97	291	1.00	union	anytime	0.55	0.35	0.35	0.20	calibration	200	16	0.00000	0.00500	0.99500	0.00000	15.975	$24.15-$25.32 (cap $87.30)
97	97	97	291	1.00	union	anytime	0.55	0.35	0.35	0.20	calibration	200	17	0.00000	0.00500	0.99500	0.00000	16.970	$24.15-$25.32 (cap $87.30)
97	97	97	291	1.00	union	anytime	0.55	0.35	0.35	0.20	calibration	200	18	0.00000	0.01500	0.98500	0.00000	17.965	$24.15-$25.32 (cap $87.30)
97	97	97	291	1.00	union	anytime	0.55	0.35	0.35	0.20	calibration	200	19	0.00000	0.01500	0.98500	0.00000	18.950	$24.15-$25.32 (cap $87.30)
97	97	97	291	1.00	union	anytime	0.55	0.35	0.35	0.20	calibration	200	20	0.00000	0.01500	0.98500	0.00000	19.935	$24.15-$25.32 (cap $87.30)
97	97	97	291	1.00	union	anytime	0.55	0.35	0.35	0.20	calibration	200	21	0.00000	0.01500	0.98500	0.00000	20.920	$24.15-$25.32 (cap $87.30)
97	97	97	291	1.00	union	anytime	0.55	0.35	0.35	0.20	calibration	200	22	0.00000	0.01500	0.98500	0.00000	21.905	$24.15-$25.32 (cap $87.30)
97	97	97	291	1.00	union	anytime	0.55	0.35	0.35	0.20	calibration	200	23	0.00000	0.01500	0.98500	0.00000	22.890	$24.15-$25.32 (cap $87.30)
97	97	97	291	1.00	union	anytime	0.55	0.35	0.35	0.20	calibration	200	24	0.00000	0.01500	0.98500	0.00000	23.875	$24.15-$25.32 (cap $87.30)
97	97	97	291	1.00	union	anytime	0.55	0.35	0.35	0.20	calibration	200	25	0.00000	0.01500	0.98500	0.00000	24.860	$24.15-$25.32 (cap $87.30)
97	97	97	291	1.00	union	anytime	0.55	0.35	0.35	0.20	calibration	200	26	0.00000	0.01500	0.98500	0.00000	25.845	$24.15-$25.32 (cap $87.30)
97	97	97	291	1.00	union	anytime	0.55	0.35	0.35	0.20	calibration	200	27	0.00000	0.01500	0.98500	0.00000	26.830	$24.15-$25.32 (cap $87.30)
97	97	97	291	1.00	union	anytime	0.55	0.35	0.35	0.20	calibration	200	28	0.00000	0.01500	0.98500	0.00000	27.815	$24.15-$25.32 (cap $87.30)
97	97	97	291	1.00	union	anytime	0.55	0.35	0.35	0.20	calibration	200	29	0.00000	0.01500	0.98500	0.00000	28.800	$24.15-$25.32 (cap $87.30)
97	97	97	291	1.00	union	anytime	0.55	0.35	0.35	0.20	calibration	200	30	0.00000	0.01500	0.98500	0.00000	29.785	$24.15-$25.32 (cap $87.30)
97	97	97	291	1.00	union	anytime	0.55	0.35	0.35	0.20	calibration	200	31	0.00000	0.01500	0.98500	0.00000	30.770	$24.15-$25.32 (cap $87.30)
97	97	97	291	1.00	union	anytime	0.55	0.35	0.35	0.20	calibration	200	32	0.00000	0.01500	0.98500	0.00000	31.755	$24.15-$25.32 (cap $87.30)
97	97	97	291	1.00	union	anytime	0.55	0.35	0.35	0.20	calibration	200	33	0.00000	0.01500	0.98500	0.00000	32.740	$24.15-$25.32 (cap $87.30)
97	97	97	291	1.00	union	anytime	0.55	0.35	0.35	0.20	calibration	200	34	0.00000	0.01500	0.98500	0.00000	33.725	$24.15-$25.32 (cap $87.30)
97	97	97	291	1.00	union	anytime	0.55	0.35	0.35	0.20	calibration	200	35	0.00000	0.01500	0.98500	0.00000	34.710	$24.15-$25.32 (cap $87.30)
97	97	97	291	1.00	union	anytime	0.55	0.35	0.35	0.20	calibration	200	36	0.00000	0.01500	0.98500	0.00000	35.695	$24.15-$25.32 (cap $87.30)
97	97	97	291	1.00	union	anytime	0.55	0.35	0.35	0.20	calibration	200	37	0.00000	0.01500	0.98500	0.00000	36.680	$24.15-$25.32 (cap $87.30)
97	97	97	291	1.00	union	anytime	0.55	0.35	0.35	0.20	calibration	200	38	0.00000	0.02000	0.98000	0.00000	37.665	$24.15-$25.32 (cap $87.30)
97	97	97	291	1.00	union	anytime	0.55	0.35	0.35	0.20	calibration	200	39	0.00000	0.02000	0.98000	0.00000	38.645	$24.15-$25.32 (cap $87.30)
97	97	97	291	1.00	union	anytime	0.55	0.35	0.35	0.20	calibration	200	40	0.00000	0.02000	0.98000	0.00000	39.625	$24.15-$25.32 (cap $87.30)
97	97	97	291	1.00	union	anytime	0.55	0.35	0.35	0.20	calibration	200	41	0.00000	0.02000	0.98000	0.00000	40.605	$24.15-$25.32 (cap $87.30)
97	97	97	291	1.00	union	anytime	0.55	0.35	0.35	0.20	calibration	200	42	0.00000	0.02000	0.98000	0.00000	41.585	$24.15-$25.32 (cap $87.30)
97	97	97	291	1.00	union	anytime	0.55	0.35	0.35	0.20	calibration	200	43	0.00000	0.02000	0.98000	0.00000	42.565	$24.15-$25.32 (cap $87.30)
97	97	97	291	1.00	union	anytime	0.55	0.35	0.35	0.20	calibration	200	44	0.00000	0.02000	0.98000	0.00000	43.545	$24.15-$25.32 (cap $87.30)
97	97	97	291	1.00	union	anytime	0.55	0.35	0.35	0.20	calibration	200	45	0.00000	0.02000	0.98000	0.00000	44.525	$24.15-$25.32 (cap $87.30)
97	97	97	291	1.00	union	anytime	0.55	0.35	0.35	0.20	calibration	200	46	0.00000	0.02000	0.98000	0.00000	45.505	$24.15-$25.32 (cap $87.30)
97	97	97	291	1.00	union	anytime	0.55	0.35	0.35	0.20	calibration	200	47	0.00000	0.02000	0.98000	0.00000	46.485	$24.15-$25.32 (cap $87.30)
97	97	97	291	1.00	union	anytime	0.55	0.35	0.35	0.20	calibration	200	48	0.00000	0.02000	0.98000	0.00000	47.465	$24.15-$25.32 (cap $87.30)
97	97	97	291	1.00	union	anytime	0.55	0.35	0.35	0.20	calibration	200	49	0.00000	0.02500	0.97500	0.00000	48.445	$24.15-$25.32 (cap $87.30)
97	97	97	291	1.00	union	anytime	0.55	0.35	0.35	0.20	calibration	200	50	0.00000	0.02500	0.97500	0.00000	49.420	$24.15-$25.32 (cap $87.30)
97	97	97	291	1.00	union	anytime	0.55	0.35	0.35	0.20	calibration	200	51	0.00000	0.02500	0.97500	0.00000	50.395	$24.15-$25.32 (cap $87.30)
97	97	97	291	1.00	union	anytime	0.55	0.35	0.35	0.20	calibration	200	52	0.00000	0.02500	0.97500	0.00000	51.370	$24.15-$25.32 (cap $87.30)
97	97	97	291	1.00	union	anytime	0.55	0.35	0.35	0.20	calibration	200	53	0.00000	0.02500	0.97500	0.00000	52.345	$24.15-$25.32 (cap $87.30)
97	97	97	291	1.00	union	anytime	0.55	0.35	0.35	0.20	calibration	200	54	0.00000	0.02500	0.97500	0.00000	53.320	$24.15-$25.32 (cap $87.30)
97	97	97	291	1.00	union	anytime	0.55	0.35	0.35	0.20	calibration	200	55	0.00000	0.02500	0.97500	0.00000	54.295	$24.15-$25.32 (cap $87.30)
97	97	97	291	1.00	union	anytime	0.55	0.35	0.35	0.20	calibration	200	56	0.00000	0.02500	0.97500	0.00000	55.270	$24.15-$25.32 (cap $87.30)
97	97	97	291	1.00	union	anytime	0.55	0.35	0.35	0.20	calibration	200	57	0.00000	0.03000	0.97000	0.00000	56.245	$24.15-$25.32 (cap $87.30)
97	97	97	291	1.00	union	anytime	0.55	0.35	0.35	0.20	calibration	200	58	0.00000	0.03500	0.96500	0.00000	57.215	$24.15-$25.32 (cap $87.30)
97	97	97	291	1.00	union	anytime	0.55	0.35	0.35	0.20	calibration	200	59	0.00000	0.03500	0.96500	0.00000	58.180	$24.15-$25.32 (cap $87.30)
97	97	97	291	1.00	union	anytime	0.55	0.35	0.35	0.20	calibration	200	60	0.00000	0.03500	0.96500	0.00000	59.145	$24.15-$25.32 (cap $87.30)
97	97	97	291	1.00	union	anytime	0.55	0.35	0.35	0.20	calibration	200	61	0.00000	0.03500	0.96500	0.00000	60.110	$24.15-$25.32 (cap $87.30)
97	97	97	291	1.00	union	anytime	0.55	0.35	0.35	0.20	calibration	200	62	0.00000	0.03500	0.96500	0.00000	61.075	$24.15-$25.32 (cap $87.30)
97	97	97	291	1.00	union	anytime	0.55	0.35	0.35	0.20	calibration	200	63	0.00000	0.03500	0.96500	0.00000	62.040	$24.15-$25.32 (cap $87.30)
97	97	97	291	1.00	union	anytime	0.55	0.35	0.35	0.20	calibration	200	64	0.00000	0.03500	0.96500	0.00000	63.005	$24.15-$25.32 (cap $87.30)
97	97	97	291	1.00	union	anytime	0.55	0.35	0.35	0.20	calibration	200	65	0.00000	0.03500	0.96500	0.00000	63.970	$24.15-$25.32 (cap $87.30)
97	97	97	291	1.00	union	anytime	0.55	0.35	0.35	0.20	calibration	200	66	0.00000	0.03500	0.96500	0.00000	64.935	$24.15-$25.32 (cap $87.30)
97	97	97	291	1.00	union	anytime	0.55	0.35	0.35	0.20	calibration	200	67	0.00000	0.03500	0.96500	0.00000	65.900	$24.15-$25.32 (cap $87.30)
97	97	97	291	1.00	union	anytime	0.55	0.35	0.35	0.20	calibration	200	68	0.00000	0.03500	0.96500	0.00000	66.865	$24.15-$25.32 (cap $87.30)
97	97	97	291	1.00	union	anytime	0.55	0.35	0.35	0.20	calibration	200	69	0.00000	0.03500	0.96500	0.00000	67.830	$24.15-$25.32 (cap $87.30)
97	97	97	291	1.00	union	anytime	0.55	0.35	0.35	0.20	calibration	200	70	0.00000	0.03500	0.96500	0.00000	68.795	$24.15-$25.32 (cap $87.30)
97	97	97	291	1.00	union	anytime	0.55	0.35	0.35	0.20	calibration	200	71	0.00000	0.03500	0.96500	0.00000	69.760	$24.15-$25.32 (cap $87.30)
97	97	97	291	1.00	union	anytime	0.55	0.35	0.35	0.20	calibration	200	72	0.00000	0.03500	0.96500	0.00000	70.725	$24.15-$25.32 (cap $87.30)
97	97	97	291	1.00	union	anytime	0.55	0.35	0.35	0.20	calibration	200	73	0.00000	0.03500	0.96500	0.00000	71.690	$24.15-$25.32 (cap $87.30)
97	97	97	291	1.00	union	anytime	0.55	0.35	0.35	0.20	calibration	200	74	0.00000	0.03500	0.96500	0.00000	72.655	$24.15-$25.32 (cap $87.30)
97	97	97	291	1.00	union	anytime	0.55	0.35	0.35	0.20	calibration	200	75	0.00000	0.03500	0.96500	0.00000	73.620	$24.15-$25.32 (cap $87.30)
97	97	97	291	1.00	union	anytime	0.55	0.35	0.35	0.20	calibration	200	76	0.00000	0.03500	0.96500	0.00000	74.585	$24.15-$25.32 (cap $87.30)
97	97	97	291	1.00	union	anytime	0.55	0.35	0.35	0.20	calibration	200	77	0.00000	0.03500	0.96500	0.00000	75.550	$24.15-$25.32 (cap $87.30)
97	97	97	291	1.00	union	anytime	0.55	0.35	0.35	0.20	calibration	200	78	0.00000	0.03500	0.96500	0.00000	76.515	$24.15-$25.32 (cap $87.30)
97	97	97	291	1.00	union	anytime	0.55	0.35	0.35	0.20	calibration	200	79	0.00000	0.03500	0.96500	0.00000	77.480	$24.15-$25.32 (cap $87.30)
97	97	97	291	1.00	union	anytime	0.55	0.35	0.35	0.20	calibration	200	80	0.00000	0.03500	0.96500	0.00000	78.445	$24.15-$25.32 (cap $87.30)
97	97	97	291	1.00	union	anytime	0.55	0.35	0.35	0.20	calibration	200	81	0.00000	0.03500	0.96500	0.00000	79.410	$24.15-$25.32 (cap $87.30)
97	97	97	291	1.00	union	anytime	0.55	0.35	0.35	0.20	calibration	200	82	0.00000	0.03500	0.96500	0.00000	80.375	$24.15-$25.32 (cap $87.30)
97	97	97	291	1.00	union	anytime	0.55	0.35	0.35	0.20	calibration	200	83	0.00000	0.03500	0.96500	0.00000	81.340	$24.15-$25.32 (cap $87.30)
97	97	97	291	1.00	union	anytime	0.55	0.35	0.35	0.20	calibration	200	84	0.00000	0.03500	0.96500	0.00000	82.305	$24.15-$25.32 (cap $87.30)
97	97	97	291	1.00	union	anytime	0.55	0.35	0.35	0.20	calibration	200	85	0.00000	0.03500	0.96500	0.00000	83.270	$24.15-$25.32 (cap $87.30)
97	97	97	291	1.00	union	anytime	0.55	0.35	0.35	0.20	calibration	200	86	0.00000	0.03500	0.96500	0.00000	84.235	$24.15-$25.32 (cap $87.30)
97	97	97	291	1.00	union	anytime	0.55	0.35	0.35	0.20	calibration	200	87	0.00000	0.03500	0.96500	0.00000	85.200	$24.15-$25.32 (cap $87.30)
97	97	97	291	1.00	union	anytime	0.55	0.35	0.35	0.20	calibration	200	88	0.00000	0.03500	0.96500	0.00000	86.165	$24.15-$25.32 (cap $87.30)
97	97	97	291	1.00	union	anytime	0.55	0.35	0.35	0.20	calibration	200	89	0.00000	0.03500	0.96500	0.00000	87.130	$24.15-$25.32 (cap $87.30)
97	97	97	291	1.00	union	anytime	0.55	0.35	0.35	0.20	calibration	200	90	0.00000	0.03500	0.96500	0.00000	88.095	$24.15-$25.32 (cap $87.30)
97	97	97	291	1.00	union	anytime	0.55	0.35	0.35	0.20	calibration	200	91	0.00000	0.03500	0.96500	0.00000	89.060	$24.15-$25.32 (cap $87.30)
97	97	97	291	1.00	union	anytime	0.55	0.35	0.35	0.20	calibration	200	92	0.00000	0.03500	0.96500	0.00000	90.025	$24.15-$25.32 (cap $87.30)
97	97	97	291	1.00	union	anytime	0.55	0.35	0.35	0.20	calibration	200	93	0.00000	0.03500	0.96500	0.00000	90.990	$24.15-$25.32 (cap $87.30)
97	97	97	291	1.00	union	anytime	0.55	0.35	0.35	0.20	calibration	200	94	0.00000	0.03500	0.96500	0.00000	91.955	$24.15-$25.32 (cap $87.30)
97	97	97	291	1.00	union	anytime	0.55	0.35	0.35	0.20	calibration	200	95	0.00000	0.03500	0.96500	0.00000	92.920	$24.15-$25.32 (cap $87.30)
97	97	97	291	1.00	union	anytime	0.55	0.35	0.35	0.20	calibration	200	96	0.00000	0.03500	0.96500	0.00000	93.885	$24.15-$25.32 (cap $87.30)
97	97	97	291	1.00	union	anytime	0.55	0.35	0.35	0.20	calibration	200	97	0.00000	0.03500	0.96500	0.00000	94.850	$24.15-$25.32 (cap $87.30)
97	97	48	242	0.50	union	anytime	0.55	0.35	0.35	0.20	calibration	200	1	0.00000	0.00000	1.00000	0.00000	1.000	$20.09-$21.05 (cap $72.60)
97	97	48	242	0.50	union	anytime	0.55	0.35	0.35	0.20	calibration	200	2	0.00000	0.00000	1.00000	0.00000	2.000	$20.09-$21.05 (cap $72.60)
97	97	48	242	0.50	union	anytime	0.55	0.35	0.35	0.20	calibration	200	3	0.00000	0.00000	1.00000	0.00000	3.000	$20.09-$21.05 (cap $72.60)
97	97	48	242	0.50	union	anytime	0.55	0.35	0.35	0.20	calibration	200	4	0.00000	0.00000	1.00000	0.00000	4.000	$20.09-$21.05 (cap $72.60)
97	97	48	242	0.50	union	anytime	0.55	0.35	0.35	0.20	calibration	200	5	0.00000	0.00000	1.00000	0.00000	5.000	$20.09-$21.05 (cap $72.60)
97	97	48	242	0.50	union	anytime	0.55	0.35	0.35	0.20	calibration	200	6	0.00000	0.00000	1.00000	0.00000	6.000	$20.09-$21.05 (cap $72.60)
97	97	48	242	0.50	union	anytime	0.55	0.35	0.35	0.20	calibration	200	7	0.00000	0.00000	1.00000	0.00000	7.000	$20.09-$21.05 (cap $72.60)
97	97	48	242	0.50	union	anytime	0.55	0.35	0.35	0.20	calibration	200	8	0.00000	0.00000	1.00000	0.00000	8.000	$20.09-$21.05 (cap $72.60)
97	97	48	242	0.50	union	anytime	0.55	0.35	0.35	0.20	calibration	200	9	0.00000	0.00000	1.00000	0.00000	9.000	$20.09-$21.05 (cap $72.60)
97	97	48	242	0.50	union	anytime	0.55	0.35	0.35	0.20	calibration	200	10	0.00000	0.00000	1.00000	0.00000	10.000	$20.09-$21.05 (cap $72.60)
97	97	48	242	0.50	union	anytime	0.55	0.35	0.35	0.20	calibration	200	11	0.00000	0.00500	0.99500	0.00000	11.000	$20.09-$21.05 (cap $72.60)
97	97	48	242	0.50	union	anytime	0.55	0.35	0.35	0.20	calibration	200	12	0.00000	0.00500	0.99500	0.00000	11.995	$20.09-$21.05 (cap $72.60)
97	97	48	242	0.50	union	anytime	0.55	0.35	0.35	0.20	calibration	200	13	0.00000	0.00500	0.99500	0.00000	12.990	$20.09-$21.05 (cap $72.60)
97	97	48	242	0.50	union	anytime	0.55	0.35	0.35	0.20	calibration	200	14	0.00000	0.00500	0.99500	0.00000	13.985	$20.09-$21.05 (cap $72.60)
97	97	48	242	0.50	union	anytime	0.55	0.35	0.35	0.20	calibration	200	15	0.00000	0.00500	0.99500	0.00000	14.980	$20.09-$21.05 (cap $72.60)
97	97	48	242	0.50	union	anytime	0.55	0.35	0.35	0.20	calibration	200	16	0.00000	0.00500	0.99500	0.00000	15.975	$20.09-$21.05 (cap $72.60)
97	97	48	242	0.50	union	anytime	0.55	0.35	0.35	0.20	calibration	200	17	0.00000	0.00500	0.99500	0.00000	16.970	$20.09-$21.05 (cap $72.60)
97	97	48	242	0.50	union	anytime	0.55	0.35	0.35	0.20	calibration	200	18	0.00000	0.01500	0.98500	0.00000	17.965	$20.09-$21.05 (cap $72.60)
97	97	48	242	0.50	union	anytime	0.55	0.35	0.35	0.20	calibration	200	19	0.00000	0.01500	0.98500	0.00000	18.950	$20.09-$21.05 (cap $72.60)
97	97	48	242	0.50	union	anytime	0.55	0.35	0.35	0.20	calibration	200	20	0.00000	0.01500	0.98500	0.00000	19.935	$20.09-$21.05 (cap $72.60)
97	97	48	242	0.50	union	anytime	0.55	0.35	0.35	0.20	calibration	200	21	0.00000	0.01500	0.98500	0.00000	20.920	$20.09-$21.05 (cap $72.60)
97	97	48	242	0.50	union	anytime	0.55	0.35	0.35	0.20	calibration	200	22	0.00000	0.01500	0.98500	0.00000	21.905	$20.09-$21.05 (cap $72.60)
97	97	48	242	0.50	union	anytime	0.55	0.35	0.35	0.20	calibration	200	23	0.00000	0.01500	0.98500	0.00000	22.890	$20.09-$21.05 (cap $72.60)
97	97	48	242	0.50	union	anytime	0.55	0.35	0.35	0.20	calibration	200	24	0.00000	0.01500	0.98500	0.00000	23.875	$20.09-$21.05 (cap $72.60)
97	97	48	242	0.50	union	anytime	0.55	0.35	0.35	0.20	calibration	200	25	0.00000	0.01500	0.98500	0.00000	24.860	$20.09-$21.05 (cap $72.60)
97	97	48	242	0.50	union	anytime	0.55	0.35	0.35	0.20	calibration	200	26	0.00000	0.01500	0.98500	0.00000	25.845	$20.09-$21.05 (cap $72.60)
97	97	48	242	0.50	union	anytime	0.55	0.35	0.35	0.20	calibration	200	27	0.00000	0.01500	0.98500	0.00000	26.830	$20.09-$21.05 (cap $72.60)
97	97	48	242	0.50	union	anytime	0.55	0.35	0.35	0.20	calibration	200	28	0.00000	0.01500	0.98500	0.00000	27.815	$20.09-$21.05 (cap $72.60)
97	97	48	242	0.50	union	anytime	0.55	0.35	0.35	0.20	calibration	200	29	0.00000	0.01500	0.98500	0.00000	28.800	$20.09-$21.05 (cap $72.60)
97	97	48	242	0.50	union	anytime	0.55	0.35	0.35	0.20	calibration	200	30	0.00000	0.01500	0.98500	0.00000	29.785	$20.09-$21.05 (cap $72.60)
97	97	48	242	0.50	union	anytime	0.55	0.35	0.35	0.20	calibration	200	31	0.00000	0.01500	0.98500	0.00000	30.770	$20.09-$21.05 (cap $72.60)
97	97	48	242	0.50	union	anytime	0.55	0.35	0.35	0.20	calibration	200	32	0.00000	0.01500	0.98500	0.00000	31.755	$20.09-$21.05 (cap $72.60)
97	97	48	242	0.50	union	anytime	0.55	0.35	0.35	0.20	calibration	200	33	0.00000	0.01500	0.98500	0.00000	32.740	$20.09-$21.05 (cap $72.60)
97	97	48	242	0.50	union	anytime	0.55	0.35	0.35	0.20	calibration	200	34	0.00000	0.01500	0.98500	0.00000	33.725	$20.09-$21.05 (cap $72.60)
97	97	48	242	0.50	union	anytime	0.55	0.35	0.35	0.20	calibration	200	35	0.00000	0.01500	0.98500	0.00000	34.710	$20.09-$21.05 (cap $72.60)
97	97	48	242	0.50	union	anytime	0.55	0.35	0.35	0.20	calibration	200	36	0.00000	0.01500	0.98500	0.00000	35.695	$20.09-$21.05 (cap $72.60)
97	97	48	242	0.50	union	anytime	0.55	0.35	0.35	0.20	calibration	200	37	0.00000	0.01500	0.98500	0.00000	36.680	$20.09-$21.05 (cap $72.60)
97	97	48	242	0.50	union	anytime	0.55	0.35	0.35	0.20	calibration	200	38	0.00000	0.02000	0.98000	0.00000	37.665	$20.09-$21.05 (cap $72.60)
97	97	48	242	0.50	union	anytime	0.55	0.35	0.35	0.20	calibration	200	39	0.00000	0.02000	0.98000	0.00000	38.645	$20.09-$21.05 (cap $72.60)
97	97	48	242	0.50	union	anytime	0.55	0.35	0.35	0.20	calibration	200	40	0.00000	0.02000	0.98000	0.00000	39.625	$20.09-$21.05 (cap $72.60)
97	97	48	242	0.50	union	anytime	0.55	0.35	0.35	0.20	calibration	200	41	0.00000	0.02000	0.98000	0.00000	40.605	$20.09-$21.05 (cap $72.60)
97	97	48	242	0.50	union	anytime	0.55	0.35	0.35	0.20	calibration	200	42	0.00000	0.02000	0.98000	0.00000	41.585	$20.09-$21.05 (cap $72.60)
97	97	48	242	0.50	union	anytime	0.55	0.35	0.35	0.20	calibration	200	43	0.00000	0.02000	0.98000	0.00000	42.565	$20.09-$21.05 (cap $72.60)
97	97	48	242	0.50	union	anytime	0.55	0.35	0.35	0.20	calibration	200	44	0.00000	0.02000	0.98000	0.00000	43.545	$20.09-$21.05 (cap $72.60)
97	97	48	242	0.50	union	anytime	0.55	0.35	0.35	0.20	calibration	200	45	0.00000	0.02000	0.98000	0.00000	44.525	$20.09-$21.05 (cap $72.60)
97	97	48	242	0.50	union	anytime	0.55	0.35	0.35	0.20	calibration	200	46	0.00000	0.02000	0.98000	0.00000	45.505	$20.09-$21.05 (cap $72.60)
97	97	48	242	0.50	union	anytime	0.55	0.35	0.35	0.20	calibration	200	47	0.00000	0.02000	0.98000	0.00000	46.485	$20.09-$21.05 (cap $72.60)
97	97	48	242	0.50	union	anytime	0.55	0.35	0.35	0.20	calibration	200	48	0.00000	0.02000	0.98000	0.00000	47.465	$20.09-$21.05 (cap $72.60)
97	97	48	242	0.50	union	anytime	0.55	0.35	0.35	0.20	calibration	200	49	0.00000	0.02500	0.97500	0.00000	48.445	$20.09-$21.05 (cap $72.60)
97	97	48	242	0.50	union	anytime	0.55	0.35	0.35	0.20	calibration	200	50	0.00000	0.02500	0.97500	0.00000	49.420	$20.09-$21.05 (cap $72.60)
97	97	48	242	0.50	union	anytime	0.55	0.35	0.35	0.20	calibration	200	51	0.00000	0.02500	0.97500	0.00000	50.395	$20.09-$21.05 (cap $72.60)
97	97	48	242	0.50	union	anytime	0.55	0.35	0.35	0.20	calibration	200	52	0.00000	0.02500	0.97500	0.00000	51.370	$20.09-$21.05 (cap $72.60)
97	97	48	242	0.50	union	anytime	0.55	0.35	0.35	0.20	calibration	200	53	0.00000	0.02500	0.97500	0.00000	52.345	$20.09-$21.05 (cap $72.60)
97	97	48	242	0.50	union	anytime	0.55	0.35	0.35	0.20	calibration	200	54	0.00000	0.02500	0.97500	0.00000	53.320	$20.09-$21.05 (cap $72.60)
97	97	48	242	0.50	union	anytime	0.55	0.35	0.35	0.20	calibration	200	55	0.00000	0.02500	0.97500	0.00000	54.295	$20.09-$21.05 (cap $72.60)
97	97	48	242	0.50	union	anytime	0.55	0.35	0.35	0.20	calibration	200	56	0.00000	0.02500	0.97500	0.00000	55.270	$20.09-$21.05 (cap $72.60)
97	97	48	242	0.50	union	anytime	0.55	0.35	0.35	0.20	calibration	200	57	0.00000	0.03000	0.97000	0.00000	56.245	$20.09-$21.05 (cap $72.60)
97	97	48	242	0.50	union	anytime	0.55	0.35	0.35	0.20	calibration	200	58	0.00000	0.03500	0.96500	0.00000	57.215	$20.09-$21.05 (cap $72.60)
97	97	48	242	0.50	union	anytime	0.55	0.35	0.35	0.20	calibration	200	59	0.00000	0.03500	0.96500	0.00000	58.180	$20.09-$21.05 (cap $72.60)
97	97	48	242	0.50	union	anytime	0.55	0.35	0.35	0.20	calibration	200	60	0.00000	0.03500	0.96500	0.00000	59.145	$20.09-$21.05 (cap $72.60)
97	97	48	242	0.50	union	anytime	0.55	0.35	0.35	0.20	calibration	200	61	0.00000	0.03500	0.96500	0.00000	60.110	$20.09-$21.05 (cap $72.60)
97	97	48	242	0.50	union	anytime	0.55	0.35	0.35	0.20	calibration	200	62	0.00000	0.03500	0.96500	0.00000	61.075	$20.09-$21.05 (cap $72.60)
97	97	48	242	0.50	union	anytime	0.55	0.35	0.35	0.20	calibration	200	63	0.00000	0.03500	0.96500	0.00000	62.040	$20.09-$21.05 (cap $72.60)
97	97	48	242	0.50	union	anytime	0.55	0.35	0.35	0.20	calibration	200	64	0.00000	0.03500	0.96500	0.00000	63.005	$20.09-$21.05 (cap $72.60)
97	97	48	242	0.50	union	anytime	0.55	0.35	0.35	0.20	calibration	200	65	0.00000	0.03500	0.96500	0.00000	63.970	$20.09-$21.05 (cap $72.60)
97	97	48	242	0.50	union	anytime	0.55	0.35	0.35	0.20	calibration	200	66	0.00000	0.03500	0.96500	0.00000	64.935	$20.09-$21.05 (cap $72.60)
97	97	48	242	0.50	union	anytime	0.55	0.35	0.35	0.20	calibration	200	67	0.00000	0.03500	0.96500	0.00000	65.900	$20.09-$21.05 (cap $72.60)
97	97	48	242	0.50	union	anytime	0.55	0.35	0.35	0.20	calibration	200	68	0.00000	0.03500	0.96500	0.00000	66.865	$20.09-$21.05 (cap $72.60)
97	97	48	242	0.50	union	anytime	0.55	0.35	0.35	0.20	calibration	200	69	0.00000	0.03500	0.96500	0.00000	67.830	$20.09-$21.05 (cap $72.60)
97	97	48	242	0.50	union	anytime	0.55	0.35	0.35	0.20	calibration	200	70	0.00000	0.03500	0.96500	0.00000	68.795	$20.09-$21.05 (cap $72.60)
97	97	48	242	0.50	union	anytime	0.55	0.35	0.35	0.20	calibration	200	71	0.00000	0.03500	0.96500	0.00000	69.760	$20.09-$21.05 (cap $72.60)
97	97	48	242	0.50	union	anytime	0.55	0.35	0.35	0.20	calibration	200	72	0.00000	0.03500	0.96500	0.00000	70.725	$20.09-$21.05 (cap $72.60)
97	97	48	242	0.50	union	anytime	0.55	0.35	0.35	0.20	calibration	200	73	0.00000	0.03500	0.96500	0.00000	71.690	$20.09-$21.05 (cap $72.60)
97	97	48	242	0.50	union	anytime	0.55	0.35	0.35	0.20	calibration	200	74	0.00000	0.03500	0.96500	0.00000	72.655	$20.09-$21.05 (cap $72.60)
97	97	48	242	0.50	union	anytime	0.55	0.35	0.35	0.20	calibration	200	75	0.00000	0.03500	0.96500	0.00000	73.620	$20.09-$21.05 (cap $72.60)
97	97	48	242	0.50	union	anytime	0.55	0.35	0.35	0.20	calibration	200	76	0.00000	0.03500	0.96500	0.00000	74.585	$20.09-$21.05 (cap $72.60)
97	97	48	242	0.50	union	anytime	0.55	0.35	0.35	0.20	calibration	200	77	0.00000	0.03500	0.96500	0.00000	75.550	$20.09-$21.05 (cap $72.60)
97	97	48	242	0.50	union	anytime	0.55	0.35	0.35	0.20	calibration	200	78	0.00000	0.03500	0.96500	0.00000	76.515	$20.09-$21.05 (cap $72.60)
97	97	48	242	0.50	union	anytime	0.55	0.35	0.35	0.20	calibration	200	79	0.00000	0.03500	0.96500	0.00000	77.480	$20.09-$21.05 (cap $72.60)
97	97	48	242	0.50	union	anytime	0.55	0.35	0.35	0.20	calibration	200	80	0.00000	0.03500	0.96500	0.00000	78.445	$20.09-$21.05 (cap $72.60)
97	97	48	242	0.50	union	anytime	0.55	0.35	0.35	0.20	calibration	200	81	0.00000	0.03500	0.96500	0.00000	79.410	$20.09-$21.05 (cap $72.60)
97	97	48	242	0.50	union	anytime	0.55	0.35	0.35	0.20	calibration	200	82	0.00000	0.03500	0.96500	0.00000	80.375	$20.09-$21.05 (cap $72.60)
97	97	48	242	0.50	union	anytime	0.55	0.35	0.35	0.20	calibration	200	83	0.00000	0.03500	0.96500	0.00000	81.340	$20.09-$21.05 (cap $72.60)
97	97	48	242	0.50	union	anytime	0.55	0.35	0.35	0.20	calibration	200	84	0.00000	0.03500	0.96500	0.00000	82.305	$20.09-$21.05 (cap $72.60)
97	97	48	242	0.50	union	anytime	0.55	0.35	0.35	0.20	calibration	200	85	0.00000	0.03500	0.96500	0.00000	83.270	$20.09-$21.05 (cap $72.60)
97	97	48	242	0.50	union	anytime	0.55	0.35	0.35	0.20	calibration	200	86	0.00000	0.03500	0.96500	0.00000	84.235	$20.09-$21.05 (cap $72.60)
97	97	48	242	0.50	union	anytime	0.55	0.35	0.35	0.20	calibration	200	87	0.00000	0.03500	0.96500	0.00000	85.200	$20.09-$21.05 (cap $72.60)
97	97	48	242	0.50	union	anytime	0.55	0.35	0.35	0.20	calibration	200	88	0.00000	0.03500	0.96500	0.00000	86.165	$20.09-$21.05 (cap $72.60)
97	97	48	242	0.50	union	anytime	0.55	0.35	0.35	0.20	calibration	200	89	0.00000	0.03500	0.96500	0.00000	87.130	$20.09-$21.05 (cap $72.60)
97	97	48	242	0.50	union	anytime	0.55	0.35	0.35	0.20	calibration	200	90	0.00000	0.03500	0.96500	0.00000	88.095	$20.09-$21.05 (cap $72.60)
97	97	48	242	0.50	union	anytime	0.55	0.35	0.35	0.20	calibration	200	91	0.00000	0.03500	0.96500	0.00000	89.060	$20.09-$21.05 (cap $72.60)
97	97	48	242	0.50	union	anytime	0.55	0.35	0.35	0.20	calibration	200	92	0.00000	0.03500	0.96500	0.00000	90.025	$20.09-$21.05 (cap $72.60)
97	97	48	242	0.50	union	anytime	0.55	0.35	0.35	0.20	calibration	200	93	0.00000	0.03500	0.96500	0.00000	90.990	$20.09-$21.05 (cap $72.60)
97	97	48	242	0.50	union	anytime	0.55	0.35	0.35	0.20	calibration	200	94	0.00000	0.03500	0.96500	0.00000	91.955	$20.09-$21.05 (cap $72.60)
97	97	48	242	0.50	union	anytime	0.55	0.35	0.35	0.20	calibration	200	95	0.00000	0.03500	0.96500	0.00000	92.920	$20.09-$21.05 (cap $72.60)
97	97	48	242	0.50	union	anytime	0.55	0.35	0.35	0.20	calibration	200	96	0.00000	0.03500	0.96500	0.00000	93.885	$20.09-$21.05 (cap $72.60)
97	97	48	242	0.50	union	anytime	0.55	0.35	0.35	0.20	calibration	200	97	0.00000	0.03500	0.96500	0.00000	94.850	$20.09-$21.05 (cap $72.60)
97	97	97	291	1.00	direct	anytime	0.55	0.35	0.35	0.20	calibration	200	1	0.00000	0.00000	1.00000	0.00000	1.000	$24.15-$25.32 (cap $87.30)
97	97	97	291	1.00	direct	anytime	0.55	0.35	0.35	0.20	calibration	200	2	0.00000	0.00000	1.00000	0.00000	2.000	$24.15-$25.32 (cap $87.30)
97	97	97	291	1.00	direct	anytime	0.55	0.35	0.35	0.20	calibration	200	3	0.00000	0.00000	1.00000	0.00000	3.000	$24.15-$25.32 (cap $87.30)
97	97	97	291	1.00	direct	anytime	0.55	0.35	0.35	0.20	calibration	200	4	0.00000	0.00000	1.00000	0.00000	4.000	$24.15-$25.32 (cap $87.30)
97	97	97	291	1.00	direct	anytime	0.55	0.35	0.35	0.20	calibration	200	5	0.00000	0.00000	1.00000	0.00000	5.000	$24.15-$25.32 (cap $87.30)
97	97	97	291	1.00	direct	anytime	0.55	0.35	0.35	0.20	calibration	200	6	0.00000	0.00000	1.00000	0.00000	6.000	$24.15-$25.32 (cap $87.30)
97	97	97	291	1.00	direct	anytime	0.55	0.35	0.35	0.20	calibration	200	7	0.00000	0.00000	1.00000	0.00000	7.000	$24.15-$25.32 (cap $87.30)
97	97	97	291	1.00	direct	anytime	0.55	0.35	0.35	0.20	calibration	200	8	0.00000	0.00000	1.00000	0.00000	8.000	$24.15-$25.32 (cap $87.30)
97	97	97	291	1.00	direct	anytime	0.55	0.35	0.35	0.20	calibration	200	9	0.00000	0.00000	1.00000	0.00000	9.000	$24.15-$25.32 (cap $87.30)
97	97	97	291	1.00	direct	anytime	0.55	0.35	0.35	0.20	calibration	200	10	0.00000	0.00000	1.00000	0.00000	10.000	$24.15-$25.32 (cap $87.30)
97	97	97	291	1.00	direct	anytime	0.55	0.35	0.35	0.20	calibration	200	11	0.00000	0.00500	0.99500	0.00000	11.000	$24.15-$25.32 (cap $87.30)
97	97	97	291	1.00	direct	anytime	0.55	0.35	0.35	0.20	calibration	200	12	0.00000	0.00500	0.99500	0.00000	11.995	$24.15-$25.32 (cap $87.30)
97	97	97	291	1.00	direct	anytime	0.55	0.35	0.35	0.20	calibration	200	13	0.00000	0.00500	0.99500	0.00000	12.990	$24.15-$25.32 (cap $87.30)
97	97	97	291	1.00	direct	anytime	0.55	0.35	0.35	0.20	calibration	200	14	0.00000	0.00500	0.99500	0.00000	13.985	$24.15-$25.32 (cap $87.30)
97	97	97	291	1.00	direct	anytime	0.55	0.35	0.35	0.20	calibration	200	15	0.00000	0.00500	0.99500	0.00000	14.980	$24.15-$25.32 (cap $87.30)
97	97	97	291	1.00	direct	anytime	0.55	0.35	0.35	0.20	calibration	200	16	0.00000	0.00500	0.99500	0.00000	15.975	$24.15-$25.32 (cap $87.30)
97	97	97	291	1.00	direct	anytime	0.55	0.35	0.35	0.20	calibration	200	17	0.00000	0.00500	0.99500	0.00000	16.970	$24.15-$25.32 (cap $87.30)
97	97	97	291	1.00	direct	anytime	0.55	0.35	0.35	0.20	calibration	200	18	0.00000	0.01500	0.98500	0.00000	17.965	$24.15-$25.32 (cap $87.30)
97	97	97	291	1.00	direct	anytime	0.55	0.35	0.35	0.20	calibration	200	19	0.00000	0.01500	0.98500	0.00000	18.950	$24.15-$25.32 (cap $87.30)
97	97	97	291	1.00	direct	anytime	0.55	0.35	0.35	0.20	calibration	200	20	0.00000	0.01500	0.98500	0.00000	19.935	$24.15-$25.32 (cap $87.30)
97	97	97	291	1.00	direct	anytime	0.55	0.35	0.35	0.20	calibration	200	21	0.00000	0.01500	0.98500	0.00000	20.920	$24.15-$25.32 (cap $87.30)
97	97	97	291	1.00	direct	anytime	0.55	0.35	0.35	0.20	calibration	200	22	0.00000	0.01500	0.98500	0.00000	21.905	$24.15-$25.32 (cap $87.30)
97	97	97	291	1.00	direct	anytime	0.55	0.35	0.35	0.20	calibration	200	23	0.00000	0.01500	0.98500	0.00000	22.890	$24.15-$25.32 (cap $87.30)
97	97	97	291	1.00	direct	anytime	0.55	0.35	0.35	0.20	calibration	200	24	0.00000	0.01500	0.98500	0.00000	23.875	$24.15-$25.32 (cap $87.30)
97	97	97	291	1.00	direct	anytime	0.55	0.35	0.35	0.20	calibration	200	25	0.00000	0.01500	0.98500	0.00000	24.860	$24.15-$25.32 (cap $87.30)
97	97	97	291	1.00	direct	anytime	0.55	0.35	0.35	0.20	calibration	200	26	0.00000	0.01500	0.98500	0.00000	25.845	$24.15-$25.32 (cap $87.30)
97	97	97	291	1.00	direct	anytime	0.55	0.35	0.35	0.20	calibration	200	27	0.00000	0.01500	0.98500	0.00000	26.830	$24.15-$25.32 (cap $87.30)
97	97	97	291	1.00	direct	anytime	0.55	0.35	0.35	0.20	calibration	200	28	0.00000	0.01500	0.98500	0.00000	27.815	$24.15-$25.32 (cap $87.30)
97	97	97	291	1.00	direct	anytime	0.55	0.35	0.35	0.20	calibration	200	29	0.00000	0.01500	0.98500	0.00000	28.800	$24.15-$25.32 (cap $87.30)
97	97	97	291	1.00	direct	anytime	0.55	0.35	0.35	0.20	calibration	200	30	0.00000	0.01500	0.98500	0.00000	29.785	$24.15-$25.32 (cap $87.30)
97	97	97	291	1.00	direct	anytime	0.55	0.35	0.35	0.20	calibration	200	31	0.00000	0.01500	0.98500	0.00000	30.770	$24.15-$25.32 (cap $87.30)
97	97	97	291	1.00	direct	anytime	0.55	0.35	0.35	0.20	calibration	200	32	0.00000	0.01500	0.98500	0.00000	31.755	$24.15-$25.32 (cap $87.30)
97	97	97	291	1.00	direct	anytime	0.55	0.35	0.35	0.20	calibration	200	33	0.00000	0.01500	0.98500	0.00000	32.740	$24.15-$25.32 (cap $87.30)
97	97	97	291	1.00	direct	anytime	0.55	0.35	0.35	0.20	calibration	200	34	0.00000	0.01500	0.98500	0.00000	33.725	$24.15-$25.32 (cap $87.30)
97	97	97	291	1.00	direct	anytime	0.55	0.35	0.35	0.20	calibration	200	35	0.00000	0.01500	0.98500	0.00000	34.710	$24.15-$25.32 (cap $87.30)
97	97	97	291	1.00	direct	anytime	0.55	0.35	0.35	0.20	calibration	200	36	0.00000	0.01500	0.98500	0.00000	35.695	$24.15-$25.32 (cap $87.30)
97	97	97	291	1.00	direct	anytime	0.55	0.35	0.35	0.20	calibration	200	37	0.00000	0.01500	0.98500	0.00000	36.680	$24.15-$25.32 (cap $87.30)
97	97	97	291	1.00	direct	anytime	0.55	0.35	0.35	0.20	calibration	200	38	0.00000	0.02000	0.98000	0.00000	37.665	$24.15-$25.32 (cap $87.30)
97	97	97	291	1.00	direct	anytime	0.55	0.35	0.35	0.20	calibration	200	39	0.00000	0.02000	0.98000	0.00000	38.645	$24.15-$25.32 (cap $87.30)
97	97	97	291	1.00	direct	anytime	0.55	0.35	0.35	0.20	calibration	200	40	0.00000	0.02000	0.98000	0.00000	39.625	$24.15-$25.32 (cap $87.30)
97	97	97	291	1.00	direct	anytime	0.55	0.35	0.35	0.20	calibration	200	41	0.00000	0.02000	0.98000	0.00000	40.605	$24.15-$25.32 (cap $87.30)
97	97	97	291	1.00	direct	anytime	0.55	0.35	0.35	0.20	calibration	200	42	0.00000	0.02000	0.98000	0.00000	41.585	$24.15-$25.32 (cap $87.30)
97	97	97	291	1.00	direct	anytime	0.55	0.35	0.35	0.20	calibration	200	43	0.00000	0.02000	0.98000	0.00000	42.565	$24.15-$25.32 (cap $87.30)
97	97	97	291	1.00	direct	anytime	0.55	0.35	0.35	0.20	calibration	200	44	0.00000	0.02000	0.98000	0.00000	43.545	$24.15-$25.32 (cap $87.30)
97	97	97	291	1.00	direct	anytime	0.55	0.35	0.35	0.20	calibration	200	45	0.00000	0.02000	0.98000	0.00000	44.525	$24.15-$25.32 (cap $87.30)
97	97	97	291	1.00	direct	anytime	0.55	0.35	0.35	0.20	calibration	200	46	0.00000	0.02000	0.98000	0.00000	45.505	$24.15-$25.32 (cap $87.30)
97	97	97	291	1.00	direct	anytime	0.55	0.35	0.35	0.20	calibration	200	47	0.00000	0.02000	0.98000	0.00000	46.485	$24.15-$25.32 (cap $87.30)
97	97	97	291	1.00	direct	anytime	0.55	0.35	0.35	0.20	calibration	200	48	0.00000	0.02000	0.98000	0.00000	47.465	$24.15-$25.32 (cap $87.30)
97	97	97	291	1.00	direct	anytime	0.55	0.35	0.35	0.20	calibration	200	49	0.00000	0.02500	0.97500	0.00000	48.445	$24.15-$25.32 (cap $87.30)
97	97	97	291	1.00	direct	anytime	0.55	0.35	0.35	0.20	calibration	200	50	0.00000	0.02500	0.97500	0.00000	49.420	$24.15-$25.32 (cap $87.30)
97	97	97	291	1.00	direct	anytime	0.55	0.35	0.35	0.20	calibration	200	51	0.00000	0.02500	0.97500	0.00000	50.395	$24.15-$25.32 (cap $87.30)
97	97	97	291	1.00	direct	anytime	0.55	0.35	0.35	0.20	calibration	200	52	0.00000	0.02500	0.97500	0.00000	51.370	$24.15-$25.32 (cap $87.30)
97	97	97	291	1.00	direct	anytime	0.55	0.35	0.35	0.20	calibration	200	53	0.00000	0.02500	0.97500	0.00000	52.345	$24.15-$25.32 (cap $87.30)
97	97	97	291	1.00	direct	anytime	0.55	0.35	0.35	0.20	calibration	200	54	0.00000	0.02500	0.97500	0.00000	53.320	$24.15-$25.32 (cap $87.30)
97	97	97	291	1.00	direct	anytime	0.55	0.35	0.35	0.20	calibration	200	55	0.00500	0.02500	0.97000	0.00499	54.295	$24.15-$25.32 (cap $87.30)
97	97	97	291	1.00	direct	anytime	0.55	0.35	0.35	0.20	calibration	200	56	0.00500	0.02500	0.97000	0.00499	55.265	$24.15-$25.32 (cap $87.30)
97	97	97	291	1.00	direct	anytime	0.55	0.35	0.35	0.20	calibration	200	57	0.00500	0.03000	0.96500	0.00499	56.235	$24.15-$25.32 (cap $87.30)
97	97	97	291	1.00	direct	anytime	0.55	0.35	0.35	0.20	calibration	200	58	0.00500	0.03500	0.96000	0.00499	57.200	$24.15-$25.32 (cap $87.30)
97	97	97	291	1.00	direct	anytime	0.55	0.35	0.35	0.20	calibration	200	59	0.00500	0.03500	0.96000	0.00499	58.160	$24.15-$25.32 (cap $87.30)
97	97	97	291	1.00	direct	anytime	0.55	0.35	0.35	0.20	calibration	200	60	0.00500	0.03500	0.96000	0.00499	59.120	$24.15-$25.32 (cap $87.30)
97	97	97	291	1.00	direct	anytime	0.55	0.35	0.35	0.20	calibration	200	61	0.00500	0.03500	0.96000	0.00499	60.080	$24.15-$25.32 (cap $87.30)
97	97	97	291	1.00	direct	anytime	0.55	0.35	0.35	0.20	calibration	200	62	0.00500	0.03500	0.96000	0.00499	61.040	$24.15-$25.32 (cap $87.30)
97	97	97	291	1.00	direct	anytime	0.55	0.35	0.35	0.20	calibration	200	63	0.00500	0.03500	0.96000	0.00499	62.000	$24.15-$25.32 (cap $87.30)
97	97	97	291	1.00	direct	anytime	0.55	0.35	0.35	0.20	calibration	200	64	0.00500	0.03500	0.96000	0.00499	62.960	$24.15-$25.32 (cap $87.30)
97	97	97	291	1.00	direct	anytime	0.55	0.35	0.35	0.20	calibration	200	65	0.00500	0.03500	0.96000	0.00499	63.920	$24.15-$25.32 (cap $87.30)
97	97	97	291	1.00	direct	anytime	0.55	0.35	0.35	0.20	calibration	200	66	0.00500	0.03500	0.96000	0.00499	64.880	$24.15-$25.32 (cap $87.30)
97	97	97	291	1.00	direct	anytime	0.55	0.35	0.35	0.20	calibration	200	67	0.00500	0.03500	0.96000	0.00499	65.840	$24.15-$25.32 (cap $87.30)
97	97	97	291	1.00	direct	anytime	0.55	0.35	0.35	0.20	calibration	200	68	0.00500	0.03500	0.96000	0.00499	66.800	$24.15-$25.32 (cap $87.30)
97	97	97	291	1.00	direct	anytime	0.55	0.35	0.35	0.20	calibration	200	69	0.00500	0.03500	0.96000	0.00499	67.760	$24.15-$25.32 (cap $87.30)
97	97	97	291	1.00	direct	anytime	0.55	0.35	0.35	0.20	calibration	200	70	0.00500	0.03500	0.96000	0.00499	68.720	$24.15-$25.32 (cap $87.30)
97	97	97	291	1.00	direct	anytime	0.55	0.35	0.35	0.20	calibration	200	71	0.00500	0.03500	0.96000	0.00499	69.680	$24.15-$25.32 (cap $87.30)
97	97	97	291	1.00	direct	anytime	0.55	0.35	0.35	0.20	calibration	200	72	0.00500	0.03500	0.96000	0.00499	70.640	$24.15-$25.32 (cap $87.30)
97	97	97	291	1.00	direct	anytime	0.55	0.35	0.35	0.20	calibration	200	73	0.00500	0.03500	0.96000	0.00499	71.600	$24.15-$25.32 (cap $87.30)
97	97	97	291	1.00	direct	anytime	0.55	0.35	0.35	0.20	calibration	200	74	0.00500	0.03500	0.96000	0.00499	72.560	$24.15-$25.32 (cap $87.30)
97	97	97	291	1.00	direct	anytime	0.55	0.35	0.35	0.20	calibration	200	75	0.00500	0.03500	0.96000	0.00499	73.520	$24.15-$25.32 (cap $87.30)
97	97	97	291	1.00	direct	anytime	0.55	0.35	0.35	0.20	calibration	200	76	0.00500	0.03500	0.96000	0.00499	74.480	$24.15-$25.32 (cap $87.30)
97	97	97	291	1.00	direct	anytime	0.55	0.35	0.35	0.20	calibration	200	77	0.00500	0.03500	0.96000	0.00499	75.440	$24.15-$25.32 (cap $87.30)
97	97	97	291	1.00	direct	anytime	0.55	0.35	0.35	0.20	calibration	200	78	0.00500	0.03500	0.96000	0.00499	76.400	$24.15-$25.32 (cap $87.30)
97	97	97	291	1.00	direct	anytime	0.55	0.35	0.35	0.20	calibration	200	79	0.00500	0.03500	0.96000	0.00499	77.360	$24.15-$25.32 (cap $87.30)
97	97	97	291	1.00	direct	anytime	0.55	0.35	0.35	0.20	calibration	200	80	0.00500	0.03500	0.96000	0.00499	78.320	$24.15-$25.32 (cap $87.30)
97	97	97	291	1.00	direct	anytime	0.55	0.35	0.35	0.20	calibration	200	81	0.00500	0.03500	0.96000	0.00499	79.280	$24.15-$25.32 (cap $87.30)
97	97	97	291	1.00	direct	anytime	0.55	0.35	0.35	0.20	calibration	200	82	0.00500	0.03500	0.96000	0.00499	80.240	$24.15-$25.32 (cap $87.30)
97	97	97	291	1.00	direct	anytime	0.55	0.35	0.35	0.20	calibration	200	83	0.00500	0.03500	0.96000	0.00499	81.200	$24.15-$25.32 (cap $87.30)
97	97	97	291	1.00	direct	anytime	0.55	0.35	0.35	0.20	calibration	200	84	0.00500	0.03500	0.96000	0.00499	82.160	$24.15-$25.32 (cap $87.30)
97	97	97	291	1.00	direct	anytime	0.55	0.35	0.35	0.20	calibration	200	85	0.00500	0.03500	0.96000	0.00499	83.120	$24.15-$25.32 (cap $87.30)
97	97	97	291	1.00	direct	anytime	0.55	0.35	0.35	0.20	calibration	200	86	0.00500	0.03500	0.96000	0.00499	84.080	$24.15-$25.32 (cap $87.30)
97	97	97	291	1.00	direct	anytime	0.55	0.35	0.35	0.20	calibration	200	87	0.00500	0.03500	0.96000	0.00499	85.040	$24.15-$25.32 (cap $87.30)
97	97	97	291	1.00	direct	anytime	0.55	0.35	0.35	0.20	calibration	200	88	0.00500	0.03500	0.96000	0.00499	86.000	$24.15-$25.32 (cap $87.30)
97	97	97	291	1.00	direct	anytime	0.55	0.35	0.35	0.20	calibration	200	89	0.00500	0.03500	0.96000	0.00499	86.960	$24.15-$25.32 (cap $87.30)
97	97	97	291	1.00	direct	anytime	0.55	0.35	0.35	0.20	calibration	200	90	0.00500	0.03500	0.96000	0.00499	87.920	$24.15-$25.32 (cap $87.30)
97	97	97	291	1.00	direct	anytime	0.55	0.35	0.35	0.20	calibration	200	91	0.00500	0.03500	0.96000	0.00499	88.880	$24.15-$25.32 (cap $87.30)
97	97	97	291	1.00	direct	anytime	0.55	0.35	0.35	0.20	calibration	200	92	0.00500	0.03500	0.96000	0.00499	89.840	$24.15-$25.32 (cap $87.30)
97	97	97	291	1.00	direct	anytime	0.55	0.35	0.35	0.20	calibration	200	93	0.00500	0.03500	0.96000	0.00499	90.800	$24.15-$25.32 (cap $87.30)
97	97	97	291	1.00	direct	anytime	0.55	0.35	0.35	0.20	calibration	200	94	0.00500	0.03500	0.96000	0.00499	91.760	$24.15-$25.32 (cap $87.30)
97	97	97	291	1.00	direct	anytime	0.55	0.35	0.35	0.20	calibration	200	95	0.00500	0.03500	0.96000	0.00499	92.720	$24.15-$25.32 (cap $87.30)
97	97	97	291	1.00	direct	anytime	0.55	0.35	0.35	0.20	calibration	200	96	0.00500	0.03500	0.96000	0.00499	93.680	$24.15-$25.32 (cap $87.30)
97	97	97	291	1.00	direct	anytime	0.55	0.35	0.35	0.20	calibration	200	97	0.00500	0.03500	0.96000	0.00499	94.640	$24.15-$25.32 (cap $87.30)
97	97	97	291	1.00	union	anytime	0.60	0.35	0.35	0.25	small real effect	200	1	0.00000	0.00000	1.00000	0.00000	1.000	$24.15-$25.32 (cap $87.30)
97	97	97	291	1.00	union	anytime	0.60	0.35	0.35	0.25	small real effect	200	2	0.00000	0.00000	1.00000	0.00000	2.000	$24.15-$25.32 (cap $87.30)
97	97	97	291	1.00	union	anytime	0.60	0.35	0.35	0.25	small real effect	200	3	0.00000	0.00000	1.00000	0.00000	3.000	$24.15-$25.32 (cap $87.30)
97	97	97	291	1.00	union	anytime	0.60	0.35	0.35	0.25	small real effect	200	4	0.00000	0.00000	1.00000	0.00000	4.000	$24.15-$25.32 (cap $87.30)
97	97	97	291	1.00	union	anytime	0.60	0.35	0.35	0.25	small real effect	200	5	0.00000	0.00000	1.00000	0.00000	5.000	$24.15-$25.32 (cap $87.30)
97	97	97	291	1.00	union	anytime	0.60	0.35	0.35	0.25	small real effect	200	6	0.00000	0.00000	1.00000	0.00000	6.000	$24.15-$25.32 (cap $87.30)
97	97	97	291	1.00	union	anytime	0.60	0.35	0.35	0.25	small real effect	200	7	0.00000	0.00500	0.99500	0.00000	7.000	$24.15-$25.32 (cap $87.30)
97	97	97	291	1.00	union	anytime	0.60	0.35	0.35	0.25	small real effect	200	8	0.00000	0.00500	0.99500	0.00000	7.995	$24.15-$25.32 (cap $87.30)
97	97	97	291	1.00	union	anytime	0.60	0.35	0.35	0.25	small real effect	200	9	0.00000	0.00500	0.99500	0.00000	8.990	$24.15-$25.32 (cap $87.30)
97	97	97	291	1.00	union	anytime	0.60	0.35	0.35	0.25	small real effect	200	10	0.00000	0.00500	0.99500	0.00000	9.985	$24.15-$25.32 (cap $87.30)
97	97	97	291	1.00	union	anytime	0.60	0.35	0.35	0.25	small real effect	200	11	0.00000	0.01000	0.99000	0.00000	10.980	$24.15-$25.32 (cap $87.30)
97	97	97	291	1.00	union	anytime	0.60	0.35	0.35	0.25	small real effect	200	12	0.00000	0.01000	0.99000	0.00000	11.970	$24.15-$25.32 (cap $87.30)
97	97	97	291	1.00	union	anytime	0.60	0.35	0.35	0.25	small real effect	200	13	0.00000	0.01000	0.99000	0.00000	12.960	$24.15-$25.32 (cap $87.30)
97	97	97	291	1.00	union	anytime	0.60	0.35	0.35	0.25	small real effect	200	14	0.00000	0.01000	0.99000	0.00000	13.950	$24.15-$25.32 (cap $87.30)
97	97	97	291	1.00	union	anytime	0.60	0.35	0.35	0.25	small real effect	200	15	0.00000	0.01000	0.99000	0.00000	14.940	$24.15-$25.32 (cap $87.30)
97	97	97	291	1.00	union	anytime	0.60	0.35	0.35	0.25	small real effect	200	16	0.00000	0.01000	0.99000	0.00000	15.930	$24.15-$25.32 (cap $87.30)
97	97	97	291	1.00	union	anytime	0.60	0.35	0.35	0.25	small real effect	200	17	0.00000	0.01000	0.99000	0.00000	16.920	$24.15-$25.32 (cap $87.30)
97	97	97	291	1.00	union	anytime	0.60	0.35	0.35	0.25	small real effect	200	18	0.00000	0.01000	0.99000	0.00000	17.910	$24.15-$25.32 (cap $87.30)
97	97	97	291	1.00	union	anytime	0.60	0.35	0.35	0.25	small real effect	200	19	0.00000	0.01000	0.99000	0.00000	18.900	$24.15-$25.32 (cap $87.30)
97	97	97	291	1.00	union	anytime	0.60	0.35	0.35	0.25	small real effect	200	20	0.00000	0.01000	0.99000	0.00000	19.890	$24.15-$25.32 (cap $87.30)
97	97	97	291	1.00	union	anytime	0.60	0.35	0.35	0.25	small real effect	200	21	0.00000	0.01000	0.99000	0.00000	20.880	$24.15-$25.32 (cap $87.30)
97	97	97	291	1.00	union	anytime	0.60	0.35	0.35	0.25	small real effect	200	22	0.00000	0.01000	0.99000	0.00000	21.870	$24.15-$25.32 (cap $87.30)
97	97	97	291	1.00	union	anytime	0.60	0.35	0.35	0.25	small real effect	200	23	0.00000	0.01000	0.99000	0.00000	22.860	$24.15-$25.32 (cap $87.30)
97	97	97	291	1.00	union	anytime	0.60	0.35	0.35	0.25	small real effect	200	24	0.00000	0.01000	0.99000	0.00000	23.850	$24.15-$25.32 (cap $87.30)
97	97	97	291	1.00	union	anytime	0.60	0.35	0.35	0.25	small real effect	200	25	0.00000	0.01000	0.99000	0.00000	24.840	$24.15-$25.32 (cap $87.30)
97	97	97	291	1.00	union	anytime	0.60	0.35	0.35	0.25	small real effect	200	26	0.00000	0.01000	0.99000	0.00000	25.830	$24.15-$25.32 (cap $87.30)
97	97	97	291	1.00	union	anytime	0.60	0.35	0.35	0.25	small real effect	200	27	0.00000	0.01000	0.99000	0.00000	26.820	$24.15-$25.32 (cap $87.30)
97	97	97	291	1.00	union	anytime	0.60	0.35	0.35	0.25	small real effect	200	28	0.00000	0.01000	0.99000	0.00000	27.810	$24.15-$25.32 (cap $87.30)
97	97	97	291	1.00	union	anytime	0.60	0.35	0.35	0.25	small real effect	200	29	0.00000	0.01000	0.99000	0.00000	28.800	$24.15-$25.32 (cap $87.30)
97	97	97	291	1.00	union	anytime	0.60	0.35	0.35	0.25	small real effect	200	30	0.00000	0.01000	0.99000	0.00000	29.790	$24.15-$25.32 (cap $87.30)
97	97	97	291	1.00	union	anytime	0.60	0.35	0.35	0.25	small real effect	200	31	0.00000	0.01000	0.99000	0.00000	30.780	$24.15-$25.32 (cap $87.30)
97	97	97	291	1.00	union	anytime	0.60	0.35	0.35	0.25	small real effect	200	32	0.00000	0.01000	0.99000	0.00000	31.770	$24.15-$25.32 (cap $87.30)
97	97	97	291	1.00	union	anytime	0.60	0.35	0.35	0.25	small real effect	200	33	0.00000	0.01000	0.99000	0.00000	32.760	$24.15-$25.32 (cap $87.30)
97	97	97	291	1.00	union	anytime	0.60	0.35	0.35	0.25	small real effect	200	34	0.00000	0.01000	0.99000	0.00000	33.750	$24.15-$25.32 (cap $87.30)
97	97	97	291	1.00	union	anytime	0.60	0.35	0.35	0.25	small real effect	200	35	0.00000	0.01000	0.99000	0.00000	34.740	$24.15-$25.32 (cap $87.30)
97	97	97	291	1.00	union	anytime	0.60	0.35	0.35	0.25	small real effect	200	36	0.00000	0.01000	0.99000	0.00000	35.730	$24.15-$25.32 (cap $87.30)
97	97	97	291	1.00	union	anytime	0.60	0.35	0.35	0.25	small real effect	200	37	0.00000	0.01000	0.99000	0.00000	36.720	$24.15-$25.32 (cap $87.30)
97	97	97	291	1.00	union	anytime	0.60	0.35	0.35	0.25	small real effect	200	38	0.00000	0.01000	0.99000	0.00000	37.710	$24.15-$25.32 (cap $87.30)
97	97	97	291	1.00	union	anytime	0.60	0.35	0.35	0.25	small real effect	200	39	0.00000	0.01000	0.99000	0.00000	38.700	$24.15-$25.32 (cap $87.30)
97	97	97	291	1.00	union	anytime	0.60	0.35	0.35	0.25	small real effect	200	40	0.00000	0.01000	0.99000	0.00000	39.690	$24.15-$25.32 (cap $87.30)
97	97	97	291	1.00	union	anytime	0.60	0.35	0.35	0.25	small real effect	200	41	0.00000	0.01000	0.99000	0.00000	40.680	$24.15-$25.32 (cap $87.30)
97	97	97	291	1.00	union	anytime	0.60	0.35	0.35	0.25	small real effect	200	42	0.00000	0.01000	0.99000	0.00000	41.670	$24.15-$25.32 (cap $87.30)
97	97	97	291	1.00	union	anytime	0.60	0.35	0.35	0.25	small real effect	200	43	0.00000	0.01000	0.99000	0.00000	42.660	$24.15-$25.32 (cap $87.30)
97	97	97	291	1.00	union	anytime	0.60	0.35	0.35	0.25	small real effect	200	44	0.00000	0.01000	0.99000	0.00000	43.650	$24.15-$25.32 (cap $87.30)
97	97	97	291	1.00	union	anytime	0.60	0.35	0.35	0.25	small real effect	200	45	0.00000	0.01000	0.99000	0.00000	44.640	$24.15-$25.32 (cap $87.30)
97	97	97	291	1.00	union	anytime	0.60	0.35	0.35	0.25	small real effect	200	46	0.00000	0.01000	0.99000	0.00000	45.630	$24.15-$25.32 (cap $87.30)
97	97	97	291	1.00	union	anytime	0.60	0.35	0.35	0.25	small real effect	200	47	0.00000	0.01000	0.99000	0.00000	46.620	$24.15-$25.32 (cap $87.30)
97	97	97	291	1.00	union	anytime	0.60	0.35	0.35	0.25	small real effect	200	48	0.00000	0.01000	0.99000	0.00000	47.610	$24.15-$25.32 (cap $87.30)
97	97	97	291	1.00	union	anytime	0.60	0.35	0.35	0.25	small real effect	200	49	0.00000	0.01000	0.99000	0.00000	48.600	$24.15-$25.32 (cap $87.30)
97	97	97	291	1.00	union	anytime	0.60	0.35	0.35	0.25	small real effect	200	50	0.00000	0.01000	0.99000	0.00000	49.590	$24.15-$25.32 (cap $87.30)
97	97	97	291	1.00	union	anytime	0.60	0.35	0.35	0.25	small real effect	200	51	0.00000	0.01000	0.99000	0.00000	50.580	$24.15-$25.32 (cap $87.30)
97	97	97	291	1.00	union	anytime	0.60	0.35	0.35	0.25	small real effect	200	52	0.00000	0.01000	0.99000	0.00000	51.570	$24.15-$25.32 (cap $87.30)
97	97	97	291	1.00	union	anytime	0.60	0.35	0.35	0.25	small real effect	200	53	0.00000	0.01000	0.99000	0.00000	52.560	$24.15-$25.32 (cap $87.30)
97	97	97	291	1.00	union	anytime	0.60	0.35	0.35	0.25	small real effect	200	54	0.00000	0.01000	0.99000	0.00000	53.550	$24.15-$25.32 (cap $87.30)
97	97	97	291	1.00	union	anytime	0.60	0.35	0.35	0.25	small real effect	200	55	0.00000	0.01000	0.99000	0.00000	54.540	$24.15-$25.32 (cap $87.30)
97	97	97	291	1.00	union	anytime	0.60	0.35	0.35	0.25	small real effect	200	56	0.00000	0.01000	0.99000	0.00000	55.530	$24.15-$25.32 (cap $87.30)
97	97	97	291	1.00	union	anytime	0.60	0.35	0.35	0.25	small real effect	200	57	0.00000	0.01000	0.99000	0.00000	56.520	$24.15-$25.32 (cap $87.30)
97	97	97	291	1.00	union	anytime	0.60	0.35	0.35	0.25	small real effect	200	58	0.00000	0.01000	0.99000	0.00000	57.510	$24.15-$25.32 (cap $87.30)
97	97	97	291	1.00	union	anytime	0.60	0.35	0.35	0.25	small real effect	200	59	0.00000	0.01000	0.99000	0.00000	58.500	$24.15-$25.32 (cap $87.30)
97	97	97	291	1.00	union	anytime	0.60	0.35	0.35	0.25	small real effect	200	60	0.00000	0.01000	0.99000	0.00000	59.490	$24.15-$25.32 (cap $87.30)
97	97	97	291	1.00	union	anytime	0.60	0.35	0.35	0.25	small real effect	200	61	0.00000	0.01000	0.99000	0.00000	60.480	$24.15-$25.32 (cap $87.30)
97	97	97	291	1.00	union	anytime	0.60	0.35	0.35	0.25	small real effect	200	62	0.00000	0.01000	0.99000	0.00000	61.470	$24.15-$25.32 (cap $87.30)
97	97	97	291	1.00	union	anytime	0.60	0.35	0.35	0.25	small real effect	200	63	0.00000	0.01000	0.99000	0.00000	62.460	$24.15-$25.32 (cap $87.30)
97	97	97	291	1.00	union	anytime	0.60	0.35	0.35	0.25	small real effect	200	64	0.00000	0.01000	0.99000	0.00000	63.450	$24.15-$25.32 (cap $87.30)
97	97	97	291	1.00	union	anytime	0.60	0.35	0.35	0.25	small real effect	200	65	0.00000	0.01000	0.99000	0.00000	64.440	$24.15-$25.32 (cap $87.30)
97	97	97	291	1.00	union	anytime	0.60	0.35	0.35	0.25	small real effect	200	66	0.00000	0.01000	0.99000	0.00000	65.430	$24.15-$25.32 (cap $87.30)
97	97	97	291	1.00	union	anytime	0.60	0.35	0.35	0.25	small real effect	200	67	0.00000	0.01000	0.99000	0.00000	66.420	$24.15-$25.32 (cap $87.30)
97	97	97	291	1.00	union	anytime	0.60	0.35	0.35	0.25	small real effect	200	68	0.00000	0.01000	0.99000	0.00000	67.410	$24.15-$25.32 (cap $87.30)
97	97	97	291	1.00	union	anytime	0.60	0.35	0.35	0.25	small real effect	200	69	0.00000	0.01000	0.99000	0.00000	68.400	$24.15-$25.32 (cap $87.30)
97	97	97	291	1.00	union	anytime	0.60	0.35	0.35	0.25	small real effect	200	70	0.00000	0.01000	0.99000	0.00000	69.390	$24.15-$25.32 (cap $87.30)
97	97	97	291	1.00	union	anytime	0.60	0.35	0.35	0.25	small real effect	200	71	0.00000	0.01000	0.99000	0.00000	70.380	$24.15-$25.32 (cap $87.30)
97	97	97	291	1.00	union	anytime	0.60	0.35	0.35	0.25	small real effect	200	72	0.00000	0.01000	0.99000	0.00000	71.370	$24.15-$25.32 (cap $87.30)
97	97	97	291	1.00	union	anytime	0.60	0.35	0.35	0.25	small real effect	200	73	0.00000	0.01000	0.99000	0.00000	72.360	$24.15-$25.32 (cap $87.30)
97	97	97	291	1.00	union	anytime	0.60	0.35	0.35	0.25	small real effect	200	74	0.00000	0.01000	0.99000	0.00000	73.350	$24.15-$25.32 (cap $87.30)
97	97	97	291	1.00	union	anytime	0.60	0.35	0.35	0.25	small real effect	200	75	0.00000	0.01000	0.99000	0.00000	74.340	$24.15-$25.32 (cap $87.30)
97	97	97	291	1.00	union	anytime	0.60	0.35	0.35	0.25	small real effect	200	76	0.00000	0.01000	0.99000	0.00000	75.330	$24.15-$25.32 (cap $87.30)
97	97	97	291	1.00	union	anytime	0.60	0.35	0.35	0.25	small real effect	200	77	0.00000	0.01000	0.99000	0.00000	76.320	$24.15-$25.32 (cap $87.30)
97	97	97	291	1.00	union	anytime	0.60	0.35	0.35	0.25	small real effect	200	78	0.00000	0.01000	0.99000	0.00000	77.310	$24.15-$25.32 (cap $87.30)
97	97	97	291	1.00	union	anytime	0.60	0.35	0.35	0.25	small real effect	200	79	0.00000	0.01000	0.99000	0.00000	78.300	$24.15-$25.32 (cap $87.30)
97	97	97	291	1.00	union	anytime	0.60	0.35	0.35	0.25	small real effect	200	80	0.00000	0.01000	0.99000	0.00000	79.290	$24.15-$25.32 (cap $87.30)
97	97	97	291	1.00	union	anytime	0.60	0.35	0.35	0.25	small real effect	200	81	0.00000	0.01000	0.99000	0.00000	80.280	$24.15-$25.32 (cap $87.30)
97	97	97	291	1.00	union	anytime	0.60	0.35	0.35	0.25	small real effect	200	82	0.00000	0.01000	0.99000	0.00000	81.270	$24.15-$25.32 (cap $87.30)
97	97	97	291	1.00	union	anytime	0.60	0.35	0.35	0.25	small real effect	200	83	0.00000	0.01000	0.99000	0.00000	82.260	$24.15-$25.32 (cap $87.30)
97	97	97	291	1.00	union	anytime	0.60	0.35	0.35	0.25	small real effect	200	84	0.00000	0.01000	0.99000	0.00000	83.250	$24.15-$25.32 (cap $87.30)
97	97	97	291	1.00	union	anytime	0.60	0.35	0.35	0.25	small real effect	200	85	0.00000	0.01000	0.99000	0.00000	84.240	$24.15-$25.32 (cap $87.30)
97	97	97	291	1.00	union	anytime	0.60	0.35	0.35	0.25	small real effect	200	86	0.00000	0.01000	0.99000	0.00000	85.230	$24.15-$25.32 (cap $87.30)
97	97	97	291	1.00	union	anytime	0.60	0.35	0.35	0.25	small real effect	200	87	0.00000	0.01000	0.99000	0.00000	86.220	$24.15-$25.32 (cap $87.30)
97	97	97	291	1.00	union	anytime	0.60	0.35	0.35	0.25	small real effect	200	88	0.00000	0.01000	0.99000	0.00000	87.210	$24.15-$25.32 (cap $87.30)
97	97	97	291	1.00	union	anytime	0.60	0.35	0.35	0.25	small real effect	200	89	0.00000	0.01000	0.99000	0.00000	88.200	$24.15-$25.32 (cap $87.30)
97	97	97	291	1.00	union	anytime	0.60	0.35	0.35	0.25	small real effect	200	90	0.00000	0.01000	0.99000	0.00000	89.190	$24.15-$25.32 (cap $87.30)
97	97	97	291	1.00	union	anytime	0.60	0.35	0.35	0.25	small real effect	200	91	0.00000	0.01000	0.99000	0.00000	90.180	$24.15-$25.32 (cap $87.30)
97	97	97	291	1.00	union	anytime	0.60	0.35	0.35	0.25	small real effect	200	92	0.00000	0.01000	0.99000	0.00000	91.170	$24.15-$25.32 (cap $87.30)
97	97	97	291	1.00	union	anytime	0.60	0.35	0.35	0.25	small real effect	200	93	0.00000	0.01000	0.99000	0.00000	92.160	$24.15-$25.32 (cap $87.30)
97	97	97	291	1.00	union	anytime	0.60	0.35	0.35	0.25	small real effect	200	94	0.00000	0.01000	0.99000	0.00000	93.150	$24.15-$25.32 (cap $87.30)
97	97	97	291	1.00	union	anytime	0.60	0.35	0.35	0.25	small real effect	200	95	0.00000	0.01000	0.99000	0.00000	94.140	$24.15-$25.32 (cap $87.30)
97	97	97	291	1.00	union	anytime	0.60	0.35	0.35	0.25	small real effect	200	96	0.00000	0.01000	0.99000	0.00000	95.130	$24.15-$25.32 (cap $87.30)
97	97	97	291	1.00	union	anytime	0.60	0.35	0.35	0.25	small real effect	200	97	0.00000	0.01000	0.99000	0.00000	96.120	$24.15-$25.32 (cap $87.30)
97	97	48	242	0.50	union	anytime	0.60	0.35	0.35	0.25	small real effect	200	1	0.00000	0.00000	1.00000	0.00000	1.000	$20.09-$21.05 (cap $72.60)
97	97	48	242	0.50	union	anytime	0.60	0.35	0.35	0.25	small real effect	200	2	0.00000	0.00000	1.00000	0.00000	2.000	$20.09-$21.05 (cap $72.60)
97	97	48	242	0.50	union	anytime	0.60	0.35	0.35	0.25	small real effect	200	3	0.00000	0.00000	1.00000	0.00000	3.000	$20.09-$21.05 (cap $72.60)
97	97	48	242	0.50	union	anytime	0.60	0.35	0.35	0.25	small real effect	200	4	0.00000	0.00000	1.00000	0.00000	4.000	$20.09-$21.05 (cap $72.60)
97	97	48	242	0.50	union	anytime	0.60	0.35	0.35	0.25	small real effect	200	5	0.00000	0.00000	1.00000	0.00000	5.000	$20.09-$21.05 (cap $72.60)
97	97	48	242	0.50	union	anytime	0.60	0.35	0.35	0.25	small real effect	200	6	0.00000	0.00000	1.00000	0.00000	6.000	$20.09-$21.05 (cap $72.60)
97	97	48	242	0.50	union	anytime	0.60	0.35	0.35	0.25	small real effect	200	7	0.00000	0.00500	0.99500	0.00000	7.000	$20.09-$21.05 (cap $72.60)
97	97	48	242	0.50	union	anytime	0.60	0.35	0.35	0.25	small real effect	200	8	0.00000	0.00500	0.99500	0.00000	7.995	$20.09-$21.05 (cap $72.60)
97	97	48	242	0.50	union	anytime	0.60	0.35	0.35	0.25	small real effect	200	9	0.00000	0.00500	0.99500	0.00000	8.990	$20.09-$21.05 (cap $72.60)
97	97	48	242	0.50	union	anytime	0.60	0.35	0.35	0.25	small real effect	200	10	0.00000	0.00500	0.99500	0.00000	9.985	$20.09-$21.05 (cap $72.60)
97	97	48	242	0.50	union	anytime	0.60	0.35	0.35	0.25	small real effect	200	11	0.00000	0.01000	0.99000	0.00000	10.980	$20.09-$21.05 (cap $72.60)
97	97	48	242	0.50	union	anytime	0.60	0.35	0.35	0.25	small real effect	200	12	0.00000	0.01000	0.99000	0.00000	11.970	$20.09-$21.05 (cap $72.60)
97	97	48	242	0.50	union	anytime	0.60	0.35	0.35	0.25	small real effect	200	13	0.00000	0.01000	0.99000	0.00000	12.960	$20.09-$21.05 (cap $72.60)
97	97	48	242	0.50	union	anytime	0.60	0.35	0.35	0.25	small real effect	200	14	0.00000	0.01000	0.99000	0.00000	13.950	$20.09-$21.05 (cap $72.60)
97	97	48	242	0.50	union	anytime	0.60	0.35	0.35	0.25	small real effect	200	15	0.00000	0.01000	0.99000	0.00000	14.940	$20.09-$21.05 (cap $72.60)
97	97	48	242	0.50	union	anytime	0.60	0.35	0.35	0.25	small real effect	200	16	0.00000	0.01000	0.99000	0.00000	15.930	$20.09-$21.05 (cap $72.60)
97	97	48	242	0.50	union	anytime	0.60	0.35	0.35	0.25	small real effect	200	17	0.00000	0.01000	0.99000	0.00000	16.920	$20.09-$21.05 (cap $72.60)
97	97	48	242	0.50	union	anytime	0.60	0.35	0.35	0.25	small real effect	200	18	0.00000	0.01000	0.99000	0.00000	17.910	$20.09-$21.05 (cap $72.60)
97	97	48	242	0.50	union	anytime	0.60	0.35	0.35	0.25	small real effect	200	19	0.00000	0.01000	0.99000	0.00000	18.900	$20.09-$21.05 (cap $72.60)
97	97	48	242	0.50	union	anytime	0.60	0.35	0.35	0.25	small real effect	200	20	0.00000	0.01000	0.99000	0.00000	19.890	$20.09-$21.05 (cap $72.60)
97	97	48	242	0.50	union	anytime	0.60	0.35	0.35	0.25	small real effect	200	21	0.00000	0.01000	0.99000	0.00000	20.880	$20.09-$21.05 (cap $72.60)
97	97	48	242	0.50	union	anytime	0.60	0.35	0.35	0.25	small real effect	200	22	0.00000	0.01000	0.99000	0.00000	21.870	$20.09-$21.05 (cap $72.60)
97	97	48	242	0.50	union	anytime	0.60	0.35	0.35	0.25	small real effect	200	23	0.00000	0.01000	0.99000	0.00000	22.860	$20.09-$21.05 (cap $72.60)
97	97	48	242	0.50	union	anytime	0.60	0.35	0.35	0.25	small real effect	200	24	0.00000	0.01000	0.99000	0.00000	23.850	$20.09-$21.05 (cap $72.60)
97	97	48	242	0.50	union	anytime	0.60	0.35	0.35	0.25	small real effect	200	25	0.00000	0.01000	0.99000	0.00000	24.840	$20.09-$21.05 (cap $72.60)
97	97	48	242	0.50	union	anytime	0.60	0.35	0.35	0.25	small real effect	200	26	0.00000	0.01000	0.99000	0.00000	25.830	$20.09-$21.05 (cap $72.60)
97	97	48	242	0.50	union	anytime	0.60	0.35	0.35	0.25	small real effect	200	27	0.00000	0.01000	0.99000	0.00000	26.820	$20.09-$21.05 (cap $72.60)
97	97	48	242	0.50	union	anytime	0.60	0.35	0.35	0.25	small real effect	200	28	0.00000	0.01000	0.99000	0.00000	27.810	$20.09-$21.05 (cap $72.60)
97	97	48	242	0.50	union	anytime	0.60	0.35	0.35	0.25	small real effect	200	29	0.00000	0.01000	0.99000	0.00000	28.800	$20.09-$21.05 (cap $72.60)
97	97	48	242	0.50	union	anytime	0.60	0.35	0.35	0.25	small real effect	200	30	0.00000	0.01000	0.99000	0.00000	29.790	$20.09-$21.05 (cap $72.60)
97	97	48	242	0.50	union	anytime	0.60	0.35	0.35	0.25	small real effect	200	31	0.00000	0.01000	0.99000	0.00000	30.780	$20.09-$21.05 (cap $72.60)
97	97	48	242	0.50	union	anytime	0.60	0.35	0.35	0.25	small real effect	200	32	0.00000	0.01000	0.99000	0.00000	31.770	$20.09-$21.05 (cap $72.60)
97	97	48	242	0.50	union	anytime	0.60	0.35	0.35	0.25	small real effect	200	33	0.00000	0.01000	0.99000	0.00000	32.760	$20.09-$21.05 (cap $72.60)
97	97	48	242	0.50	union	anytime	0.60	0.35	0.35	0.25	small real effect	200	34	0.00000	0.01000	0.99000	0.00000	33.750	$20.09-$21.05 (cap $72.60)
97	97	48	242	0.50	union	anytime	0.60	0.35	0.35	0.25	small real effect	200	35	0.00000	0.01000	0.99000	0.00000	34.740	$20.09-$21.05 (cap $72.60)
97	97	48	242	0.50	union	anytime	0.60	0.35	0.35	0.25	small real effect	200	36	0.00000	0.01000	0.99000	0.00000	35.730	$20.09-$21.05 (cap $72.60)
97	97	48	242	0.50	union	anytime	0.60	0.35	0.35	0.25	small real effect	200	37	0.00000	0.01000	0.99000	0.00000	36.720	$20.09-$21.05 (cap $72.60)
97	97	48	242	0.50	union	anytime	0.60	0.35	0.35	0.25	small real effect	200	38	0.00000	0.01000	0.99000	0.00000	37.710	$20.09-$21.05 (cap $72.60)
97	97	48	242	0.50	union	anytime	0.60	0.35	0.35	0.25	small real effect	200	39	0.00000	0.01000	0.99000	0.00000	38.700	$20.09-$21.05 (cap $72.60)
97	97	48	242	0.50	union	anytime	0.60	0.35	0.35	0.25	small real effect	200	40	0.00000	0.01000	0.99000	0.00000	39.690	$20.09-$21.05 (cap $72.60)
97	97	48	242	0.50	union	anytime	0.60	0.35	0.35	0.25	small real effect	200	41	0.00000	0.01000	0.99000	0.00000	40.680	$20.09-$21.05 (cap $72.60)
97	97	48	242	0.50	union	anytime	0.60	0.35	0.35	0.25	small real effect	200	42	0.00000	0.01000	0.99000	0.00000	41.670	$20.09-$21.05 (cap $72.60)
97	97	48	242	0.50	union	anytime	0.60	0.35	0.35	0.25	small real effect	200	43	0.00000	0.01000	0.99000	0.00000	42.660	$20.09-$21.05 (cap $72.60)
97	97	48	242	0.50	union	anytime	0.60	0.35	0.35	0.25	small real effect	200	44	0.00000	0.01000	0.99000	0.00000	43.650	$20.09-$21.05 (cap $72.60)
97	97	48	242	0.50	union	anytime	0.60	0.35	0.35	0.25	small real effect	200	45	0.00000	0.01000	0.99000	0.00000	44.640	$20.09-$21.05 (cap $72.60)
97	97	48	242	0.50	union	anytime	0.60	0.35	0.35	0.25	small real effect	200	46	0.00000	0.01000	0.99000	0.00000	45.630	$20.09-$21.05 (cap $72.60)
97	97	48	242	0.50	union	anytime	0.60	0.35	0.35	0.25	small real effect	200	47	0.00000	0.01000	0.99000	0.00000	46.620	$20.09-$21.05 (cap $72.60)
97	97	48	242	0.50	union	anytime	0.60	0.35	0.35	0.25	small real effect	200	48	0.00000	0.01000	0.99000	0.00000	47.610	$20.09-$21.05 (cap $72.60)
97	97	48	242	0.50	union	anytime	0.60	0.35	0.35	0.25	small real effect	200	49	0.00000	0.01000	0.99000	0.00000	48.600	$20.09-$21.05 (cap $72.60)
97	97	48	242	0.50	union	anytime	0.60	0.35	0.35	0.25	small real effect	200	50	0.00000	0.01000	0.99000	0.00000	49.590	$20.09-$21.05 (cap $72.60)
97	97	48	242	0.50	union	anytime	0.60	0.35	0.35	0.25	small real effect	200	51	0.00000	0.01000	0.99000	0.00000	50.580	$20.09-$21.05 (cap $72.60)
97	97	48	242	0.50	union	anytime	0.60	0.35	0.35	0.25	small real effect	200	52	0.00000	0.01000	0.99000	0.00000	51.570	$20.09-$21.05 (cap $72.60)
97	97	48	242	0.50	union	anytime	0.60	0.35	0.35	0.25	small real effect	200	53	0.00000	0.01000	0.99000	0.00000	52.560	$20.09-$21.05 (cap $72.60)
97	97	48	242	0.50	union	anytime	0.60	0.35	0.35	0.25	small real effect	200	54	0.00000	0.01000	0.99000	0.00000	53.550	$20.09-$21.05 (cap $72.60)
97	97	48	242	0.50	union	anytime	0.60	0.35	0.35	0.25	small real effect	200	55	0.00000	0.01000	0.99000	0.00000	54.540	$20.09-$21.05 (cap $72.60)
97	97	48	242	0.50	union	anytime	0.60	0.35	0.35	0.25	small real effect	200	56	0.00000	0.01000	0.99000	0.00000	55.530	$20.09-$21.05 (cap $72.60)
97	97	48	242	0.50	union	anytime	0.60	0.35	0.35	0.25	small real effect	200	57	0.00000	0.01000	0.99000	0.00000	56.520	$20.09-$21.05 (cap $72.60)
97	97	48	242	0.50	union	anytime	0.60	0.35	0.35	0.25	small real effect	200	58	0.00000	0.01000	0.99000	0.00000	57.510	$20.09-$21.05 (cap $72.60)
97	97	48	242	0.50	union	anytime	0.60	0.35	0.35	0.25	small real effect	200	59	0.00000	0.01000	0.99000	0.00000	58.500	$20.09-$21.05 (cap $72.60)
97	97	48	242	0.50	union	anytime	0.60	0.35	0.35	0.25	small real effect	200	60	0.00000	0.01000	0.99000	0.00000	59.490	$20.09-$21.05 (cap $72.60)
97	97	48	242	0.50	union	anytime	0.60	0.35	0.35	0.25	small real effect	200	61	0.00000	0.01000	0.99000	0.00000	60.480	$20.09-$21.05 (cap $72.60)
97	97	48	242	0.50	union	anytime	0.60	0.35	0.35	0.25	small real effect	200	62	0.00000	0.01000	0.99000	0.00000	61.470	$20.09-$21.05 (cap $72.60)
97	97	48	242	0.50	union	anytime	0.60	0.35	0.35	0.25	small real effect	200	63	0.00000	0.01000	0.99000	0.00000	62.460	$20.09-$21.05 (cap $72.60)
97	97	48	242	0.50	union	anytime	0.60	0.35	0.35	0.25	small real effect	200	64	0.00000	0.01000	0.99000	0.00000	63.450	$20.09-$21.05 (cap $72.60)
97	97	48	242	0.50	union	anytime	0.60	0.35	0.35	0.25	small real effect	200	65	0.00000	0.01000	0.99000	0.00000	64.440	$20.09-$21.05 (cap $72.60)
97	97	48	242	0.50	union	anytime	0.60	0.35	0.35	0.25	small real effect	200	66	0.00000	0.01000	0.99000	0.00000	65.430	$20.09-$21.05 (cap $72.60)
97	97	48	242	0.50	union	anytime	0.60	0.35	0.35	0.25	small real effect	200	67	0.00000	0.01000	0.99000	0.00000	66.420	$20.09-$21.05 (cap $72.60)
97	97	48	242	0.50	union	anytime	0.60	0.35	0.35	0.25	small real effect	200	68	0.00000	0.01000	0.99000	0.00000	67.410	$20.09-$21.05 (cap $72.60)
97	97	48	242	0.50	union	anytime	0.60	0.35	0.35	0.25	small real effect	200	69	0.00000	0.01000	0.99000	0.00000	68.400	$20.09-$21.05 (cap $72.60)
97	97	48	242	0.50	union	anytime	0.60	0.35	0.35	0.25	small real effect	200	70	0.00000	0.01000	0.99000	0.00000	69.390	$20.09-$21.05 (cap $72.60)
97	97	48	242	0.50	union	anytime	0.60	0.35	0.35	0.25	small real effect	200	71	0.00000	0.01000	0.99000	0.00000	70.380	$20.09-$21.05 (cap $72.60)
97	97	48	242	0.50	union	anytime	0.60	0.35	0.35	0.25	small real effect	200	72	0.00000	0.01000	0.99000	0.00000	71.370	$20.09-$21.05 (cap $72.60)
97	97	48	242	0.50	union	anytime	0.60	0.35	0.35	0.25	small real effect	200	73	0.00000	0.01000	0.99000	0.00000	72.360	$20.09-$21.05 (cap $72.60)
97	97	48	242	0.50	union	anytime	0.60	0.35	0.35	0.25	small real effect	200	74	0.00000	0.01000	0.99000	0.00000	73.350	$20.09-$21.05 (cap $72.60)
97	97	48	242	0.50	union	anytime	0.60	0.35	0.35	0.25	small real effect	200	75	0.00000	0.01000	0.99000	0.00000	74.340	$20.09-$21.05 (cap $72.60)
97	97	48	242	0.50	union	anytime	0.60	0.35	0.35	0.25	small real effect	200	76	0.00000	0.01000	0.99000	0.00000	75.330	$20.09-$21.05 (cap $72.60)
97	97	48	242	0.50	union	anytime	0.60	0.35	0.35	0.25	small real effect	200	77	0.00000	0.01000	0.99000	0.00000	76.320	$20.09-$21.05 (cap $72.60)
97	97	48	242	0.50	union	anytime	0.60	0.35	0.35	0.25	small real effect	200	78	0.00000	0.01000	0.99000	0.00000	77.310	$20.09-$21.05 (cap $72.60)
97	97	48	242	0.50	union	anytime	0.60	0.35	0.35	0.25	small real effect	200	79	0.00000	0.01000	0.99000	0.00000	78.300	$20.09-$21.05 (cap $72.60)
97	97	48	242	0.50	union	anytime	0.60	0.35	0.35	0.25	small real effect	200	80	0.00000	0.01000	0.99000	0.00000	79.290	$20.09-$21.05 (cap $72.60)
97	97	48	242	0.50	union	anytime	0.60	0.35	0.35	0.25	small real effect	200	81	0.00000	0.01000	0.99000	0.00000	80.280	$20.09-$21.05 (cap $72.60)
97	97	48	242	0.50	union	anytime	0.60	0.35	0.35	0.25	small real effect	200	82	0.00000	0.01000	0.99000	0.00000	81.270	$20.09-$21.05 (cap $72.60)
97	97	48	242	0.50	union	anytime	0.60	0.35	0.35	0.25	small real effect	200	83	0.00000	0.01000	0.99000	0.00000	82.260	$20.09-$21.05 (cap $72.60)
97	97	48	242	0.50	union	anytime	0.60	0.35	0.35	0.25	small real effect	200	84	0.00000	0.01000	0.99000	0.00000	83.250	$20.09-$21.05 (cap $72.60)
97	97	48	242	0.50	union	anytime	0.60	0.35	0.35	0.25	small real effect	200	85	0.00000	0.01000	0.99000	0.00000	84.240	$20.09-$21.05 (cap $72.60)
97	97	48	242	0.50	union	anytime	0.60	0.35	0.35	0.25	small real effect	200	86	0.00000	0.01000	0.99000	0.00000	85.230	$20.09-$21.05 (cap $72.60)
97	97	48	242	0.50	union	anytime	0.60	0.35	0.35	0.25	small real effect	200	87	0.00000	0.01000	0.99000	0.00000	86.220	$20.09-$21.05 (cap $72.60)
97	97	48	242	0.50	union	anytime	0.60	0.35	0.35	0.25	small real effect	200	88	0.00000	0.01000	0.99000	0.00000	87.210	$20.09-$21.05 (cap $72.60)
97	97	48	242	0.50	union	anytime	0.60	0.35	0.35	0.25	small real effect	200	89	0.00000	0.01000	0.99000	0.00000	88.200	$20.09-$21.05 (cap $72.60)
97	97	48	242	0.50	union	anytime	0.60	0.35	0.35	0.25	small real effect	200	90	0.00000	0.01000	0.99000	0.00000	89.190	$20.09-$21.05 (cap $72.60)
97	97	48	242	0.50	union	anytime	0.60	0.35	0.35	0.25	small real effect	200	91	0.00000	0.01000	0.99000	0.00000	90.180	$20.09-$21.05 (cap $72.60)
97	97	48	242	0.50	union	anytime	0.60	0.35	0.35	0.25	small real effect	200	92	0.00000	0.01000	0.99000	0.00000	91.170	$20.09-$21.05 (cap $72.60)
97	97	48	242	0.50	union	anytime	0.60	0.35	0.35	0.25	small real effect	200	93	0.00000	0.01000	0.99000	0.00000	92.160	$20.09-$21.05 (cap $72.60)
97	97	48	242	0.50	union	anytime	0.60	0.35	0.35	0.25	small real effect	200	94	0.00000	0.01000	0.99000	0.00000	93.150	$20.09-$21.05 (cap $72.60)
97	97	48	242	0.50	union	anytime	0.60	0.35	0.35	0.25	small real effect	200	95	0.00000	0.01000	0.99000	0.00000	94.140	$20.09-$21.05 (cap $72.60)
97	97	48	242	0.50	union	anytime	0.60	0.35	0.35	0.25	small real effect	200	96	0.00000	0.01000	0.99000	0.00000	95.130	$20.09-$21.05 (cap $72.60)
97	97	48	242	0.50	union	anytime	0.60	0.35	0.35	0.25	small real effect	200	97	0.00000	0.01000	0.99000	0.00000	96.120	$20.09-$21.05 (cap $72.60)
97	97	97	291	1.00	direct	anytime	0.60	0.35	0.35	0.25	small real effect	200	1	0.00000	0.00000	1.00000	0.00000	1.000	$24.15-$25.32 (cap $87.30)
97	97	97	291	1.00	direct	anytime	0.60	0.35	0.35	0.25	small real effect	200	2	0.00000	0.00000	1.00000	0.00000	2.000	$24.15-$25.32 (cap $87.30)
97	97	97	291	1.00	direct	anytime	0.60	0.35	0.35	0.25	small real effect	200	3	0.00000	0.00000	1.00000	0.00000	3.000	$24.15-$25.32 (cap $87.30)
97	97	97	291	1.00	direct	anytime	0.60	0.35	0.35	0.25	small real effect	200	4	0.00000	0.00000	1.00000	0.00000	4.000	$24.15-$25.32 (cap $87.30)
97	97	97	291	1.00	direct	anytime	0.60	0.35	0.35	0.25	small real effect	200	5	0.00000	0.00000	1.00000	0.00000	5.000	$24.15-$25.32 (cap $87.30)
97	97	97	291	1.00	direct	anytime	0.60	0.35	0.35	0.25	small real effect	200	6	0.00000	0.00000	1.00000	0.00000	6.000	$24.15-$25.32 (cap $87.30)
97	97	97	291	1.00	direct	anytime	0.60	0.35	0.35	0.25	small real effect	200	7	0.00000	0.00500	0.99500	0.00000	7.000	$24.15-$25.32 (cap $87.30)
97	97	97	291	1.00	direct	anytime	0.60	0.35	0.35	0.25	small real effect	200	8	0.00000	0.00500	0.99500	0.00000	7.995	$24.15-$25.32 (cap $87.30)
97	97	97	291	1.00	direct	anytime	0.60	0.35	0.35	0.25	small real effect	200	9	0.00000	0.00500	0.99500	0.00000	8.990	$24.15-$25.32 (cap $87.30)
97	97	97	291	1.00	direct	anytime	0.60	0.35	0.35	0.25	small real effect	200	10	0.00000	0.00500	0.99500	0.00000	9.985	$24.15-$25.32 (cap $87.30)
97	97	97	291	1.00	direct	anytime	0.60	0.35	0.35	0.25	small real effect	200	11	0.00000	0.01000	0.99000	0.00000	10.980	$24.15-$25.32 (cap $87.30)
97	97	97	291	1.00	direct	anytime	0.60	0.35	0.35	0.25	small real effect	200	12	0.00000	0.01000	0.99000	0.00000	11.970	$24.15-$25.32 (cap $87.30)
97	97	97	291	1.00	direct	anytime	0.60	0.35	0.35	0.25	small real effect	200	13	0.00000	0.01000	0.99000	0.00000	12.960	$24.15-$25.32 (cap $87.30)
97	97	97	291	1.00	direct	anytime	0.60	0.35	0.35	0.25	small real effect	200	14	0.00000	0.01000	0.99000	0.00000	13.950	$24.15-$25.32 (cap $87.30)
97	97	97	291	1.00	direct	anytime	0.60	0.35	0.35	0.25	small real effect	200	15	0.00000	0.01000	0.99000	0.00000	14.940	$24.15-$25.32 (cap $87.30)
97	97	97	291	1.00	direct	anytime	0.60	0.35	0.35	0.25	small real effect	200	16	0.00000	0.01000	0.99000	0.00000	15.930	$24.15-$25.32 (cap $87.30)
97	97	97	291	1.00	direct	anytime	0.60	0.35	0.35	0.25	small real effect	200	17	0.00000	0.01000	0.99000	0.00000	16.920	$24.15-$25.32 (cap $87.30)
97	97	97	291	1.00	direct	anytime	0.60	0.35	0.35	0.25	small real effect	200	18	0.00000	0.01000	0.99000	0.00000	17.910	$24.15-$25.32 (cap $87.30)
97	97	97	291	1.00	direct	anytime	0.60	0.35	0.35	0.25	small real effect	200	19	0.00000	0.01000	0.99000	0.00000	18.900	$24.15-$25.32 (cap $87.30)
97	97	97	291	1.00	direct	anytime	0.60	0.35	0.35	0.25	small real effect	200	20	0.00000	0.01000	0.99000	0.00000	19.890	$24.15-$25.32 (cap $87.30)
97	97	97	291	1.00	direct	anytime	0.60	0.35	0.35	0.25	small real effect	200	21	0.00000	0.01000	0.99000	0.00000	20.880	$24.15-$25.32 (cap $87.30)
97	97	97	291	1.00	direct	anytime	0.60	0.35	0.35	0.25	small real effect	200	22	0.00000	0.01000	0.99000	0.00000	21.870	$24.15-$25.32 (cap $87.30)
97	97	97	291	1.00	direct	anytime	0.60	0.35	0.35	0.25	small real effect	200	23	0.00000	0.01000	0.99000	0.00000	22.860	$24.15-$25.32 (cap $87.30)
97	97	97	291	1.00	direct	anytime	0.60	0.35	0.35	0.25	small real effect	200	24	0.00000	0.01000	0.99000	0.00000	23.850	$24.15-$25.32 (cap $87.30)
97	97	97	291	1.00	direct	anytime	0.60	0.35	0.35	0.25	small real effect	200	25	0.00000	0.01000	0.99000	0.00000	24.840	$24.15-$25.32 (cap $87.30)
97	97	97	291	1.00	direct	anytime	0.60	0.35	0.35	0.25	small real effect	200	26	0.00000	0.01000	0.99000	0.00000	25.830	$24.15-$25.32 (cap $87.30)
97	97	97	291	1.00	direct	anytime	0.60	0.35	0.35	0.25	small real effect	200	27	0.00000	0.01000	0.99000	0.00000	26.820	$24.15-$25.32 (cap $87.30)
97	97	97	291	1.00	direct	anytime	0.60	0.35	0.35	0.25	small real effect	200	28	0.00000	0.01000	0.99000	0.00000	27.810	$24.15-$25.32 (cap $87.30)
97	97	97	291	1.00	direct	anytime	0.60	0.35	0.35	0.25	small real effect	200	29	0.00000	0.01000	0.99000	0.00000	28.800	$24.15-$25.32 (cap $87.30)
97	97	97	291	1.00	direct	anytime	0.60	0.35	0.35	0.25	small real effect	200	30	0.00000	0.01000	0.99000	0.00000	29.790	$24.15-$25.32 (cap $87.30)
97	97	97	291	1.00	direct	anytime	0.60	0.35	0.35	0.25	small real effect	200	31	0.00000	0.01000	0.99000	0.00000	30.780	$24.15-$25.32 (cap $87.30)
97	97	97	291	1.00	direct	anytime	0.60	0.35	0.35	0.25	small real effect	200	32	0.00000	0.01000	0.99000	0.00000	31.770	$24.15-$25.32 (cap $87.30)
97	97	97	291	1.00	direct	anytime	0.60	0.35	0.35	0.25	small real effect	200	33	0.00000	0.01000	0.99000	0.00000	32.760	$24.15-$25.32 (cap $87.30)
97	97	97	291	1.00	direct	anytime	0.60	0.35	0.35	0.25	small real effect	200	34	0.00000	0.01000	0.99000	0.00000	33.750	$24.15-$25.32 (cap $87.30)
97	97	97	291	1.00	direct	anytime	0.60	0.35	0.35	0.25	small real effect	200	35	0.00000	0.01000	0.99000	0.00000	34.740	$24.15-$25.32 (cap $87.30)
97	97	97	291	1.00	direct	anytime	0.60	0.35	0.35	0.25	small real effect	200	36	0.00000	0.01000	0.99000	0.00000	35.730	$24.15-$25.32 (cap $87.30)
97	97	97	291	1.00	direct	anytime	0.60	0.35	0.35	0.25	small real effect	200	37	0.00000	0.01000	0.99000	0.00000	36.720	$24.15-$25.32 (cap $87.30)
97	97	97	291	1.00	direct	anytime	0.60	0.35	0.35	0.25	small real effect	200	38	0.00500	0.01000	0.98500	0.00499	37.710	$24.15-$25.32 (cap $87.30)
97	97	97	291	1.00	direct	anytime	0.60	0.35	0.35	0.25	small real effect	200	39	0.00500	0.01000	0.98500	0.00499	38.695	$24.15-$25.32 (cap $87.30)
97	97	97	291	1.00	direct	anytime	0.60	0.35	0.35	0.25	small real effect	200	40	0.00500	0.01000	0.98500	0.00499	39.680	$24.15-$25.32 (cap $87.30)
97	97	97	291	1.00	direct	anytime	0.60	0.35	0.35	0.25	small real effect	200	41	0.01000	0.01000	0.98000	0.00704	40.665	$24.15-$25.32 (cap $87.30)
97	97	97	291	1.00	direct	anytime	0.60	0.35	0.35	0.25	small real effect	200	42	0.01000	0.01000	0.98000	0.00704	41.645	$24.15-$25.32 (cap $87.30)
97	97	97	291	1.00	direct	anytime	0.60	0.35	0.35	0.25	small real effect	200	43	0.01000	0.01000	0.98000	0.00704	42.625	$24.15-$25.32 (cap $87.30)
97	97	97	291	1.00	direct	anytime	0.60	0.35	0.35	0.25	small real effect	200	44	0.01000	0.01000	0.98000	0.00704	43.605	$24.15-$25.32 (cap $87.30)
97	97	97	291	1.00	direct	anytime	0.60	0.35	0.35	0.25	small real effect	200	45	0.01000	0.01000	0.98000	0.00704	44.585	$24.15-$25.32 (cap $87.30)
97	97	97	291	1.00	direct	anytime	0.60	0.35	0.35	0.25	small real effect	200	46	0.01000	0.01000	0.98000	0.00704	45.565	$24.15-$25.32 (cap $87.30)
97	97	97	291	1.00	direct	anytime	0.60	0.35	0.35	0.25	small real effect	200	47	0.01000	0.01000	0.98000	0.00704	46.545	$24.15-$25.32 (cap $87.30)
97	97	97	291	1.00	direct	anytime	0.60	0.35	0.35	0.25	small real effect	200	48	0.01000	0.01000	0.98000	0.00704	47.525	$24.15-$25.32 (cap $87.30)
97	97	97	291	1.00	direct	anytime	0.60	0.35	0.35	0.25	small real effect	200	49	0.01000	0.01000	0.98000	0.00704	48.505	$24.15-$25.32 (cap $87.30)
97	97	97	291	1.00	direct	anytime	0.60	0.35	0.35	0.25	small real effect	200	50	0.01000	0.01000	0.98000	0.00704	49.485	$24.15-$25.32 (cap $87.30)
97	97	97	291	1.00	direct	anytime	0.60	0.35	0.35	0.25	small real effect	200	51	0.01000	0.01000	0.98000	0.00704	50.465	$24.15-$25.32 (cap $87.30)
97	97	97	291	1.00	direct	anytime	0.60	0.35	0.35	0.25	small real effect	200	52	0.01000	0.01000	0.98000	0.00704	51.445	$24.15-$25.32 (cap $87.30)
97	97	97	291	1.00	direct	anytime	0.60	0.35	0.35	0.25	small real effect	200	53	0.01000	0.01000	0.98000	0.00704	52.425	$24.15-$25.32 (cap $87.30)
97	97	97	291	1.00	direct	anytime	0.60	0.35	0.35	0.25	small real effect	200	54	0.01000	0.01000	0.98000	0.00704	53.405	$24.15-$25.32 (cap $87.30)
97	97	97	291	1.00	direct	anytime	0.60	0.35	0.35	0.25	small real effect	200	55	0.01000	0.01000	0.98000	0.00704	54.385	$24.15-$25.32 (cap $87.30)
97	97	97	291	1.00	direct	anytime	0.60	0.35	0.35	0.25	small real effect	200	56	0.01000	0.01000	0.98000	0.00704	55.365	$24.15-$25.32 (cap $87.30)
97	97	97	291	1.00	direct	anytime	0.60	0.35	0.35	0.25	small real effect	200	57	0.01000	0.01000	0.98000	0.00704	56.345	$24.15-$25.32 (cap $87.30)
97	97	97	291	1.00	direct	anytime	0.60	0.35	0.35	0.25	small real effect	200	58	0.01000	0.01000	0.98000	0.00704	57.325	$24.15-$25.32 (cap $87.30)
97	97	97	291	1.00	direct	anytime	0.60	0.35	0.35	0.25	small real effect	200	59	0.01000	0.01000	0.98000	0.00704	58.305	$24.15-$25.32 (cap $87.30)
97	97	97	291	1.00	direct	anytime	0.60	0.35	0.35	0.25	small real effect	200	60	0.01000	0.01000	0.98000	0.00704	59.285	$24.15-$25.32 (cap $87.30)
97	97	97	291	1.00	direct	anytime	0.60	0.35	0.35	0.25	small real effect	200	61	0.01500	0.01000	0.97500	0.00860	60.265	$24.15-$25.32 (cap $87.30)
97	97	97	291	1.00	direct	anytime	0.60	0.35	0.35	0.25	small real effect	200	62	0.01500	0.01000	0.97500	0.00860	61.240	$24.15-$25.32 (cap $87.30)
97	97	97	291	1.00	direct	anytime	0.60	0.35	0.35	0.25	small real effect	200	63	0.01500	0.01000	0.97500	0.00860	62.215	$24.15-$25.32 (cap $87.30)
97	97	97	291	1.00	direct	anytime	0.60	0.35	0.35	0.25	small real effect	200	64	0.01500	0.01000	0.97500	0.00860	63.190	$24.15-$25.32 (cap $87.30)
97	97	97	291	1.00	direct	anytime	0.60	0.35	0.35	0.25	small real effect	200	65	0.01500	0.01000	0.97500	0.00860	64.165	$24.15-$25.32 (cap $87.30)
97	97	97	291	1.00	direct	anytime	0.60	0.35	0.35	0.25	small real effect	200	66	0.01500	0.01000	0.97500	0.00860	65.140	$24.15-$25.32 (cap $87.30)
97	97	97	291	1.00	direct	anytime	0.60	0.35	0.35	0.25	small real effect	200	67	0.01500	0.01000	0.97500	0.00860	66.115	$24.15-$25.32 (cap $87.30)
97	97	97	291	1.00	direct	anytime	0.60	0.35	0.35	0.25	small real effect	200	68	0.01500	0.01000	0.97500	0.00860	67.090	$24.15-$25.32 (cap $87.30)
97	97	97	291	1.00	direct	anytime	0.60	0.35	0.35	0.25	small real effect	200	69	0.01500	0.01000	0.97500	0.00860	68.065	$24.15-$25.32 (cap $87.30)
97	97	97	291	1.00	direct	anytime	0.60	0.35	0.35	0.25	small real effect	200	70	0.01500	0.01000	0.97500	0.00860	69.040	$24.15-$25.32 (cap $87.30)
97	97	97	291	1.00	direct	anytime	0.60	0.35	0.35	0.25	small real effect	200	71	0.01500	0.01000	0.97500	0.00860	70.015	$24.15-$25.32 (cap $87.30)
97	97	97	291	1.00	direct	anytime	0.60	0.35	0.35	0.25	small real effect	200	72	0.01500	0.01000	0.97500	0.00860	70.990	$24.15-$25.32 (cap $87.30)
97	97	97	291	1.00	direct	anytime	0.60	0.35	0.35	0.25	small real effect	200	73	0.01500	0.01000	0.97500	0.00860	71.965	$24.15-$25.32 (cap $87.30)
97	97	97	291	1.00	direct	anytime	0.60	0.35	0.35	0.25	small real effect	200	74	0.02000	0.01000	0.97000	0.00990	72.940	$24.15-$25.32 (cap $87.30)
97	97	97	291	1.00	direct	anytime	0.60	0.35	0.35	0.25	small real effect	200	75	0.02000	0.01000	0.97000	0.00990	73.910	$24.15-$25.32 (cap $87.30)
97	97	97	291	1.00	direct	anytime	0.60	0.35	0.35	0.25	small real effect	200	76	0.02000	0.01000	0.97000	0.00990	74.880	$24.15-$25.32 (cap $87.30)
97	97	97	291	1.00	direct	anytime	0.60	0.35	0.35	0.25	small real effect	200	77	0.02000	0.01000	0.97000	0.00990	75.850	$24.15-$25.32 (cap $87.30)
97	97	97	291	1.00	direct	anytime	0.60	0.35	0.35	0.25	small real effect	200	78	0.02000	0.01000	0.97000	0.00990	76.820	$24.15-$25.32 (cap $87.30)
97	97	97	291	1.00	direct	anytime	0.60	0.35	0.35	0.25	small real effect	200	79	0.02000	0.01000	0.97000	0.00990	77.790	$24.15-$25.32 (cap $87.30)
97	97	97	291	1.00	direct	anytime	0.60	0.35	0.35	0.25	small real effect	200	80	0.02000	0.01000	0.97000	0.00990	78.760	$24.15-$25.32 (cap $87.30)
97	97	97	291	1.00	direct	anytime	0.60	0.35	0.35	0.25	small real effect	200	81	0.02000	0.01000	0.97000	0.00990	79.730	$24.15-$25.32 (cap $87.30)
97	97	97	291	1.00	direct	anytime	0.60	0.35	0.35	0.25	small real effect	200	82	0.02000	0.01000	0.97000	0.00990	80.700	$24.15-$25.32 (cap $87.30)
97	97	97	291	1.00	direct	anytime	0.60	0.35	0.35	0.25	small real effect	200	83	0.02000	0.01000	0.97000	0.00990	81.670	$24.15-$25.32 (cap $87.30)
97	97	97	291	1.00	direct	anytime	0.60	0.35	0.35	0.25	small real effect	200	84	0.02000	0.01000	0.97000	0.00990	82.640	$24.15-$25.32 (cap $87.30)
97	97	97	291	1.00	direct	anytime	0.60	0.35	0.35	0.25	small real effect	200	85	0.02000	0.01000	0.97000	0.00990	83.610	$24.15-$25.32 (cap $87.30)
97	97	97	291	1.00	direct	anytime	0.60	0.35	0.35	0.25	small real effect	200	86	0.02000	0.01000	0.97000	0.00990	84.580	$24.15-$25.32 (cap $87.30)
97	97	97	291	1.00	direct	anytime	0.60	0.35	0.35	0.25	small real effect	200	87	0.02000	0.01000	0.97000	0.00990	85.550	$24.15-$25.32 (cap $87.30)
97	97	97	291	1.00	direct	anytime	0.60	0.35	0.35	0.25	small real effect	200	88	0.02500	0.01000	0.96500	0.01104	86.520	$24.15-$25.32 (cap $87.30)
97	97	97	291	1.00	direct	anytime	0.60	0.35	0.35	0.25	small real effect	200	89	0.02500	0.01000	0.96500	0.01104	87.485	$24.15-$25.32 (cap $87.30)
97	97	97	291	1.00	direct	anytime	0.60	0.35	0.35	0.25	small real effect	200	90	0.02500	0.01000	0.96500	0.01104	88.450	$24.15-$25.32 (cap $87.30)
97	97	97	291	1.00	direct	anytime	0.60	0.35	0.35	0.25	small real effect	200	91	0.02500	0.01000	0.96500	0.01104	89.415	$24.15-$25.32 (cap $87.30)
97	97	97	291	1.00	direct	anytime	0.60	0.35	0.35	0.25	small real effect	200	92	0.03000	0.01000	0.96000	0.01206	90.380	$24.15-$25.32 (cap $87.30)
97	97	97	291	1.00	direct	anytime	0.60	0.35	0.35	0.25	small real effect	200	93	0.03000	0.01000	0.96000	0.01206	91.340	$24.15-$25.32 (cap $87.30)
97	97	97	291	1.00	direct	anytime	0.60	0.35	0.35	0.25	small real effect	200	94	0.03000	0.01000	0.96000	0.01206	92.300	$24.15-$25.32 (cap $87.30)
97	97	97	291	1.00	direct	anytime	0.60	0.35	0.35	0.25	small real effect	200	95	0.03000	0.01000	0.96000	0.01206	93.260	$24.15-$25.32 (cap $87.30)
97	97	97	291	1.00	direct	anytime	0.60	0.35	0.35	0.25	small real effect	200	96	0.03000	0.01000	0.96000	0.01206	94.220	$24.15-$25.32 (cap $87.30)
97	97	97	291	1.00	direct	anytime	0.60	0.35	0.35	0.25	small real effect	200	97	0.03000	0.01000	0.96000	0.01206	95.180	$24.15-$25.32 (cap $87.30)
97	97	97	291	1.00	union	anytime	0.65	0.35	0.35	0.30	real effect	200	1	0.00000	0.00000	1.00000	0.00000	1.000	$24.15-$25.32 (cap $87.30)
97	97	97	291	1.00	union	anytime	0.65	0.35	0.35	0.30	real effect	200	2	0.00000	0.00000	1.00000	0.00000	2.000	$24.15-$25.32 (cap $87.30)
97	97	97	291	1.00	union	anytime	0.65	0.35	0.35	0.30	real effect	200	3	0.00000	0.00000	1.00000	0.00000	3.000	$24.15-$25.32 (cap $87.30)
97	97	97	291	1.00	union	anytime	0.65	0.35	0.35	0.30	real effect	200	4	0.00000	0.00000	1.00000	0.00000	4.000	$24.15-$25.32 (cap $87.30)
97	97	97	291	1.00	union	anytime	0.65	0.35	0.35	0.30	real effect	200	5	0.00000	0.00000	1.00000	0.00000	5.000	$24.15-$25.32 (cap $87.30)
97	97	97	291	1.00	union	anytime	0.65	0.35	0.35	0.30	real effect	200	6	0.00000	0.00000	1.00000	0.00000	6.000	$24.15-$25.32 (cap $87.30)
97	97	97	291	1.00	union	anytime	0.65	0.35	0.35	0.30	real effect	200	7	0.00000	0.00000	1.00000	0.00000	7.000	$24.15-$25.32 (cap $87.30)
97	97	97	291	1.00	union	anytime	0.65	0.35	0.35	0.30	real effect	200	8	0.00000	0.00000	1.00000	0.00000	8.000	$24.15-$25.32 (cap $87.30)
97	97	97	291	1.00	union	anytime	0.65	0.35	0.35	0.30	real effect	200	9	0.00000	0.00000	1.00000	0.00000	9.000	$24.15-$25.32 (cap $87.30)
97	97	97	291	1.00	union	anytime	0.65	0.35	0.35	0.30	real effect	200	10	0.00000	0.00000	1.00000	0.00000	10.000	$24.15-$25.32 (cap $87.30)
97	97	97	291	1.00	union	anytime	0.65	0.35	0.35	0.30	real effect	200	11	0.00000	0.00000	1.00000	0.00000	11.000	$24.15-$25.32 (cap $87.30)
97	97	97	291	1.00	union	anytime	0.65	0.35	0.35	0.30	real effect	200	12	0.00000	0.00000	1.00000	0.00000	12.000	$24.15-$25.32 (cap $87.30)
97	97	97	291	1.00	union	anytime	0.65	0.35	0.35	0.30	real effect	200	13	0.00000	0.00000	1.00000	0.00000	13.000	$24.15-$25.32 (cap $87.30)
97	97	97	291	1.00	union	anytime	0.65	0.35	0.35	0.30	real effect	200	14	0.00000	0.00000	1.00000	0.00000	14.000	$24.15-$25.32 (cap $87.30)
97	97	97	291	1.00	union	anytime	0.65	0.35	0.35	0.30	real effect	200	15	0.00000	0.00000	1.00000	0.00000	15.000	$24.15-$25.32 (cap $87.30)
97	97	97	291	1.00	union	anytime	0.65	0.35	0.35	0.30	real effect	200	16	0.00000	0.00000	1.00000	0.00000	16.000	$24.15-$25.32 (cap $87.30)
97	97	97	291	1.00	union	anytime	0.65	0.35	0.35	0.30	real effect	200	17	0.00000	0.00000	1.00000	0.00000	17.000	$24.15-$25.32 (cap $87.30)
97	97	97	291	1.00	union	anytime	0.65	0.35	0.35	0.30	real effect	200	18	0.00000	0.00000	1.00000	0.00000	18.000	$24.15-$25.32 (cap $87.30)
97	97	97	291	1.00	union	anytime	0.65	0.35	0.35	0.30	real effect	200	19	0.00000	0.00000	1.00000	0.00000	19.000	$24.15-$25.32 (cap $87.30)
97	97	97	291	1.00	union	anytime	0.65	0.35	0.35	0.30	real effect	200	20	0.00000	0.00000	1.00000	0.00000	20.000	$24.15-$25.32 (cap $87.30)
97	97	97	291	1.00	union	anytime	0.65	0.35	0.35	0.30	real effect	200	21	0.00000	0.00000	1.00000	0.00000	21.000	$24.15-$25.32 (cap $87.30)
97	97	97	291	1.00	union	anytime	0.65	0.35	0.35	0.30	real effect	200	22	0.00000	0.00000	1.00000	0.00000	22.000	$24.15-$25.32 (cap $87.30)
97	97	97	291	1.00	union	anytime	0.65	0.35	0.35	0.30	real effect	200	23	0.00000	0.00000	1.00000	0.00000	23.000	$24.15-$25.32 (cap $87.30)
97	97	97	291	1.00	union	anytime	0.65	0.35	0.35	0.30	real effect	200	24	0.00000	0.00000	1.00000	0.00000	24.000	$24.15-$25.32 (cap $87.30)
97	97	97	291	1.00	union	anytime	0.65	0.35	0.35	0.30	real effect	200	25	0.00000	0.00000	1.00000	0.00000	25.000	$24.15-$25.32 (cap $87.30)
97	97	97	291	1.00	union	anytime	0.65	0.35	0.35	0.30	real effect	200	26	0.00000	0.00000	1.00000	0.00000	26.000	$24.15-$25.32 (cap $87.30)
97	97	97	291	1.00	union	anytime	0.65	0.35	0.35	0.30	real effect	200	27	0.00000	0.00000	1.00000	0.00000	27.000	$24.15-$25.32 (cap $87.30)
97	97	97	291	1.00	union	anytime	0.65	0.35	0.35	0.30	real effect	200	28	0.00000	0.00000	1.00000	0.00000	28.000	$24.15-$25.32 (cap $87.30)
97	97	97	291	1.00	union	anytime	0.65	0.35	0.35	0.30	real effect	200	29	0.00000	0.00000	1.00000	0.00000	29.000	$24.15-$25.32 (cap $87.30)
97	97	97	291	1.00	union	anytime	0.65	0.35	0.35	0.30	real effect	200	30	0.00000	0.00000	1.00000	0.00000	30.000	$24.15-$25.32 (cap $87.30)
97	97	97	291	1.00	union	anytime	0.65	0.35	0.35	0.30	real effect	200	31	0.00000	0.00000	1.00000	0.00000	31.000	$24.15-$25.32 (cap $87.30)
97	97	97	291	1.00	union	anytime	0.65	0.35	0.35	0.30	real effect	200	32	0.00000	0.00000	1.00000	0.00000	32.000	$24.15-$25.32 (cap $87.30)
97	97	97	291	1.00	union	anytime	0.65	0.35	0.35	0.30	real effect	200	33	0.00000	0.00000	1.00000	0.00000	33.000	$24.15-$25.32 (cap $87.30)
97	97	97	291	1.00	union	anytime	0.65	0.35	0.35	0.30	real effect	200	34	0.00000	0.00000	1.00000	0.00000	34.000	$24.15-$25.32 (cap $87.30)
97	97	97	291	1.00	union	anytime	0.65	0.35	0.35	0.30	real effect	200	35	0.00000	0.00000	1.00000	0.00000	35.000	$24.15-$25.32 (cap $87.30)
97	97	97	291	1.00	union	anytime	0.65	0.35	0.35	0.30	real effect	200	36	0.00000	0.00000	1.00000	0.00000	36.000	$24.15-$25.32 (cap $87.30)
97	97	97	291	1.00	union	anytime	0.65	0.35	0.35	0.30	real effect	200	37	0.00000	0.00000	1.00000	0.00000	37.000	$24.15-$25.32 (cap $87.30)
97	97	97	291	1.00	union	anytime	0.65	0.35	0.35	0.30	real effect	200	38	0.00000	0.00000	1.00000	0.00000	38.000	$24.15-$25.32 (cap $87.30)
97	97	97	291	1.00	union	anytime	0.65	0.35	0.35	0.30	real effect	200	39	0.00000	0.00000	1.00000	0.00000	39.000	$24.15-$25.32 (cap $87.30)
97	97	97	291	1.00	union	anytime	0.65	0.35	0.35	0.30	real effect	200	40	0.00000	0.00000	1.00000	0.00000	40.000	$24.15-$25.32 (cap $87.30)
97	97	97	291	1.00	union	anytime	0.65	0.35	0.35	0.30	real effect	200	41	0.00000	0.00000	1.00000	0.00000	41.000	$24.15-$25.32 (cap $87.30)
97	97	97	291	1.00	union	anytime	0.65	0.35	0.35	0.30	real effect	200	42	0.00000	0.00000	1.00000	0.00000	42.000	$24.15-$25.32 (cap $87.30)
97	97	97	291	1.00	union	anytime	0.65	0.35	0.35	0.30	real effect	200	43	0.00000	0.00000	1.00000	0.00000	43.000	$24.15-$25.32 (cap $87.30)
97	97	97	291	1.00	union	anytime	0.65	0.35	0.35	0.30	real effect	200	44	0.00000	0.00000	1.00000	0.00000	44.000	$24.15-$25.32 (cap $87.30)
97	97	97	291	1.00	union	anytime	0.65	0.35	0.35	0.30	real effect	200	45	0.00000	0.00000	1.00000	0.00000	45.000	$24.15-$25.32 (cap $87.30)
97	97	97	291	1.00	union	anytime	0.65	0.35	0.35	0.30	real effect	200	46	0.00000	0.00000	1.00000	0.00000	46.000	$24.15-$25.32 (cap $87.30)
97	97	97	291	1.00	union	anytime	0.65	0.35	0.35	0.30	real effect	200	47	0.00000	0.00000	1.00000	0.00000	47.000	$24.15-$25.32 (cap $87.30)
97	97	97	291	1.00	union	anytime	0.65	0.35	0.35	0.30	real effect	200	48	0.00000	0.00000	1.00000	0.00000	48.000	$24.15-$25.32 (cap $87.30)
97	97	97	291	1.00	union	anytime	0.65	0.35	0.35	0.30	real effect	200	49	0.00000	0.00000	1.00000	0.00000	49.000	$24.15-$25.32 (cap $87.30)
97	97	97	291	1.00	union	anytime	0.65	0.35	0.35	0.30	real effect	200	50	0.00000	0.00000	1.00000	0.00000	50.000	$24.15-$25.32 (cap $87.30)
97	97	97	291	1.00	union	anytime	0.65	0.35	0.35	0.30	real effect	200	51	0.00000	0.00000	1.00000	0.00000	51.000	$24.15-$25.32 (cap $87.30)
97	97	97	291	1.00	union	anytime	0.65	0.35	0.35	0.30	real effect	200	52	0.00000	0.00000	1.00000	0.00000	52.000	$24.15-$25.32 (cap $87.30)
97	97	97	291	1.00	union	anytime	0.65	0.35	0.35	0.30	real effect	200	53	0.00000	0.00000	1.00000	0.00000	53.000	$24.15-$25.32 (cap $87.30)
97	97	97	291	1.00	union	anytime	0.65	0.35	0.35	0.30	real effect	200	54	0.00000	0.00000	1.00000	0.00000	54.000	$24.15-$25.32 (cap $87.30)
97	97	97	291	1.00	union	anytime	0.65	0.35	0.35	0.30	real effect	200	55	0.00000	0.00000	1.00000	0.00000	55.000	$24.15-$25.32 (cap $87.30)
97	97	97	291	1.00	union	anytime	0.65	0.35	0.35	0.30	real effect	200	56	0.00000	0.00000	1.00000	0.00000	56.000	$24.15-$25.32 (cap $87.30)
97	97	97	291	1.00	union	anytime	0.65	0.35	0.35	0.30	real effect	200	57	0.00000	0.00000	1.00000	0.00000	57.000	$24.15-$25.32 (cap $87.30)
97	97	97	291	1.00	union	anytime	0.65	0.35	0.35	0.30	real effect	200	58	0.00000	0.00000	1.00000	0.00000	58.000	$24.15-$25.32 (cap $87.30)
97	97	97	291	1.00	union	anytime	0.65	0.35	0.35	0.30	real effect	200	59	0.00000	0.00000	1.00000	0.00000	59.000	$24.15-$25.32 (cap $87.30)
97	97	97	291	1.00	union	anytime	0.65	0.35	0.35	0.30	real effect	200	60	0.00000	0.00000	1.00000	0.00000	60.000	$24.15-$25.32 (cap $87.30)
97	97	97	291	1.00	union	anytime	0.65	0.35	0.35	0.30	real effect	200	61	0.00000	0.00000	1.00000	0.00000	61.000	$24.15-$25.32 (cap $87.30)
97	97	97	291	1.00	union	anytime	0.65	0.35	0.35	0.30	real effect	200	62	0.00000	0.00000	1.00000	0.00000	62.000	$24.15-$25.32 (cap $87.30)
97	97	97	291	1.00	union	anytime	0.65	0.35	0.35	0.30	real effect	200	63	0.00000	0.00000	1.00000	0.00000	63.000	$24.15-$25.32 (cap $87.30)
97	97	97	291	1.00	union	anytime	0.65	0.35	0.35	0.30	real effect	200	64	0.00000	0.00000	1.00000	0.00000	64.000	$24.15-$25.32 (cap $87.30)
97	97	97	291	1.00	union	anytime	0.65	0.35	0.35	0.30	real effect	200	65	0.00000	0.00000	1.00000	0.00000	65.000	$24.15-$25.32 (cap $87.30)
97	97	97	291	1.00	union	anytime	0.65	0.35	0.35	0.30	real effect	200	66	0.00000	0.00000	1.00000	0.00000	66.000	$24.15-$25.32 (cap $87.30)
97	97	97	291	1.00	union	anytime	0.65	0.35	0.35	0.30	real effect	200	67	0.00000	0.00000	1.00000	0.00000	67.000	$24.15-$25.32 (cap $87.30)
97	97	97	291	1.00	union	anytime	0.65	0.35	0.35	0.30	real effect	200	68	0.00000	0.00000	1.00000	0.00000	68.000	$24.15-$25.32 (cap $87.30)
97	97	97	291	1.00	union	anytime	0.65	0.35	0.35	0.30	real effect	200	69	0.00000	0.00000	1.00000	0.00000	69.000	$24.15-$25.32 (cap $87.30)
97	97	97	291	1.00	union	anytime	0.65	0.35	0.35	0.30	real effect	200	70	0.00000	0.00000	1.00000	0.00000	70.000	$24.15-$25.32 (cap $87.30)
97	97	97	291	1.00	union	anytime	0.65	0.35	0.35	0.30	real effect	200	71	0.00000	0.00000	1.00000	0.00000	71.000	$24.15-$25.32 (cap $87.30)
97	97	97	291	1.00	union	anytime	0.65	0.35	0.35	0.30	real effect	200	72	0.00000	0.00000	1.00000	0.00000	72.000	$24.15-$25.32 (cap $87.30)
97	97	97	291	1.00	union	anytime	0.65	0.35	0.35	0.30	real effect	200	73	0.00000	0.00000	1.00000	0.00000	73.000	$24.15-$25.32 (cap $87.30)
97	97	97	291	1.00	union	anytime	0.65	0.35	0.35	0.30	real effect	200	74	0.00000	0.00000	1.00000	0.00000	74.000	$24.15-$25.32 (cap $87.30)
97	97	97	291	1.00	union	anytime	0.65	0.35	0.35	0.30	real effect	200	75	0.00000	0.00000	1.00000	0.00000	75.000	$24.15-$25.32 (cap $87.30)
97	97	97	291	1.00	union	anytime	0.65	0.35	0.35	0.30	real effect	200	76	0.00000	0.00000	1.00000	0.00000	76.000	$24.15-$25.32 (cap $87.30)
97	97	97	291	1.00	union	anytime	0.65	0.35	0.35	0.30	real effect	200	77	0.00000	0.00000	1.00000	0.00000	77.000	$24.15-$25.32 (cap $87.30)
97	97	97	291	1.00	union	anytime	0.65	0.35	0.35	0.30	real effect	200	78	0.00000	0.00000	1.00000	0.00000	78.000	$24.15-$25.32 (cap $87.30)
97	97	97	291	1.00	union	anytime	0.65	0.35	0.35	0.30	real effect	200	79	0.00000	0.00000	1.00000	0.00000	79.000	$24.15-$25.32 (cap $87.30)
97	97	97	291	1.00	union	anytime	0.65	0.35	0.35	0.30	real effect	200	80	0.00000	0.00000	1.00000	0.00000	80.000	$24.15-$25.32 (cap $87.30)
97	97	97	291	1.00	union	anytime	0.65	0.35	0.35	0.30	real effect	200	81	0.00000	0.00000	1.00000	0.00000	81.000	$24.15-$25.32 (cap $87.30)
97	97	97	291	1.00	union	anytime	0.65	0.35	0.35	0.30	real effect	200	82	0.00000	0.00000	1.00000	0.00000	82.000	$24.15-$25.32 (cap $87.30)
97	97	97	291	1.00	union	anytime	0.65	0.35	0.35	0.30	real effect	200	83	0.00000	0.00000	1.00000	0.00000	83.000	$24.15-$25.32 (cap $87.30)
97	97	97	291	1.00	union	anytime	0.65	0.35	0.35	0.30	real effect	200	84	0.00000	0.00000	1.00000	0.00000	84.000	$24.15-$25.32 (cap $87.30)
97	97	97	291	1.00	union	anytime	0.65	0.35	0.35	0.30	real effect	200	85	0.00000	0.00000	1.00000	0.00000	85.000	$24.15-$25.32 (cap $87.30)
97	97	97	291	1.00	union	anytime	0.65	0.35	0.35	0.30	real effect	200	86	0.00000	0.00000	1.00000	0.00000	86.000	$24.15-$25.32 (cap $87.30)
97	97	97	291	1.00	union	anytime	0.65	0.35	0.35	0.30	real effect	200	87	0.00000	0.00000	1.00000	0.00000	87.000	$24.15-$25.32 (cap $87.30)
97	97	97	291	1.00	union	anytime	0.65	0.35	0.35	0.30	real effect	200	88	0.00000	0.00000	1.00000	0.00000	88.000	$24.15-$25.32 (cap $87.30)
97	97	97	291	1.00	union	anytime	0.65	0.35	0.35	0.30	real effect	200	89	0.00000	0.00000	1.00000	0.00000	89.000	$24.15-$25.32 (cap $87.30)
97	97	97	291	1.00	union	anytime	0.65	0.35	0.35	0.30	real effect	200	90	0.00000	0.00000	1.00000	0.00000	90.000	$24.15-$25.32 (cap $87.30)
97	97	97	291	1.00	union	anytime	0.65	0.35	0.35	0.30	real effect	200	91	0.00000	0.00000	1.00000	0.00000	91.000	$24.15-$25.32 (cap $87.30)
97	97	97	291	1.00	union	anytime	0.65	0.35	0.35	0.30	real effect	200	92	0.00000	0.00000	1.00000	0.00000	92.000	$24.15-$25.32 (cap $87.30)
97	97	97	291	1.00	union	anytime	0.65	0.35	0.35	0.30	real effect	200	93	0.00000	0.00000	1.00000	0.00000	93.000	$24.15-$25.32 (cap $87.30)
97	97	97	291	1.00	union	anytime	0.65	0.35	0.35	0.30	real effect	200	94	0.00000	0.00000	1.00000	0.00000	94.000	$24.15-$25.32 (cap $87.30)
97	97	97	291	1.00	union	anytime	0.65	0.35	0.35	0.30	real effect	200	95	0.00000	0.00000	1.00000	0.00000	95.000	$24.15-$25.32 (cap $87.30)
97	97	97	291	1.00	union	anytime	0.65	0.35	0.35	0.30	real effect	200	96	0.00000	0.00000	1.00000	0.00000	96.000	$24.15-$25.32 (cap $87.30)
97	97	97	291	1.00	union	anytime	0.65	0.35	0.35	0.30	real effect	200	97	0.00000	0.00000	1.00000	0.00000	97.000	$24.15-$25.32 (cap $87.30)
97	97	48	242	0.50	union	anytime	0.65	0.35	0.35	0.30	real effect	200	1	0.00000	0.00000	1.00000	0.00000	1.000	$20.09-$21.05 (cap $72.60)
97	97	48	242	0.50	union	anytime	0.65	0.35	0.35	0.30	real effect	200	2	0.00000	0.00000	1.00000	0.00000	2.000	$20.09-$21.05 (cap $72.60)
97	97	48	242	0.50	union	anytime	0.65	0.35	0.35	0.30	real effect	200	3	0.00000	0.00000	1.00000	0.00000	3.000	$20.09-$21.05 (cap $72.60)
97	97	48	242	0.50	union	anytime	0.65	0.35	0.35	0.30	real effect	200	4	0.00000	0.00000	1.00000	0.00000	4.000	$20.09-$21.05 (cap $72.60)
97	97	48	242	0.50	union	anytime	0.65	0.35	0.35	0.30	real effect	200	5	0.00000	0.00000	1.00000	0.00000	5.000	$20.09-$21.05 (cap $72.60)
97	97	48	242	0.50	union	anytime	0.65	0.35	0.35	0.30	real effect	200	6	0.00000	0.00000	1.00000	0.00000	6.000	$20.09-$21.05 (cap $72.60)
97	97	48	242	0.50	union	anytime	0.65	0.35	0.35	0.30	real effect	200	7	0.00000	0.00000	1.00000	0.00000	7.000	$20.09-$21.05 (cap $72.60)
97	97	48	242	0.50	union	anytime	0.65	0.35	0.35	0.30	real effect	200	8	0.00000	0.00000	1.00000	0.00000	8.000	$20.09-$21.05 (cap $72.60)
97	97	48	242	0.50	union	anytime	0.65	0.35	0.35	0.30	real effect	200	9	0.00000	0.00000	1.00000	0.00000	9.000	$20.09-$21.05 (cap $72.60)
97	97	48	242	0.50	union	anytime	0.65	0.35	0.35	0.30	real effect	200	10	0.00000	0.00000	1.00000	0.00000	10.000	$20.09-$21.05 (cap $72.60)
97	97	48	242	0.50	union	anytime	0.65	0.35	0.35	0.30	real effect	200	11	0.00000	0.00000	1.00000	0.00000	11.000	$20.09-$21.05 (cap $72.60)
97	97	48	242	0.50	union	anytime	0.65	0.35	0.35	0.30	real effect	200	12	0.00000	0.00000	1.00000	0.00000	12.000	$20.09-$21.05 (cap $72.60)
97	97	48	242	0.50	union	anytime	0.65	0.35	0.35	0.30	real effect	200	13	0.00000	0.00000	1.00000	0.00000	13.000	$20.09-$21.05 (cap $72.60)
97	97	48	242	0.50	union	anytime	0.65	0.35	0.35	0.30	real effect	200	14	0.00000	0.00000	1.00000	0.00000	14.000	$20.09-$21.05 (cap $72.60)
97	97	48	242	0.50	union	anytime	0.65	0.35	0.35	0.30	real effect	200	15	0.00000	0.00000	1.00000	0.00000	15.000	$20.09-$21.05 (cap $72.60)
97	97	48	242	0.50	union	anytime	0.65	0.35	0.35	0.30	real effect	200	16	0.00000	0.00000	1.00000	0.00000	16.000	$20.09-$21.05 (cap $72.60)
97	97	48	242	0.50	union	anytime	0.65	0.35	0.35	0.30	real effect	200	17	0.00000	0.00000	1.00000	0.00000	17.000	$20.09-$21.05 (cap $72.60)
97	97	48	242	0.50	union	anytime	0.65	0.35	0.35	0.30	real effect	200	18	0.00000	0.00000	1.00000	0.00000	18.000	$20.09-$21.05 (cap $72.60)
97	97	48	242	0.50	union	anytime	0.65	0.35	0.35	0.30	real effect	200	19	0.00000	0.00000	1.00000	0.00000	19.000	$20.09-$21.05 (cap $72.60)
97	97	48	242	0.50	union	anytime	0.65	0.35	0.35	0.30	real effect	200	20	0.00000	0.00000	1.00000	0.00000	20.000	$20.09-$21.05 (cap $72.60)
97	97	48	242	0.50	union	anytime	0.65	0.35	0.35	0.30	real effect	200	21	0.00000	0.00000	1.00000	0.00000	21.000	$20.09-$21.05 (cap $72.60)
97	97	48	242	0.50	union	anytime	0.65	0.35	0.35	0.30	real effect	200	22	0.00000	0.00000	1.00000	0.00000	22.000	$20.09-$21.05 (cap $72.60)
97	97	48	242	0.50	union	anytime	0.65	0.35	0.35	0.30	real effect	200	23	0.00000	0.00000	1.00000	0.00000	23.000	$20.09-$21.05 (cap $72.60)
97	97	48	242	0.50	union	anytime	0.65	0.35	0.35	0.30	real effect	200	24	0.00000	0.00000	1.00000	0.00000	24.000	$20.09-$21.05 (cap $72.60)
97	97	48	242	0.50	union	anytime	0.65	0.35	0.35	0.30	real effect	200	25	0.00000	0.00000	1.00000	0.00000	25.000	$20.09-$21.05 (cap $72.60)
97	97	48	242	0.50	union	anytime	0.65	0.35	0.35	0.30	real effect	200	26	0.00000	0.00000	1.00000	0.00000	26.000	$20.09-$21.05 (cap $72.60)
97	97	48	242	0.50	union	anytime	0.65	0.35	0.35	0.30	real effect	200	27	0.00000	0.00000	1.00000	0.00000	27.000	$20.09-$21.05 (cap $72.60)
97	97	48	242	0.50	union	anytime	0.65	0.35	0.35	0.30	real effect	200	28	0.00000	0.00000	1.00000	0.00000	28.000	$20.09-$21.05 (cap $72.60)
97	97	48	242	0.50	union	anytime	0.65	0.35	0.35	0.30	real effect	200	29	0.00000	0.00000	1.00000	0.00000	29.000	$20.09-$21.05 (cap $72.60)
97	97	48	242	0.50	union	anytime	0.65	0.35	0.35	0.30	real effect	200	30	0.00000	0.00000	1.00000	0.00000	30.000	$20.09-$21.05 (cap $72.60)
97	97	48	242	0.50	union	anytime	0.65	0.35	0.35	0.30	real effect	200	31	0.00000	0.00000	1.00000	0.00000	31.000	$20.09-$21.05 (cap $72.60)
97	97	48	242	0.50	union	anytime	0.65	0.35	0.35	0.30	real effect	200	32	0.00000	0.00000	1.00000	0.00000	32.000	$20.09-$21.05 (cap $72.60)
97	97	48	242	0.50	union	anytime	0.65	0.35	0.35	0.30	real effect	200	33	0.00000	0.00000	1.00000	0.00000	33.000	$20.09-$21.05 (cap $72.60)
97	97	48	242	0.50	union	anytime	0.65	0.35	0.35	0.30	real effect	200	34	0.00000	0.00000	1.00000	0.00000	34.000	$20.09-$21.05 (cap $72.60)
97	97	48	242	0.50	union	anytime	0.65	0.35	0.35	0.30	real effect	200	35	0.00000	0.00000	1.00000	0.00000	35.000	$20.09-$21.05 (cap $72.60)
97	97	48	242	0.50	union	anytime	0.65	0.35	0.35	0.30	real effect	200	36	0.00000	0.00000	1.00000	0.00000	36.000	$20.09-$21.05 (cap $72.60)
97	97	48	242	0.50	union	anytime	0.65	0.35	0.35	0.30	real effect	200	37	0.00000	0.00000	1.00000	0.00000	37.000	$20.09-$21.05 (cap $72.60)
97	97	48	242	0.50	union	anytime	0.65	0.35	0.35	0.30	real effect	200	38	0.00000	0.00000	1.00000	0.00000	38.000	$20.09-$21.05 (cap $72.60)
97	97	48	242	0.50	union	anytime	0.65	0.35	0.35	0.30	real effect	200	39	0.00000	0.00000	1.00000	0.00000	39.000	$20.09-$21.05 (cap $72.60)
97	97	48	242	0.50	union	anytime	0.65	0.35	0.35	0.30	real effect	200	40	0.00000	0.00000	1.00000	0.00000	40.000	$20.09-$21.05 (cap $72.60)
97	97	48	242	0.50	union	anytime	0.65	0.35	0.35	0.30	real effect	200	41	0.00000	0.00000	1.00000	0.00000	41.000	$20.09-$21.05 (cap $72.60)
97	97	48	242	0.50	union	anytime	0.65	0.35	0.35	0.30	real effect	200	42	0.00000	0.00000	1.00000	0.00000	42.000	$20.09-$21.05 (cap $72.60)
97	97	48	242	0.50	union	anytime	0.65	0.35	0.35	0.30	real effect	200	43	0.00000	0.00000	1.00000	0.00000	43.000	$20.09-$21.05 (cap $72.60)
97	97	48	242	0.50	union	anytime	0.65	0.35	0.35	0.30	real effect	200	44	0.00000	0.00000	1.00000	0.00000	44.000	$20.09-$21.05 (cap $72.60)
97	97	48	242	0.50	union	anytime	0.65	0.35	0.35	0.30	real effect	200	45	0.00000	0.00000	1.00000	0.00000	45.000	$20.09-$21.05 (cap $72.60)
97	97	48	242	0.50	union	anytime	0.65	0.35	0.35	0.30	real effect	200	46	0.00000	0.00000	1.00000	0.00000	46.000	$20.09-$21.05 (cap $72.60)
97	97	48	242	0.50	union	anytime	0.65	0.35	0.35	0.30	real effect	200	47	0.00000	0.00000	1.00000	0.00000	47.000	$20.09-$21.05 (cap $72.60)
97	97	48	242	0.50	union	anytime	0.65	0.35	0.35	0.30	real effect	200	48	0.00000	0.00000	1.00000	0.00000	48.000	$20.09-$21.05 (cap $72.60)
97	97	48	242	0.50	union	anytime	0.65	0.35	0.35	0.30	real effect	200	49	0.00000	0.00000	1.00000	0.00000	49.000	$20.09-$21.05 (cap $72.60)
97	97	48	242	0.50	union	anytime	0.65	0.35	0.35	0.30	real effect	200	50	0.00000	0.00000	1.00000	0.00000	50.000	$20.09-$21.05 (cap $72.60)
97	97	48	242	0.50	union	anytime	0.65	0.35	0.35	0.30	real effect	200	51	0.00000	0.00000	1.00000	0.00000	51.000	$20.09-$21.05 (cap $72.60)
97	97	48	242	0.50	union	anytime	0.65	0.35	0.35	0.30	real effect	200	52	0.00000	0.00000	1.00000	0.00000	52.000	$20.09-$21.05 (cap $72.60)
97	97	48	242	0.50	union	anytime	0.65	0.35	0.35	0.30	real effect	200	53	0.00000	0.00000	1.00000	0.00000	53.000	$20.09-$21.05 (cap $72.60)
97	97	48	242	0.50	union	anytime	0.65	0.35	0.35	0.30	real effect	200	54	0.00000	0.00000	1.00000	0.00000	54.000	$20.09-$21.05 (cap $72.60)
97	97	48	242	0.50	union	anytime	0.65	0.35	0.35	0.30	real effect	200	55	0.00000	0.00000	1.00000	0.00000	55.000	$20.09-$21.05 (cap $72.60)
97	97	48	242	0.50	union	anytime	0.65	0.35	0.35	0.30	real effect	200	56	0.00000	0.00000	1.00000	0.00000	56.000	$20.09-$21.05 (cap $72.60)
97	97	48	242	0.50	union	anytime	0.65	0.35	0.35	0.30	real effect	200	57	0.00000	0.00000	1.00000	0.00000	57.000	$20.09-$21.05 (cap $72.60)
97	97	48	242	0.50	union	anytime	0.65	0.35	0.35	0.30	real effect	200	58	0.00000	0.00000	1.00000	0.00000	58.000	$20.09-$21.05 (cap $72.60)
97	97	48	242	0.50	union	anytime	0.65	0.35	0.35	0.30	real effect	200	59	0.00000	0.00000	1.00000	0.00000	59.000	$20.09-$21.05 (cap $72.60)
97	97	48	242	0.50	union	anytime	0.65	0.35	0.35	0.30	real effect	200	60	0.00000	0.00000	1.00000	0.00000	60.000	$20.09-$21.05 (cap $72.60)
97	97	48	242	0.50	union	anytime	0.65	0.35	0.35	0.30	real effect	200	61	0.00000	0.00000	1.00000	0.00000	61.000	$20.09-$21.05 (cap $72.60)
97	97	48	242	0.50	union	anytime	0.65	0.35	0.35	0.30	real effect	200	62	0.00000	0.00000	1.00000	0.00000	62.000	$20.09-$21.05 (cap $72.60)
97	97	48	242	0.50	union	anytime	0.65	0.35	0.35	0.30	real effect	200	63	0.00000	0.00000	1.00000	0.00000	63.000	$20.09-$21.05 (cap $72.60)
97	97	48	242	0.50	union	anytime	0.65	0.35	0.35	0.30	real effect	200	64	0.00000	0.00000	1.00000	0.00000	64.000	$20.09-$21.05 (cap $72.60)
97	97	48	242	0.50	union	anytime	0.65	0.35	0.35	0.30	real effect	200	65	0.00000	0.00000	1.00000	0.00000	65.000	$20.09-$21.05 (cap $72.60)
97	97	48	242	0.50	union	anytime	0.65	0.35	0.35	0.30	real effect	200	66	0.00000	0.00000	1.00000	0.00000	66.000	$20.09-$21.05 (cap $72.60)
97	97	48	242	0.50	union	anytime	0.65	0.35	0.35	0.30	real effect	200	67	0.00000	0.00000	1.00000	0.00000	67.000	$20.09-$21.05 (cap $72.60)
97	97	48	242	0.50	union	anytime	0.65	0.35	0.35	0.30	real effect	200	68	0.00000	0.00000	1.00000	0.00000	68.000	$20.09-$21.05 (cap $72.60)
97	97	48	242	0.50	union	anytime	0.65	0.35	0.35	0.30	real effect	200	69	0.00000	0.00000	1.00000	0.00000	69.000	$20.09-$21.05 (cap $72.60)
97	97	48	242	0.50	union	anytime	0.65	0.35	0.35	0.30	real effect	200	70	0.00000	0.00000	1.00000	0.00000	70.000	$20.09-$21.05 (cap $72.60)
97	97	48	242	0.50	union	anytime	0.65	0.35	0.35	0.30	real effect	200	71	0.00000	0.00000	1.00000	0.00000	71.000	$20.09-$21.05 (cap $72.60)
97	97	48	242	0.50	union	anytime	0.65	0.35	0.35	0.30	real effect	200	72	0.00000	0.00000	1.00000	0.00000	72.000	$20.09-$21.05 (cap $72.60)
97	97	48	242	0.50	union	anytime	0.65	0.35	0.35	0.30	real effect	200	73	0.00000	0.00000	1.00000	0.00000	73.000	$20.09-$21.05 (cap $72.60)
97	97	48	242	0.50	union	anytime	0.65	0.35	0.35	0.30	real effect	200	74	0.00000	0.00000	1.00000	0.00000	74.000	$20.09-$21.05 (cap $72.60)
97	97	48	242	0.50	union	anytime	0.65	0.35	0.35	0.30	real effect	200	75	0.00000	0.00000	1.00000	0.00000	75.000	$20.09-$21.05 (cap $72.60)
97	97	48	242	0.50	union	anytime	0.65	0.35	0.35	0.30	real effect	200	76	0.00000	0.00000	1.00000	0.00000	76.000	$20.09-$21.05 (cap $72.60)
97	97	48	242	0.50	union	anytime	0.65	0.35	0.35	0.30	real effect	200	77	0.00000	0.00000	1.00000	0.00000	77.000	$20.09-$21.05 (cap $72.60)
97	97	48	242	0.50	union	anytime	0.65	0.35	0.35	0.30	real effect	200	78	0.00000	0.00000	1.00000	0.00000	78.000	$20.09-$21.05 (cap $72.60)
97	97	48	242	0.50	union	anytime	0.65	0.35	0.35	0.30	real effect	200	79	0.00000	0.00000	1.00000	0.00000	79.000	$20.09-$21.05 (cap $72.60)
97	97	48	242	0.50	union	anytime	0.65	0.35	0.35	0.30	real effect	200	80	0.00000	0.00000	1.00000	0.00000	80.000	$20.09-$21.05 (cap $72.60)
97	97	48	242	0.50	union	anytime	0.65	0.35	0.35	0.30	real effect	200	81	0.00000	0.00000	1.00000	0.00000	81.000	$20.09-$21.05 (cap $72.60)
97	97	48	242	0.50	union	anytime	0.65	0.35	0.35	0.30	real effect	200	82	0.00000	0.00000	1.00000	0.00000	82.000	$20.09-$21.05 (cap $72.60)
97	97	48	242	0.50	union	anytime	0.65	0.35	0.35	0.30	real effect	200	83	0.00000	0.00000	1.00000	0.00000	83.000	$20.09-$21.05 (cap $72.60)
97	97	48	242	0.50	union	anytime	0.65	0.35	0.35	0.30	real effect	200	84	0.00000	0.00000	1.00000	0.00000	84.000	$20.09-$21.05 (cap $72.60)
97	97	48	242	0.50	union	anytime	0.65	0.35	0.35	0.30	real effect	200	85	0.00000	0.00000	1.00000	0.00000	85.000	$20.09-$21.05 (cap $72.60)
97	97	48	242	0.50	union	anytime	0.65	0.35	0.35	0.30	real effect	200	86	0.00000	0.00000	1.00000	0.00000	86.000	$20.09-$21.05 (cap $72.60)
97	97	48	242	0.50	union	anytime	0.65	0.35	0.35	0.30	real effect	200	87	0.00000	0.00000	1.00000	0.00000	87.000	$20.09-$21.05 (cap $72.60)
97	97	48	242	0.50	union	anytime	0.65	0.35	0.35	0.30	real effect	200	88	0.00000	0.00000	1.00000	0.00000	88.000	$20.09-$21.05 (cap $72.60)
97	97	48	242	0.50	union	anytime	0.65	0.35	0.35	0.30	real effect	200	89	0.00000	0.00000	1.00000	0.00000	89.000	$20.09-$21.05 (cap $72.60)
97	97	48	242	0.50	union	anytime	0.65	0.35	0.35	0.30	real effect	200	90	0.00000	0.00000	1.00000	0.00000	90.000	$20.09-$21.05 (cap $72.60)
97	97	48	242	0.50	union	anytime	0.65	0.35	0.35	0.30	real effect	200	91	0.00000	0.00000	1.00000	0.00000	91.000	$20.09-$21.05 (cap $72.60)
97	97	48	242	0.50	union	anytime	0.65	0.35	0.35	0.30	real effect	200	92	0.00000	0.00000	1.00000	0.00000	92.000	$20.09-$21.05 (cap $72.60)
97	97	48	242	0.50	union	anytime	0.65	0.35	0.35	0.30	real effect	200	93	0.00000	0.00000	1.00000	0.00000	93.000	$20.09-$21.05 (cap $72.60)
97	97	48	242	0.50	union	anytime	0.65	0.35	0.35	0.30	real effect	200	94	0.00000	0.00000	1.00000	0.00000	94.000	$20.09-$21.05 (cap $72.60)
97	97	48	242	0.50	union	anytime	0.65	0.35	0.35	0.30	real effect	200	95	0.00000	0.00000	1.00000	0.00000	95.000	$20.09-$21.05 (cap $72.60)
97	97	48	242	0.50	union	anytime	0.65	0.35	0.35	0.30	real effect	200	96	0.00000	0.00000	1.00000	0.00000	96.000	$20.09-$21.05 (cap $72.60)
97	97	48	242	0.50	union	anytime	0.65	0.35	0.35	0.30	real effect	200	97	0.00000	0.00000	1.00000	0.00000	97.000	$20.09-$21.05 (cap $72.60)
97	97	97	291	1.00	direct	anytime	0.65	0.35	0.35	0.30	real effect	200	1	0.00000	0.00000	1.00000	0.00000	1.000	$24.15-$25.32 (cap $87.30)
97	97	97	291	1.00	direct	anytime	0.65	0.35	0.35	0.30	real effect	200	2	0.00000	0.00000	1.00000	0.00000	2.000	$24.15-$25.32 (cap $87.30)
97	97	97	291	1.00	direct	anytime	0.65	0.35	0.35	0.30	real effect	200	3	0.00000	0.00000	1.00000	0.00000	3.000	$24.15-$25.32 (cap $87.30)
97	97	97	291	1.00	direct	anytime	0.65	0.35	0.35	0.30	real effect	200	4	0.00000	0.00000	1.00000	0.00000	4.000	$24.15-$25.32 (cap $87.30)
97	97	97	291	1.00	direct	anytime	0.65	0.35	0.35	0.30	real effect	200	5	0.00000	0.00000	1.00000	0.00000	5.000	$24.15-$25.32 (cap $87.30)
97	97	97	291	1.00	direct	anytime	0.65	0.35	0.35	0.30	real effect	200	6	0.00000	0.00000	1.00000	0.00000	6.000	$24.15-$25.32 (cap $87.30)
97	97	97	291	1.00	direct	anytime	0.65	0.35	0.35	0.30	real effect	200	7	0.00000	0.00000	1.00000	0.00000	7.000	$24.15-$25.32 (cap $87.30)
97	97	97	291	1.00	direct	anytime	0.65	0.35	0.35	0.30	real effect	200	8	0.00000	0.00000	1.00000	0.00000	8.000	$24.15-$25.32 (cap $87.30)
97	97	97	291	1.00	direct	anytime	0.65	0.35	0.35	0.30	real effect	200	9	0.00000	0.00000	1.00000	0.00000	9.000	$24.15-$25.32 (cap $87.30)
97	97	97	291	1.00	direct	anytime	0.65	0.35	0.35	0.30	real effect	200	10	0.00000	0.00000	1.00000	0.00000	10.000	$24.15-$25.32 (cap $87.30)
97	97	97	291	1.00	direct	anytime	0.65	0.35	0.35	0.30	real effect	200	11	0.00000	0.00000	1.00000	0.00000	11.000	$24.15-$25.32 (cap $87.30)
97	97	97	291	1.00	direct	anytime	0.65	0.35	0.35	0.30	real effect	200	12	0.00000	0.00000	1.00000	0.00000	12.000	$24.15-$25.32 (cap $87.30)
97	97	97	291	1.00	direct	anytime	0.65	0.35	0.35	0.30	real effect	200	13	0.00000	0.00000	1.00000	0.00000	13.000	$24.15-$25.32 (cap $87.30)
97	97	97	291	1.00	direct	anytime	0.65	0.35	0.35	0.30	real effect	200	14	0.00000	0.00000	1.00000	0.00000	14.000	$24.15-$25.32 (cap $87.30)
97	97	97	291	1.00	direct	anytime	0.65	0.35	0.35	0.30	real effect	200	15	0.00000	0.00000	1.00000	0.00000	15.000	$24.15-$25.32 (cap $87.30)
97	97	97	291	1.00	direct	anytime	0.65	0.35	0.35	0.30	real effect	200	16	0.00000	0.00000	1.00000	0.00000	16.000	$24.15-$25.32 (cap $87.30)
97	97	97	291	1.00	direct	anytime	0.65	0.35	0.35	0.30	real effect	200	17	0.00000	0.00000	1.00000	0.00000	17.000	$24.15-$25.32 (cap $87.30)
97	97	97	291	1.00	direct	anytime	0.65	0.35	0.35	0.30	real effect	200	18	0.00000	0.00000	1.00000	0.00000	18.000	$24.15-$25.32 (cap $87.30)
97	97	97	291	1.00	direct	anytime	0.65	0.35	0.35	0.30	real effect	200	19	0.00000	0.00000	1.00000	0.00000	19.000	$24.15-$25.32 (cap $87.30)
97	97	97	291	1.00	direct	anytime	0.65	0.35	0.35	0.30	real effect	200	20	0.00000	0.00000	1.00000	0.00000	20.000	$24.15-$25.32 (cap $87.30)
97	97	97	291	1.00	direct	anytime	0.65	0.35	0.35	0.30	real effect	200	21	0.00000	0.00000	1.00000	0.00000	21.000	$24.15-$25.32 (cap $87.30)
97	97	97	291	1.00	direct	anytime	0.65	0.35	0.35	0.30	real effect	200	22	0.00500	0.00000	0.99500	0.00499	22.000	$24.15-$25.32 (cap $87.30)
97	97	97	291	1.00	direct	anytime	0.65	0.35	0.35	0.30	real effect	200	23	0.00500	0.00000	0.99500	0.00499	22.995	$24.15-$25.32 (cap $87.30)
97	97	97	291	1.00	direct	anytime	0.65	0.35	0.35	0.30	real effect	200	24	0.00500	0.00000	0.99500	0.00499	23.990	$24.15-$25.32 (cap $87.30)
97	97	97	291	1.00	direct	anytime	0.65	0.35	0.35	0.30	real effect	200	25	0.00500	0.00000	0.99500	0.00499	24.985	$24.15-$25.32 (cap $87.30)
97	97	97	291	1.00	direct	anytime	0.65	0.35	0.35	0.30	real effect	200	26	0.00500	0.00000	0.99500	0.00499	25.980	$24.15-$25.32 (cap $87.30)
97	97	97	291	1.00	direct	anytime	0.65	0.35	0.35	0.30	real effect	200	27	0.00500	0.00000	0.99500	0.00499	26.975	$24.15-$25.32 (cap $87.30)
97	97	97	291	1.00	direct	anytime	0.65	0.35	0.35	0.30	real effect	200	28	0.01000	0.00000	0.99000	0.00704	27.970	$24.15-$25.32 (cap $87.30)
97	97	97	291	1.00	direct	anytime	0.65	0.35	0.35	0.30	real effect	200	29	0.01000	0.00000	0.99000	0.00704	28.960	$24.15-$25.32 (cap $87.30)
97	97	97	291	1.00	direct	anytime	0.65	0.35	0.35	0.30	real effect	200	30	0.01000	0.00000	0.99000	0.00704	29.950	$24.15-$25.32 (cap $87.30)
97	97	97	291	1.00	direct	anytime	0.65	0.35	0.35	0.30	real effect	200	31	0.01000	0.00000	0.99000	0.00704	30.940	$24.15-$25.32 (cap $87.30)
97	97	97	291	1.00	direct	anytime	0.65	0.35	0.35	0.30	real effect	200	32	0.02000	0.00000	0.98000	0.00990	31.930	$24.15-$25.32 (cap $87.30)
97	97	97	291	1.00	direct	anytime	0.65	0.35	0.35	0.30	real effect	200	33	0.02000	0.00000	0.98000	0.00990	32.910	$24.15-$25.32 (cap $87.30)
97	97	97	291	1.00	direct	anytime	0.65	0.35	0.35	0.30	real effect	200	34	0.02000	0.00000	0.98000	0.00990	33.890	$24.15-$25.32 (cap $87.30)
97	97	97	291	1.00	direct	anytime	0.65	0.35	0.35	0.30	real effect	200	35	0.02000	0.00000	0.98000	0.00990	34.870	$24.15-$25.32 (cap $87.30)
97	97	97	291	1.00	direct	anytime	0.65	0.35	0.35	0.30	real effect	200	36	0.02000	0.00000	0.98000	0.00990	35.850	$24.15-$25.32 (cap $87.30)
97	97	97	291	1.00	direct	anytime	0.65	0.35	0.35	0.30	real effect	200	37	0.02000	0.00000	0.98000	0.00990	36.830	$24.15-$25.32 (cap $87.30)
97	97	97	291	1.00	direct	anytime	0.65	0.35	0.35	0.30	real effect	200	38	0.02000	0.00000	0.98000	0.00990	37.810	$24.15-$25.32 (cap $87.30)
97	97	97	291	1.00	direct	anytime	0.65	0.35	0.35	0.30	real effect	200	39	0.02000	0.00000	0.98000	0.00990	38.790	$24.15-$25.32 (cap $87.30)
97	97	97	291	1.00	direct	anytime	0.65	0.35	0.35	0.30	real effect	200	40	0.02000	0.00000	0.98000	0.00990	39.770	$24.15-$25.32 (cap $87.30)
97	97	97	291	1.00	direct	anytime	0.65	0.35	0.35	0.30	real effect	200	41	0.03000	0.00000	0.97000	0.01206	40.750	$24.15-$25.32 (cap $87.30)
97	97	97	291	1.00	direct	anytime	0.65	0.35	0.35	0.30	real effect	200	42	0.03500	0.00000	0.96500	0.01300	41.720	$24.15-$25.32 (cap $87.30)
97	97	97	291	1.00	direct	anytime	0.65	0.35	0.35	0.30	real effect	200	43	0.03500	0.00000	0.96500	0.01300	42.685	$24.15-$25.32 (cap $87.30)
97	97	97	291	1.00	direct	anytime	0.65	0.35	0.35	0.30	real effect	200	44	0.04000	0.00000	0.96000	0.01386	43.650	$24.15-$25.32 (cap $87.30)
97	97	97	291	1.00	direct	anytime	0.65	0.35	0.35	0.30	real effect	200	45	0.04500	0.00000	0.95500	0.01466	44.610	$24.15-$25.32 (cap $87.30)
97	97	97	291	1.00	direct	anytime	0.65	0.35	0.35	0.30	real effect	200	46	0.05500	0.00000	0.94500	0.01612	45.565	$24.15-$25.32 (cap $87.30)
97	97	97	291	1.00	direct	anytime	0.65	0.35	0.35	0.30	real effect	200	47	0.05500	0.00000	0.94500	0.01612	46.510	$24.15-$25.32 (cap $87.30)
97	97	97	291	1.00	direct	anytime	0.65	0.35	0.35	0.30	real effect	200	48	0.05500	0.00000	0.94500	0.01612	47.455	$24.15-$25.32 (cap $87.30)
97	97	97	291	1.00	direct	anytime	0.65	0.35	0.35	0.30	real effect	200	49	0.05500	0.00000	0.94500	0.01612	48.400	$24.15-$25.32 (cap $87.30)
97	97	97	291	1.00	direct	anytime	0.65	0.35	0.35	0.30	real effect	200	50	0.05500	0.00000	0.94500	0.01612	49.345	$24.15-$25.32 (cap $87.30)
97	97	97	291	1.00	direct	anytime	0.65	0.35	0.35	0.30	real effect	200	51	0.05500	0.00000	0.94500	0.01612	50.290	$24.15-$25.32 (cap $87.30)
97	97	97	291	1.00	direct	anytime	0.65	0.35	0.35	0.30	real effect	200	52	0.05500	0.00000	0.94500	0.01612	51.235	$24.15-$25.32 (cap $87.30)
97	97	97	291	1.00	direct	anytime	0.65	0.35	0.35	0.30	real effect	200	53	0.06000	0.00000	0.94000	0.01679	52.180	$24.15-$25.32 (cap $87.30)
97	97	97	291	1.00	direct	anytime	0.65	0.35	0.35	0.30	real effect	200	54	0.06000	0.00000	0.94000	0.01679	53.120	$24.15-$25.32 (cap $87.30)
97	97	97	291	1.00	direct	anytime	0.65	0.35	0.35	0.30	real effect	200	55	0.06000	0.00000	0.94000	0.01679	54.060	$24.15-$25.32 (cap $87.30)
97	97	97	291	1.00	direct	anytime	0.65	0.35	0.35	0.30	real effect	200	56	0.06000	0.00000	0.94000	0.01679	55.000	$24.15-$25.32 (cap $87.30)
97	97	97	291	1.00	direct	anytime	0.65	0.35	0.35	0.30	real effect	200	57	0.06000	0.00000	0.94000	0.01679	55.940	$24.15-$25.32 (cap $87.30)
97	97	97	291	1.00	direct	anytime	0.65	0.35	0.35	0.30	real effect	200	58	0.07000	0.00000	0.93000	0.01804	56.880	$24.15-$25.32 (cap $87.30)
97	97	97	291	1.00	direct	anytime	0.65	0.35	0.35	0.30	real effect	200	59	0.07000	0.00000	0.93000	0.01804	57.810	$24.15-$25.32 (cap $87.30)
97	97	97	291	1.00	direct	anytime	0.65	0.35	0.35	0.30	real effect	200	60	0.07500	0.00000	0.92500	0.01862	58.740	$24.15-$25.32 (cap $87.30)
97	97	97	291	1.00	direct	anytime	0.65	0.35	0.35	0.30	real effect	200	61	0.07500	0.00000	0.92500	0.01862	59.665	$24.15-$25.32 (cap $87.30)
97	97	97	291	1.00	direct	anytime	0.65	0.35	0.35	0.30	real effect	200	62	0.07500	0.00000	0.92500	0.01862	60.590	$24.15-$25.32 (cap $87.30)
97	97	97	291	1.00	direct	anytime	0.65	0.35	0.35	0.30	real effect	200	63	0.07500	0.00000	0.92500	0.01862	61.515	$24.15-$25.32 (cap $87.30)
97	97	97	291	1.00	direct	anytime	0.65	0.35	0.35	0.30	real effect	200	64	0.08000	0.00000	0.92000	0.01918	62.440	$24.15-$25.32 (cap $87.30)
97	97	97	291	1.00	direct	anytime	0.65	0.35	0.35	0.30	real effect	200	65	0.08000	0.00000	0.92000	0.01918	63.360	$24.15-$25.32 (cap $87.30)
97	97	97	291	1.00	direct	anytime	0.65	0.35	0.35	0.30	real effect	200	66	0.08000	0.00000	0.92000	0.01918	64.280	$24.15-$25.32 (cap $87.30)
97	97	97	291	1.00	direct	anytime	0.65	0.35	0.35	0.30	real effect	200	67	0.08000	0.00000	0.92000	0.01918	65.200	$24.15-$25.32 (cap $87.30)
97	97	97	291	1.00	direct	anytime	0.65	0.35	0.35	0.30	real effect	200	68	0.08000	0.00000	0.92000	0.01918	66.120	$24.15-$25.32 (cap $87.30)
97	97	97	291	1.00	direct	anytime	0.65	0.35	0.35	0.30	real effect	200	69	0.08000	0.00000	0.92000	0.01918	67.040	$24.15-$25.32 (cap $87.30)
97	97	97	291	1.00	direct	anytime	0.65	0.35	0.35	0.30	real effect	200	70	0.08000	0.00000	0.92000	0.01918	67.960	$24.15-$25.32 (cap $87.30)
97	97	97	291	1.00	direct	anytime	0.65	0.35	0.35	0.30	real effect	200	71	0.08000	0.00000	0.92000	0.01918	68.880	$24.15-$25.32 (cap $87.30)
97	97	97	291	1.00	direct	anytime	0.65	0.35	0.35	0.30	real effect	200	72	0.08000	0.00000	0.92000	0.01918	69.800	$24.15-$25.32 (cap $87.30)
97	97	97	291	1.00	direct	anytime	0.65	0.35	0.35	0.30	real effect	200	73	0.08500	0.00000	0.91500	0.01972	70.720	$24.15-$25.32 (cap $87.30)
97	97	97	291	1.00	direct	anytime	0.65	0.35	0.35	0.30	real effect	200	74	0.08500	0.00000	0.91500	0.01972	71.635	$24.15-$25.32 (cap $87.30)
97	97	97	291	1.00	direct	anytime	0.65	0.35	0.35	0.30	real effect	200	75	0.08500	0.00000	0.91500	0.01972	72.550	$24.15-$25.32 (cap $87.30)
97	97	97	291	1.00	direct	anytime	0.65	0.35	0.35	0.30	real effect	200	76	0.08500	0.00000	0.91500	0.01972	73.465	$24.15-$25.32 (cap $87.30)
97	97	97	291	1.00	direct	anytime	0.65	0.35	0.35	0.30	real effect	200	77	0.08500	0.00000	0.91500	0.01972	74.380	$24.15-$25.32 (cap $87.30)
97	97	97	291	1.00	direct	anytime	0.65	0.35	0.35	0.30	real effect	200	78	0.08500	0.00000	0.91500	0.01972	75.295	$24.15-$25.32 (cap $87.30)
97	97	97	291	1.00	direct	anytime	0.65	0.35	0.35	0.30	real effect	200	79	0.08500	0.00000	0.91500	0.01972	76.210	$24.15-$25.32 (cap $87.30)
97	97	97	291	1.00	direct	anytime	0.65	0.35	0.35	0.30	real effect	200	80	0.09000	0.00000	0.91000	0.02024	77.125	$24.15-$25.32 (cap $87.30)
97	97	97	291	1.00	direct	anytime	0.65	0.35	0.35	0.30	real effect	200	81	0.09000	0.00000	0.91000	0.02024	78.035	$24.15-$25.32 (cap $87.30)
97	97	97	291	1.00	direct	anytime	0.65	0.35	0.35	0.30	real effect	200	82	0.09500	0.00000	0.90500	0.02073	78.945	$24.15-$25.32 (cap $87.30)
97	97	97	291	1.00	direct	anytime	0.65	0.35	0.35	0.30	real effect	200	83	0.09500	0.00000	0.90500	0.02073	79.850	$24.15-$25.32 (cap $87.30)
97	97	97	291	1.00	direct	anytime	0.65	0.35	0.35	0.30	real effect	200	84	0.09500	0.00000	0.90500	0.02073	80.755	$24.15-$25.32 (cap $87.30)
97	97	97	291	1.00	direct	anytime	0.65	0.35	0.35	0.30	real effect	200	85	0.09500	0.00000	0.90500	0.02073	81.660	$24.15-$25.32 (cap $87.30)
97	97	97	291	1.00	direct	anytime	0.65	0.35	0.35	0.30	real effect	200	86	0.09500	0.00000	0.90500	0.02073	82.565	$24.15-$25.32 (cap $87.30)
97	97	97	291	1.00	direct	anytime	0.65	0.35	0.35	0.30	real effect	200	87	0.09500	0.00000	0.90500	0.02073	83.470	$24.15-$25.32 (cap $87.30)
97	97	97	291	1.00	direct	anytime	0.65	0.35	0.35	0.30	real effect	200	88	0.09500	0.00000	0.90500	0.02073	84.375	$24.15-$25.32 (cap $87.30)
97	97	97	291	1.00	direct	anytime	0.65	0.35	0.35	0.30	real effect	200	89	0.10000	0.00000	0.90000	0.02121	85.280	$24.15-$25.32 (cap $87.30)
97	97	97	291	1.00	direct	anytime	0.65	0.35	0.35	0.30	real effect	200	90	0.10000	0.00000	0.90000	0.02121	86.180	$24.15-$25.32 (cap $87.30)
97	97	97	291	1.00	direct	anytime	0.65	0.35	0.35	0.30	real effect	200	91	0.10000	0.00000	0.90000	0.02121	87.080	$24.15-$25.32 (cap $87.30)
97	97	97	291	1.00	direct	anytime	0.65	0.35	0.35	0.30	real effect	200	92	0.10000	0.00000	0.90000	0.02121	87.980	$24.15-$25.32 (cap $87.30)
97	97	97	291	1.00	direct	anytime	0.65	0.35	0.35	0.30	real effect	200	93	0.10000	0.00000	0.90000	0.02121	88.880	$24.15-$25.32 (cap $87.30)
97	97	97	291	1.00	direct	anytime	0.65	0.35	0.35	0.30	real effect	200	94	0.10000	0.00000	0.90000	0.02121	89.780	$24.15-$25.32 (cap $87.30)
97	97	97	291	1.00	direct	anytime	0.65	0.35	0.35	0.30	real effect	200	95	0.10000	0.00000	0.90000	0.02121	90.680	$24.15-$25.32 (cap $87.30)
97	97	97	291	1.00	direct	anytime	0.65	0.35	0.35	0.30	real effect	200	96	0.10000	0.00000	0.90000	0.02121	91.580	$24.15-$25.32 (cap $87.30)
97	97	97	291	1.00	direct	anytime	0.65	0.35	0.35	0.30	real effect	200	97	0.10000	0.00000	0.90000	0.02121	92.480	$24.15-$25.32 (cap $87.30)
97	97	97	291	1.00	union	anytime	0.75	0.35	0.35	0.40	real effect	200	1	0.00000	0.00000	1.00000	0.00000	1.000	$24.15-$25.32 (cap $87.30)
97	97	97	291	1.00	union	anytime	0.75	0.35	0.35	0.40	real effect	200	2	0.00000	0.00000	1.00000	0.00000	2.000	$24.15-$25.32 (cap $87.30)
97	97	97	291	1.00	union	anytime	0.75	0.35	0.35	0.40	real effect	200	3	0.00000	0.00000	1.00000	0.00000	3.000	$24.15-$25.32 (cap $87.30)
97	97	97	291	1.00	union	anytime	0.75	0.35	0.35	0.40	real effect	200	4	0.00000	0.00000	1.00000	0.00000	4.000	$24.15-$25.32 (cap $87.30)
97	97	97	291	1.00	union	anytime	0.75	0.35	0.35	0.40	real effect	200	5	0.00000	0.00000	1.00000	0.00000	5.000	$24.15-$25.32 (cap $87.30)
97	97	97	291	1.00	union	anytime	0.75	0.35	0.35	0.40	real effect	200	6	0.00000	0.00000	1.00000	0.00000	6.000	$24.15-$25.32 (cap $87.30)
97	97	97	291	1.00	union	anytime	0.75	0.35	0.35	0.40	real effect	200	7	0.00000	0.00000	1.00000	0.00000	7.000	$24.15-$25.32 (cap $87.30)
97	97	97	291	1.00	union	anytime	0.75	0.35	0.35	0.40	real effect	200	8	0.00000	0.00000	1.00000	0.00000	8.000	$24.15-$25.32 (cap $87.30)
97	97	97	291	1.00	union	anytime	0.75	0.35	0.35	0.40	real effect	200	9	0.00000	0.00000	1.00000	0.00000	9.000	$24.15-$25.32 (cap $87.30)
97	97	97	291	1.00	union	anytime	0.75	0.35	0.35	0.40	real effect	200	10	0.00000	0.00000	1.00000	0.00000	10.000	$24.15-$25.32 (cap $87.30)
97	97	97	291	1.00	union	anytime	0.75	0.35	0.35	0.40	real effect	200	11	0.00000	0.00000	1.00000	0.00000	11.000	$24.15-$25.32 (cap $87.30)
97	97	97	291	1.00	union	anytime	0.75	0.35	0.35	0.40	real effect	200	12	0.00000	0.00000	1.00000	0.00000	12.000	$24.15-$25.32 (cap $87.30)
97	97	97	291	1.00	union	anytime	0.75	0.35	0.35	0.40	real effect	200	13	0.00000	0.00000	1.00000	0.00000	13.000	$24.15-$25.32 (cap $87.30)
97	97	97	291	1.00	union	anytime	0.75	0.35	0.35	0.40	real effect	200	14	0.00000	0.00000	1.00000	0.00000	14.000	$24.15-$25.32 (cap $87.30)
97	97	97	291	1.00	union	anytime	0.75	0.35	0.35	0.40	real effect	200	15	0.00000	0.00000	1.00000	0.00000	15.000	$24.15-$25.32 (cap $87.30)
97	97	97	291	1.00	union	anytime	0.75	0.35	0.35	0.40	real effect	200	16	0.00000	0.00000	1.00000	0.00000	16.000	$24.15-$25.32 (cap $87.30)
97	97	97	291	1.00	union	anytime	0.75	0.35	0.35	0.40	real effect	200	17	0.00000	0.00000	1.00000	0.00000	17.000	$24.15-$25.32 (cap $87.30)
97	97	97	291	1.00	union	anytime	0.75	0.35	0.35	0.40	real effect	200	18	0.00000	0.00000	1.00000	0.00000	18.000	$24.15-$25.32 (cap $87.30)
97	97	97	291	1.00	union	anytime	0.75	0.35	0.35	0.40	real effect	200	19	0.00000	0.00000	1.00000	0.00000	19.000	$24.15-$25.32 (cap $87.30)
97	97	97	291	1.00	union	anytime	0.75	0.35	0.35	0.40	real effect	200	20	0.00000	0.00000	1.00000	0.00000	20.000	$24.15-$25.32 (cap $87.30)
97	97	97	291	1.00	union	anytime	0.75	0.35	0.35	0.40	real effect	200	21	0.00000	0.00000	1.00000	0.00000	21.000	$24.15-$25.32 (cap $87.30)
97	97	97	291	1.00	union	anytime	0.75	0.35	0.35	0.40	real effect	200	22	0.00000	0.00000	1.00000	0.00000	22.000	$24.15-$25.32 (cap $87.30)
97	97	97	291	1.00	union	anytime	0.75	0.35	0.35	0.40	real effect	200	23	0.00000	0.00000	1.00000	0.00000	23.000	$24.15-$25.32 (cap $87.30)
97	97	97	291	1.00	union	anytime	0.75	0.35	0.35	0.40	real effect	200	24	0.00000	0.00000	1.00000	0.00000	24.000	$24.15-$25.32 (cap $87.30)
97	97	97	291	1.00	union	anytime	0.75	0.35	0.35	0.40	real effect	200	25	0.00000	0.00000	1.00000	0.00000	25.000	$24.15-$25.32 (cap $87.30)
97	97	97	291	1.00	union	anytime	0.75	0.35	0.35	0.40	real effect	200	26	0.00000	0.00000	1.00000	0.00000	26.000	$24.15-$25.32 (cap $87.30)
97	97	97	291	1.00	union	anytime	0.75	0.35	0.35	0.40	real effect	200	27	0.00000	0.00000	1.00000	0.00000	27.000	$24.15-$25.32 (cap $87.30)
97	97	97	291	1.00	union	anytime	0.75	0.35	0.35	0.40	real effect	200	28	0.00000	0.00000	1.00000	0.00000	28.000	$24.15-$25.32 (cap $87.30)
97	97	97	291	1.00	union	anytime	0.75	0.35	0.35	0.40	real effect	200	29	0.00000	0.00000	1.00000	0.00000	29.000	$24.15-$25.32 (cap $87.30)
97	97	97	291	1.00	union	anytime	0.75	0.35	0.35	0.40	real effect	200	30	0.00000	0.00000	1.00000	0.00000	30.000	$24.15-$25.32 (cap $87.30)
97	97	97	291	1.00	union	anytime	0.75	0.35	0.35	0.40	real effect	200	31	0.00000	0.00000	1.00000	0.00000	31.000	$24.15-$25.32 (cap $87.30)
97	97	97	291	1.00	union	anytime	0.75	0.35	0.35	0.40	real effect	200	32	0.00000	0.00000	1.00000	0.00000	32.000	$24.15-$25.32 (cap $87.30)
97	97	97	291	1.00	union	anytime	0.75	0.35	0.35	0.40	real effect	200	33	0.00000	0.00000	1.00000	0.00000	33.000	$24.15-$25.32 (cap $87.30)
97	97	97	291	1.00	union	anytime	0.75	0.35	0.35	0.40	real effect	200	34	0.00000	0.00000	1.00000	0.00000	34.000	$24.15-$25.32 (cap $87.30)
97	97	97	291	1.00	union	anytime	0.75	0.35	0.35	0.40	real effect	200	35	0.00000	0.00000	1.00000	0.00000	35.000	$24.15-$25.32 (cap $87.30)
97	97	97	291	1.00	union	anytime	0.75	0.35	0.35	0.40	real effect	200	36	0.00500	0.00000	0.99500	0.00499	36.000	$24.15-$25.32 (cap $87.30)
97	97	97	291	1.00	union	anytime	0.75	0.35	0.35	0.40	real effect	200	37	0.00500	0.00000	0.99500	0.00499	36.995	$24.15-$25.32 (cap $87.30)
97	97	97	291	1.00	union	anytime	0.75	0.35	0.35	0.40	real effect	200	38	0.00500	0.00000	0.99500	0.00499	37.990	$24.15-$25.32 (cap $87.30)
97	97	97	291	1.00	union	anytime	0.75	0.35	0.35	0.40	real effect	200	39	0.00500	0.00000	0.99500	0.00499	38.985	$24.15-$25.32 (cap $87.30)
97	97	97	291	1.00	union	anytime	0.75	0.35	0.35	0.40	real effect	200	40	0.01000	0.00000	0.99000	0.00704	39.980	$24.15-$25.32 (cap $87.30)
97	97	97	291	1.00	union	anytime	0.75	0.35	0.35	0.40	real effect	200	41	0.01000	0.00000	0.99000	0.00704	40.970	$24.15-$25.32 (cap $87.30)
97	97	97	291	1.00	union	anytime	0.75	0.35	0.35	0.40	real effect	200	42	0.01000	0.00000	0.99000	0.00704	41.960	$24.15-$25.32 (cap $87.30)
97	97	97	291	1.00	union	anytime	0.75	0.35	0.35	0.40	real effect	200	43	0.01000	0.00000	0.99000	0.00704	42.950	$24.15-$25.32 (cap $87.30)
97	97	97	291	1.00	union	anytime	0.75	0.35	0.35	0.40	real effect	200	44	0.01000	0.00000	0.99000	0.00704	43.940	$24.15-$25.32 (cap $87.30)
97	97	97	291	1.00	union	anytime	0.75	0.35	0.35	0.40	real effect	200	45	0.01000	0.00000	0.99000	0.00704	44.930	$24.15-$25.32 (cap $87.30)
97	97	97	291	1.00	union	anytime	0.75	0.35	0.35	0.40	real effect	200	46	0.01000	0.00000	0.99000	0.00704	45.920	$24.15-$25.32 (cap $87.30)
97	97	97	291	1.00	union	anytime	0.75	0.35	0.35	0.40	real effect	200	47	0.01000	0.00000	0.99000	0.00704	46.910	$24.15-$25.32 (cap $87.30)
97	97	97	291	1.00	union	anytime	0.75	0.35	0.35	0.40	real effect	200	48	0.01000	0.00000	0.99000	0.00704	47.900	$24.15-$25.32 (cap $87.30)
97	97	97	291	1.00	union	anytime	0.75	0.35	0.35	0.40	real effect	200	49	0.01000	0.00000	0.99000	0.00704	48.890	$24.15-$25.32 (cap $87.30)
97	97	97	291	1.00	union	anytime	0.75	0.35	0.35	0.40	real effect	200	50	0.01000	0.00000	0.99000	0.00704	49.880	$24.15-$25.32 (cap $87.30)
97	97	97	291	1.00	union	anytime	0.75	0.35	0.35	0.40	real effect	200	51	0.01000	0.00000	0.99000	0.00704	50.870	$24.15-$25.32 (cap $87.30)
97	97	97	291	1.00	union	anytime	0.75	0.35	0.35	0.40	real effect	200	52	0.01500	0.00000	0.98500	0.00860	51.860	$24.15-$25.32 (cap $87.30)
97	97	97	291	1.00	union	anytime	0.75	0.35	0.35	0.40	real effect	200	53	0.01500	0.00000	0.98500	0.00860	52.845	$24.15-$25.32 (cap $87.30)
97	97	97	291	1.00	union	anytime	0.75	0.35	0.35	0.40	real effect	200	54	0.01500	0.00000	0.98500	0.00860	53.830	$24.15-$25.32 (cap $87.30)
97	97	97	291	1.00	union	anytime	0.75	0.35	0.35	0.40	real effect	200	55	0.01500	0.00000	0.98500	0.00860	54.815	$24.15-$25.32 (cap $87.30)
97	97	97	291	1.00	union	anytime	0.75	0.35	0.35	0.40	real effect	200	56	0.02000	0.00000	0.98000	0.00990	55.800	$24.15-$25.32 (cap $87.30)
97	97	97	291	1.00	union	anytime	0.75	0.35	0.35	0.40	real effect	200	57	0.02000	0.00000	0.98000	0.00990	56.780	$24.15-$25.32 (cap $87.30)
97	97	97	291	1.00	union	anytime	0.75	0.35	0.35	0.40	real effect	200	58	0.02000	0.00000	0.98000	0.00990	57.760	$24.15-$25.32 (cap $87.30)
97	97	97	291	1.00	union	anytime	0.75	0.35	0.35	0.40	real effect	200	59	0.02500	0.00000	0.97500	0.01104	58.740	$24.15-$25.32 (cap $87.30)
97	97	97	291	1.00	union	anytime	0.75	0.35	0.35	0.40	real effect	200	60	0.02500	0.00000	0.97500	0.01104	59.715	$24.15-$25.32 (cap $87.30)
97	97	97	291	1.00	union	anytime	0.75	0.35	0.35	0.40	real effect	200	61	0.02500	0.00000	0.97500	0.01104	60.690	$24.15-$25.32 (cap $87.30)
97	97	97	291	1.00	union	anytime	0.75	0.35	0.35	0.40	real effect	200	62	0.02500	0.00000	0.97500	0.01104	61.665	$24.15-$25.32 (cap $87.30)
97	97	97	291	1.00	union	anytime	0.75	0.35	0.35	0.40	real effect	200	63	0.03000	0.00000	0.97000	0.01206	62.640	$24.15-$25.32 (cap $87.30)
97	97	97	291	1.00	union	anytime	0.75	0.35	0.35	0.40	real effect	200	64	0.03000	0.00000	0.97000	0.01206	63.610	$24.15-$25.32 (cap $87.30)
97	97	97	291	1.00	union	anytime	0.75	0.35	0.35	0.40	real effect	200	65	0.03000	0.00000	0.97000	0.01206	64.580	$24.15-$25.32 (cap $87.30)
97	97	97	291	1.00	union	anytime	0.75	0.35	0.35	0.40	real effect	200	66	0.03000	0.00000	0.97000	0.01206	65.550	$24.15-$25.32 (cap $87.30)
97	97	97	291	1.00	union	anytime	0.75	0.35	0.35	0.40	real effect	200	67	0.03000	0.00000	0.97000	0.01206	66.520	$24.15-$25.32 (cap $87.30)
97	97	97	291	1.00	union	anytime	0.75	0.35	0.35	0.40	real effect	200	68	0.03000	0.00000	0.97000	0.01206	67.490	$24.15-$25.32 (cap $87.30)
97	97	97	291	1.00	union	anytime	0.75	0.35	0.35	0.40	real effect	200	69	0.03000	0.00000	0.97000	0.01206	68.460	$24.15-$25.32 (cap $87.30)
97	97	97	291	1.00	union	anytime	0.75	0.35	0.35	0.40	real effect	200	70	0.03000	0.00000	0.97000	0.01206	69.430	$24.15-$25.32 (cap $87.30)
97	97	97	291	1.00	union	anytime	0.75	0.35	0.35	0.40	real effect	200	71	0.03000	0.00000	0.97000	0.01206	70.400	$24.15-$25.32 (cap $87.30)
97	97	97	291	1.00	union	anytime	0.75	0.35	0.35	0.40	real effect	200	72	0.03000	0.00000	0.97000	0.01206	71.370	$24.15-$25.32 (cap $87.30)
97	97	97	291	1.00	union	anytime	0.75	0.35	0.35	0.40	real effect	200	73	0.03000	0.00000	0.97000	0.01206	72.340	$24.15-$25.32 (cap $87.30)
97	97	97	291	1.00	union	anytime	0.75	0.35	0.35	0.40	real effect	200	74	0.03000	0.00000	0.97000	0.01206	73.310	$24.15-$25.32 (cap $87.30)
97	97	97	291	1.00	union	anytime	0.75	0.35	0.35	0.40	real effect	200	75	0.03000	0.00000	0.97000	0.01206	74.280	$24.15-$25.32 (cap $87.30)
97	97	97	291	1.00	union	anytime	0.75	0.35	0.35	0.40	real effect	200	76	0.03000	0.00000	0.97000	0.01206	75.250	$24.15-$25.32 (cap $87.30)
97	97	97	291	1.00	union	anytime	0.75	0.35	0.35	0.40	real effect	200	77	0.03000	0.00000	0.97000	0.01206	76.220	$24.15-$25.32 (cap $87.30)
97	97	97	291	1.00	union	anytime	0.75	0.35	0.35	0.40	real effect	200	78	0.03000	0.00000	0.97000	0.01206	77.190	$24.15-$25.32 (cap $87.30)
97	97	97	291	1.00	union	anytime	0.75	0.35	0.35	0.40	real effect	200	79	0.03000	0.00000	0.97000	0.01206	78.160	$24.15-$25.32 (cap $87.30)
97	97	97	291	1.00	union	anytime	0.75	0.35	0.35	0.40	real effect	200	80	0.03000	0.00000	0.97000	0.01206	79.130	$24.15-$25.32 (cap $87.30)
97	97	97	291	1.00	union	anytime	0.75	0.35	0.35	0.40	real effect	200	81	0.03000	0.00000	0.97000	0.01206	80.100	$24.15-$25.32 (cap $87.30)
97	97	97	291	1.00	union	anytime	0.75	0.35	0.35	0.40	real effect	200	82	0.03000	0.00000	0.97000	0.01206	81.070	$24.15-$25.32 (cap $87.30)
97	97	97	291	1.00	union	anytime	0.75	0.35	0.35	0.40	real effect	200	83	0.03500	0.00000	0.96500	0.01300	82.040	$24.15-$25.32 (cap $87.30)
97	97	97	291	1.00	union	anytime	0.75	0.35	0.35	0.40	real effect	200	84	0.03500	0.00000	0.96500	0.01300	83.005	$24.15-$25.32 (cap $87.30)
97	97	97	291	1.00	union	anytime	0.75	0.35	0.35	0.40	real effect	200	85	0.03500	0.00000	0.96500	0.01300	83.970	$24.15-$25.32 (cap $87.30)
97	97	97	291	1.00	union	anytime	0.75	0.35	0.35	0.40	real effect	200	86	0.04000	0.00000	0.96000	0.01386	84.935	$24.15-$25.32 (cap $87.30)
97	97	97	291	1.00	union	anytime	0.75	0.35	0.35	0.40	real effect	200	87	0.04000	0.00000	0.96000	0.01386	85.895	$24.15-$25.32 (cap $87.30)
97	97	97	291	1.00	union	anytime	0.75	0.35	0.35	0.40	real effect	200	88	0.04000	0.00000	0.96000	0.01386	86.855	$24.15-$25.32 (cap $87.30)
97	97	97	291	1.00	union	anytime	0.75	0.35	0.35	0.40	real effect	200	89	0.04500	0.00000	0.95500	0.01466	87.815	$24.15-$25.32 (cap $87.30)
97	97	97	291	1.00	union	anytime	0.75	0.35	0.35	0.40	real effect	200	90	0.04500	0.00000	0.95500	0.01466	88.770	$24.15-$25.32 (cap $87.30)
97	97	97	291	1.00	union	anytime	0.75	0.35	0.35	0.40	real effect	200	91	0.04500	0.00000	0.95500	0.01466	89.725	$24.15-$25.32 (cap $87.30)
97	97	97	291	1.00	union	anytime	0.75	0.35	0.35	0.40	real effect	200	92	0.04500	0.00000	0.95500	0.01466	90.680	$24.15-$25.32 (cap $87.30)
97	97	97	291	1.00	union	anytime	0.75	0.35	0.35	0.40	real effect	200	93	0.04500	0.00000	0.95500	0.01466	91.635	$24.15-$25.32 (cap $87.30)
97	97	97	291	1.00	union	anytime	0.75	0.35	0.35	0.40	real effect	200	94	0.05000	0.00000	0.95000	0.01541	92.590	$24.15-$25.32 (cap $87.30)
97	97	97	291	1.00	union	anytime	0.75	0.35	0.35	0.40	real effect	200	95	0.05000	0.00000	0.95000	0.01541	93.540	$24.15-$25.32 (cap $87.30)
97	97	97	291	1.00	union	anytime	0.75	0.35	0.35	0.40	real effect	200	96	0.05000	0.00000	0.95000	0.01541	94.490	$24.15-$25.32 (cap $87.30)
97	97	97	291	1.00	union	anytime	0.75	0.35	0.35	0.40	real effect	200	97	0.05500	0.00000	0.94500	0.01612	95.440	$24.15-$25.32 (cap $87.30)
97	97	48	242	0.50	union	anytime	0.75	0.35	0.35	0.40	real effect	200	1	0.00000	0.00000	1.00000	0.00000	1.000	$20.09-$21.05 (cap $72.60)
97	97	48	242	0.50	union	anytime	0.75	0.35	0.35	0.40	real effect	200	2	0.00000	0.00000	1.00000	0.00000	2.000	$20.09-$21.05 (cap $72.60)
97	97	48	242	0.50	union	anytime	0.75	0.35	0.35	0.40	real effect	200	3	0.00000	0.00000	1.00000	0.00000	3.000	$20.09-$21.05 (cap $72.60)
97	97	48	242	0.50	union	anytime	0.75	0.35	0.35	0.40	real effect	200	4	0.00000	0.00000	1.00000	0.00000	4.000	$20.09-$21.05 (cap $72.60)
97	97	48	242	0.50	union	anytime	0.75	0.35	0.35	0.40	real effect	200	5	0.00000	0.00000	1.00000	0.00000	5.000	$20.09-$21.05 (cap $72.60)
97	97	48	242	0.50	union	anytime	0.75	0.35	0.35	0.40	real effect	200	6	0.00000	0.00000	1.00000	0.00000	6.000	$20.09-$21.05 (cap $72.60)
97	97	48	242	0.50	union	anytime	0.75	0.35	0.35	0.40	real effect	200	7	0.00000	0.00000	1.00000	0.00000	7.000	$20.09-$21.05 (cap $72.60)
97	97	48	242	0.50	union	anytime	0.75	0.35	0.35	0.40	real effect	200	8	0.00000	0.00000	1.00000	0.00000	8.000	$20.09-$21.05 (cap $72.60)
97	97	48	242	0.50	union	anytime	0.75	0.35	0.35	0.40	real effect	200	9	0.00000	0.00000	1.00000	0.00000	9.000	$20.09-$21.05 (cap $72.60)
97	97	48	242	0.50	union	anytime	0.75	0.35	0.35	0.40	real effect	200	10	0.00000	0.00000	1.00000	0.00000	10.000	$20.09-$21.05 (cap $72.60)
97	97	48	242	0.50	union	anytime	0.75	0.35	0.35	0.40	real effect	200	11	0.00000	0.00000	1.00000	0.00000	11.000	$20.09-$21.05 (cap $72.60)
97	97	48	242	0.50	union	anytime	0.75	0.35	0.35	0.40	real effect	200	12	0.00000	0.00000	1.00000	0.00000	12.000	$20.09-$21.05 (cap $72.60)
97	97	48	242	0.50	union	anytime	0.75	0.35	0.35	0.40	real effect	200	13	0.00000	0.00000	1.00000	0.00000	13.000	$20.09-$21.05 (cap $72.60)
97	97	48	242	0.50	union	anytime	0.75	0.35	0.35	0.40	real effect	200	14	0.00000	0.00000	1.00000	0.00000	14.000	$20.09-$21.05 (cap $72.60)
97	97	48	242	0.50	union	anytime	0.75	0.35	0.35	0.40	real effect	200	15	0.00000	0.00000	1.00000	0.00000	15.000	$20.09-$21.05 (cap $72.60)
97	97	48	242	0.50	union	anytime	0.75	0.35	0.35	0.40	real effect	200	16	0.00000	0.00000	1.00000	0.00000	16.000	$20.09-$21.05 (cap $72.60)
97	97	48	242	0.50	union	anytime	0.75	0.35	0.35	0.40	real effect	200	17	0.00000	0.00000	1.00000	0.00000	17.000	$20.09-$21.05 (cap $72.60)
97	97	48	242	0.50	union	anytime	0.75	0.35	0.35	0.40	real effect	200	18	0.00000	0.00000	1.00000	0.00000	18.000	$20.09-$21.05 (cap $72.60)
97	97	48	242	0.50	union	anytime	0.75	0.35	0.35	0.40	real effect	200	19	0.00000	0.00000	1.00000	0.00000	19.000	$20.09-$21.05 (cap $72.60)
97	97	48	242	0.50	union	anytime	0.75	0.35	0.35	0.40	real effect	200	20	0.00000	0.00000	1.00000	0.00000	20.000	$20.09-$21.05 (cap $72.60)
97	97	48	242	0.50	union	anytime	0.75	0.35	0.35	0.40	real effect	200	21	0.00000	0.00000	1.00000	0.00000	21.000	$20.09-$21.05 (cap $72.60)
97	97	48	242	0.50	union	anytime	0.75	0.35	0.35	0.40	real effect	200	22	0.00000	0.00000	1.00000	0.00000	22.000	$20.09-$21.05 (cap $72.60)
97	97	48	242	0.50	union	anytime	0.75	0.35	0.35	0.40	real effect	200	23	0.00000	0.00000	1.00000	0.00000	23.000	$20.09-$21.05 (cap $72.60)
97	97	48	242	0.50	union	anytime	0.75	0.35	0.35	0.40	real effect	200	24	0.00000	0.00000	1.00000	0.00000	24.000	$20.09-$21.05 (cap $72.60)
97	97	48	242	0.50	union	anytime	0.75	0.35	0.35	0.40	real effect	200	25	0.00000	0.00000	1.00000	0.00000	25.000	$20.09-$21.05 (cap $72.60)
97	97	48	242	0.50	union	anytime	0.75	0.35	0.35	0.40	real effect	200	26	0.00000	0.00000	1.00000	0.00000	26.000	$20.09-$21.05 (cap $72.60)
97	97	48	242	0.50	union	anytime	0.75	0.35	0.35	0.40	real effect	200	27	0.00000	0.00000	1.00000	0.00000	27.000	$20.09-$21.05 (cap $72.60)
97	97	48	242	0.50	union	anytime	0.75	0.35	0.35	0.40	real effect	200	28	0.00000	0.00000	1.00000	0.00000	28.000	$20.09-$21.05 (cap $72.60)
97	97	48	242	0.50	union	anytime	0.75	0.35	0.35	0.40	real effect	200	29	0.00000	0.00000	1.00000	0.00000	29.000	$20.09-$21.05 (cap $72.60)
97	97	48	242	0.50	union	anytime	0.75	0.35	0.35	0.40	real effect	200	30	0.00000	0.00000	1.00000	0.00000	30.000	$20.09-$21.05 (cap $72.60)
97	97	48	242	0.50	union	anytime	0.75	0.35	0.35	0.40	real effect	200	31	0.00000	0.00000	1.00000	0.00000	31.000	$20.09-$21.05 (cap $72.60)
97	97	48	242	0.50	union	anytime	0.75	0.35	0.35	0.40	real effect	200	32	0.00000	0.00000	1.00000	0.00000	32.000	$20.09-$21.05 (cap $72.60)
97	97	48	242	0.50	union	anytime	0.75	0.35	0.35	0.40	real effect	200	33	0.00000	0.00000	1.00000	0.00000	33.000	$20.09-$21.05 (cap $72.60)
97	97	48	242	0.50	union	anytime	0.75	0.35	0.35	0.40	real effect	200	34	0.00000	0.00000	1.00000	0.00000	34.000	$20.09-$21.05 (cap $72.60)
97	97	48	242	0.50	union	anytime	0.75	0.35	0.35	0.40	real effect	200	35	0.00000	0.00000	1.00000	0.00000	35.000	$20.09-$21.05 (cap $72.60)
97	97	48	242	0.50	union	anytime	0.75	0.35	0.35	0.40	real effect	200	36	0.00000	0.00000	1.00000	0.00000	36.000	$20.09-$21.05 (cap $72.60)
97	97	48	242	0.50	union	anytime	0.75	0.35	0.35	0.40	real effect	200	37	0.00000	0.00000	1.00000	0.00000	37.000	$20.09-$21.05 (cap $72.60)
97	97	48	242	0.50	union	anytime	0.75	0.35	0.35	0.40	real effect	200	38	0.00000	0.00000	1.00000	0.00000	38.000	$20.09-$21.05 (cap $72.60)
97	97	48	242	0.50	union	anytime	0.75	0.35	0.35	0.40	real effect	200	39	0.00000	0.00000	1.00000	0.00000	39.000	$20.09-$21.05 (cap $72.60)
97	97	48	242	0.50	union	anytime	0.75	0.35	0.35	0.40	real effect	200	40	0.00500	0.00000	0.99500	0.00499	40.000	$20.09-$21.05 (cap $72.60)
97	97	48	242	0.50	union	anytime	0.75	0.35	0.35	0.40	real effect	200	41	0.00500	0.00000	0.99500	0.00499	40.995	$20.09-$21.05 (cap $72.60)
97	97	48	242	0.50	union	anytime	0.75	0.35	0.35	0.40	real effect	200	42	0.00500	0.00000	0.99500	0.00499	41.990	$20.09-$21.05 (cap $72.60)
97	97	48	242	0.50	union	anytime	0.75	0.35	0.35	0.40	real effect	200	43	0.00500	0.00000	0.99500	0.00499	42.985	$20.09-$21.05 (cap $72.60)
97	97	48	242	0.50	union	anytime	0.75	0.35	0.35	0.40	real effect	200	44	0.00500	0.00000	0.99500	0.00499	43.980	$20.09-$21.05 (cap $72.60)
97	97	48	242	0.50	union	anytime	0.75	0.35	0.35	0.40	real effect	200	45	0.00500	0.00000	0.99500	0.00499	44.975	$20.09-$21.05 (cap $72.60)
97	97	48	242	0.50	union	anytime	0.75	0.35	0.35	0.40	real effect	200	46	0.01000	0.00000	0.99000	0.00704	45.970	$20.09-$21.05 (cap $72.60)
97	97	48	242	0.50	union	anytime	0.75	0.35	0.35	0.40	real effect	200	47	0.01000	0.00000	0.99000	0.00704	46.960	$20.09-$21.05 (cap $72.60)
97	97	48	242	0.50	union	anytime	0.75	0.35	0.35	0.40	real effect	200	48	0.01000	0.00000	0.99000	0.00704	47.950	$20.09-$21.05 (cap $72.60)
97	97	48	242	0.50	union	anytime	0.75	0.35	0.35	0.40	real effect	200	49	0.01000	0.00000	0.99000	0.00704	48.940	$20.09-$21.05 (cap $72.60)
97	97	48	242	0.50	union	anytime	0.75	0.35	0.35	0.40	real effect	200	50	0.01000	0.00000	0.99000	0.00704	49.930	$20.09-$21.05 (cap $72.60)
97	97	48	242	0.50	union	anytime	0.75	0.35	0.35	0.40	real effect	200	51	0.01000	0.00000	0.99000	0.00704	50.920	$20.09-$21.05 (cap $72.60)
97	97	48	242	0.50	union	anytime	0.75	0.35	0.35	0.40	real effect	200	52	0.01000	0.00000	0.99000	0.00704	51.910	$20.09-$21.05 (cap $72.60)
97	97	48	242	0.50	union	anytime	0.75	0.35	0.35	0.40	real effect	200	53	0.01000	0.00000	0.99000	0.00704	52.900	$20.09-$21.05 (cap $72.60)
97	97	48	242	0.50	union	anytime	0.75	0.35	0.35	0.40	real effect	200	54	0.01000	0.00000	0.99000	0.00704	53.890	$20.09-$21.05 (cap $72.60)
97	97	48	242	0.50	union	anytime	0.75	0.35	0.35	0.40	real effect	200	55	0.01000	0.00000	0.99000	0.00704	54.880	$20.09-$21.05 (cap $72.60)
97	97	48	242	0.50	union	anytime	0.75	0.35	0.35	0.40	real effect	200	56	0.01000	0.00000	0.99000	0.00704	55.870	$20.09-$21.05 (cap $72.60)
97	97	48	242	0.50	union	anytime	0.75	0.35	0.35	0.40	real effect	200	57	0.01000	0.00000	0.99000	0.00704	56.860	$20.09-$21.05 (cap $72.60)
97	97	48	242	0.50	union	anytime	0.75	0.35	0.35	0.40	real effect	200	58	0.01000	0.00000	0.99000	0.00704	57.850	$20.09-$21.05 (cap $72.60)
97	97	48	242	0.50	union	anytime	0.75	0.35	0.35	0.40	real effect	200	59	0.01500	0.00000	0.98500	0.00860	58.840	$20.09-$21.05 (cap $72.60)
97	97	48	242	0.50	union	anytime	0.75	0.35	0.35	0.40	real effect	200	60	0.01500	0.00000	0.98500	0.00860	59.825	$20.09-$21.05 (cap $72.60)
97	97	48	242	0.50	union	anytime	0.75	0.35	0.35	0.40	real effect	200	61	0.02000	0.00000	0.98000	0.00990	60.810	$20.09-$21.05 (cap $72.60)
97	97	48	242	0.50	union	anytime	0.75	0.35	0.35	0.40	real effect	200	62	0.02000	0.00000	0.98000	0.00990	61.790	$20.09-$21.05 (cap $72.60)
97	97	48	242	0.50	union	anytime	0.75	0.35	0.35	0.40	real effect	200	63	0.02000	0.00000	0.98000	0.00990	62.770	$20.09-$21.05 (cap $72.60)
97	97	48	242	0.50	union	anytime	0.75	0.35	0.35	0.40	real effect	200	64	0.02500	0.00000	0.97500	0.01104	63.750	$20.09-$21.05 (cap $72.60)
97	97	48	242	0.50	union	anytime	0.75	0.35	0.35	0.40	real effect	200	65	0.02500	0.00000	0.97500	0.01104	64.725	$20.09-$21.05 (cap $72.60)
97	97	48	242	0.50	union	anytime	0.75	0.35	0.35	0.40	real effect	200	66	0.02500	0.00000	0.97500	0.01104	65.700	$20.09-$21.05 (cap $72.60)
97	97	48	242	0.50	union	anytime	0.75	0.35	0.35	0.40	real effect	200	67	0.02500	0.00000	0.97500	0.01104	66.675	$20.09-$21.05 (cap $72.60)
97	97	48	242	0.50	union	anytime	0.75	0.35	0.35	0.40	real effect	200	68	0.02500	0.00000	0.97500	0.01104	67.650	$20.09-$21.05 (cap $72.60)
97	97	48	242	0.50	union	anytime	0.75	0.35	0.35	0.40	real effect	200	69	0.02500	0.00000	0.97500	0.01104	68.625	$20.09-$21.05 (cap $72.60)
97	97	48	242	0.50	union	anytime	0.75	0.35	0.35	0.40	real effect	200	70	0.02500	0.00000	0.97500	0.01104	69.600	$20.09-$21.05 (cap $72.60)
97	97	48	242	0.50	union	anytime	0.75	0.35	0.35	0.40	real effect	200	71	0.02500	0.00000	0.97500	0.01104	70.575	$20.09-$21.05 (cap $72.60)
97	97	48	242	0.50	union	anytime	0.75	0.35	0.35	0.40	real effect	200	72	0.02500	0.00000	0.97500	0.01104	71.550	$20.09-$21.05 (cap $72.60)
97	97	48	242	0.50	union	anytime	0.75	0.35	0.35	0.40	real effect	200	73	0.02500	0.00000	0.97500	0.01104	72.525	$20.09-$21.05 (cap $72.60)
97	97	48	242	0.50	union	anytime	0.75	0.35	0.35	0.40	real effect	200	74	0.02500	0.00000	0.97500	0.01104	73.500	$20.09-$21.05 (cap $72.60)
97	97	48	242	0.50	union	anytime	0.75	0.35	0.35	0.40	real effect	200	75	0.02500	0.00000	0.97500	0.01104	74.475	$20.09-$21.05 (cap $72.60)
97	97	48	242	0.50	union	anytime	0.75	0.35	0.35	0.40	real effect	200	76	0.02500	0.00000	0.97500	0.01104	75.450	$20.09-$21.05 (cap $72.60)
97	97	48	242	0.50	union	anytime	0.75	0.35	0.35	0.40	real effect	200	77	0.02500	0.00000	0.97500	0.01104	76.425	$20.09-$21.05 (cap $72.60)
97	97	48	242	0.50	union	anytime	0.75	0.35	0.35	0.40	real effect	200	78	0.02500	0.00000	0.97500	0.01104	77.400	$20.09-$21.05 (cap $72.60)
97	97	48	242	0.50	union	anytime	0.75	0.35	0.35	0.40	real effect	200	79	0.02500	0.00000	0.97500	0.01104	78.375	$20.09-$21.05 (cap $72.60)
97	97	48	242	0.50	union	anytime	0.75	0.35	0.35	0.40	real effect	200	80	0.02500	0.00000	0.97500	0.01104	79.350	$20.09-$21.05 (cap $72.60)
97	97	48	242	0.50	union	anytime	0.75	0.35	0.35	0.40	real effect	200	81	0.02500	0.00000	0.97500	0.01104	80.325	$20.09-$21.05 (cap $72.60)
97	97	48	242	0.50	union	anytime	0.75	0.35	0.35	0.40	real effect	200	82	0.02500	0.00000	0.97500	0.01104	81.300	$20.09-$21.05 (cap $72.60)
97	97	48	242	0.50	union	anytime	0.75	0.35	0.35	0.40	real effect	200	83	0.02500	0.00000	0.97500	0.01104	82.275	$20.09-$21.05 (cap $72.60)
97	97	48	242	0.50	union	anytime	0.75	0.35	0.35	0.40	real effect	200	84	0.02500	0.00000	0.97500	0.01104	83.250	$20.09-$21.05 (cap $72.60)
97	97	48	242	0.50	union	anytime	0.75	0.35	0.35	0.40	real effect	200	85	0.02500	0.00000	0.97500	0.01104	84.225	$20.09-$21.05 (cap $72.60)
97	97	48	242	0.50	union	anytime	0.75	0.35	0.35	0.40	real effect	200	86	0.02500	0.00000	0.97500	0.01104	85.200	$20.09-$21.05 (cap $72.60)
97	97	48	242	0.50	union	anytime	0.75	0.35	0.35	0.40	real effect	200	87	0.02500	0.00000	0.97500	0.01104	86.175	$20.09-$21.05 (cap $72.60)
97	97	48	242	0.50	union	anytime	0.75	0.35	0.35	0.40	real effect	200	88	0.02500	0.00000	0.97500	0.01104	87.150	$20.09-$21.05 (cap $72.60)
97	97	48	242	0.50	union	anytime	0.75	0.35	0.35	0.40	real effect	200	89	0.02500	0.00000	0.97500	0.01104	88.125	$20.09-$21.05 (cap $72.60)
97	97	48	242	0.50	union	anytime	0.75	0.35	0.35	0.40	real effect	200	90	0.02500	0.00000	0.97500	0.01104	89.100	$20.09-$21.05 (cap $72.60)
97	97	48	242	0.50	union	anytime	0.75	0.35	0.35	0.40	real effect	200	91	0.02500	0.00000	0.97500	0.01104	90.075	$20.09-$21.05 (cap $72.60)
97	97	48	242	0.50	union	anytime	0.75	0.35	0.35	0.40	real effect	200	92	0.02500	0.00000	0.97500	0.01104	91.050	$20.09-$21.05 (cap $72.60)
97	97	48	242	0.50	union	anytime	0.75	0.35	0.35	0.40	real effect	200	93	0.02500	0.00000	0.97500	0.01104	92.025	$20.09-$21.05 (cap $72.60)
97	97	48	242	0.50	union	anytime	0.75	0.35	0.35	0.40	real effect	200	94	0.03000	0.00000	0.97000	0.01206	93.000	$20.09-$21.05 (cap $72.60)
97	97	48	242	0.50	union	anytime	0.75	0.35	0.35	0.40	real effect	200	95	0.03000	0.00000	0.97000	0.01206	93.970	$20.09-$21.05 (cap $72.60)
97	97	48	242	0.50	union	anytime	0.75	0.35	0.35	0.40	real effect	200	96	0.03000	0.00000	0.97000	0.01206	94.940	$20.09-$21.05 (cap $72.60)
97	97	48	242	0.50	union	anytime	0.75	0.35	0.35	0.40	real effect	200	97	0.03000	0.00000	0.97000	0.01206	95.910	$20.09-$21.05 (cap $72.60)
97	97	97	291	1.00	direct	anytime	0.75	0.35	0.35	0.40	real effect	200	1	0.00000	0.00000	1.00000	0.00000	1.000	$24.15-$25.32 (cap $87.30)
97	97	97	291	1.00	direct	anytime	0.75	0.35	0.35	0.40	real effect	200	2	0.00000	0.00000	1.00000	0.00000	2.000	$24.15-$25.32 (cap $87.30)
97	97	97	291	1.00	direct	anytime	0.75	0.35	0.35	0.40	real effect	200	3	0.00000	0.00000	1.00000	0.00000	3.000	$24.15-$25.32 (cap $87.30)
97	97	97	291	1.00	direct	anytime	0.75	0.35	0.35	0.40	real effect	200	4	0.00000	0.00000	1.00000	0.00000	4.000	$24.15-$25.32 (cap $87.30)
97	97	97	291	1.00	direct	anytime	0.75	0.35	0.35	0.40	real effect	200	5	0.00000	0.00000	1.00000	0.00000	5.000	$24.15-$25.32 (cap $87.30)
97	97	97	291	1.00	direct	anytime	0.75	0.35	0.35	0.40	real effect	200	6	0.00000	0.00000	1.00000	0.00000	6.000	$24.15-$25.32 (cap $87.30)
97	97	97	291	1.00	direct	anytime	0.75	0.35	0.35	0.40	real effect	200	7	0.00000	0.00000	1.00000	0.00000	7.000	$24.15-$25.32 (cap $87.30)
97	97	97	291	1.00	direct	anytime	0.75	0.35	0.35	0.40	real effect	200	8	0.00000	0.00000	1.00000	0.00000	8.000	$24.15-$25.32 (cap $87.30)
97	97	97	291	1.00	direct	anytime	0.75	0.35	0.35	0.40	real effect	200	9	0.00000	0.00000	1.00000	0.00000	9.000	$24.15-$25.32 (cap $87.30)
97	97	97	291	1.00	direct	anytime	0.75	0.35	0.35	0.40	real effect	200	10	0.00000	0.00000	1.00000	0.00000	10.000	$24.15-$25.32 (cap $87.30)
97	97	97	291	1.00	direct	anytime	0.75	0.35	0.35	0.40	real effect	200	11	0.00000	0.00000	1.00000	0.00000	11.000	$24.15-$25.32 (cap $87.30)
97	97	97	291	1.00	direct	anytime	0.75	0.35	0.35	0.40	real effect	200	12	0.00000	0.00000	1.00000	0.00000	12.000	$24.15-$25.32 (cap $87.30)
97	97	97	291	1.00	direct	anytime	0.75	0.35	0.35	0.40	real effect	200	13	0.00000	0.00000	1.00000	0.00000	13.000	$24.15-$25.32 (cap $87.30)
97	97	97	291	1.00	direct	anytime	0.75	0.35	0.35	0.40	real effect	200	14	0.00000	0.00000	1.00000	0.00000	14.000	$24.15-$25.32 (cap $87.30)
97	97	97	291	1.00	direct	anytime	0.75	0.35	0.35	0.40	real effect	200	15	0.00000	0.00000	1.00000	0.00000	15.000	$24.15-$25.32 (cap $87.30)
97	97	97	291	1.00	direct	anytime	0.75	0.35	0.35	0.40	real effect	200	16	0.00000	0.00000	1.00000	0.00000	16.000	$24.15-$25.32 (cap $87.30)
97	97	97	291	1.00	direct	anytime	0.75	0.35	0.35	0.40	real effect	200	17	0.00000	0.00000	1.00000	0.00000	17.000	$24.15-$25.32 (cap $87.30)
97	97	97	291	1.00	direct	anytime	0.75	0.35	0.35	0.40	real effect	200	18	0.00000	0.00000	1.00000	0.00000	18.000	$24.15-$25.32 (cap $87.30)
97	97	97	291	1.00	direct	anytime	0.75	0.35	0.35	0.40	real effect	200	19	0.00000	0.00000	1.00000	0.00000	19.000	$24.15-$25.32 (cap $87.30)
97	97	97	291	1.00	direct	anytime	0.75	0.35	0.35	0.40	real effect	200	20	0.00000	0.00000	1.00000	0.00000	20.000	$24.15-$25.32 (cap $87.30)
97	97	97	291	1.00	direct	anytime	0.75	0.35	0.35	0.40	real effect	200	21	0.00500	0.00000	0.99500	0.00499	21.000	$24.15-$25.32 (cap $87.30)
97	97	97	291	1.00	direct	anytime	0.75	0.35	0.35	0.40	real effect	200	22	0.00500	0.00000	0.99500	0.00499	21.995	$24.15-$25.32 (cap $87.30)
97	97	97	291	1.00	direct	anytime	0.75	0.35	0.35	0.40	real effect	200	23	0.01000	0.00000	0.99000	0.00704	22.990	$24.15-$25.32 (cap $87.30)
97	97	97	291	1.00	direct	anytime	0.75	0.35	0.35	0.40	real effect	200	24	0.01500	0.00000	0.98500	0.00860	23.980	$24.15-$25.32 (cap $87.30)
97	97	97	291	1.00	direct	anytime	0.75	0.35	0.35	0.40	real effect	200	25	0.01500	0.00000	0.98500	0.00860	24.965	$24.15-$25.32 (cap $87.30)
97	97	97	291	1.00	direct	anytime	0.75	0.35	0.35	0.40	real effect	200	26	0.02500	0.00000	0.97500	0.01104	25.950	$24.15-$25.32 (cap $87.30)
97	97	97	291	1.00	direct	anytime	0.75	0.35	0.35	0.40	real effect	200	27	0.03500	0.00000	0.96500	0.01300	26.925	$24.15-$25.32 (cap $87.30)
97	97	97	291	1.00	direct	anytime	0.75	0.35	0.35	0.40	real effect	200	28	0.04500	0.00000	0.95500	0.01466	27.890	$24.15-$25.32 (cap $87.30)
97	97	97	291	1.00	direct	anytime	0.75	0.35	0.35	0.40	real effect	200	29	0.05000	0.00000	0.95000	0.01541	28.845	$24.15-$25.32 (cap $87.30)
97	97	97	291	1.00	direct	anytime	0.75	0.35	0.35	0.40	real effect	200	30	0.05500	0.00000	0.94500	0.01612	29.795	$24.15-$25.32 (cap $87.30)
97	97	97	291	1.00	direct	anytime	0.75	0.35	0.35	0.40	real effect	200	31	0.05500	0.00000	0.94500	0.01612	30.740	$24.15-$25.32 (cap $87.30)
97	97	97	291	1.00	direct	anytime	0.75	0.35	0.35	0.40	real effect	200	32	0.06000	0.00000	0.94000	0.01679	31.685	$24.15-$25.32 (cap $87.30)
97	97	97	291	1.00	direct	anytime	0.75	0.35	0.35	0.40	real effect	200	33	0.07000	0.00000	0.93000	0.01804	32.625	$24.15-$25.32 (cap $87.30)
97	97	97	291	1.00	direct	anytime	0.75	0.35	0.35	0.40	real effect	200	34	0.07500	0.00000	0.92500	0.01862	33.555	$24.15-$25.32 (cap $87.30)
97	97	97	291	1.00	direct	anytime	0.75	0.35	0.35	0.40	real effect	200	35	0.08000	0.00000	0.92000	0.01918	34.480	$24.15-$25.32 (cap $87.30)
97	97	97	291	1.00	direct	anytime	0.75	0.35	0.35	0.40	real effect	200	36	0.10500	0.00000	0.89500	0.02168	35.400	$24.15-$25.32 (cap $87.30)
97	97	97	291	1.00	direct	anytime	0.75	0.35	0.35	0.40	real effect	200	37	0.12500	0.00000	0.87500	0.02339	36.295	$24.15-$25.32 (cap $87.30)
97	97	97	291	1.00	direct	anytime	0.75	0.35	0.35	0.40	real effect	200	38	0.13500	0.00000	0.86500	0.02416	37.170	$24.15-$25.32 (cap $87.30)
97	97	97	291	1.00	direct	anytime	0.75	0.35	0.35	0.40	real effect	200	39	0.14500	0.00000	0.85500	0.02490	38.035	$24.15-$25.32 (cap $87.30)
97	97	97	291	1.00	direct	anytime	0.75	0.35	0.35	0.40	real effect	200	40	0.15500	0.00000	0.84500	0.02559	38.890	$24.15-$25.32 (cap $87.30)
97	97	97	291	1.00	direct	anytime	0.75	0.35	0.35	0.40	real effect	200	41	0.15500	0.00000	0.84500	0.02559	39.735	$24.15-$25.32 (cap $87.30)
97	97	97	291	1.00	direct	anytime	0.75	0.35	0.35	0.40	real effect	200	42	0.15500	0.00000	0.84500	0.02559	40.580	$24.15-$25.32 (cap $87.30)
97	97	97	291	1.00	direct	anytime	0.75	0.35	0.35	0.40	real effect	200	43	0.15500	0.00000	0.84500	0.02559	41.425	$24.15-$25.32 (cap $87.30)
97	97	97	291	1.00	direct	anytime	0.75	0.35	0.35	0.40	real effect	200	44	0.16000	0.00000	0.84000	0.02592	42.270	$24.15-$25.32 (cap $87.30)
97	97	97	291	1.00	direct	anytime	0.75	0.35	0.35	0.40	real effect	200	45	0.17500	0.00000	0.82500	0.02687	43.110	$24.15-$25.32 (cap $87.30)
97	97	97	291	1.00	direct	anytime	0.75	0.35	0.35	0.40	real effect	200	46	0.18500	0.00000	0.81500	0.02746	43.935	$24.15-$25.32 (cap $87.30)
97	97	97	291	1.00	direct	anytime	0.75	0.35	0.35	0.40	real effect	200	47	0.19500	0.00000	0.80500	0.02802	44.750	$24.15-$25.32 (cap $87.30)
97	97	97	291	1.00	direct	anytime	0.75	0.35	0.35	0.40	real effect	200	48	0.20000	0.00000	0.80000	0.02828	45.555	$24.15-$25.32 (cap $87.30)
97	97	97	291	1.00	direct	anytime	0.75	0.35	0.35	0.40	real effect	200	49	0.20500	0.00000	0.79500	0.02855	46.355	$24.15-$25.32 (cap $87.30)
97	97	97	291	1.00	direct	anytime	0.75	0.35	0.35	0.40	real effect	200	50	0.22500	0.00000	0.77500	0.02953	47.150	$24.15-$25.32 (cap $87.30)
97	97	97	291	1.00	direct	anytime	0.75	0.35	0.35	0.40	real effect	200	51	0.22500	0.00000	0.77500	0.02953	47.925	$24.15-$25.32 (cap $87.30)
97	97	97	291	1.00	direct	anytime	0.75	0.35	0.35	0.40	real effect	200	52	0.23500	0.00000	0.76500	0.02998	48.700	$24.15-$25.32 (cap $87.30)
97	97	97	291	1.00	direct	anytime	0.75	0.35	0.35	0.40	real effect	200	53	0.24000	0.00000	0.76000	0.03020	49.465	$24.15-$25.32 (cap $87.30)
97	97	97	291	1.00	direct	anytime	0.75	0.35	0.35	0.40	real effect	200	54	0.25500	0.00000	0.74500	0.03082	50.225	$24.15-$25.32 (cap $87.30)
97	97	97	291	1.00	direct	anytime	0.75	0.35	0.35	0.40	real effect	200	55	0.26500	0.00000	0.73500	0.03121	50.970	$24.15-$25.32 (cap $87.30)
97	97	97	291	1.00	direct	anytime	0.75	0.35	0.35	0.40	real effect	200	56	0.27500	0.00000	0.72500	0.03157	51.705	$24.15-$25.32 (cap $87.30)
97	97	97	291	1.00	direct	anytime	0.75	0.35	0.35	0.40	real effect	200	57	0.28500	0.00000	0.71500	0.03192	52.430	$24.15-$25.32 (cap $87.30)
97	97	97	291	1.00	direct	anytime	0.75	0.35	0.35	0.40	real effect	200	58	0.29500	0.00000	0.70500	0.03225	53.145	$24.15-$25.32 (cap $87.30)
97	97	97	291	1.00	direct	anytime	0.75	0.35	0.35	0.40	real effect	200	59	0.30000	0.00000	0.70000	0.03240	53.850	$24.15-$25.32 (cap $87.30)
97	97	97	291	1.00	direct	anytime	0.75	0.35	0.35	0.40	real effect	200	60	0.30000	0.00000	0.70000	0.03240	54.550	$24.15-$25.32 (cap $87.30)
97	97	97	291	1.00	direct	anytime	0.75	0.35	0.35	0.40	real effect	200	61	0.33000	0.00000	0.67000	0.03325	55.250	$24.15-$25.32 (cap $87.30)
97	97	97	291	1.00	direct	anytime	0.75	0.35	0.35	0.40	real effect	200	62	0.35000	0.00000	0.65000	0.03373	55.920	$24.15-$25.32 (cap $87.30)
97	97	97	291	1.00	direct	anytime	0.75	0.35	0.35	0.40	real effect	200	63	0.35500	0.00000	0.64500	0.03384	56.570	$24.15-$25.32 (cap $87.30)
97	97	97	291	1.00	direct	anytime	0.75	0.35	0.35	0.40	real effect	200	64	0.35500	0.00000	0.64500	0.03384	57.215	$24.15-$25.32 (cap $87.30)
97	97	97	291	1.00	direct	anytime	0.75	0.35	0.35	0.40	real effect	200	65	0.35500	0.00000	0.64500	0.03384	57.860	$24.15-$25.32 (cap $87.30)
97	97	97	291	1.00	direct	anytime	0.75	0.35	0.35	0.40	real effect	200	66	0.36000	0.00000	0.64000	0.03394	58.505	$24.15-$25.32 (cap $87.30)
97	97	97	291	1.00	direct	anytime	0.75	0.35	0.35	0.40	real effect	200	67	0.38000	0.00000	0.62000	0.03432	59.145	$24.15-$25.32 (cap $87.30)
97	97	97	291	1.00	direct	anytime	0.75	0.35	0.35	0.40	real effect	200	68	0.38500	0.00000	0.61500	0.03441	59.765	$24.15-$25.32 (cap $87.30)
97	97	97	291	1.00	direct	anytime	0.75	0.35	0.35	0.40	real effect	200	69	0.39000	0.00000	0.61000	0.03449	60.380	$24.15-$25.32 (cap $87.30)
97	97	97	291	1.00	direct	anytime	0.75	0.35	0.35	0.40	real effect	200	70	0.39000	0.00000	0.61000	0.03449	60.990	$24.15-$25.32 (cap $87.30)
97	97	97	291	1.00	direct	anytime	0.75	0.35	0.35	0.40	real effect	200	71	0.39000	0.00000	0.61000	0.03449	61.600	$24.15-$25.32 (cap $87.30)
97	97	97	291	1.00	direct	anytime	0.75	0.35	0.35	0.40	real effect	200	72	0.39000	0.00000	0.61000	0.03449	62.210	$24.15-$25.32 (cap $87.30)
97	97	97	291	1.00	direct	anytime	0.75	0.35	0.35	0.40	real effect	200	73	0.39000	0.00000	0.61000	0.03449	62.820	$24.15-$25.32 (cap $87.30)
97	97	97	291	1.00	direct	anytime	0.75	0.35	0.35	0.40	real effect	200	74	0.39000	0.00000	0.61000	0.03449	63.430	$24.15-$25.32 (cap $87.30)
97	97	97	291	1.00	direct	anytime	0.75	0.35	0.35	0.40	real effect	200	75	0.41000	0.00000	0.59000	0.03478	64.040	$24.15-$25.32 (cap $87.30)
97	97	97	291	1.00	direct	anytime	0.75	0.35	0.35	0.40	real effect	200	76	0.41500	0.00000	0.58500	0.03484	64.630	$24.15-$25.32 (cap $87.30)
97	97	97	291	1.00	direct	anytime	0.75	0.35	0.35	0.40	real effect	200	77	0.43000	0.00000	0.57000	0.03501	65.215	$24.15-$25.32 (cap $87.30)
97	97	97	291	1.00	direct	anytime	0.75	0.35	0.35	0.40	real effect	200	78	0.44000	0.00000	0.56000	0.03510	65.785	$24.15-$25.32 (cap $87.30)
97	97	97	291	1.00	direct	anytime	0.75	0.35	0.35	0.40	real effect	200	79	0.45000	0.00000	0.55000	0.03518	66.345	$24.15-$25.32 (cap $87.30)
97	97	97	291	1.00	direct	anytime	0.75	0.35	0.35	0.40	real effect	200	80	0.46000	0.00000	0.54000	0.03524	66.895	$24.15-$25.32 (cap $87.30)
97	97	97	291	1.00	direct	anytime	0.75	0.35	0.35	0.40	real effect	200	81	0.46500	0.00000	0.53500	0.03527	67.435	$24.15-$25.32 (cap $87.30)
97	97	97	291	1.00	direct	anytime	0.75	0.35	0.35	0.40	real effect	200	82	0.48000	0.00000	0.52000	0.03533	67.970	$24.15-$25.32 (cap $87.30)
97	97	97	291	1.00	direct	anytime	0.75	0.35	0.35	0.40	real effect	200	83	0.49000	0.00000	0.51000	0.03535	68.490	$24.15-$25.32 (cap $87.30)
97	97	97	291	1.00	direct	anytime	0.75	0.35	0.35	0.40	real effect	200	84	0.49500	0.00000	0.50500	0.03535	69.000	$24.15-$25.32 (cap $87.30)
97	97	97	291	1.00	direct	anytime	0.75	0.35	0.35	0.40	real effect	200	85	0.50500	0.00000	0.49500	0.03535	69.505	$24.15-$25.32 (cap $87.30)
97	97	97	291	1.00	direct	anytime	0.75	0.35	0.35	0.40	real effect	200	86	0.51000	0.00000	0.49000	0.03535	70.000	$24.15-$25.32 (cap $87.30)
97	97	97	291	1.00	direct	anytime	0.75	0.35	0.35	0.40	real effect	200	87	0.51000	0.00000	0.49000	0.03535	70.490	$24.15-$25.32 (cap $87.30)
97	97	97	291	1.00	direct	anytime	0.75	0.35	0.35	0.40	real effect	200	88	0.51000	0.00000	0.49000	0.03535	70.980	$24.15-$25.32 (cap $87.30)
97	97	97	291	1.00	direct	anytime	0.75	0.35	0.35	0.40	real effect	200	89	0.52000	0.00000	0.48000	0.03533	71.470	$24.15-$25.32 (cap $87.30)
97	97	97	291	1.00	direct	anytime	0.75	0.35	0.35	0.40	real effect	200	90	0.52500	0.00000	0.47500	0.03531	71.950	$24.15-$25.32 (cap $87.30)
97	97	97	291	1.00	direct	anytime	0.75	0.35	0.35	0.40	real effect	200	91	0.53500	0.00000	0.46500	0.03527	72.425	$24.15-$25.32 (cap $87.30)
97	97	97	291	1.00	direct	anytime	0.75	0.35	0.35	0.40	real effect	200	92	0.54000	0.00000	0.46000	0.03524	72.890	$24.15-$25.32 (cap $87.30)
97	97	97	291	1.00	direct	anytime	0.75	0.35	0.35	0.40	real effect	200	93	0.54000	0.00000	0.46000	0.03524	73.350	$24.15-$25.32 (cap $87.30)
97	97	97	291	1.00	direct	anytime	0.75	0.35	0.35	0.40	real effect	200	94	0.54500	0.00000	0.45500	0.03521	73.810	$24.15-$25.32 (cap $87.30)
97	97	97	291	1.00	direct	anytime	0.75	0.35	0.35	0.40	real effect	200	95	0.54500	0.00000	0.45500	0.03521	74.265	$24.15-$25.32 (cap $87.30)
97	97	97	291	1.00	direct	anytime	0.75	0.35	0.35	0.40	real effect	200	96	0.55000	0.00000	0.45000	0.03518	74.720	$24.15-$25.32 (cap $87.30)
97	97	97	291	1.00	direct	anytime	0.75	0.35	0.35	0.40	real effect	200	97	0.55000	0.00000	0.45000	0.03518	75.170	$24.15-$25.32 (cap $87.30)
