n_full	n_placebo	n_null	total_epochs	null_per_pair	fn_construction	stopping	p_full	p_placebo	p_null	d	role	replicates	joint_state	count	share	se_share	expected_epochs	expected_spend	price_range	lb_fp_q00	lb_fp_q10	lb_fp_q25	lb_fp_q50	lb_fp_q75	lb_fp_q90	lb_fp_q100	lb_fn_q00	lb_fn_q10	lb_fn_q25	lb_fn_q50	lb_fn_q75	lb_fn_q90	lb_fn_q100	ub_fp_q00	ub_fp_q10	ub_fp_q25	ub_fp_q50	ub_fp_q75	ub_fp_q90	ub_fp_q100
120	120	60	300	0.50	union	anytime	0.30	0.30	0.30	0.00	no-lift	2000	fp_passes_fn_fails	0	0.00000000	0.00000000	176.815	$14.68-$15.38	$24.90-$26.10 (cap $90.00)	NA	NA	NA	NA	NA	NA	NA	NA	NA	NA	NA	NA	NA	NA	NA	NA	NA	NA	NA	NA	NA
120	120	60	300	0.50	union	anytime	0.30	0.30	0.30	0.00	no-lift	2000	fn_passes_fp_fails	0	0.00000000	0.00000000	176.815	$14.68-$15.38	$24.90-$26.10 (cap $90.00)	NA	NA	NA	NA	NA	NA	NA	NA	NA	NA	NA	NA	NA	NA	NA	NA	NA	NA	NA	NA	NA
120	120	60	300	0.50	union	anytime	0.30	0.30	0.30	0.00	no-lift	2000	neither_passes	518	0.25900000	0.00979589	176.815	$14.68-$15.38	$24.90-$26.10 (cap $90.00)	-0.2033	-0.1566	-0.1336	-0.1113	-0.0861	-0.0589	0.0852	-0.5679	-0.4044	-0.3644	-0.3034	-0.2570	-0.2063	-0.0685	0.2000	0.2104	0.2223	0.2413	0.2680	0.3009	0.4120
120	120	60	300	0.50	union	anytime	0.30	0.30	0.30	0.00	no-lift	2000	both_pass	0	0.00000000	0.00000000	176.815	$14.68-$15.38	$24.90-$26.10 (cap $90.00)	NA	NA	NA	NA	NA	NA	NA	NA	NA	NA	NA	NA	NA	NA	NA	NA	NA	NA	NA	NA	NA
120	120	60	300	0.50	direct	anytime	0.30	0.30	0.30	0.00	no-lift	2000	fp_passes_fn_fails	0	0.00000000	0.00000000	176.815	$14.68-$15.38	$24.90-$26.10 (cap $90.00)	NA	NA	NA	NA	NA	NA	NA	NA	NA	NA	NA	NA	NA	NA	NA	NA	NA	NA	NA	NA	NA
120	120	60	300	0.50	direct	anytime	0.30	0.30	0.30	0.00	no-lift	2000	fn_passes_fp_fails	0	0.00000000	0.00000000	176.815	$14.68-$15.38	$24.90-$26.10 (cap $90.00)	NA	NA	NA	NA	NA	NA	NA	NA	NA	NA	NA	NA	NA	NA	NA	NA	NA	NA	NA	NA	NA
120	120	60	300	0.50	direct	anytime	0.30	0.30	0.30	0.00	no-lift	2000	neither_passes	518	0.25900000	0.00979589	176.815	$14.68-$15.38	$24.90-$26.10 (cap $90.00)	-0.2033	-0.1566	-0.1336	-0.1113	-0.0861	-0.0589	0.0852	-0.4846	-0.3332	-0.2766	-0.2183	-0.1642	-0.1039	0.0825	0.2000	0.2104	0.2223	0.2413	0.2680	0.3009	0.4120
120	120	60	300	0.50	direct	anytime	0.30	0.30	0.30	0.00	no-lift	2000	both_pass	0	0.00000000	0.00000000	176.815	$14.68-$15.38	$24.90-$26.10 (cap $90.00)	NA	NA	NA	NA	NA	NA	NA	NA	NA	NA	NA	NA	NA	NA	NA	NA	NA	NA	NA	NA	NA
100	100	100	300	1.00	union	anytime	0.30	0.30	0.30	0.00	no-lift	2000	fp_passes_fn_fails	0	0.00000000	0.00000000	193.357	$16.05-$16.82	$24.90-$26.10 (cap $90.00)	NA	NA	NA	NA	NA	NA	NA	NA	NA	NA	NA	NA	NA	NA	NA	NA	NA	NA	NA	NA	NA
100	100	100	300	1.00	union	anytime	0.30	0.30	0.30	0.00	no-lift	2000	fn_passes_fp_fails	0	0.00000000	0.00000000	193.357	$16.05-$16.82	$24.90-$26.10 (cap $90.00)	NA	NA	NA	NA	NA	NA	NA	NA	NA	NA	NA	NA	NA	NA	NA	NA	NA	NA	NA	NA	NA
100	100	100	300	1.00	union	anytime	0.30	0.30	0.30	0.00	no-lift	2000	neither_passes	694	0.34700000	0.01064404	193.357	$16.05-$16.82	$24.90-$26.10 (cap $90.00)	-0.2378	-0.1870	-0.1599	-0.1312	-0.1030	-0.0675	0.0259	-0.5027	-0.3554	-0.3161	-0.2741	-0.2302	-0.1874	-0.0933	0.2001	0.2125	0.2253	0.2487	0.2791	0.3153	0.4337
100	100	100	300	1.00	union	anytime	0.30	0.30	0.30	0.00	no-lift	2000	both_pass	0	0.00000000	0.00000000	193.357	$16.05-$16.82	$24.90-$26.10 (cap $90.00)	NA	NA	NA	NA	NA	NA	NA	NA	NA	NA	NA	NA	NA	NA	NA	NA	NA	NA	NA	NA	NA
100	100	100	300	1.00	direct	anytime	0.30	0.30	0.30	0.00	no-lift	2000	fp_passes_fn_fails	0	0.00000000	0.00000000	193.357	$16.05-$16.82	$24.90-$26.10 (cap $90.00)	NA	NA	NA	NA	NA	NA	NA	NA	NA	NA	NA	NA	NA	NA	NA	NA	NA	NA	NA	NA	NA
100	100	100	300	1.00	direct	anytime	0.30	0.30	0.30	0.00	no-lift	2000	fn_passes_fp_fails	0	0.00000000	0.00000000	193.357	$16.05-$16.82	$24.90-$26.10 (cap $90.00)	NA	NA	NA	NA	NA	NA	NA	NA	NA	NA	NA	NA	NA	NA	NA	NA	NA	NA	NA	NA	NA
100	100	100	300	1.00	direct	anytime	0.30	0.30	0.30	0.00	no-lift	2000	neither_passes	694	0.34700000	0.01064404	193.357	$16.05-$16.82	$24.90-$26.10 (cap $90.00)	-0.2378	-0.1870	-0.1599	-0.1312	-0.1030	-0.0675	0.0259	-0.3762	-0.2432	-0.2080	-0.1615	-0.1157	-0.0799	0.0011	0.2001	0.2125	0.2253	0.2487	0.2791	0.3153	0.4337
100	100	100	300	1.00	direct	anytime	0.30	0.30	0.30	0.00	no-lift	2000	both_pass	0	0.00000000	0.00000000	193.357	$16.05-$16.82	$24.90-$26.10 (cap $90.00)	NA	NA	NA	NA	NA	NA	NA	NA	NA	NA	NA	NA	NA	NA	NA	NA	NA	NA	NA	NA	NA
75	75	150	300	2.00	union	anytime	0.30	0.30	0.30	0.00	no-lift	2000	fp_passes_fn_fails	0	0.00000000	0.00000000	215.310	$17.87-$18.73	$24.90-$26.10 (cap $90.00)	NA	NA	NA	NA	NA	NA	NA	NA	NA	NA	NA	NA	NA	NA	NA	NA	NA	NA	NA	NA	NA
75	75	150	300	2.00	union	anytime	0.30	0.30	0.30	0.00	no-lift	2000	fn_passes_fp_fails	0	0.00000000	0.00000000	215.310	$17.87-$18.73	$24.90-$26.10 (cap $90.00)	NA	NA	NA	NA	NA	NA	NA	NA	NA	NA	NA	NA	NA	NA	NA	NA	NA	NA	NA	NA	NA
75	75	150	300	2.00	union	anytime	0.30	0.30	0.30	0.00	no-lift	2000	neither_passes	893	0.44650000	0.01111615	215.310	$17.87-$18.73	$24.90-$26.10 (cap $90.00)	-0.3245	-0.2325	-0.2039	-0.1716	-0.1300	-0.0900	0.0831	-0.5144	-0.3521	-0.3128	-0.2712	-0.2259	-0.1836	-0.0328	0.2000	0.2169	0.2345	0.2626	0.3036	0.3420	0.4581
75	75	150	300	2.00	union	anytime	0.30	0.30	0.30	0.00	no-lift	2000	both_pass	0	0.00000000	0.00000000	215.310	$17.87-$18.73	$24.90-$26.10 (cap $90.00)	NA	NA	NA	NA	NA	NA	NA	NA	NA	NA	NA	NA	NA	NA	NA	NA	NA	NA	NA	NA	NA
75	75	150	300	2.00	direct	anytime	0.30	0.30	0.30	0.00	no-lift	2000	fp_passes_fn_fails	0	0.00000000	0.00000000	215.310	$17.87-$18.73	$24.90-$26.10 (cap $90.00)	NA	NA	NA	NA	NA	NA	NA	NA	NA	NA	NA	NA	NA	NA	NA	NA	NA	NA	NA	NA	NA
75	75	150	300	2.00	direct	anytime	0.30	0.30	0.30	0.00	no-lift	2000	fn_passes_fp_fails	0	0.00000000	0.00000000	215.310	$17.87-$18.73	$24.90-$26.10 (cap $90.00)	NA	NA	NA	NA	NA	NA	NA	NA	NA	NA	NA	NA	NA	NA	NA	NA	NA	NA	NA	NA	NA
75	75	150	300	2.00	direct	anytime	0.30	0.30	0.30	0.00	no-lift	2000	neither_passes	893	0.44650000	0.01111615	215.310	$17.87-$18.73	$24.90-$26.10 (cap $90.00)	-0.3245	-0.2325	-0.2039	-0.1716	-0.1300	-0.0900	0.0831	-0.3809	-0.2389	-0.2022	-0.1593	-0.1210	-0.0850	0.0278	0.2000	0.2169	0.2345	0.2626	0.3036	0.3420	0.4581
75	75	150	300	2.00	direct	anytime	0.30	0.30	0.30	0.00	no-lift	2000	both_pass	0	0.00000000	0.00000000	215.310	$17.87-$18.73	$24.90-$26.10 (cap $90.00)	NA	NA	NA	NA	NA	NA	NA	NA	NA	NA	NA	NA	NA	NA	NA	NA	NA	NA	NA	NA	NA
480	480	240	1200	0.50	union	anytime	0.30	0.30	0.30	0.00	no-lift	2000	fp_passes_fn_fails	0	0.00000000	0.00000000	225.927	$18.75-$19.66	$99.60-$104.40 (cap $360.00)	NA	NA	NA	NA	NA	NA	NA	NA	NA	NA	NA	NA	NA	NA	NA	NA	NA	NA	NA	NA	NA
480	480	240	1200	0.50	union	anytime	0.30	0.30	0.30	0.00	no-lift	2000	fn_passes_fp_fails	0	0.00000000	0.00000000	225.927	$18.75-$19.66	$99.60-$104.40 (cap $360.00)	NA	NA	NA	NA	NA	NA	NA	NA	NA	NA	NA	NA	NA	NA	NA	NA	NA	NA	NA	NA	NA
480	480	240	1200	0.50	union	anytime	0.30	0.30	0.30	0.00	no-lift	2000	neither_passes	4	0.00200000	0.00099900	225.927	$18.75-$19.66	$99.60-$104.40 (cap $360.00)	-0.0068	-0.0016	0.0062	0.0109	0.0163	0.0254	0.0315	-0.2001	-0.1851	-0.1626	-0.1240	-0.0939	-0.0866	-0.0817	0.2098	0.2105	0.2115	0.2155	0.2205	0.2235	0.2255
480	480	240	1200	0.50	union	anytime	0.30	0.30	0.30	0.00	no-lift	2000	both_pass	0	0.00000000	0.00000000	225.927	$18.75-$19.66	$99.60-$104.40 (cap $360.00)	NA	NA	NA	NA	NA	NA	NA	NA	NA	NA	NA	NA	NA	NA	NA	NA	NA	NA	NA	NA	NA
480	480	240	1200	0.50	direct	anytime	0.30	0.30	0.30	0.00	no-lift	2000	fp_passes_fn_fails	0	0.00000000	0.00000000	225.927	$18.75-$19.66	$99.60-$104.40 (cap $360.00)	NA	NA	NA	NA	NA	NA	NA	NA	NA	NA	NA	NA	NA	NA	NA	NA	NA	NA	NA	NA	NA
480	480	240	1200	0.50	direct	anytime	0.30	0.30	0.30	0.00	no-lift	2000	fn_passes_fp_fails	0	0.00000000	0.00000000	225.927	$18.75-$19.66	$99.60-$104.40 (cap $360.00)	NA	NA	NA	NA	NA	NA	NA	NA	NA	NA	NA	NA	NA	NA	NA	NA	NA	NA	NA	NA	NA
480	480	240	1200	0.50	direct	anytime	0.30	0.30	0.30	0.00	no-lift	2000	neither_passes	4	0.00200000	0.00099900	225.927	$18.75-$19.66	$99.60-$104.40 (cap $360.00)	-0.0068	-0.0016	0.0062	0.0109	0.0163	0.0254	0.0315	-0.1447	-0.1345	-0.1191	-0.0718	-0.0306	-0.0260	-0.0229	0.2098	0.2105	0.2115	0.2155	0.2205	0.2235	0.2255
480	480	240	1200	0.50	direct	anytime	0.30	0.30	0.30	0.00	no-lift	2000	both_pass	0	0.00000000	0.00000000	225.927	$18.75-$19.66	$99.60-$104.40 (cap $360.00)	NA	NA	NA	NA	NA	NA	NA	NA	NA	NA	NA	NA	NA	NA	NA	NA	NA	NA	NA	NA	NA
400	400	400	1200	1.00	union	anytime	0.30	0.30	0.30	0.00	no-lift	2000	fp_passes_fn_fails	0	0.00000000	0.00000000	270.780	$22.47-$23.56	$99.60-$104.40 (cap $360.00)	NA	NA	NA	NA	NA	NA	NA	NA	NA	NA	NA	NA	NA	NA	NA	NA	NA	NA	NA	NA	NA
400	400	400	1200	1.00	union	anytime	0.30	0.30	0.30	0.00	no-lift	2000	fn_passes_fp_fails	0	0.00000000	0.00000000	270.780	$22.47-$23.56	$99.60-$104.40 (cap $360.00)	NA	NA	NA	NA	NA	NA	NA	NA	NA	NA	NA	NA	NA	NA	NA	NA	NA	NA	NA	NA	NA
400	400	400	1200	1.00	union	anytime	0.30	0.30	0.30	0.00	no-lift	2000	neither_passes	10	0.00500000	0.00157718	270.780	$22.47-$23.56	$99.60-$104.40 (cap $360.00)	-0.0313	-0.0262	-0.0129	-0.0024	0.0005	0.0076	0.0141	-0.1207	-0.1175	-0.1069	-0.0779	-0.0717	-0.0618	-0.0540	0.2011	0.2086	0.2106	0.2139	0.2221	0.2245	0.2273
400	400	400	1200	1.00	union	anytime	0.30	0.30	0.30	0.00	no-lift	2000	both_pass	0	0.00000000	0.00000000	270.780	$22.47-$23.56	$99.60-$104.40 (cap $360.00)	NA	NA	NA	NA	NA	NA	NA	NA	NA	NA	NA	NA	NA	NA	NA	NA	NA	NA	NA	NA	NA
400	400	400	1200	1.00	direct	anytime	0.30	0.30	0.30	0.00	no-lift	2000	fp_passes_fn_fails	0	0.00000000	0.00000000	270.780	$22.47-$23.56	$99.60-$104.40 (cap $360.00)	NA	NA	NA	NA	NA	NA	NA	NA	NA	NA	NA	NA	NA	NA	NA	NA	NA	NA	NA	NA	NA
400	400	400	1200	1.00	direct	anytime	0.30	0.30	0.30	0.00	no-lift	2000	fn_passes_fp_fails	0	0.00000000	0.00000000	270.780	$22.47-$23.56	$99.60-$104.40 (cap $360.00)	NA	NA	NA	NA	NA	NA	NA	NA	NA	NA	NA	NA	NA	NA	NA	NA	NA	NA	NA	NA	NA
400	400	400	1200	1.00	direct	anytime	0.30	0.30	0.30	0.00	no-lift	2000	neither_passes	10	0.00500000	0.00157718	270.780	$22.47-$23.56	$99.60-$104.40 (cap $360.00)	-0.0313	-0.0262	-0.0129	-0.0024	0.0005	0.0076	0.0141	-0.0574	-0.0529	-0.0365	-0.0195	-0.0103	-0.0014	0.0112	0.2011	0.2086	0.2106	0.2139	0.2221	0.2245	0.2273
400	400	400	1200	1.00	direct	anytime	0.30	0.30	0.30	0.00	no-lift	2000	both_pass	0	0.00000000	0.00000000	270.780	$22.47-$23.56	$99.60-$104.40 (cap $360.00)	NA	NA	NA	NA	NA	NA	NA	NA	NA	NA	NA	NA	NA	NA	NA	NA	NA	NA	NA	NA	NA
300	300	600	1200	2.00	union	anytime	0.30	0.30	0.30	0.00	no-lift	2000	fp_passes_fn_fails	0	0.00000000	0.00000000	363.490	$30.17-$31.62	$99.60-$104.40 (cap $360.00)	NA	NA	NA	NA	NA	NA	NA	NA	NA	NA	NA	NA	NA	NA	NA	NA	NA	NA	NA	NA	NA
300	300	600	1200	2.00	union	anytime	0.30	0.30	0.30	0.00	no-lift	2000	fn_passes_fp_fails	0	0.00000000	0.00000000	363.490	$30.17-$31.62	$99.60-$104.40 (cap $360.00)	NA	NA	NA	NA	NA	NA	NA	NA	NA	NA	NA	NA	NA	NA	NA	NA	NA	NA	NA	NA	NA
300	300	600	1200	2.00	union	anytime	0.30	0.30	0.30	0.00	no-lift	2000	neither_passes	57	0.02850000	0.00372074	363.490	$30.17-$31.62	$99.60-$104.40 (cap $360.00)	-0.0589	-0.0451	-0.0356	-0.0260	-0.0141	0.0017	0.0491	-0.1948	-0.1578	-0.1386	-0.1164	-0.0923	-0.0731	-0.0404	0.2014	0.2039	0.2082	0.2166	0.2327	0.2452	0.3030
300	300	600	1200	2.00	union	anytime	0.30	0.30	0.30	0.00	no-lift	2000	both_pass	0	0.00000000	0.00000000	363.490	$30.17-$31.62	$99.60-$104.40 (cap $360.00)	NA	NA	NA	NA	NA	NA	NA	NA	NA	NA	NA	NA	NA	NA	NA	NA	NA	NA	NA	NA	NA
300	300	600	1200	2.00	direct	anytime	0.30	0.30	0.30	0.00	no-lift	2000	fp_passes_fn_fails	0	0.00000000	0.00000000	363.490	$30.17-$31.62	$99.60-$104.40 (cap $360.00)	NA	NA	NA	NA	NA	NA	NA	NA	NA	NA	NA	NA	NA	NA	NA	NA	NA	NA	NA	NA	NA
300	300	600	1200	2.00	direct	anytime	0.30	0.30	0.30	0.00	no-lift	2000	fn_passes_fp_fails	0	0.00000000	0.00000000	363.490	$30.17-$31.62	$99.60-$104.40 (cap $360.00)	NA	NA	NA	NA	NA	NA	NA	NA	NA	NA	NA	NA	NA	NA	NA	NA	NA	NA	NA	NA	NA
300	300	600	1200	2.00	direct	anytime	0.30	0.30	0.30	0.00	no-lift	2000	neither_passes	57	0.02850000	0.00372074	363.490	$30.17-$31.62	$99.60-$104.40 (cap $360.00)	-0.0589	-0.0451	-0.0356	-0.0260	-0.0141	0.0017	0.0491	-0.1358	-0.0829	-0.0741	-0.0508	-0.0331	-0.0137	0.0049	0.2014	0.2039	0.2082	0.2166	0.2327	0.2452	0.3030
300	300	600	1200	2.00	direct	anytime	0.30	0.30	0.30	0.00	no-lift	2000	both_pass	0	0.00000000	0.00000000	363.490	$30.17-$31.62	$99.60-$104.40 (cap $360.00)	NA	NA	NA	NA	NA	NA	NA	NA	NA	NA	NA	NA	NA	NA	NA	NA	NA	NA	NA	NA	NA
120	120	60	300	0.50	union	anytime	0.40	0.30	0.30	0.10	no-lift	2000	fp_passes_fn_fails	0	0.00000000	0.00000000	266.043	$22.08-$23.15	$24.90-$26.10 (cap $90.00)	NA	NA	NA	NA	NA	NA	NA	NA	NA	NA	NA	NA	NA	NA	NA	NA	NA	NA	NA	NA	NA
120	120	60	300	0.50	union	anytime	0.40	0.30	0.30	0.10	no-lift	2000	fn_passes_fp_fails	0	0.00000000	0.00000000	266.043	$22.08-$23.15	$24.90-$26.10 (cap $90.00)	NA	NA	NA	NA	NA	NA	NA	NA	NA	NA	NA	NA	NA	NA	NA	NA	NA	NA	NA	NA	NA
120	120	60	300	0.50	union	anytime	0.40	0.30	0.30	0.10	no-lift	2000	neither_passes	1596	0.79800000	0.00897764	266.043	$22.08-$23.15	$24.90-$26.10 (cap $90.00)	-0.2097	-0.1376	-0.1081	-0.0720	-0.0333	0.0072	0.1569	-0.4956	-0.3471	-0.2997	-0.2426	-0.1917	-0.1398	0.0265	0.2002	0.2301	0.2556	0.2895	0.3296	0.3724	0.5079
120	120	60	300	0.50	union	anytime	0.40	0.30	0.30	0.10	no-lift	2000	both_pass	0	0.00000000	0.00000000	266.043	$22.08-$23.15	$24.90-$26.10 (cap $90.00)	NA	NA	NA	NA	NA	NA	NA	NA	NA	NA	NA	NA	NA	NA	NA	NA	NA	NA	NA	NA	NA
120	120	60	300	0.50	direct	anytime	0.40	0.30	0.30	0.10	no-lift	2000	fp_passes_fn_fails	0	0.00000000	0.00000000	266.043	$22.08-$23.15	$24.90-$26.10 (cap $90.00)	NA	NA	NA	NA	NA	NA	NA	NA	NA	NA	NA	NA	NA	NA	NA	NA	NA	NA	NA	NA	NA
120	120	60	300	0.50	direct	anytime	0.40	0.30	0.30	0.10	no-lift	2000	fn_passes_fp_fails	0	0.00000000	0.00000000	266.043	$22.08-$23.15	$24.90-$26.10 (cap $90.00)	NA	NA	NA	NA	NA	NA	NA	NA	NA	NA	NA	NA	NA	NA	NA	NA	NA	NA	NA	NA	NA
120	120	60	300	0.50	direct	anytime	0.40	0.30	0.30	0.10	no-lift	2000	neither_passes	1596	0.79800000	0.00897764	266.043	$22.08-$23.15	$24.90-$26.10 (cap $90.00)	-0.2097	-0.1376	-0.1081	-0.0720	-0.0333	0.0072	0.1569	-0.4441	-0.2684	-0.2138	-0.1504	-0.0924	-0.0410	0.1552	0.2002	0.2301	0.2556	0.2895	0.3296	0.3724	0.5079
120	120	60	300	0.50	direct	anytime	0.40	0.30	0.30	0.10	no-lift	2000	both_pass	0	0.00000000	0.00000000	266.043	$22.08-$23.15	$24.90-$26.10 (cap $90.00)	NA	NA	NA	NA	NA	NA	NA	NA	NA	NA	NA	NA	NA	NA	NA	NA	NA	NA	NA	NA	NA
100	100	100	300	1.00	union	anytime	0.40	0.30	0.30	0.10	no-lift	2000	fp_passes_fn_fails	0	0.00000000	0.00000000	271.227	$22.51-$23.60	$24.90-$26.10 (cap $90.00)	NA	NA	NA	NA	NA	NA	NA	NA	NA	NA	NA	NA	NA	NA	NA	NA	NA	NA	NA	NA	NA
100	100	100	300	1.00	union	anytime	0.40	0.30	0.30	0.10	no-lift	2000	fn_passes_fp_fails	0	0.00000000	0.00000000	271.227	$22.51-$23.60	$24.90-$26.10 (cap $90.00)	NA	NA	NA	NA	NA	NA	NA	NA	NA	NA	NA	NA	NA	NA	NA	NA	NA	NA	NA	NA	NA
100	100	100	300	1.00	union	anytime	0.40	0.30	0.30	0.10	no-lift	2000	neither_passes	1654	0.82700000	0.00845787	271.227	$22.51-$23.60	$24.90-$26.10 (cap $90.00)	-0.2455	-0.1582	-0.1292	-0.0917	-0.0467	-0.0042	0.1310	-0.4321	-0.3057	-0.2592	-0.2114	-0.1631	-0.1241	-0.0084	0.2005	0.2339	0.2621	0.3024	0.3500	0.3896	0.5185
100	100	100	300	1.00	union	anytime	0.40	0.30	0.30	0.10	no-lift	2000	both_pass	0	0.00000000	0.00000000	271.227	$22.51-$23.60	$24.90-$26.10 (cap $90.00)	NA	NA	NA	NA	NA	NA	NA	NA	NA	NA	NA	NA	NA	NA	NA	NA	NA	NA	NA	NA	NA
100	100	100	300	1.00	direct	anytime	0.40	0.30	0.30	0.10	no-lift	2000	fp_passes_fn_fails	0	0.00000000	0.00000000	271.227	$22.51-$23.60	$24.90-$26.10 (cap $90.00)	NA	NA	NA	NA	NA	NA	NA	NA	NA	NA	NA	NA	NA	NA	NA	NA	NA	NA	NA	NA	NA
100	100	100	300	1.00	direct	anytime	0.40	0.30	0.30	0.10	no-lift	2000	fn_passes_fp_fails	0	0.00000000	0.00000000	271.227	$22.51-$23.60	$24.90-$26.10 (cap $90.00)	NA	NA	NA	NA	NA	NA	NA	NA	NA	NA	NA	NA	NA	NA	NA	NA	NA	NA	NA	NA	NA
100	100	100	300	1.00	direct	anytime	0.40	0.30	0.30	0.10	no-lift	2000	neither_passes	1654	0.82700000	0.00845787	271.227	$22.51-$23.60	$24.90-$26.10 (cap $90.00)	-0.2455	-0.1582	-0.1292	-0.0917	-0.0467	-0.0042	0.1310	-0.3185	-0.1848	-0.1409	-0.0934	-0.0467	-0.0064	0.1114	0.2005	0.2339	0.2621	0.3024	0.3500	0.3896	0.5185
100	100	100	300	1.00	direct	anytime	0.40	0.30	0.30	0.10	no-lift	2000	both_pass	0	0.00000000	0.00000000	271.227	$22.51-$23.60	$24.90-$26.10 (cap $90.00)	NA	NA	NA	NA	NA	NA	NA	NA	NA	NA	NA	NA	NA	NA	NA	NA	NA	NA	NA	NA	NA
75	75	150	300	2.00	union	anytime	0.40	0.30	0.30	0.10	no-lift	2000	fp_passes_fn_fails	0	0.00000000	0.00000000	273.740	$22.72-$23.82	$24.90-$26.10 (cap $90.00)	NA	NA	NA	NA	NA	NA	NA	NA	NA	NA	NA	NA	NA	NA	NA	NA	NA	NA	NA	NA	NA
75	75	150	300	2.00	union	anytime	0.40	0.30	0.30	0.10	no-lift	2000	fn_passes_fp_fails	0	0.00000000	0.00000000	273.740	$22.72-$23.82	$24.90-$26.10 (cap $90.00)	NA	NA	NA	NA	NA	NA	NA	NA	NA	NA	NA	NA	NA	NA	NA	NA	NA	NA	NA	NA	NA
75	75	150	300	2.00	union	anytime	0.40	0.30	0.30	0.10	no-lift	2000	neither_passes	1678	0.83900000	0.00821824	273.740	$22.72-$23.82	$24.90-$26.10 (cap $90.00)	-0.3172	-0.2042	-0.1661	-0.1194	-0.0670	-0.0174	0.1605	-0.4457	-0.2936	-0.2495	-0.2033	-0.1587	-0.1167	0.0202	0.2012	0.2466	0.2792	0.3270	0.3795	0.4296	0.6025
75	75	150	300	2.00	union	anytime	0.40	0.30	0.30	0.10	no-lift	2000	both_pass	0	0.00000000	0.00000000	273.740	$22.72-$23.82	$24.90-$26.10 (cap $90.00)	NA	NA	NA	NA	NA	NA	NA	NA	NA	NA	NA	NA	NA	NA	NA	NA	NA	NA	NA	NA	NA
75	75	150	300	2.00	direct	anytime	0.40	0.30	0.30	0.10	no-lift	2000	fp_passes_fn_fails	0	0.00000000	0.00000000	273.740	$22.72-$23.82	$24.90-$26.10 (cap $90.00)	NA	NA	NA	NA	NA	NA	NA	NA	NA	NA	NA	NA	NA	NA	NA	NA	NA	NA	NA	NA	NA
75	75	150	300	2.00	direct	anytime	0.40	0.30	0.30	0.10	no-lift	2000	fn_passes_fp_fails	0	0.00000000	0.00000000	273.740	$22.72-$23.82	$24.90-$26.10 (cap $90.00)	NA	NA	NA	NA	NA	NA	NA	NA	NA	NA	NA	NA	NA	NA	NA	NA	NA	NA	NA	NA	NA
75	75	150	300	2.00	direct	anytime	0.40	0.30	0.30	0.10	no-lift	2000	neither_passes	1678	0.83900000	0.00821824	273.740	$22.72-$23.82	$24.90-$26.10 (cap $90.00)	-0.3172	-0.2042	-0.1661	-0.1194	-0.0670	-0.0174	0.1605	-0.2870	-0.1701	-0.1306	-0.0885	-0.0445	-0.0077	0.1242	0.2012	0.2466	0.2792	0.3270	0.3795	0.4296	0.6025
75	75	150	300	2.00	direct	anytime	0.40	0.30	0.30	0.10	no-lift	2000	both_pass	0	0.00000000	0.00000000	273.740	$22.72-$23.82	$24.90-$26.10 (cap $90.00)	NA	NA	NA	NA	NA	NA	NA	NA	NA	NA	NA	NA	NA	NA	NA	NA	NA	NA	NA	NA	NA
480	480	240	1200	0.50	union	anytime	0.40	0.30	0.30	0.10	no-lift	2000	fp_passes_fn_fails	0	0.00000000	0.00000000	800.202	$66.42-$69.62	$99.60-$104.40 (cap $360.00)	NA	NA	NA	NA	NA	NA	NA	NA	NA	NA	NA	NA	NA	NA	NA	NA	NA	NA	NA	NA	NA
480	480	240	1200	0.50	union	anytime	0.40	0.30	0.30	0.10	no-lift	2000	fn_passes_fp_fails	0	0.00000000	0.00000000	800.202	$66.42-$69.62	$99.60-$104.40 (cap $360.00)	NA	NA	NA	NA	NA	NA	NA	NA	NA	NA	NA	NA	NA	NA	NA	NA	NA	NA	NA	NA	NA
480	480	240	1200	0.50	union	anytime	0.40	0.30	0.30	0.10	no-lift	2000	neither_passes	882	0.44100000	0.01110223	800.202	$66.42-$69.62	$99.60-$104.40 (cap $360.00)	-0.0283	0.0001	0.0109	0.0245	0.0405	0.0590	0.1250	-0.2141	-0.1383	-0.1075	-0.0785	-0.0477	-0.0238	0.0709	0.2000	0.2064	0.2146	0.2274	0.2442	0.2639	0.3366
480	480	240	1200	0.50	union	anytime	0.40	0.30	0.30	0.10	no-lift	2000	both_pass	0	0.00000000	0.00000000	800.202	$66.42-$69.62	$99.60-$104.40 (cap $360.00)	NA	NA	NA	NA	NA	NA	NA	NA	NA	NA	NA	NA	NA	NA	NA	NA	NA	NA	NA	NA	NA
480	480	240	1200	0.50	direct	anytime	0.40	0.30	0.30	0.10	no-lift	2000	fp_passes_fn_fails	0	0.00000000	0.00000000	800.202	$66.42-$69.62	$99.60-$104.40 (cap $360.00)	NA	NA	NA	NA	NA	NA	NA	NA	NA	NA	NA	NA	NA	NA	NA	NA	NA	NA	NA	NA	NA
480	480	240	1200	0.50	direct	anytime	0.40	0.30	0.30	0.10	no-lift	2000	fn_passes_fp_fails	0	0.00000000	0.00000000	800.202	$66.42-$69.62	$99.60-$104.40 (cap $360.00)	NA	NA	NA	NA	NA	NA	NA	NA	NA	NA	NA	NA	NA	NA	NA	NA	NA	NA	NA	NA	NA
480	480	240	1200	0.50	direct	anytime	0.40	0.30	0.30	0.10	no-lift	2000	neither_passes	882	0.44100000	0.01110223	800.202	$66.42-$69.62	$99.60-$104.40 (cap $360.00)	-0.0283	0.0001	0.0109	0.0245	0.0405	0.0590	0.1250	-0.1710	-0.0877	-0.0589	-0.0235	0.0103	0.0404	0.1475	0.2000	0.2064	0.2146	0.2274	0.2442	0.2639	0.3366
480	480	240	1200	0.50	direct	anytime	0.40	0.30	0.30	0.10	no-lift	2000	both_pass	0	0.00000000	0.00000000	800.202	$66.42-$69.62	$99.60-$104.40 (cap $360.00)	NA	NA	NA	NA	NA	NA	NA	NA	NA	NA	NA	NA	NA	NA	NA	NA	NA	NA	NA	NA	NA
400	400	400	1200	1.00	union	anytime	0.40	0.30	0.30	0.10	no-lift	2000	fp_passes_fn_fails	0	0.00000000	0.00000000	862.863	$71.62-$75.07	$99.60-$104.40 (cap $360.00)	NA	NA	NA	NA	NA	NA	NA	NA	NA	NA	NA	NA	NA	NA	NA	NA	NA	NA	NA	NA	NA
400	400	400	1200	1.00	union	anytime	0.40	0.30	0.30	0.10	no-lift	2000	fn_passes_fp_fails	0	0.00000000	0.00000000	862.863	$71.62-$75.07	$99.60-$104.40 (cap $360.00)	NA	NA	NA	NA	NA	NA	NA	NA	NA	NA	NA	NA	NA	NA	NA	NA	NA	NA	NA	NA	NA
400	400	400	1200	1.00	union	anytime	0.40	0.30	0.30	0.10	no-lift	2000	neither_passes	1006	0.50300000	0.01118014	862.863	$71.62-$75.07	$99.60-$104.40 (cap $360.00)	-0.0405	-0.0163	-0.0036	0.0140	0.0335	0.0545	0.1392	-0.1954	-0.1183	-0.0926	-0.0645	-0.0386	-0.0152	0.0732	0.2005	0.2083	0.2165	0.2324	0.2535	0.2743	0.3480
400	400	400	1200	1.00	union	anytime	0.40	0.30	0.30	0.10	no-lift	2000	both_pass	0	0.00000000	0.00000000	862.863	$71.62-$75.07	$99.60-$104.40 (cap $360.00)	NA	NA	NA	NA	NA	NA	NA	NA	NA	NA	NA	NA	NA	NA	NA	NA	NA	NA	NA	NA	NA
400	400	400	1200	1.00	direct	anytime	0.40	0.30	0.30	0.10	no-lift	2000	fp_passes_fn_fails	0	0.00000000	0.00000000	862.863	$71.62-$75.07	$99.60-$104.40 (cap $360.00)	NA	NA	NA	NA	NA	NA	NA	NA	NA	NA	NA	NA	NA	NA	NA	NA	NA	NA	NA	NA	NA
400	400	400	1200	1.00	direct	anytime	0.40	0.30	0.30	0.10	no-lift	2000	fn_passes_fp_fails	0	0.00000000	0.00000000	862.863	$71.62-$75.07	$99.60-$104.40 (cap $360.00)	NA	NA	NA	NA	NA	NA	NA	NA	NA	NA	NA	NA	NA	NA	NA	NA	NA	NA	NA	NA	NA
400	400	400	1200	1.00	direct	anytime	0.40	0.30	0.30	0.10	no-lift	2000	neither_passes	1006	0.50300000	0.01118014	862.863	$71.62-$75.07	$99.60-$104.40 (cap $360.00)	-0.0405	-0.0163	-0.0036	0.0140	0.0335	0.0545	0.1392	-0.1056	-0.0445	-0.0214	0.0037	0.0306	0.0535	0.1285	0.2005	0.2083	0.2165	0.2324	0.2535	0.2743	0.3480
400	400	400	1200	1.00	direct	anytime	0.40	0.30	0.30	0.10	no-lift	2000	both_pass	0	0.00000000	0.00000000	862.863	$71.62-$75.07	$99.60-$104.40 (cap $360.00)	NA	NA	NA	NA	NA	NA	NA	NA	NA	NA	NA	NA	NA	NA	NA	NA	NA	NA	NA	NA	NA
300	300	600	1200	2.00	union	anytime	0.40	0.30	0.30	0.10	no-lift	2000	fp_passes_fn_fails	0	0.00000000	0.00000000	924.592	$76.74-$80.44	$99.60-$104.40 (cap $360.00)	NA	NA	NA	NA	NA	NA	NA	NA	NA	NA	NA	NA	NA	NA	NA	NA	NA	NA	NA	NA	NA
300	300	600	1200	2.00	union	anytime	0.40	0.30	0.30	0.10	no-lift	2000	fn_passes_fp_fails	0	0.00000000	0.00000000	924.592	$76.74-$80.44	$99.60-$104.40 (cap $360.00)	NA	NA	NA	NA	NA	NA	NA	NA	NA	NA	NA	NA	NA	NA	NA	NA	NA	NA	NA	NA	NA
300	300	600	1200	2.00	union	anytime	0.40	0.30	0.30	0.10	no-lift	2000	neither_passes	1196	0.59800000	0.01096348	924.592	$76.74-$80.44	$99.60-$104.40 (cap $360.00)	-0.0796	-0.0387	-0.0218	-0.0024	0.0196	0.0427	0.1182	-0.1795	-0.1159	-0.0897	-0.0650	-0.0390	-0.0168	0.0536	0.2008	0.2110	0.2228	0.2425	0.2671	0.2899	0.3956
300	300	600	1200	2.00	union	anytime	0.40	0.30	0.30	0.10	no-lift	2000	both_pass	0	0.00000000	0.00000000	924.592	$76.74-$80.44	$99.60-$104.40 (cap $360.00)	NA	NA	NA	NA	NA	NA	NA	NA	NA	NA	NA	NA	NA	NA	NA	NA	NA	NA	NA	NA	NA
300	300	600	1200	2.00	direct	anytime	0.40	0.30	0.30	0.10	no-lift	2000	fp_passes_fn_fails	0	0.00000000	0.00000000	924.592	$76.74-$80.44	$99.60-$104.40 (cap $360.00)	NA	NA	NA	NA	NA	NA	NA	NA	NA	NA	NA	NA	NA	NA	NA	NA	NA	NA	NA	NA	NA
300	300	600	1200	2.00	direct	anytime	0.40	0.30	0.30	0.10	no-lift	2000	fn_passes_fp_fails	0	0.00000000	0.00000000	924.592	$76.74-$80.44	$99.60-$104.40 (cap $360.00)	NA	NA	NA	NA	NA	NA	NA	NA	NA	NA	NA	NA	NA	NA	NA	NA	NA	NA	NA	NA	NA
300	300	600	1200	2.00	direct	anytime	0.40	0.30	0.30	0.10	no-lift	2000	neither_passes	1196	0.59800000	0.01096348	924.592	$76.74-$80.44	$99.60-$104.40 (cap $360.00)	-0.0796	-0.0387	-0.0218	-0.0024	0.0196	0.0427	0.1182	-0.0983	-0.0370	-0.0164	0.0078	0.0307	0.0522	0.1121	0.2008	0.2110	0.2228	0.2425	0.2671	0.2899	0.3956
300	300	600	1200	2.00	direct	anytime	0.40	0.30	0.30	0.10	no-lift	2000	both_pass	0	0.00000000	0.00000000	924.592	$76.74-$80.44	$99.60-$104.40 (cap $360.00)	NA	NA	NA	NA	NA	NA	NA	NA	NA	NA	NA	NA	NA	NA	NA	NA	NA	NA	NA	NA	NA
120	120	60	300	0.50	union	anytime	0.45	0.30	0.30	0.15	no-lift	2000	fp_passes_fn_fails	0	0.00000000	0.00000000	284.597	$23.62-$24.76	$24.90-$26.10 (cap $90.00)	NA	NA	NA	NA	NA	NA	NA	NA	NA	NA	NA	NA	NA	NA	NA	NA	NA	NA	NA	NA	NA
120	120	60	300	0.50	union	anytime	0.45	0.30	0.30	0.15	no-lift	2000	fn_passes_fp_fails	0	0.00000000	0.00000000	284.597	$23.62-$24.76	$24.90-$26.10 (cap $90.00)	NA	NA	NA	NA	NA	NA	NA	NA	NA	NA	NA	NA	NA	NA	NA	NA	NA	NA	NA	NA	NA
120	120	60	300	0.50	union	anytime	0.45	0.30	0.30	0.15	no-lift	2000	neither_passes	1848	0.92400000	0.00592554	284.597	$23.62-$24.76	$24.90-$26.10 (cap $90.00)	-0.1928	-0.1153	-0.0775	-0.0350	0.0130	0.0531	0.1662	-0.4654	-0.3185	-0.2629	-0.2056	-0.1490	-0.0970	0.0961	0.2046	0.2542	0.2865	0.3299	0.3762	0.4222	0.5517
120	120	60	300	0.50	union	anytime	0.45	0.30	0.30	0.15	no-lift	2000	both_pass	0	0.00000000	0.00000000	284.597	$23.62-$24.76	$24.90-$26.10 (cap $90.00)	NA	NA	NA	NA	NA	NA	NA	NA	NA	NA	NA	NA	NA	NA	NA	NA	NA	NA	NA	NA	NA
120	120	60	300	0.50	direct	anytime	0.45	0.30	0.30	0.15	no-lift	2000	fp_passes_fn_fails	0	0.00000000	0.00000000	284.597	$23.62-$24.76	$24.90-$26.10 (cap $90.00)	NA	NA	NA	NA	NA	NA	NA	NA	NA	NA	NA	NA	NA	NA	NA	NA	NA	NA	NA	NA	NA
120	120	60	300	0.50	direct	anytime	0.45	0.30	0.30	0.15	no-lift	2000	fn_passes_fp_fails	0	0.00000000	0.00000000	284.597	$23.62-$24.76	$24.90-$26.10 (cap $90.00)	NA	NA	NA	NA	NA	NA	NA	NA	NA	NA	NA	NA	NA	NA	NA	NA	NA	NA	NA	NA	NA
120	120	60	300	0.50	direct	anytime	0.45	0.30	0.30	0.15	no-lift	2000	neither_passes	1848	0.92400000	0.00592554	284.597	$23.62-$24.76	$24.90-$26.10 (cap $90.00)	-0.1928	-0.1153	-0.0775	-0.0350	0.0130	0.0531	0.1662	-0.4088	-0.2328	-0.1759	-0.1083	-0.0462	0.0043	0.1926	0.2046	0.2542	0.2865	0.3299	0.3762	0.4222	0.5517
120	120	60	300	0.50	direct	anytime	0.45	0.30	0.30	0.15	no-lift	2000	both_pass	0	0.00000000	0.00000000	284.597	$23.62-$24.76	$24.90-$26.10 (cap $90.00)	NA	NA	NA	NA	NA	NA	NA	NA	NA	NA	NA	NA	NA	NA	NA	NA	NA	NA	NA	NA	NA
100	100	100	300	1.00	union	anytime	0.45	0.30	0.30	0.15	no-lift	2000	fp_passes_fn_fails	2	0.00100000	0.00070675	288.101	$23.91-$25.06	$24.90-$26.10 (cap $90.00)	0.2426	0.2451	0.2487	0.2547	0.2607	0.2643	0.2667	-0.0645	-0.0598	-0.0526	-0.0406	-0.0287	-0.0215	-0.0167	0.5658	0.5692	0.5743	0.5828	0.5912	0.5963	0.5997
100	100	100	300	1.00	union	anytime	0.45	0.30	0.30	0.15	no-lift	2000	fn_passes_fp_fails	0	0.00000000	0.00000000	288.101	$23.91-$25.06	$24.90-$26.10 (cap $90.00)	NA	NA	NA	NA	NA	NA	NA	NA	NA	NA	NA	NA	NA	NA	NA	NA	NA	NA	NA	NA	NA
100	100	100	300	1.00	union	anytime	0.45	0.30	0.30	0.15	no-lift	2000	neither_passes	1868	0.93400000	0.00555176	288.101	$23.91-$25.06	$24.90-$26.10 (cap $90.00)	-0.2475	-0.1343	-0.0957	-0.0521	-0.0022	0.0427	0.1910	-0.3963	-0.2704	-0.2265	-0.1732	-0.1251	-0.0811	0.0985	0.2048	0.2626	0.2988	0.3456	0.3949	0.4374	0.5853
100	100	100	300	1.00	union	anytime	0.45	0.30	0.30	0.15	no-lift	2000	both_pass	0	0.00000000	0.00000000	288.101	$23.91-$25.06	$24.90-$26.10 (cap $90.00)	NA	NA	NA	NA	NA	NA	NA	NA	NA	NA	NA	NA	NA	NA	NA	NA	NA	NA	NA	NA	NA
100	100	100	300	1.00	direct	anytime	0.45	0.30	0.30	0.15	no-lift	2000	fp_passes_fn_fails	2	0.00100000	0.00070675	288.101	$23.91-$25.06	$24.90-$26.10 (cap $90.00)	0.2426	0.2451	0.2487	0.2547	0.2607	0.2643	0.2667	0.0409	0.0461	0.0540	0.0671	0.0801	0.0880	0.0932	0.5658	0.5692	0.5743	0.5828	0.5912	0.5963	0.5997
100	100	100	300	1.00	direct	anytime	0.45	0.30	0.30	0.15	no-lift	2000	fn_passes_fp_fails	2	0.00100000	0.00070675	288.101	$23.91-$25.06	$24.90-$26.10 (cap $90.00)	0.0733	0.0814	0.0935	0.1136	0.1338	0.1459	0.1540	0.2009	0.2011	0.2013	0.2017	0.2021	0.2024	0.2025	0.4644	0.4713	0.4816	0.4987	0.5159	0.5262	0.5330
100	100	100	300	1.00	direct	anytime	0.45	0.30	0.30	0.15	no-lift	2000	neither_passes	1866	0.93300000	0.00559066	288.101	$23.91-$25.06	$24.90-$26.10 (cap $90.00)	-0.2475	-0.1344	-0.0957	-0.0522	-0.0023	0.0416	0.1910	-0.2689	-0.1474	-0.1036	-0.0526	-0.0029	0.0383	0.1861	0.2048	0.2626	0.2988	0.3455	0.3947	0.4372	0.5853
100	100	100	300	1.00	direct	anytime	0.45	0.30	0.30	0.15	no-lift	2000	both_pass	0	0.00000000	0.00000000	288.101	$23.91-$25.06	$24.90-$26.10 (cap $90.00)	NA	NA	NA	NA	NA	NA	NA	NA	NA	NA	NA	NA	NA	NA	NA	NA	NA	NA	NA	NA	NA
75	75	150	300	2.00	union	anytime	0.45	0.30	0.30	0.15	no-lift	2000	fp_passes_fn_fails	0	0.00000000	0.00000000	288.880	$23.98-$25.13	$24.90-$26.10 (cap $90.00)	NA	NA	NA	NA	NA	NA	NA	NA	NA	NA	NA	NA	NA	NA	NA	NA	NA	NA	NA	NA	NA
75	75	150	300	2.00	union	anytime	0.45	0.30	0.30	0.15	no-lift	2000	fn_passes_fp_fails	0	0.00000000	0.00000000	288.880	$23.98-$25.13	$24.90-$26.10 (cap $90.00)	NA	NA	NA	NA	NA	NA	NA	NA	NA	NA	NA	NA	NA	NA	NA	NA	NA	NA	NA	NA	NA
75	75	150	300	2.00	union	anytime	0.45	0.30	0.30	0.15	no-lift	2000	neither_passes	1875	0.93750000	0.00541266	288.880	$23.98-$25.13	$24.90-$26.10 (cap $90.00)	-0.3141	-0.1789	-0.1320	-0.0789	-0.0241	0.0232	0.1789	-0.4160	-0.2582	-0.2159	-0.1654	-0.1173	-0.0742	0.0921	0.2006	0.2734	0.3161	0.3670	0.4239	0.4753	0.6282
75	75	150	300	2.00	union	anytime	0.45	0.30	0.30	0.15	no-lift	2000	both_pass	0	0.00000000	0.00000000	288.880	$23.98-$25.13	$24.90-$26.10 (cap $90.00)	NA	NA	NA	NA	NA	NA	NA	NA	NA	NA	NA	NA	NA	NA	NA	NA	NA	NA	NA	NA	NA
75	75	150	300	2.00	direct	anytime	0.45	0.30	0.30	0.15	no-lift	2000	fp_passes_fn_fails	0	0.00000000	0.00000000	288.880	$23.98-$25.13	$24.90-$26.10 (cap $90.00)	NA	NA	NA	NA	NA	NA	NA	NA	NA	NA	NA	NA	NA	NA	NA	NA	NA	NA	NA	NA	NA
75	75	150	300	2.00	direct	anytime	0.45	0.30	0.30	0.15	no-lift	2000	fn_passes_fp_fails	0	0.00000000	0.00000000	288.880	$23.98-$25.13	$24.90-$26.10 (cap $90.00)	NA	NA	NA	NA	NA	NA	NA	NA	NA	NA	NA	NA	NA	NA	NA	NA	NA	NA	NA	NA	NA
75	75	150	300	2.00	direct	anytime	0.45	0.30	0.30	0.15	no-lift	2000	neither_passes	1875	0.93750000	0.00541266	288.880	$23.98-$25.13	$24.90-$26.10 (cap $90.00)	-0.3141	-0.1789	-0.1320	-0.0789	-0.0241	0.0232	0.1789	-0.3142	-0.1342	-0.0951	-0.0457	-0.0027	0.0356	0.1908	0.2006	0.2734	0.3161	0.3670	0.4239	0.4753	0.6282
75	75	150	300	2.00	direct	anytime	0.45	0.30	0.30	0.15	no-lift	2000	both_pass	0	0.00000000	0.00000000	288.880	$23.98-$25.13	$24.90-$26.10 (cap $90.00)	NA	NA	NA	NA	NA	NA	NA	NA	NA	NA	NA	NA	NA	NA	NA	NA	NA	NA	NA	NA	NA
480	480	240	1200	0.50	union	anytime	0.45	0.30	0.30	0.15	no-lift	2000	fp_passes_fn_fails	0	0.00000000	0.00000000	1081.274	$89.75-$94.07	$99.60-$104.40 (cap $360.00)	NA	NA	NA	NA	NA	NA	NA	NA	NA	NA	NA	NA	NA	NA	NA	NA	NA	NA	NA	NA	NA
480	480	240	1200	0.50	union	anytime	0.45	0.30	0.30	0.15	no-lift	2000	fn_passes_fp_fails	0	0.00000000	0.00000000	1081.274	$89.75-$94.07	$99.60-$104.40 (cap $360.00)	NA	NA	NA	NA	NA	NA	NA	NA	NA	NA	NA	NA	NA	NA	NA	NA	NA	NA	NA	NA	NA
480	480	240	1200	0.50	union	anytime	0.45	0.30	0.30	0.15	no-lift	2000	neither_passes	1686	0.84300000	0.00813483	1081.274	$89.75-$94.07	$99.60-$104.40 (cap $360.00)	-0.0243	0.0147	0.0310	0.0534	0.0754	0.0975	0.1664	-0.1807	-0.1057	-0.0774	-0.0446	-0.0108	0.0194	0.1092	0.2005	0.2194	0.2350	0.2580	0.2803	0.3031	0.3859
480	480	240	1200	0.50	union	anytime	0.45	0.30	0.30	0.15	no-lift	2000	both_pass	0	0.00000000	0.00000000	1081.274	$89.75-$94.07	$99.60-$104.40 (cap $360.00)	NA	NA	NA	NA	NA	NA	NA	NA	NA	NA	NA	NA	NA	NA	NA	NA	NA	NA	NA	NA	NA
480	480	240	1200	0.50	direct	anytime	0.45	0.30	0.30	0.15	no-lift	2000	fp_passes_fn_fails	0	0.00000000	0.00000000	1081.274	$89.75-$94.07	$99.60-$104.40 (cap $360.00)	NA	NA	NA	NA	NA	NA	NA	NA	NA	NA	NA	NA	NA	NA	NA	NA	NA	NA	NA	NA	NA
480	480	240	1200	0.50	direct	anytime	0.45	0.30	0.30	0.15	no-lift	2000	fn_passes_fp_fails	0	0.00000000	0.00000000	1081.274	$89.75-$94.07	$99.60-$104.40 (cap $360.00)	NA	NA	NA	NA	NA	NA	NA	NA	NA	NA	NA	NA	NA	NA	NA	NA	NA	NA	NA	NA	NA
480	480	240	1200	0.50	direct	anytime	0.45	0.30	0.30	0.15	no-lift	2000	neither_passes	1686	0.84300000	0.00813483	1081.274	$89.75-$94.07	$99.60-$104.40 (cap $360.00)	-0.0243	0.0147	0.0310	0.0534	0.0754	0.0975	0.1664	-0.1341	-0.0523	-0.0219	0.0145	0.0482	0.0808	0.1866	0.2005	0.2194	0.2350	0.2580	0.2803	0.3031	0.3859
480	480	240	1200	0.50	direct	anytime	0.45	0.30	0.30	0.15	no-lift	2000	both_pass	0	0.00000000	0.00000000	1081.274	$89.75-$94.07	$99.60-$104.40 (cap $360.00)	NA	NA	NA	NA	NA	NA	NA	NA	NA	NA	NA	NA	NA	NA	NA	NA	NA	NA	NA	NA	NA
400	400	400	1200	1.00	union	anytime	0.45	0.30	0.30	0.15	no-lift	2000	fp_passes_fn_fails	0	0.00000000	0.00000000	1074.105	$89.15-$93.45	$99.60-$104.40 (cap $360.00)	NA	NA	NA	NA	NA	NA	NA	NA	NA	NA	NA	NA	NA	NA	NA	NA	NA	NA	NA	NA	NA
400	400	400	1200	1.00	union	anytime	0.45	0.30	0.30	0.15	no-lift	2000	fn_passes_fp_fails	0	0.00000000	0.00000000	1074.105	$89.15-$93.45	$99.60-$104.40 (cap $360.00)	NA	NA	NA	NA	NA	NA	NA	NA	NA	NA	NA	NA	NA	NA	NA	NA	NA	NA	NA	NA	NA
400	400	400	1200	1.00	union	anytime	0.45	0.30	0.30	0.15	no-lift	2000	neither_passes	1685	0.84250000	0.00814536	1074.105	$89.15-$93.45	$99.60-$104.40 (cap $360.00)	-0.0415	0.0029	0.0202	0.0431	0.0699	0.0937	0.1692	-0.1553	-0.0824	-0.0586	-0.0333	-0.0043	0.0218	0.1208	0.2006	0.2214	0.2396	0.2625	0.2903	0.3162	0.4162
400	400	400	1200	1.00	union	anytime	0.45	0.30	0.30	0.15	no-lift	2000	both_pass	0	0.00000000	0.00000000	1074.105	$89.15-$93.45	$99.60-$104.40 (cap $360.00)	NA	NA	NA	NA	NA	NA	NA	NA	NA	NA	NA	NA	NA	NA	NA	NA	NA	NA	NA	NA	NA
400	400	400	1200	1.00	direct	anytime	0.45	0.30	0.30	0.15	no-lift	2000	fp_passes_fn_fails	0	0.00000000	0.00000000	1074.105	$89.15-$93.45	$99.60-$104.40 (cap $360.00)	NA	NA	NA	NA	NA	NA	NA	NA	NA	NA	NA	NA	NA	NA	NA	NA	NA	NA	NA	NA	NA
400	400	400	1200	1.00	direct	anytime	0.45	0.30	0.30	0.15	no-lift	2000	fn_passes_fp_fails	0	0.00000000	0.00000000	1074.105	$89.15-$93.45	$99.60-$104.40 (cap $360.00)	NA	NA	NA	NA	NA	NA	NA	NA	NA	NA	NA	NA	NA	NA	NA	NA	NA	NA	NA	NA	NA
400	400	400	1200	1.00	direct	anytime	0.45	0.30	0.30	0.15	no-lift	2000	neither_passes	1685	0.84250000	0.00814536	1074.105	$89.15-$93.45	$99.60-$104.40 (cap $360.00)	-0.0415	0.0029	0.0202	0.0431	0.0699	0.0937	0.1692	-0.0695	-0.0101	0.0139	0.0410	0.0654	0.0913	0.1933	0.2006	0.2214	0.2396	0.2625	0.2903	0.3162	0.4162
400	400	400	1200	1.00	direct	anytime	0.45	0.30	0.30	0.15	no-lift	2000	both_pass	0	0.00000000	0.00000000	1074.105	$89.15-$93.45	$99.60-$104.40 (cap $360.00)	NA	NA	NA	NA	NA	NA	NA	NA	NA	NA	NA	NA	NA	NA	NA	NA	NA	NA	NA	NA	NA
300	300	600	1200	2.00	union	anytime	0.45	0.30	0.30	0.15	no-lift	2000	fp_passes_fn_fails	0	0.00000000	0.00000000	1102.960	$91.55-$95.96	$99.60-$104.40 (cap $360.00)	NA	NA	NA	NA	NA	NA	NA	NA	NA	NA	NA	NA	NA	NA	NA	NA	NA	NA	NA	NA	NA
300	300	600	1200	2.00	union	anytime	0.45	0.30	0.30	0.15	no-lift	2000	fn_passes_fp_fails	0	0.00000000	0.00000000	1102.960	$91.55-$95.96	$99.60-$104.40 (cap $360.00)	NA	NA	NA	NA	NA	NA	NA	NA	NA	NA	NA	NA	NA	NA	NA	NA	NA	NA	NA	NA	NA
300	300	600	1200	2.00	union	anytime	0.45	0.30	0.30	0.15	no-lift	2000	neither_passes	1753	0.87650000	0.00735689	1102.960	$91.55-$95.96	$99.60-$104.40 (cap $360.00)	-0.0702	-0.0213	0.0020	0.0289	0.0585	0.0854	0.1755	-0.1613	-0.0783	-0.0565	-0.0291	-0.0014	0.0234	0.1387	0.2008	0.2285	0.2482	0.2771	0.3074	0.3367	0.4304
300	300	600	1200	2.00	union	anytime	0.45	0.30	0.30	0.15	no-lift	2000	both_pass	0	0.00000000	0.00000000	1102.960	$91.55-$95.96	$99.60-$104.40 (cap $360.00)	NA	NA	NA	NA	NA	NA	NA	NA	NA	NA	NA	NA	NA	NA	NA	NA	NA	NA	NA	NA	NA
300	300	600	1200	2.00	direct	anytime	0.45	0.30	0.30	0.15	no-lift	2000	fp_passes_fn_fails	0	0.00000000	0.00000000	1102.960	$91.55-$95.96	$99.60-$104.40 (cap $360.00)	NA	NA	NA	NA	NA	NA	NA	NA	NA	NA	NA	NA	NA	NA	NA	NA	NA	NA	NA	NA	NA
300	300	600	1200	2.00	direct	anytime	0.45	0.30	0.30	0.15	no-lift	2000	fn_passes_fp_fails	0	0.00000000	0.00000000	1102.960	$91.55-$95.96	$99.60-$104.40 (cap $360.00)	NA	NA	NA	NA	NA	NA	NA	NA	NA	NA	NA	NA	NA	NA	NA	NA	NA	NA	NA	NA	NA
300	300	600	1200	2.00	direct	anytime	0.45	0.30	0.30	0.15	no-lift	2000	neither_passes	1753	0.87650000	0.00735689	1102.960	$91.55-$95.96	$99.60-$104.40 (cap $360.00)	-0.0702	-0.0213	0.0020	0.0289	0.0585	0.0854	0.1755	-0.0781	0.0012	0.0211	0.0455	0.0710	0.0932	0.1895	0.2008	0.2285	0.2482	0.2771	0.3074	0.3367	0.4304
300	300	600	1200	2.00	direct	anytime	0.45	0.30	0.30	0.15	no-lift	2000	both_pass	0	0.00000000	0.00000000	1102.960	$91.55-$95.96	$99.60-$104.40 (cap $360.00)	NA	NA	NA	NA	NA	NA	NA	NA	NA	NA	NA	NA	NA	NA	NA	NA	NA	NA	NA	NA	NA
120	120	60	300	0.50	union	anytime	0.50	0.30	0.30	0.20	calibration	2000	fp_passes_fn_fails	6	0.00300000	0.00122291	294.891	$24.48-$25.66	$24.90-$26.10 (cap $90.00)	0.2112	0.2119	0.2142	0.2280	0.2493	0.2650	0.2765	-0.0710	-0.0465	-0.0209	0.0020	0.0521	0.0954	0.1285	0.5488	0.5612	0.5764	0.5878	0.6047	0.6142	0.6190
120	120	60	300	0.50	union	anytime	0.50	0.30	0.30	0.20	calibration	2000	fn_passes_fp_fails	0	0.00000000	0.00000000	294.891	$24.48-$25.66	$24.90-$26.10 (cap $90.00)	NA	NA	NA	NA	NA	NA	NA	NA	NA	NA	NA	NA	NA	NA	NA	NA	NA	NA	NA	NA	NA
120	120	60	300	0.50	union	anytime	0.50	0.30	0.30	0.20	calibration	2000	neither_passes	1946	0.97300000	0.00362429	294.891	$24.48-$25.66	$24.90-$26.10 (cap $90.00)	-0.2141	-0.0802	-0.0358	0.0121	0.0582	0.0981	0.1983	-0.4410	-0.2759	-0.2218	-0.1640	-0.1069	-0.0551	0.1234	0.2059	0.2883	0.3288	0.3775	0.4260	0.4662	0.6080
120	120	60	300	0.50	union	anytime	0.50	0.30	0.30	0.20	calibration	2000	both_pass	0	0.00000000	0.00000000	294.891	$24.48-$25.66	$24.90-$26.10 (cap $90.00)	NA	NA	NA	NA	NA	NA	NA	NA	NA	NA	NA	NA	NA	NA	NA	NA	NA	NA	NA	NA	NA
120	120	60	300	0.50	direct	anytime	0.50	0.30	0.30	0.20	calibration	2000	fp_passes_fn_fails	5	0.00250000	0.00111664	294.853	$24.47-$25.65	$24.90-$26.10 (cap $90.00)	0.2112	0.2117	0.2126	0.2370	0.2535	0.2673	0.2765	0.0126	0.0209	0.0333	0.0473	0.0848	0.1152	0.1354	0.5488	0.5587	0.5736	0.5848	0.5908	0.6019	0.6094
120	120	60	300	0.50	direct	anytime	0.50	0.30	0.30	0.20	calibration	2000	fn_passes_fp_fails	3	0.00150000	0.00086538	294.853	$24.47-$25.65	$24.90-$26.10 (cap $90.00)	0.0424	0.0467	0.0531	0.0639	0.0857	0.0988	0.1075	0.2059	0.2092	0.2142	0.2225	0.2269	0.2296	0.2313	0.4069	0.4088	0.4117	0.4166	0.4365	0.4485	0.4565
120	120	60	300	0.50	direct	anytime	0.50	0.30	0.30	0.20	calibration	2000	neither_passes	1943	0.97150000	0.00372074	294.853	$24.47-$25.65	$24.90-$26.10 (cap $90.00)	-0.2141	-0.0803	-0.0358	0.0119	0.0581	0.0980	0.1983	-0.3657	-0.1887	-0.1309	-0.0695	-0.0069	0.0522	0.1975	0.2059	0.2883	0.3287	0.3774	0.4260	0.4662	0.6080
120	120	60	300	0.50	direct	anytime	0.50	0.30	0.30	0.20	calibration	2000	both_pass	0	0.00000000	0.00000000	294.853	$24.47-$25.65	$24.90-$26.10 (cap $90.00)	NA	NA	NA	NA	NA	NA	NA	NA	NA	NA	NA	NA	NA	NA	NA	NA	NA	NA	NA	NA	NA
100	100	100	300	1.00	union	anytime	0.50	0.30	0.30	0.20	calibration	2000	fp_passes_fn_fails	4	0.00200000	0.00099900	293.973	$24.40-$25.58	$24.90-$26.10 (cap $90.00)	0.2079	0.2127	0.2198	0.2244	0.2269	0.2302	0.2325	-0.0702	-0.0693	-0.0680	-0.0100	0.0576	0.0761	0.0884	0.5272	0.5337	0.5435	0.5627	0.5834	0.5960	0.6045
100	100	100	300	1.00	union	anytime	0.50	0.30	0.30	0.20	calibration	2000	fn_passes_fp_fails	0	0.00000000	0.00000000	293.973	$24.40-$25.58	$24.90-$26.10 (cap $90.00)	NA	NA	NA	NA	NA	NA	NA	NA	NA	NA	NA	NA	NA	NA	NA	NA	NA	NA	NA	NA	NA
100	100	100	300	1.00	union	anytime	0.50	0.30	0.30	0.20	calibration	2000	neither_passes	1939	0.96950000	0.00384511	293.973	$24.40-$25.58	$24.90-$26.10 (cap $90.00)	-0.1985	-0.1014	-0.0546	-0.0072	0.0446	0.0874	0.1865	-0.3950	-0.2344	-0.1855	-0.1329	-0.0799	-0.0304	0.1312	0.2104	0.2974	0.3409	0.3888	0.4390	0.4837	0.6155
100	100	100	300	1.00	union	anytime	0.50	0.30	0.30	0.20	calibration	2000	both_pass	0	0.00000000	0.00000000	293.973	$24.40-$25.58	$24.90-$26.10 (cap $90.00)	NA	NA	NA	NA	NA	NA	NA	NA	NA	NA	NA	NA	NA	NA	NA	NA	NA	NA	NA	NA	NA
100	100	100	300	1.00	direct	anytime	0.50	0.30	0.30	0.20	calibration	2000	fp_passes_fn_fails	3	0.00150000	0.00086538	293.925	$24.40-$25.57	$24.90-$26.10 (cap $90.00)	0.2079	0.2111	0.2159	0.2238	0.2281	0.2307	0.2325	0.0515	0.0588	0.0697	0.0878	0.1306	0.1562	0.1733	0.5272	0.5316	0.5381	0.5490	0.5767	0.5934	0.6045
100	100	100	300	1.00	direct	anytime	0.50	0.30	0.30	0.20	calibration	2000	fn_passes_fp_fails	4	0.00200000	0.00099900	293.925	$24.40-$25.57	$24.90-$26.10 (cap $90.00)	-0.0780	-0.0505	-0.0091	0.0455	0.0960	0.1299	0.1526	0.2016	0.2023	0.2034	0.2191	0.2357	0.2384	0.2401	0.3610	0.3842	0.4189	0.4567	0.4938	0.5271	0.5492
100	100	100	300	1.00	direct	anytime	0.50	0.30	0.30	0.20	calibration	2000	neither_passes	1935	0.96750000	0.00396508	293.925	$24.40-$25.57	$24.90-$26.10 (cap $90.00)	-0.1985	-0.1015	-0.0546	-0.0074	0.0445	0.0873	0.1865	-0.2931	-0.1073	-0.0593	-0.0087	0.0421	0.0867	0.1954	0.2104	0.2974	0.3408	0.3888	0.4388	0.4836	0.6155
100	100	100	300	1.00	direct	anytime	0.50	0.30	0.30	0.20	calibration	2000	both_pass	0	0.00000000	0.00000000	293.925	$24.40-$25.57	$24.90-$26.10 (cap $90.00)	NA	NA	NA	NA	NA	NA	NA	NA	NA	NA	NA	NA	NA	NA	NA	NA	NA	NA	NA	NA	NA
75	75	150	300	2.00	union	anytime	0.50	0.30	0.30	0.20	calibration	2000	fp_passes_fn_fails	6	0.00300000	0.00122291	295.098	$24.49-$25.67	$24.90-$26.10 (cap $90.00)	0.2007	0.2019	0.2035	0.2052	0.2091	0.2384	0.2665	-0.1104	-0.0937	-0.0753	-0.0598	-0.0121	0.0157	0.0311	0.5326	0.5430	0.5572	0.5909	0.6590	0.6745	0.6748
75	75	150	300	2.00	union	anytime	0.50	0.30	0.30	0.20	calibration	2000	fn_passes_fp_fails	0	0.00000000	0.00000000	295.098	$24.49-$25.67	$24.90-$26.10 (cap $90.00)	NA	NA	NA	NA	NA	NA	NA	NA	NA	NA	NA	NA	NA	NA	NA	NA	NA	NA	NA	NA	NA
75	75	150	300	2.00	union	anytime	0.50	0.30	0.30	0.20	calibration	2000	neither_passes	1942	0.97100000	0.00375227	295.098	$24.49-$25.67	$24.90-$26.10 (cap $90.00)	-0.2814	-0.1439	-0.0952	-0.0382	0.0141	0.0644	0.1983	-0.3915	-0.2249	-0.1789	-0.1276	-0.0725	-0.0248	0.1145	0.2093	0.3117	0.3593	0.4124	0.4659	0.5164	0.6687
75	75	150	300	2.00	union	anytime	0.50	0.30	0.30	0.20	calibration	2000	both_pass	0	0.00000000	0.00000000	295.098	$24.49-$25.67	$24.90-$26.10 (cap $90.00)	NA	NA	NA	NA	NA	NA	NA	NA	NA	NA	NA	NA	NA	NA	NA	NA	NA	NA	NA	NA	NA
75	75	150	300	2.00	direct	anytime	0.50	0.30	0.30	0.20	calibration	2000	fp_passes_fn_fails	6	0.00300000	0.00122291	295.098	$24.49-$25.67	$24.90-$26.10 (cap $90.00)	0.2007	0.2019	0.2035	0.2052	0.2091	0.2384	0.2665	0.0383	0.0465	0.0574	0.0738	0.1151	0.1309	0.1359	0.5326	0.5430	0.5572	0.5909	0.6590	0.6745	0.6748
75	75	150	300	2.00	direct	anytime	0.50	0.30	0.30	0.20	calibration	2000	fn_passes_fp_fails	1	0.00050000	0.00049987	295.098	$24.49-$25.67	$24.90-$26.10 (cap $90.00)	0.0766	0.0766	0.0766	0.0766	0.0766	0.0766	0.0766	0.2017	0.2017	0.2017	0.2017	0.2017	0.2017	0.2017	0.5589	0.5589	0.5589	0.5589	0.5589	0.5589	0.5589
75	75	150	300	2.00	direct	anytime	0.50	0.30	0.30	0.20	calibration	2000	neither_passes	1941	0.97050000	0.00378350	295.098	$24.49-$25.67	$24.90-$26.10 (cap $90.00)	-0.2814	-0.1440	-0.0952	-0.0383	0.0138	0.0643	0.1983	-0.2850	-0.0973	-0.0548	-0.0075	0.0414	0.0871	0.1948	0.2093	0.3117	0.3593	0.4123	0.4659	0.5163	0.6687
75	75	150	300	2.00	direct	anytime	0.50	0.30	0.30	0.20	calibration	2000	both_pass	0	0.00000000	0.00000000	295.098	$24.49-$25.67	$24.90-$26.10 (cap $90.00)	NA	NA	NA	NA	NA	NA	NA	NA	NA	NA	NA	NA	NA	NA	NA	NA	NA	NA	NA	NA	NA
480	480	240	1200	0.50	union	anytime	0.50	0.30	0.30	0.20	calibration	2000	fp_passes_fn_fails	4	0.00200000	0.00099900	1167.888	$96.93-$101.61	$99.60-$104.40 (cap $360.00)	0.2003	0.2029	0.2067	0.2115	0.2168	0.2216	0.2247	0.0484	0.0507	0.0541	0.0643	0.0780	0.0877	0.0942	0.4118	0.4130	0.4149	0.4214	0.4269	0.4270	0.4270
480	480	240	1200	0.50	union	anytime	0.50	0.30	0.30	0.20	calibration	2000	fn_passes_fp_fails	0	0.00000000	0.00000000	1167.888	$96.93-$101.61	$99.60-$104.40 (cap $360.00)	NA	NA	NA	NA	NA	NA	NA	NA	NA	NA	NA	NA	NA	NA	NA	NA	NA	NA	NA	NA	NA
480	480	240	1200	0.50	union	anytime	0.50	0.30	0.30	0.20	calibration	2000	neither_passes	1933	0.96650000	0.00402354	1167.888	$96.93-$101.61	$99.60-$104.40 (cap $360.00)	-0.0033	0.0460	0.0695	0.0935	0.1193	0.1447	0.1962	-0.1479	-0.0613	-0.0345	0.0009	0.0325	0.0644	0.1486	0.2009	0.2511	0.2724	0.2986	0.3257	0.3511	0.4283
480	480	240	1200	0.50	union	anytime	0.50	0.30	0.30	0.20	calibration	2000	both_pass	0	0.00000000	0.00000000	1167.888	$96.93-$101.61	$99.60-$104.40 (cap $360.00)	NA	NA	NA	NA	NA	NA	NA	NA	NA	NA	NA	NA	NA	NA	NA	NA	NA	NA	NA	NA	NA
480	480	240	1200	0.50	direct	anytime	0.50	0.30	0.30	0.20	calibration	2000	fp_passes_fn_fails	3	0.00150000	0.00086538	1167.448	$96.90-$101.57	$99.60-$104.40 (cap $360.00)	0.2003	0.2031	0.2072	0.2141	0.2194	0.2226	0.2247	0.0341	0.0456	0.0628	0.0915	0.0920	0.0924	0.0926	0.4118	0.4148	0.4193	0.4268	0.4269	0.4270	0.4270
480	480	240	1200	0.50	direct	anytime	0.50	0.30	0.30	0.20	calibration	2000	fn_passes_fp_fails	4	0.00200000	0.00099900	1167.448	$96.90-$101.57	$99.60-$104.40 (cap $360.00)	0.0852	0.0986	0.1187	0.1317	0.1338	0.1341	0.1343	0.2102	0.2105	0.2110	0.2137	0.2197	0.2262	0.2305	0.2817	0.2944	0.3135	0.3242	0.3293	0.3386	0.3447
480	480	240	1200	0.50	direct	anytime	0.50	0.30	0.30	0.20	calibration	2000	neither_passes	1929	0.96450000	0.00413762	1167.448	$96.90-$101.57	$99.60-$104.40 (cap $360.00)	-0.0033	0.0460	0.0694	0.0935	0.1193	0.1448	0.1962	-0.1009	-0.0080	0.0230	0.0593	0.0952	0.1245	0.1969	0.2009	0.2510	0.2724	0.2985	0.3257	0.3511	0.4283
480	480	240	1200	0.50	direct	anytime	0.50	0.30	0.30	0.20	calibration	2000	both_pass	0	0.00000000	0.00000000	1167.448	$96.90-$101.57	$99.60-$104.40 (cap $360.00)	NA	NA	NA	NA	NA	NA	NA	NA	NA	NA	NA	NA	NA	NA	NA	NA	NA	NA	NA	NA	NA
400	400	400	1200	1.00	union	anytime	0.50	0.30	0.30	0.20	calibration	2000	fp_passes_fn_fails	2	0.00100000	0.00070675	1174.063	$97.45-$102.14	$99.60-$104.40 (cap $360.00)	0.2010	0.2016	0.2024	0.2039	0.2054	0.2063	0.2069	0.0291	0.0373	0.0496	0.0701	0.0906	0.1029	0.1111	0.4172	0.4202	0.4248	0.4324	0.4399	0.4445	0.4475
400	400	400	1200	1.00	union	anytime	0.50	0.30	0.30	0.20	calibration	2000	fn_passes_fp_fails	0	0.00000000	0.00000000	1174.063	$97.45-$102.14	$99.60-$104.40 (cap $360.00)	NA	NA	NA	NA	NA	NA	NA	NA	NA	NA	NA	NA	NA	NA	NA	NA	NA	NA	NA	NA	NA
400	400	400	1200	1.00	union	anytime	0.50	0.30	0.30	0.20	calibration	2000	neither_passes	1944	0.97200000	0.00368890	1174.063	$97.45-$102.14	$99.60-$104.40 (cap $360.00)	-0.0246	0.0359	0.0612	0.0863	0.1139	0.1379	0.1965	-0.1526	-0.0414	-0.0167	0.0134	0.0446	0.0690	0.1421	0.2032	0.2575	0.2806	0.3074	0.3364	0.3604	0.4316
400	400	400	1200	1.00	union	anytime	0.50	0.30	0.30	0.20	calibration	2000	both_pass	0	0.00000000	0.00000000	1174.063	$97.45-$102.14	$99.60-$104.40 (cap $360.00)	NA	NA	NA	NA	NA	NA	NA	NA	NA	NA	NA	NA	NA	NA	NA	NA	NA	NA	NA	NA	NA
400	400	400	1200	1.00	direct	anytime	0.50	0.30	0.30	0.20	calibration	2000	fp_passes_fn_fails	1	0.00050000	0.00049987	1173.592	$97.41-$102.10	$99.60-$104.40 (cap $360.00)	0.2010	0.2010	0.2010	0.2010	0.2010	0.2010	0.2010	0.1057	0.1057	0.1057	0.1057	0.1057	0.1057	0.1057	0.4172	0.4172	0.4172	0.4172	0.4172	0.4172	0.4172
400	400	400	1200	1.00	direct	anytime	0.50	0.30	0.30	0.20	calibration	2000	fn_passes_fp_fails	4	0.00200000	0.00099900	1173.592	$97.41-$102.10	$99.60-$104.40 (cap $360.00)	0.1221	0.1255	0.1307	0.1436	0.1551	0.1578	0.1596	0.2007	0.2020	0.2039	0.2081	0.2116	0.2125	0.2131	0.3444	0.3473	0.3517	0.3634	0.3779	0.3873	0.3935
400	400	400	1200	1.00	direct	anytime	0.50	0.30	0.30	0.20	calibration	2000	neither_passes	1940	0.97000000	0.00381445	1173.592	$97.41-$102.10	$99.60-$104.40 (cap $360.00)	-0.0246	0.0359	0.0611	0.0862	0.1137	0.1377	0.1965	-0.0740	0.0331	0.0581	0.0870	0.1159	0.1380	0.1910	0.2032	0.2574	0.2805	0.3074	0.3363	0.3603	0.4316
400	400	400	1200	1.00	direct	anytime	0.50	0.30	0.30	0.20	calibration	2000	both_pass	0	0.00000000	0.00000000	1173.592	$97.41-$102.10	$99.60-$104.40 (cap $360.00)	NA	NA	NA	NA	NA	NA	NA	NA	NA	NA	NA	NA	NA	NA	NA	NA	NA	NA	NA	NA	NA
300	300	600	1200	2.00	union	anytime	0.50	0.30	0.30	0.20	calibration	2000	fp_passes_fn_fails	5	0.00250000	0.00111664	1173.888	$97.43-$102.13	$99.60-$104.40 (cap $360.00)	0.2081	0.2100	0.2129	0.2192	0.2196	0.2249	0.2283	0.0534	0.0731	0.1027	0.1091	0.1240	0.1304	0.1346	0.4497	0.4533	0.4587	0.4729	0.4772	0.4816	0.4846
300	300	600	1200	2.00	union	anytime	0.50	0.30	0.30	0.20	calibration	2000	fn_passes_fp_fails	0	0.00000000	0.00000000	1173.888	$97.43-$102.13	$99.60-$104.40 (cap $360.00)	NA	NA	NA	NA	NA	NA	NA	NA	NA	NA	NA	NA	NA	NA	NA	NA	NA	NA	NA	NA	NA
300	300	600	1200	2.00	union	anytime	0.50	0.30	0.30	0.20	calibration	2000	neither_passes	1942	0.97100000	0.00375227	1173.888	$97.43-$102.13	$99.60-$104.40 (cap $360.00)	-0.0478	0.0115	0.0372	0.0692	0.0997	0.1283	0.1963	-0.1221	-0.0407	-0.0141	0.0155	0.0427	0.0679	0.1748	0.2030	0.2615	0.2855	0.3162	0.3492	0.3766	0.4723
300	300	600	1200	2.00	union	anytime	0.50	0.30	0.30	0.20	calibration	2000	both_pass	0	0.00000000	0.00000000	1173.888	$97.43-$102.13	$99.60-$104.40 (cap $360.00)	NA	NA	NA	NA	NA	NA	NA	NA	NA	NA	NA	NA	NA	NA	NA	NA	NA	NA	NA	NA	NA
300	300	600	1200	2.00	direct	anytime	0.50	0.30	0.30	0.20	calibration	2000	fp_passes_fn_fails	4	0.00200000	0.00099900	1173.592	$97.41-$102.10	$99.60-$104.40 (cap $360.00)	0.2081	0.2095	0.2117	0.2163	0.2218	0.2257	0.2283	0.1316	0.1376	0.1465	0.1609	0.1736	0.1795	0.1834	0.4497	0.4524	0.4565	0.4658	0.4758	0.4811	0.4846
300	300	600	1200	2.00	direct	anytime	0.50	0.30	0.30	0.20	calibration	2000	fn_passes_fp_fails	1	0.00050000	0.00049987	1173.592	$97.41-$102.10	$99.60-$104.40 (cap $360.00)	0.1546	0.1546	0.1546	0.1546	0.1546	0.1546	0.1546	0.2261	0.2261	0.2261	0.2261	0.2261	0.2261	0.2261	0.4280	0.4280	0.4280	0.4280	0.4280	0.4280	0.4280
300	300	600	1200	2.00	direct	anytime	0.50	0.30	0.30	0.20	calibration	2000	neither_passes	1941	0.97050000	0.00378350	1173.592	$97.41-$102.10	$99.60-$104.40 (cap $360.00)	-0.0478	0.0115	0.0371	0.0692	0.0997	0.1283	0.1963	-0.0427	0.0395	0.0650	0.0904	0.1152	0.1384	0.1923	0.2030	0.2615	0.2855	0.3162	0.3490	0.3764	0.4723
300	300	600	1200	2.00	direct	anytime	0.50	0.30	0.30	0.20	calibration	2000	both_pass	0	0.00000000	0.00000000	1173.592	$97.41-$102.10	$99.60-$104.40 (cap $360.00)	NA	NA	NA	NA	NA	NA	NA	NA	NA	NA	NA	NA	NA	NA	NA	NA	NA	NA	NA	NA	NA
120	120	60	300	0.50	union	anytime	0.55	0.30	0.30	0.25	small real effect	2000	fp_passes_fn_fails	36	0.01800000	0.00297288	298.324	$24.76-$25.95	$24.90-$26.10 (cap $90.00)	0.2003	0.2018	0.2057	0.2185	0.2316	0.2622	0.2992	-0.2129	-0.1395	-0.1133	-0.0497	0.0512	0.1106	0.1677	0.4961	0.5274	0.5403	0.5737	0.5951	0.6231	0.6661
120	120	60	300	0.50	union	anytime	0.55	0.30	0.30	0.25	small real effect	2000	fn_passes_fp_fails	0	0.00000000	0.00000000	298.324	$24.76-$25.95	$24.90-$26.10 (cap $90.00)	NA	NA	NA	NA	NA	NA	NA	NA	NA	NA	NA	NA	NA	NA	NA	NA	NA	NA	NA	NA	NA
120	120	60	300	0.50	union	anytime	0.55	0.30	0.30	0.25	small real effect	2000	neither_passes	1950	0.97500000	0.00349106	298.324	$24.76-$25.95	$24.90-$26.10 (cap $90.00)	-0.1693	-0.0327	0.0085	0.0560	0.1013	0.1397	0.1995	-0.4070	-0.2216	-0.1726	-0.1137	-0.0574	-0.0061	0.1545	0.2252	0.3362	0.3742	0.4214	0.4703	0.5079	0.6328
120	120	60	300	0.50	union	anytime	0.55	0.30	0.30	0.25	small real effect	2000	both_pass	0	0.00000000	0.00000000	298.324	$24.76-$25.95	$24.90-$26.10 (cap $90.00)	NA	NA	NA	NA	NA	NA	NA	NA	NA	NA	NA	NA	NA	NA	NA	NA	NA	NA	NA	NA	NA
120	120	60	300	0.50	direct	anytime	0.55	0.30	0.30	0.25	small real effect	2000	fp_passes_fn_fails	35	0.01750000	0.00293204	298.164	$24.75-$25.94	$24.90-$26.10 (cap $90.00)	0.2003	0.2017	0.2056	0.2180	0.2303	0.2501	0.2941	-0.1633	-0.0792	-0.0053	0.0579	0.1326	0.1603	0.1736	0.4961	0.5270	0.5403	0.5700	0.5958	0.6249	0.6661
120	120	60	300	0.50	direct	anytime	0.55	0.30	0.30	0.25	small real effect	2000	fn_passes_fp_fails	20	0.01000000	0.00222486	298.164	$24.75-$25.94	$24.90-$26.10 (cap $90.00)	-0.0008	0.0236	0.0640	0.1271	0.1549	0.1757	0.1840	0.2012	0.2020	0.2054	0.2146	0.2229	0.2609	0.2942	0.3610	0.3825	0.4486	0.4817	0.5133	0.5429	0.5632
120	120	60	300	0.50	direct	anytime	0.55	0.30	0.30	0.25	small real effect	2000	neither_passes	1928	0.96400000	0.00416557	298.164	$24.75-$25.94	$24.90-$26.10 (cap $90.00)	-0.1693	-0.0329	0.0082	0.0555	0.1005	0.1386	0.1995	-0.3329	-0.1362	-0.0827	-0.0207	0.0420	0.0935	0.1984	0.2252	0.3359	0.3736	0.4210	0.4691	0.5072	0.6328
120	120	60	300	0.50	direct	anytime	0.55	0.30	0.30	0.25	small real effect	2000	both_pass	0	0.00000000	0.00000000	298.164	$24.75-$25.94	$24.90-$26.10 (cap $90.00)	NA	NA	NA	NA	NA	NA	NA	NA	NA	NA	NA	NA	NA	NA	NA	NA	NA	NA	NA	NA	NA
100	100	100	300	1.00	union	anytime	0.55	0.30	0.30	0.25	small real effect	2000	fp_passes_fn_fails	24	0.01200000	0.00243475	298.134	$24.75-$25.94	$24.90-$26.10 (cap $90.00)	0.2007	0.2014	0.2075	0.2203	0.2357	0.2489	0.2699	-0.1899	-0.0877	-0.0197	0.0399	0.0785	0.1157	0.1471	0.5111	0.5469	0.5827	0.6037	0.6235	0.6484	0.6761
100	100	100	300	1.00	union	anytime	0.55	0.30	0.30	0.25	small real effect	2000	fn_passes_fp_fails	0	0.00000000	0.00000000	298.134	$24.75-$25.94	$24.90-$26.10 (cap $90.00)	NA	NA	NA	NA	NA	NA	NA	NA	NA	NA	NA	NA	NA	NA	NA	NA	NA	NA	NA	NA	NA
100	100	100	300	1.00	union	anytime	0.55	0.30	0.30	0.25	small real effect	2000	neither_passes	1960	0.98000000	0.00313050	298.134	$24.75-$25.94	$24.90-$26.10 (cap $90.00)	-0.2178	-0.0605	-0.0115	0.0389	0.0891	0.1349	0.1990	-0.3530	-0.1871	-0.1385	-0.0843	-0.0303	0.0167	0.1893	0.2142	0.3402	0.3819	0.4350	0.4850	0.5297	0.7042
100	100	100	300	1.00	union	anytime	0.55	0.30	0.30	0.25	small real effect	2000	both_pass	0	0.00000000	0.00000000	298.134	$24.75-$25.94	$24.90-$26.10 (cap $90.00)	NA	NA	NA	NA	NA	NA	NA	NA	NA	NA	NA	NA	NA	NA	NA	NA	NA	NA	NA	NA	NA
100	100	100	300	1.00	direct	anytime	0.55	0.30	0.30	0.25	small real effect	2000	fp_passes_fn_fails	16	0.00800000	0.00199198	297.630	$24.70-$25.89	$24.90-$26.10 (cap $90.00)	0.2007	0.2011	0.2024	0.2203	0.2335	0.2434	0.2491	-0.0333	0.0334	0.0772	0.1268	0.1514	0.1695	0.1796	0.5111	0.5431	0.5827	0.6008	0.6143	0.6453	0.6756
100	100	100	300	1.00	direct	anytime	0.55	0.30	0.30	0.25	small real effect	2000	fn_passes_fp_fails	29	0.01450000	0.00267299	297.630	$24.70-$25.89	$24.90-$26.10 (cap $90.00)	0.0106	0.0340	0.0698	0.1037	0.1235	0.1682	0.1921	0.2004	0.2011	0.2044	0.2124	0.2251	0.2535	0.2807	0.3647	0.4343	0.4572	0.5109	0.5395	0.5734	0.6126
100	100	100	300	1.00	direct	anytime	0.55	0.30	0.30	0.25	small real effect	2000	neither_passes	1929	0.96450000	0.00413762	297.630	$24.70-$25.89	$24.90-$26.10 (cap $90.00)	-0.2178	-0.0617	-0.0125	0.0380	0.0878	0.1339	0.1990	-0.2255	-0.0584	-0.0112	0.0388	0.0892	0.1293	0.1998	0.2142	0.3391	0.3813	0.4335	0.4840	0.5278	0.7042
100	100	100	300	1.00	direct	anytime	0.55	0.30	0.30	0.25	small real effect	2000	both_pass	0	0.00000000	0.00000000	297.630	$24.70-$25.89	$24.90-$26.10 (cap $90.00)	NA	NA	NA	NA	NA	NA	NA	NA	NA	NA	NA	NA	NA	NA	NA	NA	NA	NA	NA	NA	NA
75	75	150	300	2.00	union	anytime	0.55	0.30	0.30	0.25	small real effect	2000	fp_passes_fn_fails	19	0.00950000	0.00216907	298.140	$24.75-$25.94	$24.90-$26.10 (cap $90.00)	0.2002	0.2016	0.2049	0.2077	0.2213	0.2470	0.2696	-0.1159	-0.0909	-0.0664	0.0330	0.0969	0.1198	0.1311	0.5821	0.5877	0.6040	0.6302	0.6563	0.6861	0.6994
75	75	150	300	2.00	union	anytime	0.55	0.30	0.30	0.25	small real effect	2000	fn_passes_fp_fails	0	0.00000000	0.00000000	298.140	$24.75-$25.94	$24.90-$26.10 (cap $90.00)	NA	NA	NA	NA	NA	NA	NA	NA	NA	NA	NA	NA	NA	NA	NA	NA	NA	NA	NA	NA	NA
75	75	150	300	2.00	union	anytime	0.55	0.30	0.30	0.25	small real effect	2000	neither_passes	1965	0.98250000	0.00293204	298.140	$24.75-$25.94	$24.90-$26.10 (cap $90.00)	-0.2606	-0.1035	-0.0503	0.0087	0.0683	0.1158	0.1983	-0.3823	-0.1832	-0.1313	-0.0791	-0.0264	0.0194	0.1423	0.2226	0.3506	0.4043	0.4605	0.5183	0.5625	0.7156
75	75	150	300	2.00	union	anytime	0.55	0.30	0.30	0.25	small real effect	2000	both_pass	0	0.00000000	0.00000000	298.140	$24.75-$25.94	$24.90-$26.10 (cap $90.00)	NA	NA	NA	NA	NA	NA	NA	NA	NA	NA	NA	NA	NA	NA	NA	NA	NA	NA	NA	NA	NA
75	75	150	300	2.00	direct	anytime	0.55	0.30	0.30	0.25	small real effect	2000	fp_passes_fn_fails	13	0.00650000	0.00179691	297.922	$24.73-$25.92	$24.90-$26.10 (cap $90.00)	0.2010	0.2018	0.2047	0.2076	0.2195	0.2256	0.2454	0.0360	0.0545	0.0738	0.0849	0.1312	0.1805	0.1928	0.5821	0.5851	0.5940	0.6236	0.6324	0.6333	0.6558
75	75	150	300	2.00	direct	anytime	0.55	0.30	0.30	0.25	small real effect	2000	fn_passes_fp_fails	20	0.01000000	0.00222486	297.922	$24.73-$25.92	$24.90-$26.10 (cap $90.00)	-0.0358	0.0400	0.0756	0.1064	0.1569	0.1751	0.1830	0.2007	0.2049	0.2055	0.2149	0.2209	0.2332	0.2414	0.4427	0.4622	0.5147	0.5520	0.5967	0.6595	0.7128
75	75	150	300	2.00	direct	anytime	0.55	0.30	0.30	0.25	small real effect	2000	neither_passes	1944	0.97200000	0.00368890	297.922	$24.73-$25.92	$24.90-$26.10 (cap $90.00)	-0.2606	-0.1040	-0.0510	0.0080	0.0664	0.1143	0.1983	-0.1952	-0.0542	-0.0069	0.0414	0.0857	0.1265	0.1987	0.2226	0.3499	0.4038	0.4591	0.5168	0.5610	0.7156
75	75	150	300	2.00	direct	anytime	0.55	0.30	0.30	0.25	small real effect	2000	both_pass	0	0.00000000	0.00000000	297.922	$24.73-$25.92	$24.90-$26.10 (cap $90.00)	NA	NA	NA	NA	NA	NA	NA	NA	NA	NA	NA	NA	NA	NA	NA	NA	NA	NA	NA	NA	NA
480	480	240	1200	0.50	union	anytime	0.55	0.30	0.30	0.25	small real effect	2000	fp_passes_fn_fails	130	0.06500000	0.00551249	1185.906	$98.43-$103.17	$99.60-$104.40 (cap $360.00)	0.2005	0.2027	0.2057	0.2131	0.2244	0.2374	0.2633	-0.0519	0.0367	0.0632	0.0829	0.1182	0.1504	0.1829	0.3676	0.3934	0.4068	0.4186	0.4344	0.4542	0.4977
480	480	240	1200	0.50	union	anytime	0.55	0.30	0.30	0.25	small real effect	2000	fn_passes_fp_fails	0	0.00000000	0.00000000	1185.906	$98.43-$103.17	$99.60-$104.40 (cap $360.00)	NA	NA	NA	NA	NA	NA	NA	NA	NA	NA	NA	NA	NA	NA	NA	NA	NA	NA	NA	NA	NA
480	480	240	1200	0.50	union	anytime	0.55	0.30	0.30	0.25	small real effect	2000	neither_passes	1845	0.92250000	0.00597887	1185.906	$98.43-$103.17	$99.60-$104.40 (cap $360.00)	0.0304	0.0954	0.1178	0.1410	0.1638	0.1818	0.1999	-0.1291	-0.0157	0.0151	0.0464	0.0782	0.1069	0.1766	0.2302	0.2976	0.3206	0.3459	0.3699	0.3875	0.4437
480	480	240	1200	0.50	union	anytime	0.55	0.30	0.30	0.25	small real effect	2000	both_pass	0	0.00000000	0.00000000	1185.906	$98.43-$103.17	$99.60-$104.40 (cap $360.00)	NA	NA	NA	NA	NA	NA	NA	NA	NA	NA	NA	NA	NA	NA	NA	NA	NA	NA	NA	NA	NA
480	480	240	1200	0.50	direct	anytime	0.55	0.30	0.30	0.25	small real effect	2000	fp_passes_fn_fails	110	0.05500000	0.00509779	1178.533	$97.82-$102.53	$99.60-$104.40 (cap $360.00)	0.2005	0.2027	0.2056	0.2134	0.2240	0.2368	0.2633	0.0110	0.0772	0.0981	0.1325	0.1610	0.1786	0.1980	0.3676	0.3934	0.4068	0.4191	0.4337	0.4502	0.4977
480	480	240	1200	0.50	direct	anytime	0.55	0.30	0.30	0.25	small real effect	2000	fn_passes_fp_fails	59	0.02950000	0.00378350	1178.533	$97.82-$102.53	$99.60-$104.40 (cap $360.00)	0.0858	0.1192	0.1358	0.1571	0.1760	0.1905	0.1992	0.2002	0.2023	0.2067	0.2141	0.2233	0.2402	0.2598	0.2779	0.3103	0.3360	0.3620	0.3822	0.4040	0.4213
480	480	240	1200	0.50	direct	anytime	0.55	0.30	0.30	0.25	small real effect	2000	neither_passes	1779	0.88950000	0.00701034	1178.533	$97.82-$102.53	$99.60-$104.40 (cap $360.00)	0.0304	0.0949	0.1170	0.1401	0.1630	0.1808	0.1999	-0.1071	0.0414	0.0699	0.1057	0.1397	0.1635	0.1995	0.2302	0.2972	0.3199	0.3450	0.3691	0.3868	0.4437
480	480	240	1200	0.50	direct	anytime	0.55	0.30	0.30	0.25	small real effect	2000	both_pass	0	0.00000000	0.00000000	1178.533	$97.82-$102.53	$99.60-$104.40 (cap $360.00)	NA	NA	NA	NA	NA	NA	NA	NA	NA	NA	NA	NA	NA	NA	NA	NA	NA	NA	NA	NA	NA
400	400	400	1200	1.00	union	anytime	0.55	0.30	0.30	0.25	small real effect	2000	fp_passes_fn_fails	114	0.05700000	0.00518416	1189.686	$98.74-$103.50	$99.60-$104.40 (cap $360.00)	0.2001	0.2018	0.2050	0.2150	0.2232	0.2406	0.2646	-0.0054	0.0627	0.0909	0.1134	0.1455	0.1599	0.1911	0.3979	0.4116	0.4195	0.4333	0.4535	0.4667	0.5121
400	400	400	1200	1.00	union	anytime	0.55	0.30	0.30	0.25	small real effect	2000	fn_passes_fp_fails	0	0.00000000	0.00000000	1189.686	$98.74-$103.50	$99.60-$104.40 (cap $360.00)	NA	NA	NA	NA	NA	NA	NA	NA	NA	NA	NA	NA	NA	NA	NA	NA	NA	NA	NA	NA	NA
400	400	400	1200	1.00	union	anytime	0.55	0.30	0.30	0.25	small real effect	2000	neither_passes	1866	0.93300000	0.00559066	1189.686	$98.74-$103.50	$99.60-$104.40 (cap $360.00)	0.0111	0.0800	0.1043	0.1314	0.1569	0.1772	0.1997	-0.0715	0.0045	0.0313	0.0613	0.0894	0.1159	0.1913	0.2353	0.2976	0.3258	0.3522	0.3786	0.3993	0.4561
400	400	400	1200	1.00	union	anytime	0.55	0.30	0.30	0.25	small real effect	2000	both_pass	0	0.00000000	0.00000000	1189.686	$98.74-$103.50	$99.60-$104.40 (cap $360.00)	NA	NA	NA	NA	NA	NA	NA	NA	NA	NA	NA	NA	NA	NA	NA	NA	NA	NA	NA	NA	NA
400	400	400	1200	1.00	direct	anytime	0.55	0.30	0.30	0.25	small real effect	2000	fp_passes_fn_fails	65	0.03250000	0.00396508	1168.957	$97.02-$101.70	$99.60-$104.40 (cap $360.00)	0.2003	0.2023	0.2062	0.2157	0.2231	0.2314	0.2646	0.0721	0.1234	0.1406	0.1638	0.1825	0.1858	0.1976	0.3979	0.4104	0.4187	0.4302	0.4499	0.4608	0.5121
400	400	400	1200	1.00	direct	anytime	0.55	0.30	0.30	0.25	small real effect	2000	fn_passes_fp_fails	81	0.04050000	0.00440793	1168.957	$97.02-$101.70	$99.60-$104.40 (cap $360.00)	0.0879	0.1213	0.1383	0.1611	0.1799	0.1873	0.1983	0.2000	0.2016	0.2043	0.2116	0.2222	0.2328	0.2503	0.2911	0.3400	0.3557	0.3793	0.3993	0.4138	0.4276
400	400	400	1200	1.00	direct	anytime	0.55	0.30	0.30	0.25	small real effect	2000	neither_passes	1772	0.88600000	0.00710648	1168.957	$97.02-$101.70	$99.60-$104.40 (cap $360.00)	0.0111	0.0794	0.1031	0.1300	0.1547	0.1732	0.1985	0.0127	0.0802	0.1057	0.1316	0.1566	0.1768	0.1999	0.2353	0.2968	0.3241	0.3504	0.3765	0.3976	0.4493
400	400	400	1200	1.00	direct	anytime	0.55	0.30	0.30	0.25	small real effect	2000	both_pass	0	0.00000000	0.00000000	1168.957	$97.02-$101.70	$99.60-$104.40 (cap $360.00)	NA	NA	NA	NA	NA	NA	NA	NA	NA	NA	NA	NA	NA	NA	NA	NA	NA	NA	NA	NA	NA
300	300	600	1200	2.00	union	anytime	0.55	0.30	0.30	0.25	small real effect	2000	fp_passes_fn_fails	79	0.03950000	0.00435544	1186.408	$98.47-$103.22	$99.60-$104.40 (cap $360.00)	0.2000	0.2015	0.2055	0.2121	0.2231	0.2352	0.2573	0.0250	0.0661	0.0957	0.1227	0.1484	0.1683	0.1866	0.4107	0.4349	0.4476	0.4596	0.4847	0.4962	0.5483
300	300	600	1200	2.00	union	anytime	0.55	0.30	0.30	0.25	small real effect	2000	fn_passes_fp_fails	2	0.00100000	0.00070675	1186.408	$98.47-$103.22	$99.60-$104.40 (cap $360.00)	0.1574	0.1602	0.1643	0.1712	0.1781	0.1823	0.1851	0.2060	0.2062	0.2065	0.2069	0.2074	0.2076	0.2078	0.4001	0.4046	0.4114	0.4228	0.4342	0.4410	0.4455
300	300	600	1200	2.00	union	anytime	0.55	0.30	0.30	0.25	small real effect	2000	neither_passes	1892	0.94600000	0.00505391	1186.408	$98.47-$103.22	$99.60-$104.40 (cap $360.00)	-0.0309	0.0612	0.0873	0.1175	0.1475	0.1720	0.1999	-0.0724	0.0060	0.0347	0.0633	0.0924	0.1178	0.1923	0.2272	0.3078	0.3344	0.3651	0.3968	0.4248	0.5078
300	300	600	1200	2.00	union	anytime	0.55	0.30	0.30	0.25	small real effect	2000	both_pass	0	0.00000000	0.00000000	1186.408	$98.47-$103.22	$99.60-$104.40 (cap $360.00)	NA	NA	NA	NA	NA	NA	NA	NA	NA	NA	NA	NA	NA	NA	NA	NA	NA	NA	NA	NA	NA
300	300	600	1200	2.00	direct	anytime	0.55	0.30	0.30	0.25	small real effect	2000	fp_passes_fn_fails	41	0.02050000	0.00316858	1170.432	$97.15-$101.83	$99.60-$104.40 (cap $360.00)	0.2000	0.2010	0.2049	0.2110	0.2174	0.2247	0.2451	0.1055	0.1335	0.1506	0.1656	0.1856	0.1916	0.1979	0.4107	0.4305	0.4379	0.4560	0.4799	0.4913	0.5078
300	300	600	1200	2.00	direct	anytime	0.55	0.30	0.30	0.25	small real effect	2000	fn_passes_fp_fails	86	0.04300000	0.00453602	1170.432	$97.15-$101.83	$99.60-$104.40 (cap $360.00)	0.0660	0.1184	0.1358	0.1585	0.1742	0.1874	0.1988	0.2000	0.2016	0.2062	0.2098	0.2171	0.2281	0.2574	0.3004	0.3573	0.3839	0.4043	0.4269	0.4414	0.4567
300	300	600	1200	2.00	direct	anytime	0.55	0.30	0.30	0.25	small real effect	2000	neither_passes	1791	0.89550000	0.00684031	1170.432	$97.15-$101.83	$99.60-$104.40 (cap $360.00)	-0.0309	0.0587	0.0851	0.1153	0.1442	0.1690	0.1997	0.0109	0.0887	0.1115	0.1374	0.1606	0.1793	0.1998	0.2272	0.3071	0.3324	0.3629	0.3936	0.4205	0.5078
300	300	600	1200	2.00	direct	anytime	0.55	0.30	0.30	0.25	small real effect	2000	both_pass	0	0.00000000	0.00000000	1170.432	$97.15-$101.83	$99.60-$104.40 (cap $360.00)	NA	NA	NA	NA	NA	NA	NA	NA	NA	NA	NA	NA	NA	NA	NA	NA	NA	NA	NA	NA	NA
120	120	60	300	0.50	union	anytime	0.60	0.30	0.30	0.30	real effect	2000	fp_passes_fn_fails	160	0.08000000	0.00606630	298.957	$24.81-$26.01	$24.90-$26.10 (cap $90.00)	0.2003	0.2037	0.2104	0.2205	0.2355	0.2535	0.3650	-0.2405	-0.1162	-0.0592	-0.0001	0.0506	0.1002	0.1810	0.5107	0.5316	0.5519	0.5757	0.5978	0.6312	0.6826
120	120	60	300	0.50	union	anytime	0.60	0.30	0.30	0.30	real effect	2000	fn_passes_fp_fails	1	0.00050000	0.00049987	298.957	$24.81-$26.01	$24.90-$26.10 (cap $90.00)	0.1055	0.1055	0.1055	0.1055	0.1055	0.1055	0.1055	0.2179	0.2179	0.2179	0.2179	0.2179	0.2179	0.2179	0.4654	0.4654	0.4654	0.4654	0.4654	0.4654	0.4654
120	120	60	300	0.50	union	anytime	0.60	0.30	0.30	0.30	real effect	2000	neither_passes	1831	0.91550000	0.00621931	298.957	$24.81-$26.01	$24.90-$26.10 (cap $90.00)	-0.1588	0.0166	0.0585	0.1005	0.1440	0.1719	0.1997	-0.3600	-0.1785	-0.1263	-0.0680	-0.0071	0.0411	0.1817	0.2424	0.3817	0.4221	0.4654	0.5048	0.5371	0.6285
120	120	60	300	0.50	union	anytime	0.60	0.30	0.30	0.30	real effect	2000	both_pass	0	0.00000000	0.00000000	298.957	$24.81-$26.01	$24.90-$26.10 (cap $90.00)	NA	NA	NA	NA	NA	NA	NA	NA	NA	NA	NA	NA	NA	NA	NA	NA	NA	NA	NA	NA	NA
120	120	60	300	0.50	direct	anytime	0.60	0.30	0.30	0.30	real effect	2000	fp_passes_fn_fails	144	0.07200000	0.00577997	298.014	$24.74-$25.93	$24.90-$26.10 (cap $90.00)	0.2003	0.2037	0.2101	0.2196	0.2331	0.2504	0.3405	-0.1295	-0.0585	0.0270	0.0771	0.1238	0.1587	0.1920	0.5145	0.5310	0.5509	0.5749	0.5944	0.6187	0.6779
120	120	60	300	0.50	direct	anytime	0.60	0.30	0.30	0.30	real effect	2000	fn_passes_fp_fails	41	0.02050000	0.00316858	298.014	$24.74-$25.93	$24.90-$26.10 (cap $90.00)	0.0268	0.0685	0.0951	0.1340	0.1739	0.1830	0.1968	0.2007	0.2044	0.2127	0.2244	0.2429	0.2703	0.3592	0.3772	0.4332	0.4732	0.4993	0.5212	0.5564	0.6066
120	120	60	300	0.50	direct	anytime	0.60	0.30	0.30	0.30	real effect	2000	neither_passes	1787	0.89350000	0.00689774	298.014	$24.74-$25.93	$24.90-$26.10 (cap $90.00)	-0.1588	0.0158	0.0575	0.0995	0.1425	0.1705	0.1997	-0.3723	-0.0928	-0.0333	0.0251	0.0871	0.1368	0.1996	0.2424	0.3808	0.4210	0.4644	0.5043	0.5364	0.6285
120	120	60	300	0.50	direct	anytime	0.60	0.30	0.30	0.30	real effect	2000	both_pass	0	0.00000000	0.00000000	298.014	$24.74-$25.93	$24.90-$26.10 (cap $90.00)	NA	NA	NA	NA	NA	NA	NA	NA	NA	NA	NA	NA	NA	NA	NA	NA	NA	NA	NA	NA	NA
100	100	100	300	1.00	union	anytime	0.60	0.30	0.30	0.30	real effect	2000	fp_passes_fn_fails	128	0.06400000	0.00547284	299.529	$24.86-$26.06	$24.90-$26.10 (cap $90.00)	0.2001	0.2042	0.2111	0.2231	0.2480	0.2715	0.3506	-0.1400	-0.0591	-0.0147	0.0229	0.0703	0.1021	0.1609	0.5181	0.5584	0.5811	0.6048	0.6336	0.6491	0.7173
100	100	100	300	1.00	union	anytime	0.60	0.30	0.30	0.30	real effect	2000	fn_passes_fp_fails	1	0.00050000	0.00049987	299.529	$24.86-$26.06	$24.90-$26.10 (cap $90.00)	0.1819	0.1819	0.1819	0.1819	0.1819	0.1819	0.1819	0.2323	0.2323	0.2323	0.2323	0.2323	0.2323	0.2323	0.5804	0.5804	0.5804	0.5804	0.5804	0.5804	0.5804
100	100	100	300	1.00	union	anytime	0.60	0.30	0.30	0.30	real effect	2000	neither_passes	1865	0.93250000	0.00560998	299.529	$24.86-$26.06	$24.90-$26.10 (cap $90.00)	-0.1557	-0.0145	0.0366	0.0868	0.1289	0.1637	0.1990	-0.3002	-0.1402	-0.0911	-0.0361	0.0170	0.0629	0.1880	0.2144	0.3843	0.4303	0.4799	0.5234	0.5618	0.6659
100	100	100	300	1.00	union	anytime	0.60	0.30	0.30	0.30	real effect	2000	both_pass	0	0.00000000	0.00000000	299.529	$24.86-$26.06	$24.90-$26.10 (cap $90.00)	NA	NA	NA	NA	NA	NA	NA	NA	NA	NA	NA	NA	NA	NA	NA	NA	NA	NA	NA	NA	NA
100	100	100	300	1.00	direct	anytime	0.60	0.30	0.30	0.30	real effect	2000	fp_passes_fn_fails	99	0.04950000	0.00485024	297.322	$24.68-$25.87	$24.90-$26.10 (cap $90.00)	0.2001	0.2042	0.2124	0.2230	0.2457	0.2706	0.3506	0.0064	0.0577	0.1005	0.1341	0.1575	0.1783	0.1998	0.5372	0.5585	0.5784	0.5987	0.6341	0.6488	0.6862
100	100	100	300	1.00	direct	anytime	0.60	0.30	0.30	0.30	real effect	2000	fn_passes_fp_fails	113	0.05650000	0.00516274	297.322	$24.68-$25.87	$24.90-$26.10 (cap $90.00)	-0.0343	0.0499	0.0912	0.1283	0.1625	0.1809	0.1971	0.2000	0.2019	0.2072	0.2211	0.2420	0.2619	0.3289	0.3546	0.4532	0.4829	0.5213	0.5447	0.5746	0.6246
100	100	100	300	1.00	direct	anytime	0.60	0.30	0.30	0.30	real effect	2000	neither_passes	1736	0.86800000	0.00756888	297.322	$24.68-$25.87	$24.90-$26.10 (cap $90.00)	-0.1557	-0.0163	0.0322	0.0821	0.1251	0.1582	0.1990	-0.1622	-0.0142	0.0304	0.0829	0.1295	0.1619	0.1994	0.2144	0.3813	0.4266	0.4763	0.5200	0.5594	0.6659
100	100	100	300	1.00	direct	anytime	0.60	0.30	0.30	0.30	real effect	2000	both_pass	0	0.00000000	0.00000000	297.322	$24.68-$25.87	$24.90-$26.10 (cap $90.00)	NA	NA	NA	NA	NA	NA	NA	NA	NA	NA	NA	NA	NA	NA	NA	NA	NA	NA	NA	NA	NA
75	75	150	300	2.00	union	anytime	0.60	0.30	0.30	0.30	real effect	2000	fp_passes_fn_fails	92	0.04600000	0.00468423	299.376	$24.85-$26.05	$24.90-$26.10 (cap $90.00)	0.2005	0.2050	0.2139	0.2287	0.2528	0.2782	0.3296	-0.1364	-0.0455	-0.0007	0.0608	0.1140	0.1367	0.1791	0.5429	0.5938	0.6237	0.6561	0.6886	0.6997	0.7193
75	75	150	300	2.00	union	anytime	0.60	0.30	0.30	0.30	real effect	2000	fn_passes_fp_fails	0	0.00000000	0.00000000	299.376	$24.85-$26.05	$24.90-$26.10 (cap $90.00)	NA	NA	NA	NA	NA	NA	NA	NA	NA	NA	NA	NA	NA	NA	NA	NA	NA	NA	NA	NA	NA
75	75	150	300	2.00	union	anytime	0.60	0.30	0.30	0.30	real effect	2000	neither_passes	1900	0.95000000	0.00487340	299.376	$24.85-$26.05	$24.90-$26.10 (cap $90.00)	-0.2428	-0.0550	0.0001	0.0536	0.1061	0.1472	0.1996	-0.2979	-0.1322	-0.0834	-0.0306	0.0210	0.0624	0.1861	0.2229	0.3980	0.4504	0.5021	0.5539	0.5969	0.7105
75	75	150	300	2.00	union	anytime	0.60	0.30	0.30	0.30	real effect	2000	both_pass	0	0.00000000	0.00000000	299.376	$24.85-$26.05	$24.90-$26.10 (cap $90.00)	NA	NA	NA	NA	NA	NA	NA	NA	NA	NA	NA	NA	NA	NA	NA	NA	NA	NA	NA	NA	NA
75	75	150	300	2.00	direct	anytime	0.60	0.30	0.30	0.30	real effect	2000	fp_passes_fn_fails	53	0.02650000	0.00359150	297.056	$24.66-$25.84	$24.90-$26.10 (cap $90.00)	0.2006	0.2057	0.2115	0.2267	0.2470	0.2712	0.3154	0.0005	0.0782	0.0989	0.1401	0.1645	0.1750	0.1959	0.5429	0.5822	0.6087	0.6426	0.6711	0.6957	0.7185
75	75	150	300	2.00	direct	anytime	0.60	0.30	0.30	0.30	real effect	2000	fn_passes_fp_fails	73	0.03650000	0.00419331	297.056	$24.66-$25.84	$24.90-$26.10 (cap $90.00)	-0.0828	0.0401	0.0733	0.1295	0.1592	0.1811	0.1976	0.2003	0.2024	0.2055	0.2136	0.2319	0.2512	0.3002	0.4107	0.4841	0.5220	0.5544	0.6059	0.6405	0.6866
75	75	150	300	2.00	direct	anytime	0.60	0.30	0.30	0.30	real effect	2000	neither_passes	1815	0.90750000	0.00647857	297.056	$24.66-$25.84	$24.90-$26.10 (cap $90.00)	-0.2428	-0.0575	-0.0012	0.0490	0.1022	0.1428	0.1996	-0.1483	-0.0049	0.0383	0.0842	0.1254	0.1592	0.1998	0.2229	0.3966	0.4484	0.4991	0.5507	0.5908	0.7105
75	75	150	300	2.00	direct	anytime	0.60	0.30	0.30	0.30	real effect	2000	both_pass	0	0.00000000	0.00000000	297.056	$24.66-$25.84	$24.90-$26.10 (cap $90.00)	NA	NA	NA	NA	NA	NA	NA	NA	NA	NA	NA	NA	NA	NA	NA	NA	NA	NA	NA	NA	NA
480	480	240	1200	0.50	union	anytime	0.60	0.30	0.30	0.30	real effect	2000	fp_passes_fn_fails	879	0.43950000	0.01109819	1188.239	$98.62-$103.38	$99.60-$104.40 (cap $360.00)	0.2000	0.2045	0.2118	0.2249	0.2412	0.2622	0.3409	-0.0220	0.0589	0.0852	0.1162	0.1461	0.1691	0.1989	0.3740	0.3985	0.4107	0.4275	0.4470	0.4674	0.5503
480	480	240	1200	0.50	union	anytime	0.60	0.30	0.30	0.30	real effect	2000	fn_passes_fp_fails	5	0.00250000	0.00111664	1188.239	$98.62-$103.38	$99.60-$104.40 (cap $360.00)	0.1730	0.1745	0.1767	0.1842	0.1872	0.1897	0.1914	0.2017	0.2018	0.2019	0.2024	0.2027	0.2091	0.2134	0.3645	0.3676	0.3723	0.3736	0.3833	0.4004	0.4119
480	480	240	1200	0.50	union	anytime	0.60	0.30	0.30	0.30	real effect	2000	neither_passes	1067	0.53350000	0.01115522	1188.239	$98.62-$103.38	$99.60-$104.40 (cap $360.00)	0.0804	0.1341	0.1544	0.1743	0.1876	0.1951	0.2000	-0.0757	0.0246	0.0522	0.0821	0.1118	0.1366	0.1928	0.2754	0.3360	0.3544	0.3771	0.3928	0.4037	0.4579
480	480	240	1200	0.50	union	anytime	0.60	0.30	0.30	0.30	real effect	2000	both_pass	0	0.00000000	0.00000000	1188.239	$98.62-$103.38	$99.60-$104.40 (cap $360.00)	NA	NA	NA	NA	NA	NA	NA	NA	NA	NA	NA	NA	NA	NA	NA	NA	NA	NA	NA	NA	NA
480	480	240	1200	0.50	direct	anytime	0.60	0.30	0.30	0.30	real effect	2000	fp_passes_fn_fails	585	0.29250000	0.01017211	1117.084	$92.72-$97.19	$99.60-$104.40 (cap $360.00)	0.2000	0.2036	0.2102	0.2235	0.2375	0.2556	0.3054	0.0048	0.1013	0.1237	0.1508	0.1732	0.1869	0.1983	0.3747	0.3969	0.4099	0.4262	0.4441	0.4646	0.5116
480	480	240	1200	0.50	direct	anytime	0.60	0.30	0.30	0.30	real effect	2000	fn_passes_fp_fails	137	0.06850000	0.00564835	1117.084	$92.72-$97.19	$99.60-$104.40 (cap $360.00)	0.0968	0.1474	0.1618	0.1793	0.1875	0.1940	0.1993	0.2001	0.2025	0.2089	0.2175	0.2337	0.2521	0.3033	0.2881	0.3475	0.3664	0.3820	0.3931	0.4085	0.4271
480	480	240	1200	0.50	direct	anytime	0.60	0.30	0.30	0.30	real effect	2000	neither_passes	917	0.45850000	0.01114176	1117.084	$92.72-$97.19	$99.60-$104.40 (cap $360.00)	0.0804	0.1335	0.1514	0.1726	0.1868	0.1947	0.2000	-0.0656	0.0724	0.1052	0.1365	0.1619	0.1815	0.2000	0.2754	0.3344	0.3530	0.3751	0.3917	0.4033	0.4579
480	480	240	1200	0.50	direct	anytime	0.60	0.30	0.30	0.30	real effect	2000	both_pass	0	0.00000000	0.00000000	1117.084	$92.72-$97.19	$99.60-$104.40 (cap $360.00)	NA	NA	NA	NA	NA	NA	NA	NA	NA	NA	NA	NA	NA	NA	NA	NA	NA	NA	NA	NA	NA
400	400	400	1200	1.00	union	anytime	0.60	0.30	0.30	0.30	real effect	2000	fp_passes_fn_fails	725	0.36250000	0.01074927	1185.945	$98.43-$103.18	$99.60-$104.40 (cap $360.00)	0.2000	0.2047	0.2108	0.2244	0.2396	0.2600	0.3303	0.0178	0.0878	0.1095	0.1358	0.1582	0.1735	0.1981	0.3856	0.4128	0.4251	0.4413	0.4630	0.4845	0.5375
400	400	400	1200	1.00	union	anytime	0.60	0.30	0.30	0.30	real effect	2000	fn_passes_fp_fails	5	0.00250000	0.00111664	1185.945	$98.43-$103.18	$99.60-$104.40 (cap $360.00)	0.1641	0.1682	0.1744	0.1780	0.1783	0.1873	0.1933	0.2003	0.2025	0.2059	0.2118	0.2124	0.2198	0.2247	0.3934	0.3946	0.3964	0.4207	0.4282	0.4328	0.4359
400	400	400	1200	1.00	union	anytime	0.60	0.30	0.30	0.30	real effect	2000	neither_passes	1213	0.60650000	0.01092378	1185.945	$98.43-$103.18	$99.60-$104.40 (cap $360.00)	0.0160	0.1248	0.1467	0.1670	0.1830	0.1928	0.2000	-0.0635	0.0474	0.0739	0.0997	0.1286	0.1513	0.1987	0.2341	0.3438	0.3639	0.3848	0.4024	0.4175	0.4591
400	400	400	1200	1.00	union	anytime	0.60	0.30	0.30	0.30	real effect	2000	both_pass	0	0.00000000	0.00000000	1185.945	$98.43-$103.18	$99.60-$104.40 (cap $360.00)	NA	NA	NA	NA	NA	NA	NA	NA	NA	NA	NA	NA	NA	NA	NA	NA	NA	NA	NA	NA	NA
400	400	400	1200	1.00	direct	anytime	0.60	0.30	0.30	0.30	real effect	2000	fp_passes_fn_fails	267	0.13350000	0.00760519	1065.750	$88.46-$92.72	$99.60-$104.40 (cap $360.00)	0.2000	0.2045	0.2086	0.2189	0.2322	0.2421	0.3303	0.0932	0.1405	0.1606	0.1764	0.1866	0.1926	0.1999	0.3926	0.4105	0.4216	0.4348	0.4531	0.4732	0.5289
400	400	400	1200	1.00	direct	anytime	0.60	0.30	0.30	0.30	real effect	2000	fn_passes_fp_fails	283	0.14150000	0.00779351	1065.750	$88.46-$92.72	$99.60-$104.40 (cap $360.00)	0.0698	0.1444	0.1565	0.1755	0.1873	0.1933	0.1995	0.2005	0.2046	0.2087	0.2173	0.2297	0.2438	0.2885	0.2852	0.3607	0.3776	0.3929	0.4086	0.4208	0.4455
400	400	400	1200	1.00	direct	anytime	0.60	0.30	0.30	0.30	real effect	2000	neither_passes	906	0.45300000	0.01113084	1065.750	$88.46-$92.72	$99.60-$104.40 (cap $360.00)	0.0160	0.1197	0.1430	0.1624	0.1793	0.1900	0.2000	0.0092	0.1167	0.1409	0.1628	0.1794	0.1918	0.1995	0.2341	0.3396	0.3592	0.3800	0.3979	0.4139	0.4475
400	400	400	1200	1.00	direct	anytime	0.60	0.30	0.30	0.30	real effect	2000	both_pass	0	0.00000000	0.00000000	1065.750	$88.46-$92.72	$99.60-$104.40 (cap $360.00)	NA	NA	NA	NA	NA	NA	NA	NA	NA	NA	NA	NA	NA	NA	NA	NA	NA	NA	NA	NA	NA
300	300	600	1200	2.00	union	anytime	0.60	0.30	0.30	0.30	real effect	2000	fp_passes_fn_fails	511	0.25550000	0.00975243	1187.162	$98.53-$103.28	$99.60-$104.40 (cap $360.00)	0.2000	0.2039	0.2097	0.2235	0.2396	0.2593	0.3240	0.0164	0.0961	0.1129	0.1388	0.1634	0.1817	0.1990	0.4027	0.4341	0.4489	0.4683	0.4891	0.5092	0.5825
300	300	600	1200	2.00	union	anytime	0.60	0.30	0.30	0.30	real effect	2000	fn_passes_fp_fails	16	0.00800000	0.00199198	1187.162	$98.53-$103.28	$99.60-$104.40 (cap $360.00)	0.1378	0.1542	0.1629	0.1794	0.1861	0.1909	0.1944	0.2005	0.2006	0.2028	0.2101	0.2192	0.2281	0.2394	0.3699	0.3866	0.4069	0.4210	0.4294	0.4573	0.4835
300	300	600	1200	2.00	union	anytime	0.60	0.30	0.30	0.30	real effect	2000	neither_passes	1411	0.70550000	0.01019239	1187.162	$98.53-$103.28	$99.60-$104.40 (cap $360.00)	0.0227	0.1028	0.1313	0.1576	0.1785	0.1913	0.2000	-0.0524	0.0495	0.0779	0.1054	0.1342	0.1548	0.2000	0.2656	0.3489	0.3755	0.4024	0.4249	0.4440	0.4941
300	300	600	1200	2.00	union	anytime	0.60	0.30	0.30	0.30	real effect	2000	both_pass	0	0.00000000	0.00000000	1187.162	$98.53-$103.28	$99.60-$104.40 (cap $360.00)	NA	NA	NA	NA	NA	NA	NA	NA	NA	NA	NA	NA	NA	NA	NA	NA	NA	NA	NA	NA	NA
300	300	600	1200	2.00	direct	anytime	0.60	0.30	0.30	0.30	real effect	2000	fp_passes_fn_fails	157	0.07850000	0.00601406	1087.288	$90.24-$94.59	$99.60-$104.40 (cap $360.00)	0.2002	0.2022	0.2060	0.2150	0.2295	0.2441	0.2769	0.1068	0.1569	0.1694	0.1807	0.1902	0.1942	0.1998	0.4027	0.4277	0.4433	0.4600	0.4837	0.4973	0.5336
300	300	600	1200	2.00	direct	anytime	0.60	0.30	0.30	0.30	real effect	2000	fn_passes_fp_fails	406	0.20300000	0.00899419	1087.288	$90.24-$94.59	$99.60-$104.40 (cap $360.00)	0.0538	0.1303	0.1521	0.1678	0.1833	0.1904	0.1990	0.2001	0.2031	0.2085	0.2184	0.2316	0.2468	0.3079	0.3064	0.3741	0.3936	0.4139	0.4326	0.4477	0.4835
300	300	600	1200	2.00	direct	anytime	0.60	0.30	0.30	0.30	real effect	2000	neither_passes	980	0.49000000	0.01117810	1087.288	$90.24-$94.59	$99.60-$104.40 (cap $360.00)	0.0227	0.0975	0.1220	0.1502	0.1730	0.1888	0.2000	0.0500	0.1232	0.1480	0.1670	0.1845	0.1942	0.2000	0.2656	0.3424	0.3675	0.3955	0.4182	0.4354	0.4941
300	300	600	1200	2.00	direct	anytime	0.60	0.30	0.30	0.30	real effect	2000	both_pass	0	0.00000000	0.00000000	1087.288	$90.24-$94.59	$99.60-$104.40 (cap $360.00)	NA	NA	NA	NA	NA	NA	NA	NA	NA	NA	NA	NA	NA	NA	NA	NA	NA	NA	NA	NA	NA
120	120	60	300	0.50	union	anytime	0.70	0.30	0.30	0.40	real effect	2000	fp_passes_fn_fails	1089	0.54450000	0.01113597	296.987	$24.65-$25.84	$24.90-$26.10 (cap $90.00)	0.2000	0.2110	0.2254	0.2521	0.2855	0.3153	0.4382	-0.1772	-0.0433	0.0053	0.0585	0.1178	0.1504	0.1977	0.4865	0.5452	0.5704	0.6015	0.6349	0.6679	0.7830
120	120	60	300	0.50	union	anytime	0.70	0.30	0.30	0.40	real effect	2000	fn_passes_fp_fails	5	0.00250000	0.00111664	296.987	$24.65-$25.84	$24.90-$26.10 (cap $90.00)	0.1517	0.1541	0.1576	0.1584	0.1738	0.1853	0.1930	0.2068	0.2133	0.2229	0.2337	0.2404	0.2441	0.2465	0.4774	0.4892	0.5069	0.5115	0.5348	0.5482	0.5571
120	120	60	300	0.50	union	anytime	0.70	0.30	0.30	0.40	real effect	2000	neither_passes	826	0.41300000	0.01100979	296.987	$24.65-$25.84	$24.90-$26.10 (cap $90.00)	0.0021	0.0979	0.1290	0.1594	0.1813	0.1934	0.2000	-0.2188	-0.0935	-0.0453	0.0141	0.0667	0.1155	0.1969	0.3588	0.4486	0.4821	0.5136	0.5474	0.5712	0.6429
120	120	60	300	0.50	union	anytime	0.70	0.30	0.30	0.40	real effect	2000	both_pass	0	0.00000000	0.00000000	296.987	$24.65-$25.84	$24.90-$26.10 (cap $90.00)	NA	NA	NA	NA	NA	NA	NA	NA	NA	NA	NA	NA	NA	NA	NA	NA	NA	NA	NA	NA	NA
120	120	60	300	0.50	direct	anytime	0.70	0.30	0.30	0.40	real effect	2000	fp_passes_fn_fails	738	0.36900000	0.01078979	281.185	$23.34-$24.46	$24.90-$26.10 (cap $90.00)	0.2000	0.2086	0.2232	0.2470	0.2792	0.3103	0.3838	-0.1311	0.0215	0.0643	0.1163	0.1510	0.1759	0.1989	0.4865	0.5457	0.5687	0.6003	0.6288	0.6635	0.7830
120	120	60	300	0.50	direct	anytime	0.70	0.30	0.30	0.40	real effect	2000	fn_passes_fp_fails	108	0.05400000	0.00505391	281.185	$23.34-$24.46	$24.90-$26.10 (cap $90.00)	0.0431	0.1186	0.1433	0.1621	0.1787	0.1905	0.2000	0.2001	0.2092	0.2210	0.2443	0.2718	0.3011	0.4365	0.4202	0.4665	0.4910	0.5222	0.5492	0.5696	0.5998
120	120	60	300	0.50	direct	anytime	0.70	0.30	0.30	0.40	real effect	2000	neither_passes	711	0.35550000	0.01070326	281.185	$23.34-$24.46	$24.90-$26.10 (cap $90.00)	0.0021	0.0937	0.1263	0.1577	0.1809	0.1936	0.2000	-0.1382	-0.0157	0.0331	0.0874	0.1390	0.1717	0.1994	0.3588	0.4466	0.4808	0.5122	0.5461	0.5711	0.6429
120	120	60	300	0.50	direct	anytime	0.70	0.30	0.30	0.40	real effect	2000	both_pass	0	0.00000000	0.00000000	281.185	$23.34-$24.46	$24.90-$26.10 (cap $90.00)	NA	NA	NA	NA	NA	NA	NA	NA	NA	NA	NA	NA	NA	NA	NA	NA	NA	NA	NA	NA	NA
100	100	100	300	1.00	union	anytime	0.70	0.30	0.30	0.40	real effect	2000	fp_passes_fn_fails	858	0.42900000	0.01106705	294.696	$24.46-$25.64	$24.90-$26.10 (cap $90.00)	0.2000	0.2088	0.2224	0.2441	0.2744	0.3091	0.4372	-0.1054	0.0114	0.0503	0.0937	0.1343	0.1626	0.1996	0.4998	0.5693	0.5900	0.6221	0.6536	0.6835	0.7612
100	100	100	300	1.00	union	anytime	0.70	0.30	0.30	0.40	real effect	2000	fn_passes_fp_fails	13	0.00650000	0.00179691	294.696	$24.46-$25.64	$24.90-$26.10 (cap $90.00)	0.1329	0.1577	0.1748	0.1849	0.1957	0.1985	0.1995	0.2006	0.2017	0.2024	0.2093	0.2243	0.2334	0.2986	0.4989	0.5099	0.5348	0.5577	0.5827	0.5902	0.5951
100	100	100	300	1.00	union	anytime	0.70	0.30	0.30	0.40	real effect	2000	neither_passes	1001	0.50050000	0.01118033	294.696	$24.46-$25.64	$24.90-$26.10 (cap $90.00)	-0.1115	0.0792	0.1150	0.1490	0.1753	0.1904	0.1995	-0.2096	-0.0572	-0.0069	0.0455	0.0937	0.1333	0.2000	0.3062	0.4630	0.5011	0.5356	0.5658	0.5966	0.6857
100	100	100	300	1.00	union	anytime	0.70	0.30	0.30	0.40	real effect	2000	both_pass	0	0.00000000	0.00000000	294.696	$24.46-$25.64	$24.90-$26.10 (cap $90.00)	NA	NA	NA	NA	NA	NA	NA	NA	NA	NA	NA	NA	NA	NA	NA	NA	NA	NA	NA	NA	NA
100	100	100	300	1.00	direct	anytime	0.70	0.30	0.30	0.40	real effect	2000	fp_passes_fn_fails	297	0.14850000	0.00795134	263.236	$21.85-$22.90	$24.90-$26.10 (cap $90.00)	0.2001	0.2062	0.2175	0.2360	0.2637	0.2956	0.3991	0.0082	0.1021	0.1331	0.1594	0.1800	0.1916	0.1997	0.5094	0.5654	0.5875	0.6117	0.6452	0.6715	0.7160
100	100	100	300	1.00	direct	anytime	0.70	0.30	0.30	0.40	real effect	2000	fn_passes_fp_fails	318	0.15900000	0.00817677	263.236	$21.85-$22.90	$24.90-$26.10 (cap $90.00)	0.0297	0.1050	0.1340	0.1584	0.1791	0.1911	0.1995	0.2001	0.2037	0.2116	0.2316	0.2606	0.2908	0.3951	0.3786	0.4913	0.5126	0.5424	0.5749	0.5993	0.6420
100	100	100	300	1.00	direct	anytime	0.70	0.30	0.30	0.40	real effect	2000	neither_passes	655	0.32750000	0.01049390	263.236	$21.85-$22.90	$24.90-$26.10 (cap $90.00)	-0.1115	0.0686	0.1043	0.1410	0.1684	0.1873	0.1995	-0.1099	0.0515	0.0993	0.1375	0.1698	0.1868	0.2000	0.3062	0.4531	0.4906	0.5308	0.5584	0.5885	0.6857
100	100	100	300	1.00	direct	anytime	0.70	0.30	0.30	0.40	real effect	2000	both_pass	0	0.00000000	0.00000000	263.236	$21.85-$22.90	$24.90-$26.10 (cap $90.00)	NA	NA	NA	NA	NA	NA	NA	NA	NA	NA	NA	NA	NA	NA	NA	NA	NA	NA	NA	NA	NA
75	75	150	300	2.00	union	anytime	0.70	0.30	0.30	0.40	real effect	2000	fp_passes_fn_fails	573	0.28650000	0.01010984	295.038	$24.49-$25.67	$24.90-$26.10 (cap $90.00)	0.2003	0.2076	0.2185	0.2417	0.2713	0.3085	0.4573	-0.0934	0.0288	0.0687	0.1104	0.1468	0.1726	0.1998	0.5200	0.6052	0.6333	0.6635	0.6969	0.7293	0.8299
75	75	150	300	2.00	union	anytime	0.70	0.30	0.30	0.40	real effect	2000	fn_passes_fp_fails	23	0.01150000	0.00238409	295.038	$24.49-$25.67	$24.90-$26.10 (cap $90.00)	0.1007	0.1201	0.1508	0.1711	0.1802	0.1925	0.1965	0.2002	0.2013	0.2035	0.2081	0.2350	0.2422	0.2532	0.5207	0.5524	0.5669	0.6121	0.6591	0.6688	0.7270
75	75	150	300	2.00	union	anytime	0.70	0.30	0.30	0.40	real effect	2000	neither_passes	1284	0.64200000	0.01071998	295.038	$24.49-$25.67	$24.90-$26.10 (cap $90.00)	-0.1063	0.0362	0.0838	0.1273	0.1648	0.1855	0.1997	-0.1864	-0.0364	0.0059	0.0535	0.1040	0.1408	0.1990	0.3456	0.4810	0.5227	0.5671	0.6037	0.6355	0.7267
75	75	150	300	2.00	union	anytime	0.70	0.30	0.30	0.40	real effect	2000	both_pass	0	0.00000000	0.00000000	295.038	$24.49-$25.67	$24.90-$26.10 (cap $90.00)	NA	NA	NA	NA	NA	NA	NA	NA	NA	NA	NA	NA	NA	NA	NA	NA	NA	NA	NA	NA	NA
75	75	150	300	2.00	direct	anytime	0.70	0.30	0.30	0.40	real effect	2000	fp_passes_fn_fails	155	0.07750000	0.00597887	275.254	$22.85-$23.95	$24.90-$26.10 (cap $90.00)	0.2004	0.2065	0.2145	0.2283	0.2534	0.2838	0.3591	0.0516	0.1166	0.1428	0.1633	0.1816	0.1925	0.1997	0.5313	0.5952	0.6223	0.6532	0.6826	0.7096	0.7505
75	75	150	300	2.00	direct	anytime	0.70	0.30	0.30	0.40	real effect	2000	fn_passes_fp_fails	405	0.20250000	0.00898593	275.254	$22.85-$23.95	$24.90-$26.10 (cap $90.00)	-0.0429	0.0814	0.1158	0.1476	0.1714	0.1854	0.1994	0.2000	0.2060	0.2151	0.2351	0.2585	0.2865	0.3667	0.4450	0.5099	0.5447	0.5805	0.6121	0.6445	0.7270
75	75	150	300	2.00	direct	anytime	0.70	0.30	0.30	0.40	real effect	2000	neither_passes	858	0.42900000	0.01106705	275.254	$22.85-$23.95	$24.90-$26.10 (cap $90.00)	-0.1063	0.0227	0.0645	0.1142	0.1517	0.1803	0.1997	-0.0289	0.0729	0.1116	0.1456	0.1723	0.1869	0.2000	0.3456	0.4678	0.5108	0.5560	0.5958	0.6292	0.7247
75	75	150	300	2.00	direct	anytime	0.70	0.30	0.30	0.40	real effect	2000	both_pass	0	0.00000000	0.00000000	275.254	$22.85-$23.95	$24.90-$26.10 (cap $90.00)	NA	NA	NA	NA	NA	NA	NA	NA	NA	NA	NA	NA	NA	NA	NA	NA	NA	NA	NA	NA	NA
480	480	240	1200	0.50	union	anytime	0.70	0.30	0.30	0.40	real effect	2000	fp_passes_fn_fails	856	0.42800000	0.01106381	938.404	$77.89-$81.64	$99.60-$104.40 (cap $360.00)	0.2025	0.2417	0.2646	0.2882	0.3102	0.3301	0.3888	0.0476	0.1259	0.1488	0.1709	0.1848	0.1930	0.1997	0.3879	0.4373	0.4572	0.4828	0.5064	0.5280	0.5884
480	480	240	1200	0.50	union	anytime	0.70	0.30	0.30	0.40	real effect	2000	fn_passes_fp_fails	0	0.00000000	0.00000000	938.404	$77.89-$81.64	$99.60-$104.40 (cap $360.00)	NA	NA	NA	NA	NA	NA	NA	NA	NA	NA	NA	NA	NA	NA	NA	NA	NA	NA	NA	NA	NA
480	480	240	1200	0.50	union	anytime	0.70	0.30	0.30	0.40	real effect	2000	neither_passes	5	0.00250000	0.00111664	938.404	$77.89-$81.64	$99.60-$104.40 (cap $360.00)	0.1662	0.1734	0.1842	0.1843	0.1960	0.1977	0.1989	0.0709	0.0856	0.1075	0.1254	0.1535	0.1678	0.1773	0.3612	0.3719	0.3879	0.3928	0.4142	0.4151	0.4156
480	480	240	1200	0.50	union	anytime	0.70	0.30	0.30	0.40	real effect	2000	both_pass	0	0.00000000	0.00000000	938.404	$77.89-$81.64	$99.60-$104.40 (cap $360.00)	NA	NA	NA	NA	NA	NA	NA	NA	NA	NA	NA	NA	NA	NA	NA	NA	NA	NA	NA	NA	NA
480	480	240	1200	0.50	direct	anytime	0.70	0.30	0.30	0.40	real effect	2000	fp_passes_fn_fails	172	0.08600000	0.00626913	583.573	$48.44-$50.77	$99.60-$104.40 (cap $360.00)	0.2034	0.2339	0.2509	0.2761	0.2999	0.3195	0.3757	0.0687	0.1342	0.1617	0.1772	0.1898	0.1952	0.1991	0.3879	0.4297	0.4476	0.4740	0.4962	0.5184	0.5884
480	480	240	1200	0.50	direct	anytime	0.70	0.30	0.30	0.40	real effect	2000	fn_passes_fp_fails	3	0.00150000	0.00086538	583.573	$48.44-$50.77	$99.60-$104.40 (cap $360.00)	0.1842	0.1842	0.1842	0.1843	0.1901	0.1936	0.1960	0.2016	0.2067	0.2142	0.2269	0.2321	0.2353	0.2373	0.3879	0.3889	0.3903	0.3928	0.4035	0.4099	0.4142
480	480	240	1200	0.50	direct	anytime	0.70	0.30	0.30	0.40	real effect	2000	neither_passes	2	0.00100000	0.00070675	583.573	$48.44-$50.77	$99.60-$104.40 (cap $360.00)	0.1662	0.1695	0.1744	0.1826	0.1907	0.1956	0.1989	0.1491	0.1529	0.1586	0.1681	0.1775	0.1832	0.1870	0.3612	0.3666	0.3748	0.3884	0.4020	0.4102	0.4156
480	480	240	1200	0.50	direct	anytime	0.70	0.30	0.30	0.40	real effect	2000	both_pass	0	0.00000000	0.00000000	583.573	$48.44-$50.77	$99.60-$104.40 (cap $360.00)	NA	NA	NA	NA	NA	NA	NA	NA	NA	NA	NA	NA	NA	NA	NA	NA	NA	NA	NA	NA	NA
400	400	400	1200	1.00	union	anytime	0.70	0.30	0.30	0.40	real effect	2000	fp_passes_fn_fails	585	0.29250000	0.01017211	849.627	$70.52-$73.92	$99.60-$104.40 (cap $360.00)	0.2004	0.2268	0.2461	0.2708	0.2953	0.3147	0.3919	0.0858	0.1402	0.1584	0.1772	0.1883	0.1955	0.2000	0.3825	0.4376	0.4580	0.4812	0.5072	0.5272	0.6227
400	400	400	1200	1.00	union	anytime	0.70	0.30	0.30	0.40	real effect	2000	fn_passes_fp_fails	2	0.00100000	0.00070675	849.627	$70.52-$73.92	$99.60-$104.40 (cap $360.00)	0.1727	0.1736	0.1749	0.1772	0.1795	0.1808	0.1817	0.2141	0.2149	0.2160	0.2179	0.2197	0.2209	0.2216	0.3880	0.3912	0.3961	0.4043	0.4124	0.4173	0.4206
400	400	400	1200	1.00	union	anytime	0.70	0.30	0.30	0.40	real effect	2000	neither_passes	20	0.01000000	0.00222486	849.627	$70.52-$73.92	$99.60-$104.40 (cap $360.00)	0.1561	0.1587	0.1745	0.1835	0.1965	0.1982	0.1998	0.1068	0.1159	0.1490	0.1591	0.1789	0.1870	0.1967	0.3552	0.3601	0.3756	0.3995	0.4064	0.4195	0.4320
400	400	400	1200	1.00	union	anytime	0.70	0.30	0.30	0.40	real effect	2000	both_pass	0	0.00000000	0.00000000	849.627	$70.52-$73.92	$99.60-$104.40 (cap $360.00)	NA	NA	NA	NA	NA	NA	NA	NA	NA	NA	NA	NA	NA	NA	NA	NA	NA	NA	NA	NA	NA
400	400	400	1200	1.00	direct	anytime	0.70	0.30	0.30	0.40	real effect	2000	fp_passes_fn_fails	20	0.01000000	0.00222486	443.235	$36.79-$38.56	$99.60-$104.40 (cap $360.00)	0.2065	0.2173	0.2232	0.2376	0.2554	0.2673	0.2963	0.1723	0.1736	0.1842	0.1886	0.1936	0.1966	0.1977	0.3882	0.4101	0.4290	0.4577	0.4860	0.4919	0.5117
400	400	400	1200	1.00	direct	anytime	0.70	0.30	0.30	0.40	real effect	2000	fn_passes_fp_fails	17	0.00850000	0.00205277	443.235	$36.79-$38.56	$99.60-$104.40 (cap $360.00)	0.1581	0.1640	0.1729	0.1817	0.1854	0.1972	0.1982	0.2240	0.2252	0.2302	0.2444	0.2588	0.2723	0.2919	0.3557	0.3673	0.3759	0.3946	0.4053	0.4149	0.4234
400	400	400	1200	1.00	direct	anytime	0.70	0.30	0.30	0.40	real effect	2000	neither_passes	3	0.00150000	0.00086538	443.235	$36.79-$38.56	$99.60-$104.40 (cap $360.00)	0.1561	0.1599	0.1656	0.1751	0.1868	0.1938	0.1985	0.1855	0.1870	0.1891	0.1927	0.1927	0.1927	0.1927	0.3552	0.3648	0.3793	0.4034	0.4112	0.4159	0.4190
400	400	400	1200	1.00	direct	anytime	0.70	0.30	0.30	0.40	real effect	2000	both_pass	0	0.00000000	0.00000000	443.235	$36.79-$38.56	$99.60-$104.40 (cap $360.00)	NA	NA	NA	NA	NA	NA	NA	NA	NA	NA	NA	NA	NA	NA	NA	NA	NA	NA	NA	NA	NA
300	300	600	1200	2.00	union	anytime	0.70	0.30	0.30	0.40	real effect	2000	fp_passes_fn_fails	485	0.24250000	0.00958368	850.880	$70.62-$74.03	$99.60-$104.40 (cap $360.00)	0.2006	0.2123	0.2316	0.2534	0.2781	0.2983	0.3819	0.0708	0.1432	0.1610	0.1774	0.1891	0.1946	0.2000	0.4037	0.4466	0.4680	0.4891	0.5146	0.5405	0.6003
300	300	600	1200	2.00	union	anytime	0.70	0.30	0.30	0.40	real effect	2000	fn_passes_fp_fails	20	0.01000000	0.00222486	850.880	$70.62-$74.03	$99.60-$104.40 (cap $360.00)	0.1300	0.1652	0.1699	0.1867	0.1931	0.1976	0.1984	0.2006	0.2019	0.2045	0.2107	0.2274	0.2366	0.2607	0.3568	0.3966	0.4115	0.4268	0.4359	0.4519	0.4872
300	300	600	1200	2.00	union	anytime	0.70	0.30	0.30	0.40	real effect	2000	neither_passes	82	0.04100000	0.00443390	850.880	$70.62-$74.03	$99.60-$104.40 (cap $360.00)	0.0948	0.1528	0.1677	0.1851	0.1934	0.1976	0.1995	0.0601	0.1125	0.1426	0.1622	0.1796	0.1891	0.1963	0.3335	0.3912	0.4056	0.4231	0.4400	0.4596	0.4809
300	300	600	1200	2.00	union	anytime	0.70	0.30	0.30	0.40	real effect	2000	both_pass	0	0.00000000	0.00000000	850.880	$70.62-$74.03	$99.60-$104.40 (cap $360.00)	NA	NA	NA	NA	NA	NA	NA	NA	NA	NA	NA	NA	NA	NA	NA	NA	NA	NA	NA	NA	NA
300	300	600	1200	2.00	direct	anytime	0.70	0.30	0.30	0.40	real effect	2000	fp_passes_fn_fails	7	0.00350000	0.00132056	510.568	$42.38-$44.42	$99.60-$104.40 (cap $360.00)	0.2016	0.2047	0.2095	0.2128	0.2371	0.2515	0.2693	0.1523	0.1655	0.1795	0.1938	0.1953	0.1966	0.1966	0.4087	0.4312	0.4549	0.4659	0.4836	0.5098	0.5244
300	300	600	1200	2.00	direct	anytime	0.70	0.30	0.30	0.40	real effect	2000	fn_passes_fp_fails	87	0.04350000	0.00456113	510.568	$42.38-$44.42	$99.60-$104.40 (cap $360.00)	0.0948	0.1592	0.1682	0.1846	0.1926	0.1975	0.1995	0.2018	0.2237	0.2403	0.2528	0.2694	0.2889	0.3368	0.3335	0.3941	0.4068	0.4236	0.4390	0.4600	0.4872
300	300	600	1200	2.00	direct	anytime	0.70	0.30	0.30	0.40	real effect	2000	neither_passes	8	0.00400000	0.00141138	510.568	$42.38-$44.42	$99.60-$104.40 (cap $360.00)	0.1279	0.1331	0.1500	0.1660	0.1764	0.1844	0.1932	0.1604	0.1662	0.1694	0.1835	0.1944	0.1961	0.1981	0.3425	0.3715	0.3859	0.3955	0.4154	0.4377	0.4667
300	300	600	1200	2.00	direct	anytime	0.70	0.30	0.30	0.40	real effect	2000	both_pass	0	0.00000000	0.00000000	510.568	$42.38-$44.42	$99.60-$104.40 (cap $360.00)	NA	NA	NA	NA	NA	NA	NA	NA	NA	NA	NA	NA	NA	NA	NA	NA	NA	NA	NA	NA	NA
120	120	60	300	0.50	union	anytime	0.30	0.30	0.35	0.00	no-lift	2000	fp_passes_fn_fails	0	0.00000000	0.00000000	174.456	$14.48-$15.18	$24.90-$26.10 (cap $90.00)	NA	NA	NA	NA	NA	NA	NA	NA	NA	NA	NA	NA	NA	NA	NA	NA	NA	NA	NA	NA	NA
120	120	60	300	0.50	union	anytime	0.30	0.30	0.35	0.00	no-lift	2000	fn_passes_fp_fails	0	0.00000000	0.00000000	174.456	$14.48-$15.18	$24.90-$26.10 (cap $90.00)	NA	NA	NA	NA	NA	NA	NA	NA	NA	NA	NA	NA	NA	NA	NA	NA	NA	NA	NA	NA	NA
120	120	60	300	0.50	union	anytime	0.30	0.30	0.35	0.00	no-lift	2000	neither_passes	523	0.26150000	0.00982644	174.456	$14.48-$15.18	$24.90-$26.10 (cap $90.00)	-0.2107	-0.1575	-0.1383	-0.1137	-0.0875	-0.0580	0.0275	-0.5691	-0.4756	-0.4167	-0.3592	-0.3079	-0.2549	-0.1639	0.2010	0.2096	0.2196	0.2373	0.2632	0.2919	0.3965
120	120	60	300	0.50	union	anytime	0.30	0.30	0.35	0.00	no-lift	2000	both_pass	0	0.00000000	0.00000000	174.456	$14.48-$15.18	$24.90-$26.10 (cap $90.00)	NA	NA	NA	NA	NA	NA	NA	NA	NA	NA	NA	NA	NA	NA	NA	NA	NA	NA	NA	NA	NA
120	120	60	300	0.50	direct	anytime	0.30	0.30	0.35	0.00	no-lift	2000	fp_passes_fn_fails	0	0.00000000	0.00000000	174.456	$14.48-$15.18	$24.90-$26.10 (cap $90.00)	NA	NA	NA	NA	NA	NA	NA	NA	NA	NA	NA	NA	NA	NA	NA	NA	NA	NA	NA	NA	NA
120	120	60	300	0.50	direct	anytime	0.30	0.30	0.35	0.00	no-lift	2000	fn_passes_fp_fails	0	0.00000000	0.00000000	174.456	$14.48-$15.18	$24.90-$26.10 (cap $90.00)	NA	NA	NA	NA	NA	NA	NA	NA	NA	NA	NA	NA	NA	NA	NA	NA	NA	NA	NA	NA	NA
120	120	60	300	0.50	direct	anytime	0.30	0.30	0.35	0.00	no-lift	2000	neither_passes	523	0.26150000	0.00982644	174.456	$14.48-$15.18	$24.90-$26.10 (cap $90.00)	-0.2107	-0.1575	-0.1383	-0.1137	-0.0875	-0.0580	0.0275	-0.5341	-0.3954	-0.3325	-0.2684	-0.2084	-0.1619	-0.0693	0.2010	0.2096	0.2196	0.2373	0.2632	0.2919	0.3965
120	120	60	300	0.50	direct	anytime	0.30	0.30	0.35	0.00	no-lift	2000	both_pass	0	0.00000000	0.00000000	174.456	$14.48-$15.18	$24.90-$26.10 (cap $90.00)	NA	NA	NA	NA	NA	NA	NA	NA	NA	NA	NA	NA	NA	NA	NA	NA	NA	NA	NA	NA	NA
100	100	100	300	1.00	union	anytime	0.30	0.30	0.35	0.00	no-lift	2000	fp_passes_fn_fails	0	0.00000000	0.00000000	192.444	$15.97-$16.74	$24.90-$26.10 (cap $90.00)	NA	NA	NA	NA	NA	NA	NA	NA	NA	NA	NA	NA	NA	NA	NA	NA	NA	NA	NA	NA	NA
100	100	100	300	1.00	union	anytime	0.30	0.30	0.35	0.00	no-lift	2000	fn_passes_fp_fails	0	0.00000000	0.00000000	192.444	$15.97-$16.74	$24.90-$26.10 (cap $90.00)	NA	NA	NA	NA	NA	NA	NA	NA	NA	NA	NA	NA	NA	NA	NA	NA	NA	NA	NA	NA	NA
100	100	100	300	1.00	union	anytime	0.30	0.30	0.35	0.00	no-lift	2000	neither_passes	699	0.34950000	0.01066184	192.444	$15.97-$16.74	$24.90-$26.10 (cap $90.00)	-0.2385	-0.1796	-0.1610	-0.1323	-0.0998	-0.0655	0.0490	-0.5375	-0.4176	-0.3707	-0.3276	-0.2829	-0.2413	-0.1050	0.2001	0.2143	0.2263	0.2486	0.2823	0.3178	0.4316
100	100	100	300	1.00	union	anytime	0.30	0.30	0.35	0.00	no-lift	2000	both_pass	0	0.00000000	0.00000000	192.444	$15.97-$16.74	$24.90-$26.10 (cap $90.00)	NA	NA	NA	NA	NA	NA	NA	NA	NA	NA	NA	NA	NA	NA	NA	NA	NA	NA	NA	NA	NA
100	100	100	300	1.00	direct	anytime	0.30	0.30	0.35	0.00	no-lift	2000	fp_passes_fn_fails	0	0.00000000	0.00000000	192.444	$15.97-$16.74	$24.90-$26.10 (cap $90.00)	NA	NA	NA	NA	NA	NA	NA	NA	NA	NA	NA	NA	NA	NA	NA	NA	NA	NA	NA	NA	NA
100	100	100	300	1.00	direct	anytime	0.30	0.30	0.35	0.00	no-lift	2000	fn_passes_fp_fails	0	0.00000000	0.00000000	192.444	$15.97-$16.74	$24.90-$26.10 (cap $90.00)	NA	NA	NA	NA	NA	NA	NA	NA	NA	NA	NA	NA	NA	NA	NA	NA	NA	NA	NA	NA	NA
100	100	100	300	1.00	direct	anytime	0.30	0.30	0.35	0.00	no-lift	2000	neither_passes	699	0.34950000	0.01066184	192.444	$15.97-$16.74	$24.90-$26.10 (cap $90.00)	-0.2385	-0.1796	-0.1610	-0.1323	-0.0998	-0.0655	0.0490	-0.4148	-0.3028	-0.2598	-0.2185	-0.1672	-0.1347	0.0123	0.2001	0.2143	0.2263	0.2486	0.2823	0.3178	0.4316
100	100	100	300	1.00	direct	anytime	0.30	0.30	0.35	0.00	no-lift	2000	both_pass	0	0.00000000	0.00000000	192.444	$15.97-$16.74	$24.90-$26.10 (cap $90.00)	NA	NA	NA	NA	NA	NA	NA	NA	NA	NA	NA	NA	NA	NA	NA	NA	NA	NA	NA	NA	NA
75	75	150	300	2.00	union	anytime	0.30	0.30	0.35	0.00	no-lift	2000	fp_passes_fn_fails	0	0.00000000	0.00000000	214.552	$17.81-$18.67	$24.90-$26.10 (cap $90.00)	NA	NA	NA	NA	NA	NA	NA	NA	NA	NA	NA	NA	NA	NA	NA	NA	NA	NA	NA	NA	NA
75	75	150	300	2.00	union	anytime	0.30	0.30	0.35	0.00	no-lift	2000	fn_passes_fp_fails	0	0.00000000	0.00000000	214.552	$17.81-$18.67	$24.90-$26.10 (cap $90.00)	NA	NA	NA	NA	NA	NA	NA	NA	NA	NA	NA	NA	NA	NA	NA	NA	NA	NA	NA	NA	NA
75	75	150	300	2.00	union	anytime	0.30	0.30	0.35	0.00	no-lift	2000	neither_passes	885	0.44250000	0.01110616	214.552	$17.81-$18.67	$24.90-$26.10 (cap $90.00)	-0.3079	-0.2271	-0.1998	-0.1690	-0.1254	-0.0928	0.0419	-0.5076	-0.4022	-0.3633	-0.3233	-0.2832	-0.2452	-0.0878	0.2001	0.2183	0.2355	0.2666	0.3079	0.3423	0.5950
75	75	150	300	2.00	union	anytime	0.30	0.30	0.35	0.00	no-lift	2000	both_pass	0	0.00000000	0.00000000	214.552	$17.81-$18.67	$24.90-$26.10 (cap $90.00)	NA	NA	NA	NA	NA	NA	NA	NA	NA	NA	NA	NA	NA	NA	NA	NA	NA	NA	NA	NA	NA
75	75	150	300	2.00	direct	anytime	0.30	0.30	0.35	0.00	no-lift	2000	fp_passes_fn_fails	0	0.00000000	0.00000000	214.552	$17.81-$18.67	$24.90-$26.10 (cap $90.00)	NA	NA	NA	NA	NA	NA	NA	NA	NA	NA	NA	NA	NA	NA	NA	NA	NA	NA	NA	NA	NA
75	75	150	300	2.00	direct	anytime	0.30	0.30	0.35	0.00	no-lift	2000	fn_passes_fp_fails	0	0.00000000	0.00000000	214.552	$17.81-$18.67	$24.90-$26.10 (cap $90.00)	NA	NA	NA	NA	NA	NA	NA	NA	NA	NA	NA	NA	NA	NA	NA	NA	NA	NA	NA	NA	NA
75	75	150	300	2.00	direct	anytime	0.30	0.30	0.35	0.00	no-lift	2000	neither_passes	885	0.44250000	0.01110616	214.552	$17.81-$18.67	$24.90-$26.10 (cap $90.00)	-0.3079	-0.2271	-0.1998	-0.1690	-0.1254	-0.0928	0.0419	-0.3829	-0.2858	-0.2498	-0.2120	-0.1742	-0.1404	0.0071	0.2001	0.2183	0.2355	0.2666	0.3079	0.3423	0.5950
75	75	150	300	2.00	direct	anytime	0.30	0.30	0.35	0.00	no-lift	2000	both_pass	0	0.00000000	0.00000000	214.552	$17.81-$18.67	$24.90-$26.10 (cap $90.00)	NA	NA	NA	NA	NA	NA	NA	NA	NA	NA	NA	NA	NA	NA	NA	NA	NA	NA	NA	NA	NA
480	480	240	1200	0.50	union	anytime	0.30	0.30	0.35	0.00	no-lift	2000	fp_passes_fn_fails	0	0.00000000	0.00000000	229.572	$19.05-$19.97	$99.60-$104.40 (cap $360.00)	NA	NA	NA	NA	NA	NA	NA	NA	NA	NA	NA	NA	NA	NA	NA	NA	NA	NA	NA	NA	NA
480	480	240	1200	0.50	union	anytime	0.30	0.30	0.35	0.00	no-lift	2000	fn_passes_fp_fails	0	0.00000000	0.00000000	229.572	$19.05-$19.97	$99.60-$104.40 (cap $360.00)	NA	NA	NA	NA	NA	NA	NA	NA	NA	NA	NA	NA	NA	NA	NA	NA	NA	NA	NA	NA	NA
480	480	240	1200	0.50	union	anytime	0.30	0.30	0.35	0.00	no-lift	2000	neither_passes	2	0.00100000	0.00070675	229.572	$19.05-$19.97	$99.60-$104.40 (cap $360.00)	-0.0229	-0.0206	-0.0171	-0.0114	-0.0057	-0.0023	0.0000	-0.2447	-0.2336	-0.2171	-0.1895	-0.1619	-0.1453	-0.1343	0.2097	0.2102	0.2109	0.2121	0.2133	0.2140	0.2145
480	480	240	1200	0.50	union	anytime	0.30	0.30	0.35	0.00	no-lift	2000	both_pass	0	0.00000000	0.00000000	229.572	$19.05-$19.97	$99.60-$104.40 (cap $360.00)	NA	NA	NA	NA	NA	NA	NA	NA	NA	NA	NA	NA	NA	NA	NA	NA	NA	NA	NA	NA	NA
480	480	240	1200	0.50	direct	anytime	0.30	0.30	0.35	0.00	no-lift	2000	fp_passes_fn_fails	0	0.00000000	0.00000000	229.572	$19.05-$19.97	$99.60-$104.40 (cap $360.00)	NA	NA	NA	NA	NA	NA	NA	NA	NA	NA	NA	NA	NA	NA	NA	NA	NA	NA	NA	NA	NA
480	480	240	1200	0.50	direct	anytime	0.30	0.30	0.35	0.00	no-lift	2000	fn_passes_fp_fails	0	0.00000000	0.00000000	229.572	$19.05-$19.97	$99.60-$104.40 (cap $360.00)	NA	NA	NA	NA	NA	NA	NA	NA	NA	NA	NA	NA	NA	NA	NA	NA	NA	NA	NA	NA	NA
480	480	240	1200	0.50	direct	anytime	0.30	0.30	0.35	0.00	no-lift	2000	neither_passes	2	0.00100000	0.00070675	229.572	$19.05-$19.97	$99.60-$104.40 (cap $360.00)	-0.0229	-0.0206	-0.0171	-0.0114	-0.0057	-0.0023	0.0000	-0.2467	-0.2358	-0.2196	-0.1925	-0.1654	-0.1492	-0.1383	0.2097	0.2102	0.2109	0.2121	0.2133	0.2140	0.2145
480	480	240	1200	0.50	direct	anytime	0.30	0.30	0.35	0.00	no-lift	2000	both_pass	0	0.00000000	0.00000000	229.572	$19.05-$19.97	$99.60-$104.40 (cap $360.00)	NA	NA	NA	NA	NA	NA	NA	NA	NA	NA	NA	NA	NA	NA	NA	NA	NA	NA	NA	NA	NA
400	400	400	1200	1.00	union	anytime	0.30	0.30	0.35	0.00	no-lift	2000	fp_passes_fn_fails	0	0.00000000	0.00000000	274.764	$22.81-$23.90	$99.60-$104.40 (cap $360.00)	NA	NA	NA	NA	NA	NA	NA	NA	NA	NA	NA	NA	NA	NA	NA	NA	NA	NA	NA	NA	NA
400	400	400	1200	1.00	union	anytime	0.30	0.30	0.35	0.00	no-lift	2000	fn_passes_fp_fails	0	0.00000000	0.00000000	274.764	$22.81-$23.90	$99.60-$104.40 (cap $360.00)	NA	NA	NA	NA	NA	NA	NA	NA	NA	NA	NA	NA	NA	NA	NA	NA	NA	NA	NA	NA	NA
400	400	400	1200	1.00	union	anytime	0.30	0.30	0.35	0.00	no-lift	2000	neither_passes	19	0.00950000	0.00216907	274.764	$22.81-$23.90	$99.60-$104.40 (cap $360.00)	-0.0330	-0.0286	-0.0244	-0.0151	-0.0054	0.0129	0.0369	-0.2412	-0.2055	-0.1897	-0.1771	-0.1474	-0.1258	-0.1063	0.2004	0.2017	0.2051	0.2080	0.2153	0.2298	0.2591
400	400	400	1200	1.00	union	anytime	0.30	0.30	0.35	0.00	no-lift	2000	both_pass	0	0.00000000	0.00000000	274.764	$22.81-$23.90	$99.60-$104.40 (cap $360.00)	NA	NA	NA	NA	NA	NA	NA	NA	NA	NA	NA	NA	NA	NA	NA	NA	NA	NA	NA	NA	NA
400	400	400	1200	1.00	direct	anytime	0.30	0.30	0.35	0.00	no-lift	2000	fp_passes_fn_fails	0	0.00000000	0.00000000	274.764	$22.81-$23.90	$99.60-$104.40 (cap $360.00)	NA	NA	NA	NA	NA	NA	NA	NA	NA	NA	NA	NA	NA	NA	NA	NA	NA	NA	NA	NA	NA
400	400	400	1200	1.00	direct	anytime	0.30	0.30	0.35	0.00	no-lift	2000	fn_passes_fp_fails	0	0.00000000	0.00000000	274.764	$22.81-$23.90	$99.60-$104.40 (cap $360.00)	NA	NA	NA	NA	NA	NA	NA	NA	NA	NA	NA	NA	NA	NA	NA	NA	NA	NA	NA	NA	NA
400	400	400	1200	1.00	direct	anytime	0.30	0.30	0.35	0.00	no-lift	2000	neither_passes	19	0.00950000	0.00216907	274.764	$22.81-$23.90	$99.60-$104.40 (cap $360.00)	-0.0330	-0.0286	-0.0244	-0.0151	-0.0054	0.0129	0.0369	-0.1674	-0.1398	-0.1289	-0.1115	-0.0939	-0.0565	-0.0416	0.2004	0.2017	0.2051	0.2080	0.2153	0.2298	0.2591
400	400	400	1200	1.00	direct	anytime	0.30	0.30	0.35	0.00	no-lift	2000	both_pass	0	0.00000000	0.00000000	274.764	$22.81-$23.90	$99.60-$104.40 (cap $360.00)	NA	NA	NA	NA	NA	NA	NA	NA	NA	NA	NA	NA	NA	NA	NA	NA	NA	NA	NA	NA	NA
300	300	600	1200	2.00	union	anytime	0.30	0.30	0.35	0.00	no-lift	2000	fp_passes_fn_fails	0	0.00000000	0.00000000	361.224	$29.98-$31.43	$99.60-$104.40 (cap $360.00)	NA	NA	NA	NA	NA	NA	NA	NA	NA	NA	NA	NA	NA	NA	NA	NA	NA	NA	NA	NA	NA
300	300	600	1200	2.00	union	anytime	0.30	0.30	0.35	0.00	no-lift	2000	fn_passes_fp_fails	0	0.00000000	0.00000000	361.224	$29.98-$31.43	$99.60-$104.40 (cap $360.00)	NA	NA	NA	NA	NA	NA	NA	NA	NA	NA	NA	NA	NA	NA	NA	NA	NA	NA	NA	NA	NA
300	300	600	1200	2.00	union	anytime	0.30	0.30	0.35	0.00	no-lift	2000	neither_passes	51	0.02550000	0.00352489	361.224	$29.98-$31.43	$99.60-$104.40 (cap $360.00)	-0.0682	-0.0464	-0.0380	-0.0293	-0.0138	-0.0077	0.0126	-0.2490	-0.2172	-0.1928	-0.1767	-0.1520	-0.1378	-0.1201	0.2005	0.2035	0.2066	0.2148	0.2230	0.2347	0.2499
300	300	600	1200	2.00	union	anytime	0.30	0.30	0.35	0.00	no-lift	2000	both_pass	0	0.00000000	0.00000000	361.224	$29.98-$31.43	$99.60-$104.40 (cap $360.00)	NA	NA	NA	NA	NA	NA	NA	NA	NA	NA	NA	NA	NA	NA	NA	NA	NA	NA	NA	NA	NA
300	300	600	1200	2.00	direct	anytime	0.30	0.30	0.35	0.00	no-lift	2000	fp_passes_fn_fails	0	0.00000000	0.00000000	361.224	$29.98-$31.43	$99.60-$104.40 (cap $360.00)	NA	NA	NA	NA	NA	NA	NA	NA	NA	NA	NA	NA	NA	NA	NA	NA	NA	NA	NA	NA	NA
300	300	600	1200	2.00	direct	anytime	0.30	0.30	0.35	0.00	no-lift	2000	fn_passes_fp_fails	0	0.00000000	0.00000000	361.224	$29.98-$31.43	$99.60-$104.40 (cap $360.00)	NA	NA	NA	NA	NA	NA	NA	NA	NA	NA	NA	NA	NA	NA	NA	NA	NA	NA	NA	NA	NA
300	300	600	1200	2.00	direct	anytime	0.30	0.30	0.35	0.00	no-lift	2000	neither_passes	51	0.02550000	0.00352489	361.224	$29.98-$31.43	$99.60-$104.40 (cap $360.00)	-0.0682	-0.0464	-0.0380	-0.0293	-0.0138	-0.0077	0.0126	-0.1697	-0.1384	-0.1257	-0.1069	-0.0924	-0.0759	-0.0672	0.2005	0.2035	0.2066	0.2148	0.2230	0.2347	0.2499
300	300	600	1200	2.00	direct	anytime	0.30	0.30	0.35	0.00	no-lift	2000	both_pass	0	0.00000000	0.00000000	361.224	$29.98-$31.43	$99.60-$104.40 (cap $360.00)	NA	NA	NA	NA	NA	NA	NA	NA	NA	NA	NA	NA	NA	NA	NA	NA	NA	NA	NA	NA	NA
120	120	60	300	0.50	union	anytime	0.40	0.30	0.35	0.10	no-lift	2000	fp_passes_fn_fails	0	0.00000000	0.00000000	267.249	$22.18-$23.25	$24.90-$26.10 (cap $90.00)	NA	NA	NA	NA	NA	NA	NA	NA	NA	NA	NA	NA	NA	NA	NA	NA	NA	NA	NA	NA	NA
120	120	60	300	0.50	union	anytime	0.40	0.30	0.35	0.10	no-lift	2000	fn_passes_fp_fails	0	0.00000000	0.00000000	267.249	$22.18-$23.25	$24.90-$26.10 (cap $90.00)	NA	NA	NA	NA	NA	NA	NA	NA	NA	NA	NA	NA	NA	NA	NA	NA	NA	NA	NA	NA	NA
120	120	60	300	0.50	union	anytime	0.40	0.30	0.35	0.10	no-lift	2000	neither_passes	1603	0.80150000	0.00891902	267.249	$22.18-$23.25	$24.90-$26.10 (cap $90.00)	-0.2107	-0.1341	-0.1057	-0.0719	-0.0309	0.0085	0.1475	-0.6642	-0.4015	-0.3533	-0.2990	-0.2431	-0.1904	-0.0200	0.2000	0.2311	0.2549	0.2924	0.3335	0.3720	0.5482
120	120	60	300	0.50	union	anytime	0.40	0.30	0.35	0.10	no-lift	2000	both_pass	0	0.00000000	0.00000000	267.249	$22.18-$23.25	$24.90-$26.10 (cap $90.00)	NA	NA	NA	NA	NA	NA	NA	NA	NA	NA	NA	NA	NA	NA	NA	NA	NA	NA	NA	NA	NA
120	120	60	300	0.50	direct	anytime	0.40	0.30	0.35	0.10	no-lift	2000	fp_passes_fn_fails	0	0.00000000	0.00000000	267.249	$22.18-$23.25	$24.90-$26.10 (cap $90.00)	NA	NA	NA	NA	NA	NA	NA	NA	NA	NA	NA	NA	NA	NA	NA	NA	NA	NA	NA	NA	NA
120	120	60	300	0.50	direct	anytime	0.40	0.30	0.35	0.10	no-lift	2000	fn_passes_fp_fails	0	0.00000000	0.00000000	267.249	$22.18-$23.25	$24.90-$26.10 (cap $90.00)	NA	NA	NA	NA	NA	NA	NA	NA	NA	NA	NA	NA	NA	NA	NA	NA	NA	NA	NA	NA	NA
120	120	60	300	0.50	direct	anytime	0.40	0.30	0.35	0.10	no-lift	2000	neither_passes	1603	0.80150000	0.00891902	267.249	$22.18-$23.25	$24.90-$26.10 (cap $90.00)	-0.2107	-0.1341	-0.1057	-0.0719	-0.0309	0.0085	0.1475	-0.6011	-0.3147	-0.2653	-0.2024	-0.1399	-0.0862	0.0758	0.2000	0.2311	0.2549	0.2924	0.3335	0.3720	0.5482
120	120	60	300	0.50	direct	anytime	0.40	0.30	0.35	0.10	no-lift	2000	both_pass	0	0.00000000	0.00000000	267.249	$22.18-$23.25	$24.90-$26.10 (cap $90.00)	NA	NA	NA	NA	NA	NA	NA	NA	NA	NA	NA	NA	NA	NA	NA	NA	NA	NA	NA	NA	NA
100	100	100	300	1.00	union	anytime	0.40	0.30	0.35	0.10	no-lift	2000	fp_passes_fn_fails	0	0.00000000	0.00000000	270.642	$22.46-$23.55	$24.90-$26.10 (cap $90.00)	NA	NA	NA	NA	NA	NA	NA	NA	NA	NA	NA	NA	NA	NA	NA	NA	NA	NA	NA	NA	NA
100	100	100	300	1.00	union	anytime	0.40	0.30	0.35	0.10	no-lift	2000	fn_passes_fp_fails	0	0.00000000	0.00000000	270.642	$22.46-$23.55	$24.90-$26.10 (cap $90.00)	NA	NA	NA	NA	NA	NA	NA	NA	NA	NA	NA	NA	NA	NA	NA	NA	NA	NA	NA	NA	NA
100	100	100	300	1.00	union	anytime	0.40	0.30	0.35	0.10	no-lift	2000	neither_passes	1625	0.81250000	0.00872765	270.642	$22.46-$23.55	$24.90-$26.10 (cap $90.00)	-0.2346	-0.1609	-0.1290	-0.0887	-0.0471	-0.0052	0.1522	-0.5238	-0.3631	-0.3175	-0.2702	-0.2212	-0.1751	0.0069	0.2028	0.2349	0.2648	0.3022	0.3466	0.3913	0.5501
100	100	100	300	1.00	union	anytime	0.40	0.30	0.35	0.10	no-lift	2000	both_pass	0	0.00000000	0.00000000	270.642	$22.46-$23.55	$24.90-$26.10 (cap $90.00)	NA	NA	NA	NA	NA	NA	NA	NA	NA	NA	NA	NA	NA	NA	NA	NA	NA	NA	NA	NA	NA
100	100	100	300	1.00	direct	anytime	0.40	0.30	0.35	0.10	no-lift	2000	fp_passes_fn_fails	0	0.00000000	0.00000000	270.642	$22.46-$23.55	$24.90-$26.10 (cap $90.00)	NA	NA	NA	NA	NA	NA	NA	NA	NA	NA	NA	NA	NA	NA	NA	NA	NA	NA	NA	NA	NA
100	100	100	300	1.00	direct	anytime	0.40	0.30	0.35	0.10	no-lift	2000	fn_passes_fp_fails	0	0.00000000	0.00000000	270.642	$22.46-$23.55	$24.90-$26.10 (cap $90.00)	NA	NA	NA	NA	NA	NA	NA	NA	NA	NA	NA	NA	NA	NA	NA	NA	NA	NA	NA	NA	NA
100	100	100	300	1.00	direct	anytime	0.40	0.30	0.35	0.10	no-lift	2000	neither_passes	1625	0.81250000	0.00872765	270.642	$22.46-$23.55	$24.90-$26.10 (cap $90.00)	-0.2346	-0.1609	-0.1290	-0.0887	-0.0471	-0.0052	0.1522	-0.4123	-0.2401	-0.1991	-0.1506	-0.1035	-0.0576	0.1209	0.2028	0.2349	0.2648	0.3022	0.3466	0.3913	0.5501
100	100	100	300	1.00	direct	anytime	0.40	0.30	0.35	0.10	no-lift	2000	both_pass	0	0.00000000	0.00000000	270.642	$22.46-$23.55	$24.90-$26.10 (cap $90.00)	NA	NA	NA	NA	NA	NA	NA	NA	NA	NA	NA	NA	NA	NA	NA	NA	NA	NA	NA	NA	NA
75	75	150	300	2.00	union	anytime	0.40	0.30	0.35	0.10	no-lift	2000	fp_passes_fn_fails	0	0.00000000	0.00000000	274.334	$22.77-$23.87	$24.90-$26.10 (cap $90.00)	NA	NA	NA	NA	NA	NA	NA	NA	NA	NA	NA	NA	NA	NA	NA	NA	NA	NA	NA	NA	NA
75	75	150	300	2.00	union	anytime	0.40	0.30	0.35	0.10	no-lift	2000	fn_passes_fp_fails	0	0.00000000	0.00000000	274.334	$22.77-$23.87	$24.90-$26.10 (cap $90.00)	NA	NA	NA	NA	NA	NA	NA	NA	NA	NA	NA	NA	NA	NA	NA	NA	NA	NA	NA	NA	NA
75	75	150	300	2.00	union	anytime	0.40	0.30	0.35	0.10	no-lift	2000	neither_passes	1668	0.83400000	0.00831998	274.334	$22.77-$23.87	$24.90-$26.10 (cap $90.00)	-0.3070	-0.2079	-0.1709	-0.1212	-0.0684	-0.0187	0.1068	-0.4557	-0.3487	-0.3097	-0.2658	-0.2165	-0.1730	-0.0238	0.2050	0.2464	0.2761	0.3234	0.3740	0.4253	0.5998
75	75	150	300	2.00	union	anytime	0.40	0.30	0.35	0.10	no-lift	2000	both_pass	0	0.00000000	0.00000000	274.334	$22.77-$23.87	$24.90-$26.10 (cap $90.00)	NA	NA	NA	NA	NA	NA	NA	NA	NA	NA	NA	NA	NA	NA	NA	NA	NA	NA	NA	NA	NA
75	75	150	300	2.00	direct	anytime	0.40	0.30	0.35	0.10	no-lift	2000	fp_passes_fn_fails	0	0.00000000	0.00000000	274.334	$22.77-$23.87	$24.90-$26.10 (cap $90.00)	NA	NA	NA	NA	NA	NA	NA	NA	NA	NA	NA	NA	NA	NA	NA	NA	NA	NA	NA	NA	NA
75	75	150	300	2.00	direct	anytime	0.40	0.30	0.35	0.10	no-lift	2000	fn_passes_fp_fails	0	0.00000000	0.00000000	274.334	$22.77-$23.87	$24.90-$26.10 (cap $90.00)	NA	NA	NA	NA	NA	NA	NA	NA	NA	NA	NA	NA	NA	NA	NA	NA	NA	NA	NA	NA	NA
75	75	150	300	2.00	direct	anytime	0.40	0.30	0.35	0.10	no-lift	2000	neither_passes	1668	0.83400000	0.00831998	274.334	$22.77-$23.87	$24.90-$26.10 (cap $90.00)	-0.3070	-0.2079	-0.1709	-0.1212	-0.0684	-0.0187	0.1068	-0.3450	-0.2259	-0.1883	-0.1453	-0.0996	-0.0581	0.0588	0.2050	0.2464	0.2761	0.3234	0.3740	0.4253	0.5998
75	75	150	300	2.00	direct	anytime	0.40	0.30	0.35	0.10	no-lift	2000	both_pass	0	0.00000000	0.00000000	274.334	$22.77-$23.87	$24.90-$26.10 (cap $90.00)	NA	NA	NA	NA	NA	NA	NA	NA	NA	NA	NA	NA	NA	NA	NA	NA	NA	NA	NA	NA	NA
480	480	240	1200	0.50	union	anytime	0.40	0.30	0.35	0.10	no-lift	2000	fp_passes_fn_fails	0	0.00000000	0.00000000	800.662	$66.45-$69.66	$99.60-$104.40 (cap $360.00)	NA	NA	NA	NA	NA	NA	NA	NA	NA	NA	NA	NA	NA	NA	NA	NA	NA	NA	NA	NA	NA
480	480	240	1200	0.50	union	anytime	0.40	0.30	0.35	0.10	no-lift	2000	fn_passes_fp_fails	0	0.00000000	0.00000000	800.662	$66.45-$69.66	$99.60-$104.40 (cap $360.00)	NA	NA	NA	NA	NA	NA	NA	NA	NA	NA	NA	NA	NA	NA	NA	NA	NA	NA	NA	NA	NA
480	480	240	1200	0.50	union	anytime	0.40	0.30	0.35	0.10	no-lift	2000	neither_passes	869	0.43450000	0.01108399	800.662	$66.45-$69.66	$99.60-$104.40 (cap $360.00)	-0.0198	-0.0003	0.0108	0.0251	0.0425	0.0593	0.1292	-0.2842	-0.1948	-0.1636	-0.1331	-0.0990	-0.0726	0.0141	0.2000	0.2059	0.2153	0.2284	0.2447	0.2655	0.3814
480	480	240	1200	0.50	union	anytime	0.40	0.30	0.35	0.10	no-lift	2000	both_pass	0	0.00000000	0.00000000	800.662	$66.45-$69.66	$99.60-$104.40 (cap $360.00)	NA	NA	NA	NA	NA	NA	NA	NA	NA	NA	NA	NA	NA	NA	NA	NA	NA	NA	NA	NA	NA
480	480	240	1200	0.50	direct	anytime	0.40	0.30	0.35	0.10	no-lift	2000	fp_passes_fn_fails	0	0.00000000	0.00000000	800.662	$66.45-$69.66	$99.60-$104.40 (cap $360.00)	NA	NA	NA	NA	NA	NA	NA	NA	NA	NA	NA	NA	NA	NA	NA	NA	NA	NA	NA	NA	NA
480	480	240	1200	0.50	direct	anytime	0.40	0.30	0.35	0.10	no-lift	2000	fn_passes_fp_fails	0	0.00000000	0.00000000	800.662	$66.45-$69.66	$99.60-$104.40 (cap $360.00)	NA	NA	NA	NA	NA	NA	NA	NA	NA	NA	NA	NA	NA	NA	NA	NA	NA	NA	NA	NA	NA
480	480	240	1200	0.50	direct	anytime	0.40	0.30	0.35	0.10	no-lift	2000	neither_passes	869	0.43450000	0.01108399	800.662	$66.45-$69.66	$99.60-$104.40 (cap $360.00)	-0.0198	-0.0003	0.0108	0.0251	0.0425	0.0593	0.1292	-0.2658	-0.1401	-0.1113	-0.0766	-0.0420	-0.0116	0.0752	0.2000	0.2059	0.2153	0.2284	0.2447	0.2655	0.3814
480	480	240	1200	0.50	direct	anytime	0.40	0.30	0.35	0.10	no-lift	2000	both_pass	0	0.00000000	0.00000000	800.662	$66.45-$69.66	$99.60-$104.40 (cap $360.00)	NA	NA	NA	NA	NA	NA	NA	NA	NA	NA	NA	NA	NA	NA	NA	NA	NA	NA	NA	NA	NA
400	400	400	1200	1.00	union	anytime	0.40	0.30	0.35	0.10	no-lift	2000	fp_passes_fn_fails	0	0.00000000	0.00000000	847.652	$70.36-$73.75	$99.60-$104.40 (cap $360.00)	NA	NA	NA	NA	NA	NA	NA	NA	NA	NA	NA	NA	NA	NA	NA	NA	NA	NA	NA	NA	NA
400	400	400	1200	1.00	union	anytime	0.40	0.30	0.35	0.10	no-lift	2000	fn_passes_fp_fails	0	0.00000000	0.00000000	847.652	$70.36-$73.75	$99.60-$104.40 (cap $360.00)	NA	NA	NA	NA	NA	NA	NA	NA	NA	NA	NA	NA	NA	NA	NA	NA	NA	NA	NA	NA	NA
400	400	400	1200	1.00	union	anytime	0.40	0.30	0.35	0.10	no-lift	2000	neither_passes	988	0.49400000	0.01117953	847.652	$70.36-$73.75	$99.60-$104.40 (cap $360.00)	-0.0448	-0.0136	-0.0030	0.0139	0.0339	0.0538	0.1335	-0.2400	-0.1705	-0.1471	-0.1217	-0.0947	-0.0709	0.0365	0.2001	0.2079	0.2166	0.2327	0.2534	0.2770	0.3693
400	400	400	1200	1.00	union	anytime	0.40	0.30	0.35	0.10	no-lift	2000	both_pass	0	0.00000000	0.00000000	847.652	$70.36-$73.75	$99.60-$104.40 (cap $360.00)	NA	NA	NA	NA	NA	NA	NA	NA	NA	NA	NA	NA	NA	NA	NA	NA	NA	NA	NA	NA	NA
400	400	400	1200	1.00	direct	anytime	0.40	0.30	0.35	0.10	no-lift	2000	fp_passes_fn_fails	0	0.00000000	0.00000000	847.652	$70.36-$73.75	$99.60-$104.40 (cap $360.00)	NA	NA	NA	NA	NA	NA	NA	NA	NA	NA	NA	NA	NA	NA	NA	NA	NA	NA	NA	NA	NA
400	400	400	1200	1.00	direct	anytime	0.40	0.30	0.35	0.10	no-lift	2000	fn_passes_fp_fails	0	0.00000000	0.00000000	847.652	$70.36-$73.75	$99.60-$104.40 (cap $360.00)	NA	NA	NA	NA	NA	NA	NA	NA	NA	NA	NA	NA	NA	NA	NA	NA	NA	NA	NA	NA	NA
400	400	400	1200	1.00	direct	anytime	0.40	0.30	0.35	0.10	no-lift	2000	neither_passes	988	0.49400000	0.01117953	847.652	$70.36-$73.75	$99.60-$104.40 (cap $360.00)	-0.0448	-0.0136	-0.0030	0.0139	0.0339	0.0538	0.1335	-0.1681	-0.0992	-0.0743	-0.0497	-0.0250	-0.0013	0.0986	0.2001	0.2079	0.2166	0.2327	0.2534	0.2770	0.3693
400	400	400	1200	1.00	direct	anytime	0.40	0.30	0.35	0.10	no-lift	2000	both_pass	0	0.00000000	0.00000000	847.652	$70.36-$73.75	$99.60-$104.40 (cap $360.00)	NA	NA	NA	NA	NA	NA	NA	NA	NA	NA	NA	NA	NA	NA	NA	NA	NA	NA	NA	NA	NA
300	300	600	1200	2.00	union	anytime	0.40	0.30	0.35	0.10	no-lift	2000	fp_passes_fn_fails	0	0.00000000	0.00000000	931.442	$77.31-$81.04	$99.60-$104.40 (cap $360.00)	NA	NA	NA	NA	NA	NA	NA	NA	NA	NA	NA	NA	NA	NA	NA	NA	NA	NA	NA	NA	NA
300	300	600	1200	2.00	union	anytime	0.40	0.30	0.35	0.10	no-lift	2000	fn_passes_fp_fails	0	0.00000000	0.00000000	931.442	$77.31-$81.04	$99.60-$104.40 (cap $360.00)	NA	NA	NA	NA	NA	NA	NA	NA	NA	NA	NA	NA	NA	NA	NA	NA	NA	NA	NA	NA	NA
300	300	600	1200	2.00	union	anytime	0.40	0.30	0.35	0.10	no-lift	2000	neither_passes	1200	0.60000000	0.01095445	931.442	$77.31-$81.04	$99.60-$104.40 (cap $360.00)	-0.0741	-0.0360	-0.0215	-0.0043	0.0203	0.0447	0.1093	-0.2229	-0.1695	-0.1476	-0.1192	-0.0908	-0.0684	0.0171	0.2001	0.2120	0.2237	0.2421	0.2663	0.2941	0.3666
300	300	600	1200	2.00	union	anytime	0.40	0.30	0.35	0.10	no-lift	2000	both_pass	0	0.00000000	0.00000000	931.442	$77.31-$81.04	$99.60-$104.40 (cap $360.00)	NA	NA	NA	NA	NA	NA	NA	NA	NA	NA	NA	NA	NA	NA	NA	NA	NA	NA	NA	NA	NA
300	300	600	1200	2.00	direct	anytime	0.40	0.30	0.35	0.10	no-lift	2000	fp_passes_fn_fails	0	0.00000000	0.00000000	931.442	$77.31-$81.04	$99.60-$104.40 (cap $360.00)	NA	NA	NA	NA	NA	NA	NA	NA	NA	NA	NA	NA	NA	NA	NA	NA	NA	NA	NA	NA	NA
300	300	600	1200	2.00	direct	anytime	0.40	0.30	0.35	0.10	no-lift	2000	fn_passes_fp_fails	0	0.00000000	0.00000000	931.442	$77.31-$81.04	$99.60-$104.40 (cap $360.00)	NA	NA	NA	NA	NA	NA	NA	NA	NA	NA	NA	NA	NA	NA	NA	NA	NA	NA	NA	NA	NA
300	300	600	1200	2.00	direct	anytime	0.40	0.30	0.35	0.10	no-lift	2000	neither_passes	1200	0.60000000	0.01095445	931.442	$77.31-$81.04	$99.60-$104.40 (cap $360.00)	-0.0741	-0.0360	-0.0215	-0.0043	0.0203	0.0447	0.1093	-0.1315	-0.0898	-0.0704	-0.0447	-0.0188	0.0040	0.0714	0.2001	0.2120	0.2237	0.2421	0.2663	0.2941	0.3666
300	300	600	1200	2.00	direct	anytime	0.40	0.30	0.35	0.10	no-lift	2000	both_pass	0	0.00000000	0.00000000	931.442	$77.31-$81.04	$99.60-$104.40 (cap $360.00)	NA	NA	NA	NA	NA	NA	NA	NA	NA	NA	NA	NA	NA	NA	NA	NA	NA	NA	NA	NA	NA
120	120	60	300	0.50	union	anytime	0.45	0.30	0.35	0.15	no-lift	2000	fp_passes_fn_fails	0	0.00000000	0.00000000	283.784	$23.55-$24.69	$24.90-$26.10 (cap $90.00)	NA	NA	NA	NA	NA	NA	NA	NA	NA	NA	NA	NA	NA	NA	NA	NA	NA	NA	NA	NA	NA
120	120	60	300	0.50	union	anytime	0.45	0.30	0.35	0.15	no-lift	2000	fn_passes_fp_fails	0	0.00000000	0.00000000	283.784	$23.55-$24.69	$24.90-$26.10 (cap $90.00)	NA	NA	NA	NA	NA	NA	NA	NA	NA	NA	NA	NA	NA	NA	NA	NA	NA	NA	NA	NA	NA
120	120	60	300	0.50	union	anytime	0.45	0.30	0.35	0.15	no-lift	2000	neither_passes	1828	0.91400000	0.00626913	283.784	$23.55-$24.69	$24.90-$26.10 (cap $90.00)	-0.2069	-0.1132	-0.0788	-0.0374	0.0059	0.0422	0.1695	-0.5310	-0.3720	-0.3203	-0.2604	-0.2040	-0.1499	0.0332	0.2014	0.2520	0.2854	0.3277	0.3706	0.4102	0.5551
120	120	60	300	0.50	union	anytime	0.45	0.30	0.35	0.15	no-lift	2000	both_pass	0	0.00000000	0.00000000	283.784	$23.55-$24.69	$24.90-$26.10 (cap $90.00)	NA	NA	NA	NA	NA	NA	NA	NA	NA	NA	NA	NA	NA	NA	NA	NA	NA	NA	NA	NA	NA
120	120	60	300	0.50	direct	anytime	0.45	0.30	0.35	0.15	no-lift	2000	fp_passes_fn_fails	0	0.00000000	0.00000000	283.784	$23.55-$24.69	$24.90-$26.10 (cap $90.00)	NA	NA	NA	NA	NA	NA	NA	NA	NA	NA	NA	NA	NA	NA	NA	NA	NA	NA	NA	NA	NA
120	120	60	300	0.50	direct	anytime	0.45	0.30	0.35	0.15	no-lift	2000	fn_passes_fp_fails	0	0.00000000	0.00000000	283.784	$23.55-$24.69	$24.90-$26.10 (cap $90.00)	NA	NA	NA	NA	NA	NA	NA	NA	NA	NA	NA	NA	NA	NA	NA	NA	NA	NA	NA	NA	NA
120	120	60	300	0.50	direct	anytime	0.45	0.30	0.35	0.15	no-lift	2000	neither_passes	1828	0.91400000	0.00626913	283.784	$23.55-$24.69	$24.90-$26.10 (cap $90.00)	-0.2069	-0.1132	-0.0788	-0.0374	0.0059	0.0422	0.1695	-0.4738	-0.2839	-0.2272	-0.1634	-0.1003	-0.0445	0.1790	0.2014	0.2520	0.2854	0.3277	0.3706	0.4102	0.5551
120	120	60	300	0.50	direct	anytime	0.45	0.30	0.35	0.15	no-lift	2000	both_pass	0	0.00000000	0.00000000	283.784	$23.55-$24.69	$24.90-$26.10 (cap $90.00)	NA	NA	NA	NA	NA	NA	NA	NA	NA	NA	NA	NA	NA	NA	NA	NA	NA	NA	NA	NA	NA
100	100	100	300	1.00	union	anytime	0.45	0.30	0.35	0.15	no-lift	2000	fp_passes_fn_fails	0	0.00000000	0.00000000	284.887	$23.65-$24.79	$24.90-$26.10 (cap $90.00)	NA	NA	NA	NA	NA	NA	NA	NA	NA	NA	NA	NA	NA	NA	NA	NA	NA	NA	NA	NA	NA
100	100	100	300	1.00	union	anytime	0.45	0.30	0.35	0.15	no-lift	2000	fn_passes_fp_fails	0	0.00000000	0.00000000	284.887	$23.65-$24.79	$24.90-$26.10 (cap $90.00)	NA	NA	NA	NA	NA	NA	NA	NA	NA	NA	NA	NA	NA	NA	NA	NA	NA	NA	NA	NA	NA
100	100	100	300	1.00	union	anytime	0.45	0.30	0.35	0.15	no-lift	2000	neither_passes	1833	0.91650000	0.00618578	284.887	$23.65-$24.79	$24.90-$26.10 (cap $90.00)	-0.2304	-0.1363	-0.0982	-0.0525	-0.0071	0.0420	0.1824	-0.4858	-0.3265	-0.2814	-0.2309	-0.1760	-0.1282	0.0287	0.2007	0.2607	0.2978	0.3439	0.3896	0.4358	0.6092
100	100	100	300	1.00	union	anytime	0.45	0.30	0.35	0.15	no-lift	2000	both_pass	0	0.00000000	0.00000000	284.887	$23.65-$24.79	$24.90-$26.10 (cap $90.00)	NA	NA	NA	NA	NA	NA	NA	NA	NA	NA	NA	NA	NA	NA	NA	NA	NA	NA	NA	NA	NA
100	100	100	300	1.00	direct	anytime	0.45	0.30	0.35	0.15	no-lift	2000	fp_passes_fn_fails	0	0.00000000	0.00000000	284.887	$23.65-$24.79	$24.90-$26.10 (cap $90.00)	NA	NA	NA	NA	NA	NA	NA	NA	NA	NA	NA	NA	NA	NA	NA	NA	NA	NA	NA	NA	NA
100	100	100	300	1.00	direct	anytime	0.45	0.30	0.35	0.15	no-lift	2000	fn_passes_fp_fails	0	0.00000000	0.00000000	284.887	$23.65-$24.79	$24.90-$26.10 (cap $90.00)	NA	NA	NA	NA	NA	NA	NA	NA	NA	NA	NA	NA	NA	NA	NA	NA	NA	NA	NA	NA	NA
100	100	100	300	1.00	direct	anytime	0.45	0.30	0.35	0.15	no-lift	2000	neither_passes	1833	0.91650000	0.00618578	284.887	$23.65-$24.79	$24.90-$26.10 (cap $90.00)	-0.2304	-0.1363	-0.0982	-0.0525	-0.0071	0.0420	0.1824	-0.3819	-0.2054	-0.1577	-0.1081	-0.0540	-0.0067	0.1401	0.2007	0.2607	0.2978	0.3439	0.3896	0.4358	0.6092
100	100	100	300	1.00	direct	anytime	0.45	0.30	0.35	0.15	no-lift	2000	both_pass	0	0.00000000	0.00000000	284.887	$23.65-$24.79	$24.90-$26.10 (cap $90.00)	NA	NA	NA	NA	NA	NA	NA	NA	NA	NA	NA	NA	NA	NA	NA	NA	NA	NA	NA	NA	NA
75	75	150	300	2.00	union	anytime	0.45	0.30	0.35	0.15	no-lift	2000	fp_passes_fn_fails	1	0.00050000	0.00049987	289.030	$23.99-$25.15	$24.90-$26.10 (cap $90.00)	0.2170	0.2170	0.2170	0.2170	0.2170	0.2170	0.2170	-0.0991	-0.0991	-0.0991	-0.0991	-0.0991	-0.0991	-0.0991	0.5870	0.5870	0.5870	0.5870	0.5870	0.5870	0.5870
75	75	150	300	2.00	union	anytime	0.45	0.30	0.35	0.15	no-lift	2000	fn_passes_fp_fails	0	0.00000000	0.00000000	289.030	$23.99-$25.15	$24.90-$26.10 (cap $90.00)	NA	NA	NA	NA	NA	NA	NA	NA	NA	NA	NA	NA	NA	NA	NA	NA	NA	NA	NA	NA	NA
75	75	150	300	2.00	union	anytime	0.45	0.30	0.35	0.15	no-lift	2000	neither_passes	1867	0.93350000	0.00557125	289.030	$23.99-$25.15	$24.90-$26.10 (cap $90.00)	-0.2871	-0.1827	-0.1380	-0.0862	-0.0310	0.0199	0.1772	-0.4877	-0.3245	-0.2780	-0.2257	-0.1773	-0.1343	0.0946	0.2031	0.2719	0.3124	0.3646	0.4228	0.4717	0.6462
75	75	150	300	2.00	union	anytime	0.45	0.30	0.35	0.15	no-lift	2000	both_pass	0	0.00000000	0.00000000	289.030	$23.99-$25.15	$24.90-$26.10 (cap $90.00)	NA	NA	NA	NA	NA	NA	NA	NA	NA	NA	NA	NA	NA	NA	NA	NA	NA	NA	NA	NA	NA
75	75	150	300	2.00	direct	anytime	0.45	0.30	0.35	0.15	no-lift	2000	fp_passes_fn_fails	1	0.00050000	0.00049987	288.958	$23.98-$25.14	$24.90-$26.10 (cap $90.00)	0.2170	0.2170	0.2170	0.2170	0.2170	0.2170	0.2170	0.0312	0.0312	0.0312	0.0312	0.0312	0.0312	0.0312	0.5870	0.5870	0.5870	0.5870	0.5870	0.5870	0.5870
75	75	150	300	2.00	direct	anytime	0.45	0.30	0.35	0.15	no-lift	2000	fn_passes_fp_fails	0	0.00000000	0.00000000	288.958	$23.98-$25.14	$24.90-$26.10 (cap $90.00)	NA	NA	NA	NA	NA	NA	NA	NA	NA	NA	NA	NA	NA	NA	NA	NA	NA	NA	NA	NA	NA
75	75	150	300	2.00	direct	anytime	0.45	0.30	0.35	0.15	no-lift	2000	neither_passes	1866	0.93300000	0.00559066	288.958	$23.98-$25.14	$24.90-$26.10 (cap $90.00)	-0.2871	-0.1827	-0.1380	-0.0862	-0.0311	0.0198	0.1484	-0.3130	-0.1958	-0.1525	-0.1038	-0.0601	-0.0194	0.0997	0.2031	0.2719	0.3123	0.3646	0.4226	0.4714	0.6462
75	75	150	300	2.00	direct	anytime	0.45	0.30	0.35	0.15	no-lift	2000	both_pass	0	0.00000000	0.00000000	288.958	$23.98-$25.14	$24.90-$26.10 (cap $90.00)	NA	NA	NA	NA	NA	NA	NA	NA	NA	NA	NA	NA	NA	NA	NA	NA	NA	NA	NA	NA	NA
480	480	240	1200	0.50	union	anytime	0.45	0.30	0.35	0.15	no-lift	2000	fp_passes_fn_fails	0	0.00000000	0.00000000	1056.133	$87.66-$91.88	$99.60-$104.40 (cap $360.00)	NA	NA	NA	NA	NA	NA	NA	NA	NA	NA	NA	NA	NA	NA	NA	NA	NA	NA	NA	NA	NA
480	480	240	1200	0.50	union	anytime	0.45	0.30	0.35	0.15	no-lift	2000	fn_passes_fp_fails	0	0.00000000	0.00000000	1056.133	$87.66-$91.88	$99.60-$104.40 (cap $360.00)	NA	NA	NA	NA	NA	NA	NA	NA	NA	NA	NA	NA	NA	NA	NA	NA	NA	NA	NA	NA	NA
480	480	240	1200	0.50	union	anytime	0.45	0.30	0.35	0.15	no-lift	2000	neither_passes	1645	0.82250000	0.00854382	1056.133	$87.66-$91.88	$99.60-$104.40 (cap $360.00)	-0.0216	0.0138	0.0303	0.0496	0.0737	0.0963	0.1688	-0.2701	-0.1590	-0.1311	-0.0991	-0.0677	-0.0416	0.0522	0.2009	0.2190	0.2342	0.2557	0.2790	0.3033	0.3827
480	480	240	1200	0.50	union	anytime	0.45	0.30	0.35	0.15	no-lift	2000	both_pass	0	0.00000000	0.00000000	1056.133	$87.66-$91.88	$99.60-$104.40 (cap $360.00)	NA	NA	NA	NA	NA	NA	NA	NA	NA	NA	NA	NA	NA	NA	NA	NA	NA	NA	NA	NA	NA
480	480	240	1200	0.50	direct	anytime	0.45	0.30	0.35	0.15	no-lift	2000	fp_passes_fn_fails	0	0.00000000	0.00000000	1056.133	$87.66-$91.88	$99.60-$104.40 (cap $360.00)	NA	NA	NA	NA	NA	NA	NA	NA	NA	NA	NA	NA	NA	NA	NA	NA	NA	NA	NA	NA	NA
480	480	240	1200	0.50	direct	anytime	0.45	0.30	0.35	0.15	no-lift	2000	fn_passes_fp_fails	0	0.00000000	0.00000000	1056.133	$87.66-$91.88	$99.60-$104.40 (cap $360.00)	NA	NA	NA	NA	NA	NA	NA	NA	NA	NA	NA	NA	NA	NA	NA	NA	NA	NA	NA	NA	NA
480	480	240	1200	0.50	direct	anytime	0.45	0.30	0.35	0.15	no-lift	2000	neither_passes	1645	0.82250000	0.00854382	1056.133	$87.66-$91.88	$99.60-$104.40 (cap $360.00)	-0.0216	0.0138	0.0303	0.0496	0.0737	0.0963	0.1688	-0.2477	-0.1067	-0.0752	-0.0400	-0.0043	0.0262	0.1313	0.2009	0.2190	0.2342	0.2557	0.2790	0.3033	0.3827
480	480	240	1200	0.50	direct	anytime	0.45	0.30	0.35	0.15	no-lift	2000	both_pass	0	0.00000000	0.00000000	1056.133	$87.66-$91.88	$99.60-$104.40 (cap $360.00)	NA	NA	NA	NA	NA	NA	NA	NA	NA	NA	NA	NA	NA	NA	NA	NA	NA	NA	NA	NA	NA
400	400	400	1200	1.00	union	anytime	0.45	0.30	0.35	0.15	no-lift	2000	fp_passes_fn_fails	0	0.00000000	0.00000000	1087.572	$90.27-$94.62	$99.60-$104.40 (cap $360.00)	NA	NA	NA	NA	NA	NA	NA	NA	NA	NA	NA	NA	NA	NA	NA	NA	NA	NA	NA	NA	NA
400	400	400	1200	1.00	union	anytime	0.45	0.30	0.35	0.15	no-lift	2000	fn_passes_fp_fails	0	0.00000000	0.00000000	1087.572	$90.27-$94.62	$99.60-$104.40 (cap $360.00)	NA	NA	NA	NA	NA	NA	NA	NA	NA	NA	NA	NA	NA	NA	NA	NA	NA	NA	NA	NA	NA
400	400	400	1200	1.00	union	anytime	0.45	0.30	0.35	0.15	no-lift	2000	neither_passes	1714	0.85700000	0.00782787	1087.572	$90.27-$94.62	$99.60-$104.40 (cap $360.00)	-0.0484	0.0008	0.0172	0.0404	0.0678	0.0916	0.1622	-0.2398	-0.1440	-0.1151	-0.0859	-0.0558	-0.0296	0.0625	0.2008	0.2215	0.2370	0.2611	0.2883	0.3142	0.3813
400	400	400	1200	1.00	union	anytime	0.45	0.30	0.35	0.15	no-lift	2000	both_pass	0	0.00000000	0.00000000	1087.572	$90.27-$94.62	$99.60-$104.40 (cap $360.00)	NA	NA	NA	NA	NA	NA	NA	NA	NA	NA	NA	NA	NA	NA	NA	NA	NA	NA	NA	NA	NA
400	400	400	1200	1.00	direct	anytime	0.45	0.30	0.35	0.15	no-lift	2000	fp_passes_fn_fails	0	0.00000000	0.00000000	1087.572	$90.27-$94.62	$99.60-$104.40 (cap $360.00)	NA	NA	NA	NA	NA	NA	NA	NA	NA	NA	NA	NA	NA	NA	NA	NA	NA	NA	NA	NA	NA
400	400	400	1200	1.00	direct	anytime	0.45	0.30	0.35	0.15	no-lift	2000	fn_passes_fp_fails	0	0.00000000	0.00000000	1087.572	$90.27-$94.62	$99.60-$104.40 (cap $360.00)	NA	NA	NA	NA	NA	NA	NA	NA	NA	NA	NA	NA	NA	NA	NA	NA	NA	NA	NA	NA	NA
400	400	400	1200	1.00	direct	anytime	0.45	0.30	0.35	0.15	no-lift	2000	neither_passes	1714	0.85700000	0.00782787	1087.572	$90.27-$94.62	$99.60-$104.40 (cap $360.00)	-0.0484	0.0008	0.0172	0.0404	0.0678	0.0916	0.1622	-0.1553	-0.0685	-0.0408	-0.0135	0.0157	0.0394	0.1347	0.2008	0.2215	0.2370	0.2611	0.2883	0.3142	0.3813
400	400	400	1200	1.00	direct	anytime	0.45	0.30	0.35	0.15	no-lift	2000	both_pass	0	0.00000000	0.00000000	1087.572	$90.27-$94.62	$99.60-$104.40 (cap $360.00)	NA	NA	NA	NA	NA	NA	NA	NA	NA	NA	NA	NA	NA	NA	NA	NA	NA	NA	NA	NA	NA
300	300	600	1200	2.00	union	anytime	0.45	0.30	0.35	0.15	no-lift	2000	fp_passes_fn_fails	1	0.00050000	0.00049987	1108.666	$92.02-$96.45	$99.60-$104.40 (cap $360.00)	0.2139	0.2139	0.2139	0.2139	0.2139	0.2139	0.2139	0.0135	0.0135	0.0135	0.0135	0.0135	0.0135	0.0135	0.4591	0.4591	0.4591	0.4591	0.4591	0.4591	0.4591
300	300	600	1200	2.00	union	anytime	0.45	0.30	0.35	0.15	no-lift	2000	fn_passes_fp_fails	0	0.00000000	0.00000000	1108.666	$92.02-$96.45	$99.60-$104.40 (cap $360.00)	NA	NA	NA	NA	NA	NA	NA	NA	NA	NA	NA	NA	NA	NA	NA	NA	NA	NA	NA	NA	NA
300	300	600	1200	2.00	union	anytime	0.45	0.30	0.35	0.15	no-lift	2000	neither_passes	1760	0.88000000	0.00726636	1108.666	$92.02-$96.45	$99.60-$104.40 (cap $360.00)	-0.0680	-0.0203	0.0011	0.0283	0.0579	0.0860	0.1858	-0.2242	-0.1371	-0.1128	-0.0822	-0.0538	-0.0247	0.0430	0.2005	0.2278	0.2463	0.2755	0.3072	0.3383	0.4317
300	300	600	1200	2.00	union	anytime	0.45	0.30	0.35	0.15	no-lift	2000	both_pass	0	0.00000000	0.00000000	1108.666	$92.02-$96.45	$99.60-$104.40 (cap $360.00)	NA	NA	NA	NA	NA	NA	NA	NA	NA	NA	NA	NA	NA	NA	NA	NA	NA	NA	NA	NA	NA
300	300	600	1200	2.00	direct	anytime	0.45	0.30	0.35	0.15	no-lift	2000	fp_passes_fn_fails	1	0.00050000	0.00049987	1108.666	$92.02-$96.45	$99.60-$104.40 (cap $360.00)	0.2139	0.2139	0.2139	0.2139	0.2139	0.2139	0.2139	0.0916	0.0916	0.0916	0.0916	0.0916	0.0916	0.0916	0.4591	0.4591	0.4591	0.4591	0.4591	0.4591	0.4591
300	300	600	1200	2.00	direct	anytime	0.45	0.30	0.35	0.15	no-lift	2000	fn_passes_fp_fails	0	0.00000000	0.00000000	1108.666	$92.02-$96.45	$99.60-$104.40 (cap $360.00)	NA	NA	NA	NA	NA	NA	NA	NA	NA	NA	NA	NA	NA	NA	NA	NA	NA	NA	NA	NA	NA
300	300	600	1200	2.00	direct	anytime	0.45	0.30	0.35	0.15	no-lift	2000	neither_passes	1760	0.88000000	0.00726636	1108.666	$92.02-$96.45	$99.60-$104.40 (cap $360.00)	-0.0680	-0.0203	0.0011	0.0283	0.0579	0.0860	0.1858	-0.1516	-0.0565	-0.0330	-0.0075	0.0193	0.0439	0.1063	0.2005	0.2278	0.2463	0.2755	0.3072	0.3383	0.4317
300	300	600	1200	2.00	direct	anytime	0.45	0.30	0.35	0.15	no-lift	2000	both_pass	0	0.00000000	0.00000000	1108.666	$92.02-$96.45	$99.60-$104.40 (cap $360.00)	NA	NA	NA	NA	NA	NA	NA	NA	NA	NA	NA	NA	NA	NA	NA	NA	NA	NA	NA	NA	NA
120	120	60	300	0.50	union	anytime	0.50	0.30	0.35	0.20	calibration	2000	fp_passes_fn_fails	5	0.00250000	0.00111664	294.053	$24.41-$25.58	$24.90-$26.10 (cap $90.00)	0.2010	0.2012	0.2015	0.2193	0.2224	0.2419	0.2549	-0.2494	-0.2199	-0.1757	-0.1483	-0.1427	-0.0065	0.0842	0.5336	0.5462	0.5650	0.5665	0.5682	0.5763	0.5817
120	120	60	300	0.50	union	anytime	0.50	0.30	0.35	0.20	calibration	2000	fn_passes_fp_fails	0	0.00000000	0.00000000	294.053	$24.41-$25.58	$24.90-$26.10 (cap $90.00)	NA	NA	NA	NA	NA	NA	NA	NA	NA	NA	NA	NA	NA	NA	NA	NA	NA	NA	NA	NA	NA
120	120	60	300	0.50	union	anytime	0.50	0.30	0.35	0.20	calibration	2000	neither_passes	1936	0.96800000	0.00393548	294.053	$24.41-$25.58	$24.90-$26.10 (cap $90.00)	-0.1924	-0.0773	-0.0352	0.0127	0.0589	0.1017	0.1983	-0.5197	-0.3249	-0.2705	-0.2170	-0.1572	-0.1065	0.0909	0.2034	0.2900	0.3298	0.3782	0.4249	0.4681	0.6031
120	120	60	300	0.50	union	anytime	0.50	0.30	0.35	0.20	calibration	2000	both_pass	0	0.00000000	0.00000000	294.053	$24.41-$25.58	$24.90-$26.10 (cap $90.00)	NA	NA	NA	NA	NA	NA	NA	NA	NA	NA	NA	NA	NA	NA	NA	NA	NA	NA	NA	NA	NA
120	120	60	300	0.50	direct	anytime	0.50	0.30	0.35	0.20	calibration	2000	fp_passes_fn_fails	4	0.00200000	0.00099900	294.034	$24.40-$25.58	$24.90-$26.10 (cap $90.00)	0.2010	0.2012	0.2014	0.2120	0.2305	0.2451	0.2549	-0.1487	-0.1386	-0.1234	-0.0934	-0.0515	-0.0148	0.0097	0.5336	0.5435	0.5583	0.5674	0.5716	0.5777	0.5817
120	120	60	300	0.50	direct	anytime	0.50	0.30	0.35	0.20	calibration	2000	fn_passes_fp_fails	1	0.00050000	0.00049987	294.034	$24.40-$25.58	$24.90-$26.10 (cap $90.00)	0.0617	0.0617	0.0617	0.0617	0.0617	0.0617	0.0617	0.2550	0.2550	0.2550	0.2550	0.2550	0.2550	0.2550	0.3912	0.3912	0.3912	0.3912	0.3912	0.3912	0.3912
120	120	60	300	0.50	direct	anytime	0.50	0.30	0.35	0.20	calibration	2000	neither_passes	1935	0.96750000	0.00396508	294.034	$24.40-$25.58	$24.90-$26.10 (cap $90.00)	-0.1924	-0.0773	-0.0352	0.0127	0.0588	0.1017	0.1983	-0.4411	-0.2376	-0.1808	-0.1184	-0.0564	0.0041	0.1998	0.2034	0.2900	0.3298	0.3782	0.4249	0.4682	0.6031
120	120	60	300	0.50	direct	anytime	0.50	0.30	0.35	0.20	calibration	2000	both_pass	0	0.00000000	0.00000000	294.034	$24.40-$25.58	$24.90-$26.10 (cap $90.00)	NA	NA	NA	NA	NA	NA	NA	NA	NA	NA	NA	NA	NA	NA	NA	NA	NA	NA	NA	NA	NA
100	100	100	300	1.00	union	anytime	0.50	0.30	0.35	0.20	calibration	2000	fp_passes_fn_fails	8	0.00400000	0.00141138	294.951	$24.48-$25.66	$24.90-$26.10 (cap $90.00)	0.2047	0.2051	0.2064	0.2097	0.2222	0.2512	0.2771	-0.1418	-0.1381	-0.0780	-0.0477	-0.0337	-0.0059	0.0183	0.5635	0.5726	0.5772	0.5931	0.6039	0.6115	0.6165
100	100	100	300	1.00	union	anytime	0.50	0.30	0.35	0.20	calibration	2000	fn_passes_fp_fails	0	0.00000000	0.00000000	294.951	$24.48-$25.66	$24.90-$26.10 (cap $90.00)	NA	NA	NA	NA	NA	NA	NA	NA	NA	NA	NA	NA	NA	NA	NA	NA	NA	NA	NA	NA	NA
100	100	100	300	1.00	union	anytime	0.50	0.30	0.35	0.20	calibration	2000	neither_passes	1942	0.97100000	0.00375227	294.951	$24.48-$25.66	$24.90-$26.10 (cap $90.00)	-0.2098	-0.1018	-0.0574	-0.0039	0.0446	0.0870	0.1928	-0.4320	-0.2904	-0.2374	-0.1849	-0.1314	-0.0910	0.1025	0.2055	0.2977	0.3401	0.3891	0.4409	0.4893	0.6290
100	100	100	300	1.00	union	anytime	0.50	0.30	0.35	0.20	calibration	2000	both_pass	0	0.00000000	0.00000000	294.951	$24.48-$25.66	$24.90-$26.10 (cap $90.00)	NA	NA	NA	NA	NA	NA	NA	NA	NA	NA	NA	NA	NA	NA	NA	NA	NA	NA	NA	NA	NA
100	100	100	300	1.00	direct	anytime	0.50	0.30	0.35	0.20	calibration	2000	fp_passes_fn_fails	8	0.00400000	0.00141138	294.951	$24.48-$25.66	$24.90-$26.10 (cap $90.00)	0.2047	0.2051	0.2064	0.2097	0.2222	0.2512	0.2771	-0.0390	-0.0313	0.0358	0.0668	0.0895	0.1292	0.1564	0.5635	0.5726	0.5772	0.5931	0.6039	0.6115	0.6165
100	100	100	300	1.00	direct	anytime	0.50	0.30	0.35	0.20	calibration	2000	fn_passes_fp_fails	1	0.00050000	0.00049987	294.951	$24.48-$25.66	$24.90-$26.10 (cap $90.00)	0.1371	0.1371	0.1371	0.1371	0.1371	0.1371	0.1371	0.2037	0.2037	0.2037	0.2037	0.2037	0.2037	0.2037	0.5539	0.5539	0.5539	0.5539	0.5539	0.5539	0.5539
100	100	100	300	1.00	direct	anytime	0.50	0.30	0.35	0.20	calibration	2000	neither_passes	1941	0.97050000	0.00378350	294.951	$24.48-$25.66	$24.90-$26.10 (cap $90.00)	-0.2098	-0.1018	-0.0574	-0.0039	0.0445	0.0868	0.1928	-0.3132	-0.1613	-0.1124	-0.0613	-0.0090	0.0319	0.1549	0.2055	0.2977	0.3401	0.3891	0.4409	0.4892	0.6290
100	100	100	300	1.00	direct	anytime	0.50	0.30	0.35	0.20	calibration	2000	both_pass	0	0.00000000	0.00000000	294.951	$24.48-$25.66	$24.90-$26.10 (cap $90.00)	NA	NA	NA	NA	NA	NA	NA	NA	NA	NA	NA	NA	NA	NA	NA	NA	NA	NA	NA	NA	NA
75	75	150	300	2.00	union	anytime	0.50	0.30	0.35	0.20	calibration	2000	fp_passes_fn_fails	4	0.00200000	0.00099900	295.428	$24.52-$25.70	$24.90-$26.10 (cap $90.00)	0.2023	0.2024	0.2025	0.2030	0.2050	0.2075	0.2092	-0.1615	-0.1612	-0.1608	-0.1217	-0.0555	-0.0066	0.0259	0.5960	0.5981	0.6012	0.6285	0.6617	0.6756	0.6848
75	75	150	300	2.00	union	anytime	0.50	0.30	0.35	0.20	calibration	2000	fn_passes_fp_fails	0	0.00000000	0.00000000	295.428	$24.52-$25.70	$24.90-$26.10 (cap $90.00)	NA	NA	NA	NA	NA	NA	NA	NA	NA	NA	NA	NA	NA	NA	NA	NA	NA	NA	NA	NA	NA
75	75	150	300	2.00	union	anytime	0.50	0.30	0.35	0.20	calibration	2000	neither_passes	1949	0.97450000	0.00352489	295.428	$24.52-$25.70	$24.90-$26.10 (cap $90.00)	-0.2898	-0.1446	-0.0914	-0.0388	0.0163	0.0669	0.1964	-0.4305	-0.2786	-0.2334	-0.1804	-0.1279	-0.0837	0.0911	0.2086	0.3121	0.3586	0.4121	0.4684	0.5231	0.6681
75	75	150	300	2.00	union	anytime	0.50	0.30	0.35	0.20	calibration	2000	both_pass	0	0.00000000	0.00000000	295.428	$24.52-$25.70	$24.90-$26.10 (cap $90.00)	NA	NA	NA	NA	NA	NA	NA	NA	NA	NA	NA	NA	NA	NA	NA	NA	NA	NA	NA	NA	NA
75	75	150	300	2.00	direct	anytime	0.50	0.30	0.35	0.20	calibration	2000	fp_passes_fn_fails	4	0.00200000	0.00099900	295.428	$24.52-$25.70	$24.90-$26.10 (cap $90.00)	0.2023	0.2024	0.2025	0.2030	0.2050	0.2075	0.2092	-0.0545	-0.0408	-0.0203	0.0002	0.0404	0.0963	0.1335	0.5960	0.5981	0.6012	0.6285	0.6617	0.6756	0.6848
75	75	150	300	2.00	direct	anytime	0.50	0.30	0.35	0.20	calibration	2000	fn_passes_fp_fails	0	0.00000000	0.00000000	295.428	$24.52-$25.70	$24.90-$26.10 (cap $90.00)	NA	NA	NA	NA	NA	NA	NA	NA	NA	NA	NA	NA	NA	NA	NA	NA	NA	NA	NA	NA	NA
75	75	150	300	2.00	direct	anytime	0.50	0.30	0.35	0.20	calibration	2000	neither_passes	1949	0.97450000	0.00352489	295.428	$24.52-$25.70	$24.90-$26.10 (cap $90.00)	-0.2898	-0.1446	-0.0914	-0.0388	0.0163	0.0669	0.1964	-0.3076	-0.1503	-0.1060	-0.0577	-0.0090	0.0306	0.1839	0.2086	0.3121	0.3586	0.4121	0.4684	0.5231	0.6681
75	75	150	300	2.00	direct	anytime	0.50	0.30	0.35	0.20	calibration	2000	both_pass	0	0.00000000	0.00000000	295.428	$24.52-$25.70	$24.90-$26.10 (cap $90.00)	NA	NA	NA	NA	NA	NA	NA	NA	NA	NA	NA	NA	NA	NA	NA	NA	NA	NA	NA	NA	NA
480	480	240	1200	0.50	union	anytime	0.50	0.30	0.35	0.20	calibration	2000	fp_passes_fn_fails	5	0.00250000	0.00111664	1168.473	$96.98-$101.66	$99.60-$104.40 (cap $360.00)	0.2003	0.2004	0.2005	0.2100	0.2108	0.2252	0.2348	-0.0501	-0.0448	-0.0369	-0.0327	0.0450	0.0480	0.0499	0.3804	0.3805	0.3807	0.3927	0.4273	0.4296	0.4310
480	480	240	1200	0.50	union	anytime	0.50	0.30	0.35	0.20	calibration	2000	fn_passes_fp_fails	0	0.00000000	0.00000000	1168.473	$96.98-$101.66	$99.60-$104.40 (cap $360.00)	NA	NA	NA	NA	NA	NA	NA	NA	NA	NA	NA	NA	NA	NA	NA	NA	NA	NA	NA	NA	NA
480	480	240	1200	0.50	union	anytime	0.50	0.30	0.35	0.20	calibration	2000	neither_passes	1929	0.96450000	0.00413762	1168.473	$96.98-$101.66	$99.60-$104.40 (cap $360.00)	-0.0086	0.0467	0.0712	0.0964	0.1217	0.1443	0.1996	-0.2143	-0.1207	-0.0915	-0.0570	-0.0236	0.0035	0.1116	0.2050	0.2506	0.2741	0.3015	0.3280	0.3520	0.4298
480	480	240	1200	0.50	union	anytime	0.50	0.30	0.35	0.20	calibration	2000	both_pass	0	0.00000000	0.00000000	1168.473	$96.98-$101.66	$99.60-$104.40 (cap $360.00)	NA	NA	NA	NA	NA	NA	NA	NA	NA	NA	NA	NA	NA	NA	NA	NA	NA	NA	NA	NA	NA
480	480	240	1200	0.50	direct	anytime	0.50	0.30	0.35	0.20	calibration	2000	fp_passes_fn_fails	5	0.00250000	0.00111664	1168.473	$96.98-$101.66	$99.60-$104.40 (cap $360.00)	0.2003	0.2004	0.2005	0.2100	0.2108	0.2252	0.2348	0.0168	0.0238	0.0342	0.0849	0.0910	0.0971	0.1012	0.3804	0.3805	0.3807	0.3927	0.4273	0.4296	0.4310
480	480	240	1200	0.50	direct	anytime	0.50	0.30	0.35	0.20	calibration	2000	fn_passes_fp_fails	0	0.00000000	0.00000000	1168.473	$96.98-$101.66	$99.60-$104.40 (cap $360.00)	NA	NA	NA	NA	NA	NA	NA	NA	NA	NA	NA	NA	NA	NA	NA	NA	NA	NA	NA	NA	NA
480	480	240	1200	0.50	direct	anytime	0.50	0.30	0.35	0.20	calibration	2000	neither_passes	1929	0.96450000	0.00413762	1168.473	$96.98-$101.66	$99.60-$104.40 (cap $360.00)	-0.0086	0.0467	0.0712	0.0964	0.1217	0.1443	0.1996	-0.1753	-0.0626	-0.0318	0.0025	0.0392	0.0713	0.1849	0.2050	0.2506	0.2741	0.3015	0.3280	0.3520	0.4298
480	480	240	1200	0.50	direct	anytime	0.50	0.30	0.35	0.20	calibration	2000	both_pass	0	0.00000000	0.00000000	1168.473	$96.98-$101.66	$99.60-$104.40 (cap $360.00)	NA	NA	NA	NA	NA	NA	NA	NA	NA	NA	NA	NA	NA	NA	NA	NA	NA	NA	NA	NA	NA
400	400	400	1200	1.00	union	anytime	0.50	0.30	0.35	0.20	calibration	2000	fp_passes_fn_fails	3	0.00150000	0.00086538	1172.701	$97.33-$102.03	$99.60-$104.40 (cap $360.00)	0.2035	0.2055	0.2085	0.2134	0.2150	0.2160	0.2166	-0.0194	-0.0081	0.0089	0.0372	0.0388	0.0397	0.0403	0.4179	0.4207	0.4248	0.4316	0.4458	0.4543	0.4599
400	400	400	1200	1.00	union	anytime	0.50	0.30	0.35	0.20	calibration	2000	fn_passes_fp_fails	0	0.00000000	0.00000000	1172.701	$97.33-$102.03	$99.60-$104.40 (cap $360.00)	NA	NA	NA	NA	NA	NA	NA	NA	NA	NA	NA	NA	NA	NA	NA	NA	NA	NA	NA	NA	NA
400	400	400	1200	1.00	union	anytime	0.50	0.30	0.35	0.20	calibration	2000	neither_passes	1942	0.97100000	0.00375227	1172.701	$97.33-$102.03	$99.60-$104.40 (cap $360.00)	-0.0262	0.0359	0.0611	0.0883	0.1155	0.1422	0.1977	-0.1952	-0.0980	-0.0699	-0.0407	-0.0126	0.0118	0.1244	0.2010	0.2559	0.2808	0.3083	0.3379	0.3648	0.4691
400	400	400	1200	1.00	union	anytime	0.50	0.30	0.35	0.20	calibration	2000	both_pass	0	0.00000000	0.00000000	1172.701	$97.33-$102.03	$99.60-$104.40 (cap $360.00)	NA	NA	NA	NA	NA	NA	NA	NA	NA	NA	NA	NA	NA	NA	NA	NA	NA	NA	NA	NA	NA
400	400	400	1200	1.00	direct	anytime	0.50	0.30	0.35	0.20	calibration	2000	fp_passes_fn_fails	3	0.00150000	0.00086538	1172.701	$97.33-$102.03	$99.60-$104.40 (cap $360.00)	0.2035	0.2055	0.2085	0.2134	0.2150	0.2160	0.2166	0.0600	0.0685	0.0813	0.1025	0.1182	0.1277	0.1340	0.4179	0.4207	0.4248	0.4316	0.4458	0.4543	0.4599
400	400	400	1200	1.00	direct	anytime	0.50	0.30	0.35	0.20	calibration	2000	fn_passes_fp_fails	0	0.00000000	0.00000000	1172.701	$97.33-$102.03	$99.60-$104.40 (cap $360.00)	NA	NA	NA	NA	NA	NA	NA	NA	NA	NA	NA	NA	NA	NA	NA	NA	NA	NA	NA	NA	NA
400	400	400	1200	1.00	direct	anytime	0.50	0.30	0.35	0.20	calibration	2000	neither_passes	1942	0.97100000	0.00375227	1172.701	$97.33-$102.03	$99.60-$104.40 (cap $360.00)	-0.0262	0.0359	0.0611	0.0883	0.1155	0.1422	0.1977	-0.1187	-0.0209	0.0050	0.0338	0.0604	0.0852	0.1783	0.2010	0.2559	0.2808	0.3083	0.3379	0.3648	0.4691
400	400	400	1200	1.00	direct	anytime	0.50	0.30	0.35	0.20	calibration	2000	both_pass	0	0.00000000	0.00000000	1172.701	$97.33-$102.03	$99.60-$104.40 (cap $360.00)	NA	NA	NA	NA	NA	NA	NA	NA	NA	NA	NA	NA	NA	NA	NA	NA	NA	NA	NA	NA	NA
300	300	600	1200	2.00	union	anytime	0.50	0.30	0.35	0.20	calibration	2000	fp_passes_fn_fails	1	0.00050000	0.00049987	1175.786	$97.59-$102.29	$99.60-$104.40 (cap $360.00)	0.2270	0.2270	0.2270	0.2270	0.2270	0.2270	0.2270	-0.0020	-0.0020	-0.0020	-0.0020	-0.0020	-0.0020	-0.0020	0.4760	0.4760	0.4760	0.4760	0.4760	0.4760	0.4760
300	300	600	1200	2.00	union	anytime	0.50	0.30	0.35	0.20	calibration	2000	fn_passes_fp_fails	0	0.00000000	0.00000000	1175.786	$97.59-$102.29	$99.60-$104.40 (cap $360.00)	NA	NA	NA	NA	NA	NA	NA	NA	NA	NA	NA	NA	NA	NA	NA	NA	NA	NA	NA	NA	NA
300	300	600	1200	2.00	union	anytime	0.50	0.30	0.35	0.20	calibration	2000	neither_passes	1945	0.97250000	0.00365676	1175.786	$97.59-$102.29	$99.60-$104.40 (cap $360.00)	-0.0523	0.0186	0.0451	0.0742	0.1071	0.1322	0.1997	-0.1970	-0.0940	-0.0663	-0.0371	-0.0079	0.0210	0.1053	0.2006	0.2658	0.2905	0.3237	0.3546	0.3840	0.4728
300	300	600	1200	2.00	union	anytime	0.50	0.30	0.35	0.20	calibration	2000	both_pass	0	0.00000000	0.00000000	1175.786	$97.59-$102.29	$99.60-$104.40 (cap $360.00)	NA	NA	NA	NA	NA	NA	NA	NA	NA	NA	NA	NA	NA	NA	NA	NA	NA	NA	NA	NA	NA
300	300	600	1200	2.00	direct	anytime	0.50	0.30	0.35	0.20	calibration	2000	fp_passes_fn_fails	1	0.00050000	0.00049987	1175.786	$97.59-$102.29	$99.60-$104.40 (cap $360.00)	0.2270	0.2270	0.2270	0.2270	0.2270	0.2270	0.2270	0.0781	0.0781	0.0781	0.0781	0.0781	0.0781	0.0781	0.4760	0.4760	0.4760	0.4760	0.4760	0.4760	0.4760
300	300	600	1200	2.00	direct	anytime	0.50	0.30	0.35	0.20	calibration	2000	fn_passes_fp_fails	0	0.00000000	0.00000000	1175.786	$97.59-$102.29	$99.60-$104.40 (cap $360.00)	NA	NA	NA	NA	NA	NA	NA	NA	NA	NA	NA	NA	NA	NA	NA	NA	NA	NA	NA	NA	NA
300	300	600	1200	2.00	direct	anytime	0.50	0.30	0.35	0.20	calibration	2000	neither_passes	1945	0.97250000	0.00365676	1175.786	$97.59-$102.29	$99.60-$104.40 (cap $360.00)	-0.0523	0.0186	0.0451	0.0742	0.1071	0.1322	0.1997	-0.1050	-0.0124	0.0135	0.0394	0.0670	0.0927	0.1760	0.2006	0.2658	0.2905	0.3237	0.3546	0.3840	0.4728
300	300	600	1200	2.00	direct	anytime	0.50	0.30	0.35	0.20	calibration	2000	both_pass	0	0.00000000	0.00000000	1175.786	$97.59-$102.29	$99.60-$104.40 (cap $360.00)	NA	NA	NA	NA	NA	NA	NA	NA	NA	NA	NA	NA	NA	NA	NA	NA	NA	NA	NA	NA	NA
120	120	60	300	0.50	union	anytime	0.55	0.30	0.35	0.25	small real effect	2000	fp_passes_fn_fails	35	0.01750000	0.00293204	297.842	$24.72-$25.91	$24.90-$26.10 (cap $90.00)	0.2012	0.2027	0.2088	0.2215	0.2349	0.2528	0.2761	-0.2697	-0.2087	-0.1408	-0.1045	-0.0176	0.0264	0.1364	0.4997	0.5311	0.5409	0.5589	0.6026	0.6108	0.6212
120	120	60	300	0.50	union	anytime	0.55	0.30	0.35	0.25	small real effect	2000	fn_passes_fp_fails	0	0.00000000	0.00000000	297.842	$24.72-$25.91	$24.90-$26.10 (cap $90.00)	NA	NA	NA	NA	NA	NA	NA	NA	NA	NA	NA	NA	NA	NA	NA	NA	NA	NA	NA	NA	NA
120	120	60	300	0.50	union	anytime	0.55	0.30	0.35	0.25	small real effect	2000	neither_passes	1948	0.97400000	0.00355837	297.842	$24.72-$25.91	$24.90-$26.10 (cap $90.00)	-0.1901	-0.0324	0.0098	0.0588	0.1017	0.1411	0.1977	-0.4870	-0.2858	-0.2317	-0.1702	-0.1106	-0.0563	0.1350	0.2178	0.3359	0.3775	0.4225	0.4670	0.5077	0.6311
120	120	60	300	0.50	union	anytime	0.55	0.30	0.35	0.25	small real effect	2000	both_pass	0	0.00000000	0.00000000	297.842	$24.72-$25.91	$24.90-$26.10 (cap $90.00)	NA	NA	NA	NA	NA	NA	NA	NA	NA	NA	NA	NA	NA	NA	NA	NA	NA	NA	NA	NA	NA
120	120	60	300	0.50	direct	anytime	0.55	0.30	0.35	0.25	small real effect	2000	fp_passes_fn_fails	31	0.01550000	0.00276222	297.584	$24.70-$25.89	$24.90-$26.10 (cap $90.00)	0.2012	0.2027	0.2078	0.2215	0.2329	0.2550	0.2761	-0.2584	-0.1260	-0.0849	-0.0220	0.0624	0.0835	0.1476	0.4997	0.5311	0.5409	0.5580	0.5930	0.6066	0.6212
120	120	60	300	0.50	direct	anytime	0.55	0.30	0.35	0.25	small real effect	2000	fn_passes_fp_fails	5	0.00250000	0.00111664	297.584	$24.70-$25.89	$24.90-$26.10 (cap $90.00)	0.0117	0.0575	0.1262	0.1430	0.1554	0.1585	0.1606	0.2048	0.2055	0.2066	0.2109	0.2247	0.2290	0.2318	0.3882	0.4221	0.4729	0.4785	0.5041	0.5219	0.5338
120	120	60	300	0.50	direct	anytime	0.55	0.30	0.35	0.25	small real effect	2000	neither_passes	1943	0.97150000	0.00372074	297.584	$24.70-$25.89	$24.90-$26.10 (cap $90.00)	-0.1901	-0.0326	0.0094	0.0587	0.1015	0.1407	0.1977	-0.3843	-0.2007	-0.1408	-0.0752	-0.0098	0.0489	0.1980	0.2178	0.3358	0.3774	0.4223	0.4667	0.5075	0.6311
120	120	60	300	0.50	direct	anytime	0.55	0.30	0.35	0.25	small real effect	2000	both_pass	0	0.00000000	0.00000000	297.584	$24.70-$25.89	$24.90-$26.10 (cap $90.00)	NA	NA	NA	NA	NA	NA	NA	NA	NA	NA	NA	NA	NA	NA	NA	NA	NA	NA	NA	NA	NA
100	100	100	300	1.00	union	anytime	0.55	0.30	0.35	0.25	small real effect	2000	fp_passes_fn_fails	28	0.01400000	0.00262717	298.386	$24.77-$25.96	$24.90-$26.10 (cap $90.00)	0.2002	0.2034	0.2117	0.2183	0.2339	0.2790	0.3047	-0.2391	-0.1481	-0.1128	-0.0679	-0.0088	0.0301	0.0788	0.5325	0.5466	0.5808	0.6057	0.6272	0.6465	0.6703
100	100	100	300	1.00	union	anytime	0.55	0.30	0.35	0.25	small real effect	2000	fn_passes_fp_fails	0	0.00000000	0.00000000	298.386	$24.77-$25.96	$24.90-$26.10 (cap $90.00)	NA	NA	NA	NA	NA	NA	NA	NA	NA	NA	NA	NA	NA	NA	NA	NA	NA	NA	NA	NA	NA
100	100	100	300	1.00	union	anytime	0.55	0.30	0.35	0.25	small real effect	2000	neither_passes	1956	0.97800000	0.00327994	298.386	$24.77-$25.96	$24.90-$26.10 (cap $90.00)	-0.1938	-0.0588	-0.0127	0.0410	0.0900	0.1314	0.1998	-0.4146	-0.2435	-0.1896	-0.1367	-0.0843	-0.0341	0.1086	0.2226	0.3422	0.3876	0.4381	0.4851	0.5299	0.6667
100	100	100	300	1.00	union	anytime	0.55	0.30	0.35	0.25	small real effect	2000	both_pass	0	0.00000000	0.00000000	298.386	$24.77-$25.96	$24.90-$26.10 (cap $90.00)	NA	NA	NA	NA	NA	NA	NA	NA	NA	NA	NA	NA	NA	NA	NA	NA	NA	NA	NA	NA	NA
100	100	100	300	1.00	direct	anytime	0.55	0.30	0.35	0.25	small real effect	2000	fp_passes_fn_fails	28	0.01400000	0.00262717	298.200	$24.75-$25.94	$24.90-$26.10 (cap $90.00)	0.2002	0.2034	0.2117	0.2183	0.2339	0.2790	0.3047	-0.0742	-0.0123	0.0148	0.0526	0.0947	0.1548	0.1724	0.5325	0.5466	0.5808	0.6057	0.6272	0.6465	0.6703
100	100	100	300	1.00	direct	anytime	0.55	0.30	0.35	0.25	small real effect	2000	fn_passes_fp_fails	3	0.00150000	0.00086538	298.200	$24.75-$25.94	$24.90-$26.10 (cap $90.00)	0.0656	0.0720	0.0817	0.0977	0.1294	0.1484	0.1610	0.2034	0.2041	0.2051	0.2068	0.2109	0.2133	0.2149	0.4026	0.4163	0.4367	0.4709	0.5354	0.5742	0.6000
100	100	100	300	1.00	direct	anytime	0.55	0.30	0.35	0.25	small real effect	2000	neither_passes	1951	0.97550000	0.00345686	298.200	$24.75-$25.94	$24.90-$26.10 (cap $90.00)	-0.1938	-0.0589	-0.0128	0.0407	0.0894	0.1308	0.1998	-0.2553	-0.1118	-0.0620	-0.0103	0.0407	0.0832	0.1950	0.2226	0.3421	0.3872	0.4380	0.4848	0.5291	0.6667
100	100	100	300	1.00	direct	anytime	0.55	0.30	0.35	0.25	small real effect	2000	both_pass	0	0.00000000	0.00000000	298.200	$24.75-$25.94	$24.90-$26.10 (cap $90.00)	NA	NA	NA	NA	NA	NA	NA	NA	NA	NA	NA	NA	NA	NA	NA	NA	NA	NA	NA	NA	NA
75	75	150	300	2.00	union	anytime	0.55	0.30	0.35	0.25	small real effect	2000	fp_passes_fn_fails	16	0.00800000	0.00199198	298.480	$24.77-$25.97	$24.90-$26.10 (cap $90.00)	0.2002	0.2011	0.2075	0.2288	0.2371	0.2575	0.2590	-0.1375	-0.0903	-0.0807	-0.0283	0.0086	0.0748	0.1360	0.5700	0.5957	0.6065	0.6262	0.6450	0.6566	0.6597
75	75	150	300	2.00	union	anytime	0.55	0.30	0.35	0.25	small real effect	2000	fn_passes_fp_fails	0	0.00000000	0.00000000	298.480	$24.77-$25.97	$24.90-$26.10 (cap $90.00)	NA	NA	NA	NA	NA	NA	NA	NA	NA	NA	NA	NA	NA	NA	NA	NA	NA	NA	NA	NA	NA
75	75	150	300	2.00	union	anytime	0.55	0.30	0.35	0.25	small real effect	2000	neither_passes	1969	0.98450000	0.00276222	298.480	$24.77-$25.97	$24.90-$26.10 (cap $90.00)	-0.2786	-0.1024	-0.0498	0.0086	0.0614	0.1132	0.1987	-0.4277	-0.2390	-0.1887	-0.1326	-0.0805	-0.0340	0.1053	0.2208	0.3562	0.4006	0.4571	0.5125	0.5609	0.7124
75	75	150	300	2.00	union	anytime	0.55	0.30	0.35	0.25	small real effect	2000	both_pass	0	0.00000000	0.00000000	298.480	$24.77-$25.97	$24.90-$26.10 (cap $90.00)	NA	NA	NA	NA	NA	NA	NA	NA	NA	NA	NA	NA	NA	NA	NA	NA	NA	NA	NA	NA	NA
75	75	150	300	2.00	direct	anytime	0.55	0.30	0.35	0.25	small real effect	2000	fp_passes_fn_fails	15	0.00750000	0.00192922	298.370	$24.76-$25.96	$24.90-$26.10 (cap $90.00)	0.2002	0.2011	0.2057	0.2309	0.2387	0.2577	0.2590	0.0163	0.0370	0.0612	0.0941	0.1385	0.1514	0.1633	0.5700	0.5944	0.6064	0.6266	0.6459	0.6572	0.6597
75	75	150	300	2.00	direct	anytime	0.55	0.30	0.35	0.25	small real effect	2000	fn_passes_fp_fails	1	0.00050000	0.00049987	298.370	$24.76-$25.96	$24.90-$26.10 (cap $90.00)	0.0591	0.0591	0.0591	0.0591	0.0591	0.0591	0.0591	0.2154	0.2154	0.2154	0.2154	0.2154	0.2154	0.2154	0.4915	0.4915	0.4915	0.4915	0.4915	0.4915	0.4915
75	75	150	300	2.00	direct	anytime	0.55	0.30	0.35	0.25	small real effect	2000	neither_passes	1966	0.98300000	0.00289059	298.370	$24.76-$25.96	$24.90-$26.10 (cap $90.00)	-0.2786	-0.1024	-0.0498	0.0086	0.0613	0.1124	0.1987	-0.2940	-0.1065	-0.0641	-0.0101	0.0387	0.0809	0.1971	0.2208	0.3561	0.4004	0.4571	0.5122	0.5604	0.7124
75	75	150	300	2.00	direct	anytime	0.55	0.30	0.35	0.25	small real effect	2000	both_pass	0	0.00000000	0.00000000	298.370	$24.76-$25.96	$24.90-$26.10 (cap $90.00)	NA	NA	NA	NA	NA	NA	NA	NA	NA	NA	NA	NA	NA	NA	NA	NA	NA	NA	NA	NA	NA
480	480	240	1200	0.50	union	anytime	0.55	0.30	0.35	0.25	small real effect	2000	fp_passes_fn_fails	157	0.07850000	0.00601406	1187.966	$98.60-$103.35	$99.60-$104.40 (cap $360.00)	0.2002	0.2013	0.2046	0.2122	0.2212	0.2343	0.2714	-0.1007	-0.0347	0.0018	0.0338	0.0620	0.0921	0.1352	0.3711	0.3917	0.4027	0.4137	0.4353	0.4457	0.4913
480	480	240	1200	0.50	union	anytime	0.55	0.30	0.35	0.25	small real effect	2000	fn_passes_fp_fails	0	0.00000000	0.00000000	1187.966	$98.60-$103.35	$99.60-$104.40 (cap $360.00)	NA	NA	NA	NA	NA	NA	NA	NA	NA	NA	NA	NA	NA	NA	NA	NA	NA	NA	NA	NA	NA
480	480	240	1200	0.50	union	anytime	0.55	0.30	0.35	0.25	small real effect	2000	neither_passes	1822	0.91100000	0.00636706	1187.966	$98.60-$103.35	$99.60-$104.40 (cap $360.00)	0.0210	0.0971	0.1200	0.1421	0.1654	0.1819	0.1999	-0.1821	-0.0679	-0.0388	-0.0082	0.0258	0.0523	0.1428	0.2239	0.3006	0.3235	0.3470	0.3713	0.3899	0.4459
480	480	240	1200	0.50	union	anytime	0.55	0.30	0.35	0.25	small real effect	2000	both_pass	0	0.00000000	0.00000000	1187.966	$98.60-$103.35	$99.60-$104.40 (cap $360.00)	NA	NA	NA	NA	NA	NA	NA	NA	NA	NA	NA	NA	NA	NA	NA	NA	NA	NA	NA	NA	NA
480	480	240	1200	0.50	direct	anytime	0.55	0.30	0.35	0.25	small real effect	2000	fp_passes_fn_fails	154	0.07700000	0.00596117	1185.902	$98.43-$103.17	$99.60-$104.40 (cap $360.00)	0.2002	0.2013	0.2051	0.2127	0.2215	0.2344	0.2714	-0.0704	0.0219	0.0571	0.0884	0.1246	0.1454	0.1791	0.3711	0.3916	0.4027	0.4138	0.4352	0.4454	0.4913
480	480	240	1200	0.50	direct	anytime	0.55	0.30	0.35	0.25	small real effect	2000	fn_passes_fp_fails	4	0.00200000	0.00099900	1185.902	$98.43-$103.17	$99.60-$104.40 (cap $360.00)	0.1190	0.1236	0.1306	0.1467	0.1632	0.1709	0.1760	0.2028	0.2062	0.2113	0.2145	0.2176	0.2223	0.2255	0.3427	0.3476	0.3548	0.3635	0.3696	0.3721	0.3737
480	480	240	1200	0.50	direct	anytime	0.55	0.30	0.35	0.25	small real effect	2000	neither_passes	1815	0.90750000	0.00647857	1185.902	$98.43-$103.17	$99.60-$104.40 (cap $360.00)	0.0210	0.0971	0.1200	0.1420	0.1653	0.1819	0.1999	-0.1117	-0.0133	0.0185	0.0543	0.0887	0.1192	0.1951	0.2239	0.3005	0.3234	0.3469	0.3713	0.3899	0.4459
480	480	240	1200	0.50	direct	anytime	0.55	0.30	0.35	0.25	small real effect	2000	both_pass	0	0.00000000	0.00000000	1185.902	$98.43-$103.17	$99.60-$104.40 (cap $360.00)	NA	NA	NA	NA	NA	NA	NA	NA	NA	NA	NA	NA	NA	NA	NA	NA	NA	NA	NA	NA	NA
400	400	400	1200	1.00	union	anytime	0.55	0.30	0.35	0.25	small real effect	2000	fp_passes_fn_fails	123	0.06150000	0.00537205	1191.203	$98.87-$103.63	$99.60-$104.40 (cap $360.00)	0.2000	0.2024	0.2061	0.2118	0.2252	0.2401	0.2973	-0.0451	0.0024	0.0236	0.0548	0.0833	0.1033	0.1501	0.3922	0.4120	0.4204	0.4312	0.4452	0.4614	0.5059
400	400	400	1200	1.00	union	anytime	0.55	0.30	0.35	0.25	small real effect	2000	fn_passes_fp_fails	0	0.00000000	0.00000000	1191.203	$98.87-$103.63	$99.60-$104.40 (cap $360.00)	NA	NA	NA	NA	NA	NA	NA	NA	NA	NA	NA	NA	NA	NA	NA	NA	NA	NA	NA	NA	NA
400	400	400	1200	1.00	union	anytime	0.55	0.30	0.35	0.25	small real effect	2000	neither_passes	1861	0.93050000	0.00568638	1191.203	$98.87-$103.63	$99.60-$104.40 (cap $360.00)	0.0175	0.0819	0.1063	0.1343	0.1602	0.1802	0.1998	-0.1340	-0.0478	-0.0219	0.0093	0.0359	0.0613	0.1948	0.2347	0.3005	0.3249	0.3536	0.3808	0.4030	0.4823
400	400	400	1200	1.00	union	anytime	0.55	0.30	0.35	0.25	small real effect	2000	both_pass	0	0.00000000	0.00000000	1191.203	$98.87-$103.63	$99.60-$104.40 (cap $360.00)	NA	NA	NA	NA	NA	NA	NA	NA	NA	NA	NA	NA	NA	NA	NA	NA	NA	NA	NA	NA	NA
400	400	400	1200	1.00	direct	anytime	0.55	0.30	0.35	0.25	small real effect	2000	fp_passes_fn_fails	115	0.05750000	0.00520547	1188.691	$98.66-$103.42	$99.60-$104.40 (cap $360.00)	0.2000	0.2022	0.2058	0.2114	0.2228	0.2382	0.2973	0.0458	0.0716	0.0948	0.1228	0.1493	0.1648	0.1954	0.3922	0.4108	0.4200	0.4303	0.4450	0.4614	0.5059
400	400	400	1200	1.00	direct	anytime	0.55	0.30	0.35	0.25	small real effect	2000	fn_passes_fp_fails	7	0.00350000	0.00132056	1188.691	$98.66-$103.42	$99.60-$104.40 (cap $360.00)	0.1596	0.1737	0.1837	0.1863	0.1928	0.1955	0.1961	0.2003	0.2023	0.2037	0.2069	0.2230	0.2454	0.2579	0.3670	0.3821	0.3957	0.4065	0.4091	0.4179	0.4290
400	400	400	1200	1.00	direct	anytime	0.55	0.30	0.35	0.25	small real effect	2000	neither_passes	1854	0.92700000	0.00581683	1188.691	$98.66-$103.42	$99.60-$104.40 (cap $360.00)	0.0175	0.0818	0.1062	0.1342	0.1602	0.1798	0.1998	-0.0571	0.0298	0.0554	0.0839	0.1093	0.1336	0.1978	0.2347	0.3004	0.3248	0.3534	0.3806	0.4025	0.4823
400	400	400	1200	1.00	direct	anytime	0.55	0.30	0.35	0.25	small real effect	2000	both_pass	0	0.00000000	0.00000000	1188.691	$98.66-$103.42	$99.60-$104.40 (cap $360.00)	NA	NA	NA	NA	NA	NA	NA	NA	NA	NA	NA	NA	NA	NA	NA	NA	NA	NA	NA	NA	NA
300	300	600	1200	2.00	union	anytime	0.55	0.30	0.35	0.25	small real effect	2000	fp_passes_fn_fails	91	0.04550000	0.00465992	1190.420	$98.80-$103.57	$99.60-$104.40 (cap $360.00)	0.2005	0.2025	0.2056	0.2138	0.2228	0.2360	0.2889	-0.0101	0.0037	0.0421	0.0672	0.0887	0.1071	0.1248	0.4156	0.4321	0.4427	0.4621	0.4778	0.4881	0.5357
300	300	600	1200	2.00	union	anytime	0.55	0.30	0.35	0.25	small real effect	2000	fn_passes_fp_fails	0	0.00000000	0.00000000	1190.420	$98.80-$103.57	$99.60-$104.40 (cap $360.00)	NA	NA	NA	NA	NA	NA	NA	NA	NA	NA	NA	NA	NA	NA	NA	NA	NA	NA	NA	NA	NA
300	300	600	1200	2.00	union	anytime	0.55	0.30	0.35	0.25	small real effect	2000	neither_passes	1892	0.94600000	0.00505391	1190.420	$98.80-$103.57	$99.60-$104.40 (cap $360.00)	-0.0355	0.0612	0.0884	0.1197	0.1473	0.1695	0.1996	-0.1653	-0.0471	-0.0175	0.0107	0.0401	0.0642	0.1525	0.2123	0.3093	0.3363	0.3682	0.3961	0.4211	0.4866
300	300	600	1200	2.00	union	anytime	0.55	0.30	0.35	0.25	small real effect	2000	both_pass	0	0.00000000	0.00000000	1190.420	$98.80-$103.57	$99.60-$104.40 (cap $360.00)	NA	NA	NA	NA	NA	NA	NA	NA	NA	NA	NA	NA	NA	NA	NA	NA	NA	NA	NA	NA	NA
300	300	600	1200	2.00	direct	anytime	0.55	0.30	0.35	0.25	small real effect	2000	fp_passes_fn_fails	89	0.04450000	0.00461084	1189.280	$98.71-$103.47	$99.60-$104.40 (cap $360.00)	0.2005	0.2025	0.2056	0.2137	0.2222	0.2352	0.2889	0.0641	0.0987	0.1159	0.1392	0.1597	0.1704	0.1901	0.4156	0.4322	0.4429	0.4623	0.4778	0.4894	0.5357
300	300	600	1200	2.00	direct	anytime	0.55	0.30	0.35	0.25	small real effect	2000	fn_passes_fp_fails	0	0.00000000	0.00000000	1189.280	$98.71-$103.47	$99.60-$104.40 (cap $360.00)	NA	NA	NA	NA	NA	NA	NA	NA	NA	NA	NA	NA	NA	NA	NA	NA	NA	NA	NA	NA	NA
300	300	600	1200	2.00	direct	anytime	0.55	0.30	0.35	0.25	small real effect	2000	neither_passes	1890	0.94500000	0.00509779	1189.280	$98.71-$103.47	$99.60-$104.40 (cap $360.00)	-0.0355	0.0612	0.0883	0.1196	0.1472	0.1694	0.1996	-0.0658	0.0364	0.0612	0.0878	0.1150	0.1364	0.1971	0.2123	0.3093	0.3362	0.3681	0.3959	0.4210	0.4866
300	300	600	1200	2.00	direct	anytime	0.55	0.30	0.35	0.25	small real effect	2000	both_pass	0	0.00000000	0.00000000	1189.280	$98.71-$103.47	$99.60-$104.40 (cap $360.00)	NA	NA	NA	NA	NA	NA	NA	NA	NA	NA	NA	NA	NA	NA	NA	NA	NA	NA	NA	NA	NA
120	120	60	300	0.50	union	anytime	0.60	0.30	0.35	0.30	real effect	2000	fp_passes_fn_fails	180	0.09000000	0.00639922	298.966	$24.81-$26.01	$24.90-$26.10 (cap $90.00)	0.2001	0.2047	0.2115	0.2257	0.2499	0.2737	0.3616	-0.2428	-0.1376	-0.1015	-0.0523	0.0014	0.0365	0.1447	0.4988	0.5357	0.5593	0.5836	0.6045	0.6349	0.6959
120	120	60	300	0.50	union	anytime	0.60	0.30	0.35	0.30	real effect	2000	fn_passes_fp_fails	0	0.00000000	0.00000000	298.966	$24.81-$26.01	$24.90-$26.10 (cap $90.00)	NA	NA	NA	NA	NA	NA	NA	NA	NA	NA	NA	NA	NA	NA	NA	NA	NA	NA	NA	NA	NA
120	120	60	300	0.50	union	anytime	0.60	0.30	0.35	0.30	real effect	2000	neither_passes	1812	0.90600000	0.00652549	298.966	$24.81-$26.01	$24.90-$26.10 (cap $90.00)	-0.1147	0.0092	0.0551	0.1013	0.1414	0.1717	0.2000	-0.4081	-0.2357	-0.1829	-0.1235	-0.0686	-0.0159	0.1565	0.2690	0.3791	0.4188	0.4624	0.5039	0.5382	0.6344
120	120	60	300	0.50	union	anytime	0.60	0.30	0.35	0.30	real effect	2000	both_pass	0	0.00000000	0.00000000	298.966	$24.81-$26.01	$24.90-$26.10 (cap $90.00)	NA	NA	NA	NA	NA	NA	NA	NA	NA	NA	NA	NA	NA	NA	NA	NA	NA	NA	NA	NA	NA
120	120	60	300	0.50	direct	anytime	0.60	0.30	0.35	0.30	real effect	2000	fp_passes_fn_fails	173	0.08650000	0.00628561	298.757	$24.80-$25.99	$24.90-$26.10 (cap $90.00)	0.2001	0.2046	0.2115	0.2255	0.2475	0.2730	0.3251	-0.2618	-0.0858	-0.0126	0.0403	0.0796	0.1304	0.1864	0.4988	0.5355	0.5592	0.5826	0.6038	0.6342	0.6928
120	120	60	300	0.50	direct	anytime	0.60	0.30	0.35	0.30	real effect	2000	fn_passes_fp_fails	10	0.00500000	0.00157718	298.757	$24.80-$25.99	$24.90-$26.10 (cap $90.00)	0.0134	0.1093	0.1396	0.1605	0.1645	0.1772	0.1891	0.2033	0.2058	0.2091	0.2255	0.2358	0.2412	0.2429	0.3679	0.4571	0.4794	0.4977	0.5357	0.5466	0.5472
120	120	60	300	0.50	direct	anytime	0.60	0.30	0.35	0.30	real effect	2000	neither_passes	1801	0.90050000	0.00669327	298.757	$24.80-$25.99	$24.90-$26.10 (cap $90.00)	-0.1147	0.0091	0.0549	0.1006	0.1411	0.1714	0.2000	-0.2890	-0.1486	-0.0902	-0.0272	0.0280	0.0874	0.1988	0.2690	0.3791	0.4187	0.4620	0.5036	0.5379	0.6344
120	120	60	300	0.50	direct	anytime	0.60	0.30	0.35	0.30	real effect	2000	both_pass	0	0.00000000	0.00000000	298.757	$24.80-$25.99	$24.90-$26.10 (cap $90.00)	NA	NA	NA	NA	NA	NA	NA	NA	NA	NA	NA	NA	NA	NA	NA	NA	NA	NA	NA	NA	NA
100	100	100	300	1.00	union	anytime	0.60	0.30	0.35	0.30	real effect	2000	fp_passes_fn_fails	138	0.06900000	0.00566741	299.097	$24.83-$26.02	$24.90-$26.10 (cap $90.00)	0.2001	0.2063	0.2137	0.2264	0.2519	0.2798	0.3177	-0.2623	-0.1088	-0.0572	-0.0066	0.0403	0.0991	0.1564	0.5122	0.5537	0.5767	0.6090	0.6355	0.6618	0.7138
100	100	100	300	1.00	union	anytime	0.60	0.30	0.35	0.30	real effect	2000	fn_passes_fp_fails	0	0.00000000	0.00000000	299.097	$24.83-$26.02	$24.90-$26.10 (cap $90.00)	NA	NA	NA	NA	NA	NA	NA	NA	NA	NA	NA	NA	NA	NA	NA	NA	NA	NA	NA	NA	NA
100	100	100	300	1.00	union	anytime	0.60	0.30	0.35	0.30	real effect	2000	neither_passes	1853	0.92650000	0.00583514	299.097	$24.83-$26.02	$24.90-$26.10 (cap $90.00)	-0.1827	-0.0104	0.0335	0.0845	0.1316	0.1657	0.1999	-0.3954	-0.1943	-0.1465	-0.0911	-0.0387	0.0064	0.1762	0.2442	0.3862	0.4310	0.4782	0.5237	0.5617	0.6911
100	100	100	300	1.00	union	anytime	0.60	0.30	0.35	0.30	real effect	2000	both_pass	0	0.00000000	0.00000000	299.097	$24.83-$26.02	$24.90-$26.10 (cap $90.00)	NA	NA	NA	NA	NA	NA	NA	NA	NA	NA	NA	NA	NA	NA	NA	NA	NA	NA	NA	NA	NA
100	100	100	300	1.00	direct	anytime	0.60	0.30	0.35	0.30	real effect	2000	fp_passes_fn_fails	114	0.05700000	0.00518416	297.390	$24.68-$25.87	$24.90-$26.10 (cap $90.00)	0.2001	0.2062	0.2114	0.2233	0.2448	0.2704	0.3109	-0.1309	0.0190	0.0634	0.1038	0.1385	0.1539	0.1987	0.5122	0.5536	0.5748	0.6069	0.6331	0.6561	0.7059
100	100	100	300	1.00	direct	anytime	0.60	0.30	0.35	0.30	real effect	2000	fn_passes_fp_fails	28	0.01400000	0.00262717	297.390	$24.68-$25.87	$24.90-$26.10 (cap $90.00)	-0.0221	0.0872	0.1073	0.1312	0.1656	0.1777	0.1926	0.2007	0.2038	0.2068	0.2137	0.2239	0.2375	0.2759	0.4141	0.4783	0.4935	0.5273	0.5526	0.5661	0.5998
100	100	100	300	1.00	direct	anytime	0.60	0.30	0.35	0.30	real effect	2000	neither_passes	1820	0.91000000	0.00639922	297.390	$24.68-$25.87	$24.90-$26.10 (cap $90.00)	-0.1827	-0.0110	0.0328	0.0830	0.1306	0.1644	0.1999	-0.2691	-0.0667	-0.0185	0.0354	0.0826	0.1204	0.1986	0.2442	0.3846	0.4306	0.4764	0.5222	0.5609	0.6567
100	100	100	300	1.00	direct	anytime	0.60	0.30	0.35	0.30	real effect	2000	both_pass	0	0.00000000	0.00000000	297.390	$24.68-$25.87	$24.90-$26.10 (cap $90.00)	NA	NA	NA	NA	NA	NA	NA	NA	NA	NA	NA	NA	NA	NA	NA	NA	NA	NA	NA	NA	NA
75	75	150	300	2.00	union	anytime	0.60	0.30	0.35	0.30	real effect	2000	fp_passes_fn_fails	109	0.05450000	0.00507591	299.058	$24.82-$26.02	$24.90-$26.10 (cap $90.00)	0.2004	0.2032	0.2075	0.2235	0.2409	0.2751	0.4080	-0.1704	-0.0660	-0.0348	0.0133	0.0535	0.0902	0.1870	0.5531	0.5853	0.6236	0.6502	0.6787	0.7237	0.7929
75	75	150	300	2.00	union	anytime	0.60	0.30	0.35	0.30	real effect	2000	fn_passes_fp_fails	0	0.00000000	0.00000000	299.058	$24.82-$26.02	$24.90-$26.10 (cap $90.00)	NA	NA	NA	NA	NA	NA	NA	NA	NA	NA	NA	NA	NA	NA	NA	NA	NA	NA	NA	NA	NA
75	75	150	300	2.00	union	anytime	0.60	0.30	0.35	0.30	real effect	2000	neither_passes	1883	0.94150000	0.00524775	299.058	$24.82-$26.02	$24.90-$26.10 (cap $90.00)	-0.2861	-0.0496	-0.0006	0.0515	0.1104	0.1537	0.1997	-0.3105	-0.1897	-0.1395	-0.0851	-0.0331	0.0184	0.1321	0.2590	0.4013	0.4518	0.5030	0.5569	0.5986	0.7291
75	75	150	300	2.00	union	anytime	0.60	0.30	0.35	0.30	real effect	2000	both_pass	0	0.00000000	0.00000000	299.058	$24.82-$26.02	$24.90-$26.10 (cap $90.00)	NA	NA	NA	NA	NA	NA	NA	NA	NA	NA	NA	NA	NA	NA	NA	NA	NA	NA	NA	NA	NA
75	75	150	300	2.00	direct	anytime	0.60	0.30	0.35	0.30	real effect	2000	fp_passes_fn_fails	93	0.04650000	0.00470838	298.252	$24.75-$25.95	$24.90-$26.10 (cap $90.00)	0.2004	0.2029	0.2069	0.2218	0.2364	0.2585	0.4080	-0.0465	0.0478	0.0873	0.1195	0.1562	0.1698	0.1873	0.5531	0.5843	0.6236	0.6470	0.6728	0.7138	0.7929
75	75	150	300	2.00	direct	anytime	0.60	0.30	0.35	0.30	real effect	2000	fn_passes_fp_fails	13	0.00650000	0.00179691	298.252	$24.75-$25.95	$24.90-$26.10 (cap $90.00)	-0.0647	0.1131	0.1181	0.1311	0.1602	0.1717	0.1812	0.2040	0.2056	0.2087	0.2150	0.2187	0.2305	0.2413	0.3819	0.5096	0.5272	0.5736	0.6268	0.6302	0.6564
75	75	150	300	2.00	direct	anytime	0.60	0.30	0.35	0.30	real effect	2000	neither_passes	1866	0.93300000	0.00559066	298.252	$24.75-$25.95	$24.90-$26.10 (cap $90.00)	-0.2861	-0.0498	-0.0011	0.0511	0.1090	0.1528	0.1997	-0.1901	-0.0573	-0.0096	0.0385	0.0828	0.1242	0.1992	0.2590	0.4013	0.4511	0.5019	0.5554	0.5977	0.7291
75	75	150	300	2.00	direct	anytime	0.60	0.30	0.35	0.30	real effect	2000	both_pass	0	0.00000000	0.00000000	298.252	$24.75-$25.95	$24.90-$26.10 (cap $90.00)	NA	NA	NA	NA	NA	NA	NA	NA	NA	NA	NA	NA	NA	NA	NA	NA	NA	NA	NA	NA	NA
480	480	240	1200	0.50	union	anytime	0.60	0.30	0.35	0.30	real effect	2000	fp_passes_fn_fails	882	0.44100000	0.01110223	1193.503	$99.06-$103.83	$99.60-$104.40 (cap $360.00)	0.2001	0.2044	0.2109	0.2226	0.2410	0.2596	0.3096	-0.0687	0.0048	0.0326	0.0643	0.0948	0.1186	0.1877	0.3722	0.4002	0.4116	0.4256	0.4466	0.4633	0.5364
480	480	240	1200	0.50	union	anytime	0.60	0.30	0.35	0.30	real effect	2000	fn_passes_fp_fails	0	0.00000000	0.00000000	1193.503	$99.06-$103.83	$99.60-$104.40 (cap $360.00)	NA	NA	NA	NA	NA	NA	NA	NA	NA	NA	NA	NA	NA	NA	NA	NA	NA	NA	NA	NA	NA
480	480	240	1200	0.50	union	anytime	0.60	0.30	0.35	0.30	real effect	2000	neither_passes	1105	0.55250000	0.01111854	1193.503	$99.06-$103.83	$99.60-$104.40 (cap $360.00)	0.0645	0.1327	0.1527	0.1730	0.1870	0.1941	0.1999	-0.1094	-0.0285	-0.0020	0.0313	0.0625	0.0914	0.1949	0.2875	0.3346	0.3532	0.3750	0.3914	0.4039	0.4434
480	480	240	1200	0.50	union	anytime	0.60	0.30	0.35	0.30	real effect	2000	both_pass	0	0.00000000	0.00000000	1193.503	$99.06-$103.83	$99.60-$104.40 (cap $360.00)	NA	NA	NA	NA	NA	NA	NA	NA	NA	NA	NA	NA	NA	NA	NA	NA	NA	NA	NA	NA	NA
480	480	240	1200	0.50	direct	anytime	0.60	0.30	0.35	0.30	real effect	2000	fp_passes_fn_fails	814	0.40700000	0.01098524	1176.758	$97.67-$102.38	$99.60-$104.40 (cap $360.00)	0.2001	0.2044	0.2106	0.2222	0.2398	0.2574	0.3096	-0.0087	0.0587	0.0881	0.1175	0.1468	0.1703	0.1992	0.3722	0.3998	0.4113	0.4247	0.4463	0.4623	0.5364
480	480	240	1200	0.50	direct	anytime	0.60	0.30	0.35	0.30	real effect	2000	fn_passes_fp_fails	20	0.01000000	0.00222486	1176.758	$97.67-$102.38	$99.60-$104.40 (cap $360.00)	0.1397	0.1519	0.1618	0.1844	0.1890	0.1922	0.1990	0.2006	0.2013	0.2042	0.2129	0.2240	0.2475	0.2773	0.3415	0.3535	0.3674	0.3753	0.3970	0.4230	0.4341
480	480	240	1200	0.50	direct	anytime	0.60	0.30	0.35	0.30	real effect	2000	neither_passes	1083	0.54150000	0.01114176	1176.758	$97.67-$102.38	$99.60-$104.40 (cap $360.00)	0.0645	0.1325	0.1523	0.1728	0.1869	0.1941	0.1999	-0.0716	0.0281	0.0581	0.0923	0.1259	0.1535	0.1994	0.2875	0.3343	0.3525	0.3750	0.3913	0.4037	0.4434
480	480	240	1200	0.50	direct	anytime	0.60	0.30	0.35	0.30	real effect	2000	both_pass	0	0.00000000	0.00000000	1176.758	$97.67-$102.38	$99.60-$104.40 (cap $360.00)	NA	NA	NA	NA	NA	NA	NA	NA	NA	NA	NA	NA	NA	NA	NA	NA	NA	NA	NA	NA	NA
400	400	400	1200	1.00	union	anytime	0.60	0.30	0.35	0.30	real effect	2000	fp_passes_fn_fails	758	0.37900000	0.01084802	1195.353	$99.21-$104.00	$99.60-$104.40 (cap $360.00)	0.2000	0.2039	0.2098	0.2234	0.2400	0.2568	0.3203	-0.0369	0.0313	0.0566	0.0803	0.1090	0.1329	0.1962	0.3779	0.4103	0.4252	0.4417	0.4611	0.4806	0.5598
400	400	400	1200	1.00	union	anytime	0.60	0.30	0.35	0.30	real effect	2000	fn_passes_fp_fails	0	0.00000000	0.00000000	1195.353	$99.21-$104.00	$99.60-$104.40 (cap $360.00)	NA	NA	NA	NA	NA	NA	NA	NA	NA	NA	NA	NA	NA	NA	NA	NA	NA	NA	NA	NA	NA
400	400	400	1200	1.00	union	anytime	0.60	0.30	0.35	0.30	real effect	2000	neither_passes	1233	0.61650000	0.01087262	1195.353	$99.21-$104.00	$99.60-$104.40 (cap $360.00)	0.0522	0.1223	0.1459	0.1668	0.1829	0.1930	0.1999	-0.1181	-0.0072	0.0186	0.0458	0.0712	0.0954	0.1789	0.2771	0.3398	0.3639	0.3835	0.4023	0.4173	0.4580
400	400	400	1200	1.00	union	anytime	0.60	0.30	0.35	0.30	real effect	2000	both_pass	0	0.00000000	0.00000000	1195.353	$99.21-$104.00	$99.60-$104.40 (cap $360.00)	NA	NA	NA	NA	NA	NA	NA	NA	NA	NA	NA	NA	NA	NA	NA	NA	NA	NA	NA	NA	NA
400	400	400	1200	1.00	direct	anytime	0.60	0.30	0.35	0.30	real effect	2000	fp_passes_fn_fails	645	0.32250000	0.01045212	1165.432	$96.73-$101.39	$99.60-$104.40 (cap $360.00)	0.2001	0.2034	0.2092	0.2213	0.2380	0.2528	0.3025	0.0397	0.1018	0.1260	0.1482	0.1664	0.1832	0.1988	0.3832	0.4091	0.4243	0.4404	0.4583	0.4768	0.5237
400	400	400	1200	1.00	direct	anytime	0.60	0.30	0.35	0.30	real effect	2000	fn_passes_fp_fails	20	0.01000000	0.00222486	1165.432	$96.73-$101.39	$99.60-$104.40 (cap $360.00)	0.1310	0.1598	0.1684	0.1735	0.1897	0.1929	0.1952	0.2008	0.2016	0.2023	0.2120	0.2193	0.2354	0.2385	0.3550	0.3773	0.3915	0.4001	0.4092	0.4181	0.4279
400	400	400	1200	1.00	direct	anytime	0.60	0.30	0.35	0.30	real effect	2000	neither_passes	1210	0.60500000	0.01093103	1165.432	$96.73-$101.39	$99.60-$104.40 (cap $360.00)	0.0522	0.1217	0.1454	0.1663	0.1828	0.1928	0.1999	-0.0316	0.0697	0.0943	0.1201	0.1434	0.1646	0.1995	0.2771	0.3395	0.3636	0.3828	0.4021	0.4170	0.4580
400	400	400	1200	1.00	direct	anytime	0.60	0.30	0.35	0.30	real effect	2000	both_pass	0	0.00000000	0.00000000	1165.432	$96.73-$101.39	$99.60-$104.40 (cap $360.00)	NA	NA	NA	NA	NA	NA	NA	NA	NA	NA	NA	NA	NA	NA	NA	NA	NA	NA	NA	NA	NA
300	300	600	1200	2.00	union	anytime	0.60	0.30	0.35	0.30	real effect	2000	fp_passes_fn_fails	568	0.28400000	0.01008325	1195.064	$99.19-$103.97	$99.60-$104.40 (cap $360.00)	0.2002	0.2039	0.2102	0.2239	0.2418	0.2599	0.3309	-0.0113	0.0424	0.0660	0.0925	0.1197	0.1435	0.1881	0.4063	0.4368	0.4492	0.4669	0.4895	0.5099	0.6059
300	300	600	1200	2.00	union	anytime	0.60	0.30	0.35	0.30	real effect	2000	fn_passes_fp_fails	0	0.00000000	0.00000000	1195.064	$99.19-$103.97	$99.60-$104.40 (cap $360.00)	NA	NA	NA	NA	NA	NA	NA	NA	NA	NA	NA	NA	NA	NA	NA	NA	NA	NA	NA	NA	NA
300	300	600	1200	2.00	union	anytime	0.60	0.30	0.35	0.30	real effect	2000	neither_passes	1422	0.71100000	0.01013605	1195.064	$99.19-$103.97	$99.60-$104.40 (cap $360.00)	0.0101	0.1044	0.1300	0.1568	0.1771	0.1908	0.2000	-0.0843	-0.0023	0.0234	0.0524	0.0791	0.1022	0.1564	0.2714	0.3491	0.3768	0.4026	0.4252	0.4419	0.5165
300	300	600	1200	2.00	union	anytime	0.60	0.30	0.35	0.30	real effect	2000	both_pass	0	0.00000000	0.00000000	1195.064	$99.19-$103.97	$99.60-$104.40 (cap $360.00)	NA	NA	NA	NA	NA	NA	NA	NA	NA	NA	NA	NA	NA	NA	NA	NA	NA	NA	NA	NA	NA
300	300	600	1200	2.00	direct	anytime	0.60	0.30	0.35	0.30	real effect	2000	fp_passes_fn_fails	440	0.22000000	0.00926283	1158.910	$96.19-$100.83	$99.60-$104.40 (cap $360.00)	0.2002	0.2037	0.2089	0.2201	0.2372	0.2541	0.3284	0.0679	0.1172	0.1350	0.1565	0.1739	0.1870	0.1995	0.4063	0.4348	0.4473	0.4641	0.4838	0.5022	0.5570
300	300	600	1200	2.00	direct	anytime	0.60	0.30	0.35	0.30	real effect	2000	fn_passes_fp_fails	24	0.01200000	0.00243475	1158.910	$96.19-$100.83	$99.60-$104.40 (cap $360.00)	0.1074	0.1425	0.1564	0.1746	0.1883	0.1917	0.1981	0.2003	0.2016	0.2034	0.2101	0.2124	0.2209	0.2264	0.3552	0.3921	0.4074	0.4204	0.4274	0.4354	0.4795
300	300	600	1200	2.00	direct	anytime	0.60	0.30	0.35	0.30	real effect	2000	neither_passes	1389	0.69450000	0.01029975	1158.910	$96.19-$100.83	$99.60-$104.40 (cap $360.00)	0.0101	0.1038	0.1293	0.1559	0.1764	0.1904	0.2000	-0.0059	0.0822	0.1029	0.1281	0.1508	0.1681	0.1999	0.2714	0.3480	0.3764	0.4021	0.4248	0.4417	0.5165
300	300	600	1200	2.00	direct	anytime	0.60	0.30	0.35	0.30	real effect	2000	both_pass	0	0.00000000	0.00000000	1158.910	$96.19-$100.83	$99.60-$104.40 (cap $360.00)	NA	NA	NA	NA	NA	NA	NA	NA	NA	NA	NA	NA	NA	NA	NA	NA	NA	NA	NA	NA	NA
120	120	60	300	0.50	union	anytime	0.70	0.30	0.35	0.40	real effect	2000	fp_passes_fn_fails	1157	0.57850000	0.01104169	299.440	$24.85-$26.05	$24.90-$26.10 (cap $90.00)	0.2003	0.2095	0.2256	0.2484	0.2814	0.3145	0.4327	-0.2443	-0.0896	-0.0387	0.0148	0.0699	0.1156	0.1929	0.4819	0.5440	0.5701	0.6002	0.6313	0.6663	0.7585
120	120	60	300	0.50	union	anytime	0.70	0.30	0.35	0.40	real effect	2000	fn_passes_fp_fails	2	0.00100000	0.00070675	299.440	$24.85-$26.05	$24.90-$26.10 (cap $90.00)	0.1877	0.1886	0.1899	0.1922	0.1944	0.1958	0.1967	0.2330	0.2333	0.2336	0.2342	0.2349	0.2352	0.2355	0.5461	0.5483	0.5516	0.5571	0.5625	0.5658	0.5680
120	120	60	300	0.50	union	anytime	0.70	0.30	0.35	0.40	real effect	2000	neither_passes	822	0.41100000	0.01100180	299.440	$24.85-$26.05	$24.90-$26.10 (cap $90.00)	-0.0251	0.0898	0.1236	0.1561	0.1809	0.1916	0.1999	-0.3479	-0.1473	-0.0991	-0.0401	0.0191	0.0703	0.1992	0.3481	0.4478	0.4803	0.5137	0.5438	0.5722	0.6360
120	120	60	300	0.50	union	anytime	0.70	0.30	0.35	0.40	real effect	2000	both_pass	0	0.00000000	0.00000000	299.440	$24.85-$26.05	$24.90-$26.10 (cap $90.00)	NA	NA	NA	NA	NA	NA	NA	NA	NA	NA	NA	NA	NA	NA	NA	NA	NA	NA	NA	NA	NA
120	120	60	300	0.50	direct	anytime	0.70	0.30	0.35	0.40	real effect	2000	fp_passes_fn_fails	952	0.47600000	0.01116745	290.896	$24.14-$25.31	$24.90-$26.10 (cap $90.00)	0.2003	0.2095	0.2245	0.2467	0.2783	0.3121	0.4327	-0.1804	-0.0208	0.0315	0.0863	0.1312	0.1599	0.1977	0.4819	0.5436	0.5680	0.5969	0.6280	0.6621	0.7585
120	120	60	300	0.50	direct	anytime	0.70	0.30	0.35	0.40	real effect	2000	fn_passes_fp_fails	47	0.02350000	0.00338731	290.896	$24.14-$25.31	$24.90-$26.10 (cap $90.00)	0.0755	0.1089	0.1372	0.1663	0.1831	0.1914	0.1991	0.2001	0.2044	0.2092	0.2242	0.2571	0.3070	0.3520	0.3978	0.4659	0.4927	0.5282	0.5464	0.5662	0.6075
120	120	60	300	0.50	direct	anytime	0.70	0.30	0.35	0.40	real effect	2000	neither_passes	771	0.38550000	0.01088324	290.896	$24.14-$25.31	$24.90-$26.10 (cap $90.00)	-0.0251	0.0893	0.1228	0.1558	0.1805	0.1915	0.1998	-0.2499	-0.0683	-0.0073	0.0485	0.1069	0.1483	0.1997	0.3481	0.4463	0.4794	0.5129	0.5433	0.5711	0.6360
120	120	60	300	0.50	direct	anytime	0.70	0.30	0.35	0.40	real effect	2000	both_pass	0	0.00000000	0.00000000	290.896	$24.14-$25.31	$24.90-$26.10 (cap $90.00)	NA	NA	NA	NA	NA	NA	NA	NA	NA	NA	NA	NA	NA	NA	NA	NA	NA	NA	NA	NA	NA
100	100	100	300	1.00	union	anytime	0.70	0.30	0.35	0.40	real effect	2000	fp_passes_fn_fails	951	0.47550000	0.01116691	298.962	$24.81-$26.01	$24.90-$26.10 (cap $90.00)	0.2000	0.2084	0.2217	0.2464	0.2796	0.3147	0.4273	-0.1838	-0.0431	0.0039	0.0520	0.0980	0.1335	0.1978	0.5074	0.5688	0.5947	0.6231	0.6570	0.6867	0.7949
100	100	100	300	1.00	union	anytime	0.70	0.30	0.35	0.40	real effect	2000	fn_passes_fp_fails	2	0.00100000	0.00070675	298.962	$24.81-$26.01	$24.90-$26.10 (cap $90.00)	0.1637	0.1664	0.1703	0.1769	0.1835	0.1875	0.1901	0.2255	0.2259	0.2265	0.2276	0.2286	0.2292	0.2296	0.5361	0.5405	0.5471	0.5581	0.5691	0.5757	0.5801
100	100	100	300	1.00	union	anytime	0.70	0.30	0.35	0.40	real effect	2000	neither_passes	1024	0.51200000	0.01117712	298.962	$24.81-$26.01	$24.90-$26.10 (cap $90.00)	-0.0532	0.0723	0.1122	0.1475	0.1751	0.1888	0.1999	-0.2541	-0.1078	-0.0604	-0.0080	0.0459	0.0859	0.1830	0.3180	0.4618	0.5008	0.5353	0.5641	0.5882	0.6707
100	100	100	300	1.00	union	anytime	0.70	0.30	0.35	0.40	real effect	2000	both_pass	0	0.00000000	0.00000000	298.962	$24.81-$26.01	$24.90-$26.10 (cap $90.00)	NA	NA	NA	NA	NA	NA	NA	NA	NA	NA	NA	NA	NA	NA	NA	NA	NA	NA	NA	NA	NA
100	100	100	300	1.00	direct	anytime	0.70	0.30	0.35	0.40	real effect	2000	fp_passes_fn_fails	567	0.28350000	0.01007789	280.071	$23.25-$24.37	$24.90-$26.10 (cap $90.00)	0.2000	0.2065	0.2170	0.2410	0.2700	0.3005	0.4036	-0.0325	0.0680	0.1039	0.1373	0.1674	0.1845	0.1993	0.5074	0.5653	0.5883	0.6156	0.6474	0.6757	0.7628
100	100	100	300	1.00	direct	anytime	0.70	0.30	0.35	0.40	real effect	2000	fn_passes_fp_fails	117	0.05850000	0.00524775	280.071	$23.25-$24.37	$24.90-$26.10 (cap $90.00)	0.0348	0.1081	0.1358	0.1627	0.1796	0.1878	0.1996	0.2004	0.2046	0.2086	0.2179	0.2415	0.2712	0.3569	0.4432	0.4953	0.5173	0.5522	0.5740	0.5963	0.6353
100	100	100	300	1.00	direct	anytime	0.70	0.30	0.35	0.40	real effect	2000	neither_passes	891	0.44550000	0.01111372	280.071	$23.25-$24.37	$24.90-$26.10 (cap $90.00)	-0.0532	0.0669	0.1068	0.1431	0.1723	0.1878	0.1999	-0.0978	0.0133	0.0619	0.1042	0.1433	0.1722	0.1989	0.3180	0.4569	0.4960	0.5325	0.5609	0.5844	0.6586
100	100	100	300	1.00	direct	anytime	0.70	0.30	0.35	0.40	real effect	2000	both_pass	0	0.00000000	0.00000000	280.071	$23.25-$24.37	$24.90-$26.10 (cap $90.00)	NA	NA	NA	NA	NA	NA	NA	NA	NA	NA	NA	NA	NA	NA	NA	NA	NA	NA	NA	NA	NA
75	75	150	300	2.00	union	anytime	0.70	0.30	0.35	0.40	real effect	2000	fp_passes_fn_fails	669	0.33450000	0.01055011	298.810	$24.80-$26.00	$24.90-$26.10 (cap $90.00)	0.2001	0.2083	0.2198	0.2440	0.2763	0.3116	0.3910	-0.1467	-0.0217	0.0156	0.0659	0.1079	0.1426	0.1906	0.5325	0.6091	0.6346	0.6639	0.6967	0.7289	0.8151
75	75	150	300	2.00	union	anytime	0.70	0.30	0.35	0.40	real effect	2000	fn_passes_fp_fails	2	0.00100000	0.00070675	298.810	$24.80-$26.00	$24.90-$26.10 (cap $90.00)	0.1425	0.1447	0.1479	0.1533	0.1588	0.1620	0.1642	0.2089	0.2106	0.2130	0.2170	0.2210	0.2234	0.2250	0.5633	0.5667	0.5718	0.5804	0.5890	0.5941	0.5975
75	75	150	300	2.00	union	anytime	0.70	0.30	0.35	0.40	real effect	2000	neither_passes	1301	0.65050000	0.01066184	298.810	$24.80-$26.00	$24.90-$26.10 (cap $90.00)	-0.1190	0.0369	0.0813	0.1298	0.1662	0.1859	0.1998	-0.2606	-0.0979	-0.0529	0.0019	0.0476	0.0937	0.1913	0.3186	0.4785	0.5229	0.5668	0.6068	0.6377	0.7256
75	75	150	300	2.00	union	anytime	0.70	0.30	0.35	0.40	real effect	2000	both_pass	0	0.00000000	0.00000000	298.810	$24.80-$26.00	$24.90-$26.10 (cap $90.00)	NA	NA	NA	NA	NA	NA	NA	NA	NA	NA	NA	NA	NA	NA	NA	NA	NA	NA	NA	NA	NA
75	75	150	300	2.00	direct	anytime	0.70	0.30	0.35	0.40	real effect	2000	fp_passes_fn_fails	381	0.19050000	0.00878094	286.136	$23.75-$24.89	$24.90-$26.10 (cap $90.00)	0.2001	0.2065	0.2159	0.2363	0.2593	0.2945	0.3645	-0.0331	0.0807	0.1106	0.1478	0.1695	0.1845	0.1996	0.5325	0.6028	0.6278	0.6590	0.6892	0.7153	0.8089
75	75	150	300	2.00	direct	anytime	0.70	0.30	0.35	0.40	real effect	2000	fn_passes_fp_fails	123	0.06150000	0.00537205	286.136	$23.75-$24.89	$24.90-$26.10 (cap $90.00)	0.0088	0.0777	0.1200	0.1536	0.1748	0.1874	0.1975	0.2000	0.2050	0.2126	0.2246	0.2383	0.2524	0.2975	0.4040	0.5163	0.5589	0.5898	0.6117	0.6401	0.7061
75	75	150	300	2.00	direct	anytime	0.70	0.30	0.35	0.40	real effect	2000	neither_passes	1148	0.57400000	0.01105721	286.136	$23.75-$24.89	$24.90-$26.10 (cap $90.00)	-0.1190	0.0348	0.0770	0.1236	0.1620	0.1834	0.1998	-0.1228	0.0279	0.0670	0.1117	0.1461	0.1725	0.1998	0.3186	0.4763	0.5171	0.5630	0.6036	0.6349	0.7256
75	75	150	300	2.00	direct	anytime	0.70	0.30	0.35	0.40	real effect	2000	both_pass	0	0.00000000	0.00000000	286.136	$23.75-$24.89	$24.90-$26.10 (cap $90.00)	NA	NA	NA	NA	NA	NA	NA	NA	NA	NA	NA	NA	NA	NA	NA	NA	NA	NA	NA	NA	NA
480	480	240	1200	0.50	union	anytime	0.70	0.30	0.35	0.40	real effect	2000	fp_passes_fn_fails	1650	0.82500000	0.00849632	1139.434	$94.57-$99.13	$99.60-$104.40 (cap $360.00)	0.2001	0.2493	0.2723	0.2958	0.3181	0.3399	0.4158	0.0032	0.0846	0.1124	0.1408	0.1653	0.1831	0.1998	0.3753	0.4414	0.4653	0.4910	0.5155	0.5374	0.6157
480	480	240	1200	0.50	union	anytime	0.70	0.30	0.35	0.40	real effect	2000	fn_passes_fp_fails	0	0.00000000	0.00000000	1139.434	$94.57-$99.13	$99.60-$104.40 (cap $360.00)	NA	NA	NA	NA	NA	NA	NA	NA	NA	NA	NA	NA	NA	NA	NA	NA	NA	NA	NA	NA	NA
480	480	240	1200	0.50	union	anytime	0.70	0.30	0.35	0.40	real effect	2000	neither_passes	6	0.00300000	0.00122291	1139.434	$94.57-$99.13	$99.60-$104.40 (cap $360.00)	0.1642	0.1773	0.1908	0.1942	0.1967	0.1981	0.1994	0.0367	0.0460	0.0653	0.1180	0.1441	0.1594	0.1738	0.3565	0.3647	0.3778	0.3988	0.4071	0.4129	0.4180
480	480	240	1200	0.50	union	anytime	0.70	0.30	0.35	0.40	real effect	2000	both_pass	0	0.00000000	0.00000000	1139.434	$94.57-$99.13	$99.60-$104.40 (cap $360.00)	NA	NA	NA	NA	NA	NA	NA	NA	NA	NA	NA	NA	NA	NA	NA	NA	NA	NA	NA	NA	NA
480	480	240	1200	0.50	direct	anytime	0.70	0.30	0.35	0.40	real effect	2000	fp_passes_fn_fails	735	0.36750000	0.01078062	842.737	$69.95-$73.32	$99.60-$104.40 (cap $360.00)	0.2001	0.2432	0.2647	0.2884	0.3079	0.3293	0.3850	0.0617	0.1165	0.1430	0.1647	0.1818	0.1905	0.1997	0.3764	0.4347	0.4603	0.4844	0.5063	0.5277	0.6157
480	480	240	1200	0.50	direct	anytime	0.70	0.30	0.35	0.40	real effect	2000	fn_passes_fp_fails	2	0.00100000	0.00070675	842.737	$69.95-$73.32	$99.60-$104.40 (cap $360.00)	0.1904	0.1905	0.1908	0.1911	0.1915	0.1917	0.1918	0.2268	0.2286	0.2314	0.2361	0.2408	0.2435	0.2454	0.3728	0.3773	0.3841	0.3954	0.4067	0.4135	0.4180
480	480	240	1200	0.50	direct	anytime	0.70	0.30	0.35	0.40	real effect	2000	neither_passes	4	0.00200000	0.00099900	842.737	$69.95-$73.32	$99.60-$104.40 (cap $360.00)	0.1642	0.1739	0.1885	0.1967	0.1974	0.1986	0.1994	0.1240	0.1270	0.1316	0.1458	0.1627	0.1720	0.1782	0.3565	0.3674	0.3838	0.3988	0.4055	0.4069	0.4078
480	480	240	1200	0.50	direct	anytime	0.70	0.30	0.35	0.40	real effect	2000	both_pass	0	0.00000000	0.00000000	842.737	$69.95-$73.32	$99.60-$104.40 (cap $360.00)	NA	NA	NA	NA	NA	NA	NA	NA	NA	NA	NA	NA	NA	NA	NA	NA	NA	NA	NA	NA	NA
400	400	400	1200	1.00	union	anytime	0.70	0.30	0.35	0.40	real effect	2000	fp_passes_fn_fails	1521	0.76050000	0.00954305	1111.111	$92.22-$96.67	$99.60-$104.40 (cap $360.00)	0.2004	0.2380	0.2609	0.2853	0.3098	0.3324	0.4369	0.0252	0.1075	0.1302	0.1551	0.1755	0.1880	0.1999	0.3910	0.4470	0.4706	0.4960	0.5214	0.5446	0.6757
400	400	400	1200	1.00	union	anytime	0.70	0.30	0.35	0.40	real effect	2000	fn_passes_fp_fails	0	0.00000000	0.00000000	1111.111	$92.22-$96.67	$99.60-$104.40 (cap $360.00)	NA	NA	NA	NA	NA	NA	NA	NA	NA	NA	NA	NA	NA	NA	NA	NA	NA	NA	NA	NA	NA
400	400	400	1200	1.00	union	anytime	0.70	0.30	0.35	0.40	real effect	2000	neither_passes	25	0.01250000	0.00248433	1111.111	$92.22-$96.67	$99.60-$104.40 (cap $360.00)	0.1433	0.1712	0.1770	0.1882	0.1955	0.1988	0.1995	0.0435	0.0616	0.0861	0.1147	0.1293	0.1520	0.1816	0.3650	0.3815	0.3886	0.4008	0.4112	0.4227	0.4324
400	400	400	1200	1.00	union	anytime	0.70	0.30	0.35	0.40	real effect	2000	both_pass	0	0.00000000	0.00000000	1111.111	$92.22-$96.67	$99.60-$104.40 (cap $360.00)	NA	NA	NA	NA	NA	NA	NA	NA	NA	NA	NA	NA	NA	NA	NA	NA	NA	NA	NA	NA	NA
400	400	400	1200	1.00	direct	anytime	0.70	0.30	0.35	0.40	real effect	2000	fp_passes_fn_fails	295	0.14750000	0.00792918	660.496	$54.82-$57.46	$99.60-$104.40 (cap $360.00)	0.2004	0.2238	0.2431	0.2666	0.2869	0.3108	0.3577	0.0952	0.1523	0.1695	0.1836	0.1914	0.1956	0.1998	0.3910	0.4300	0.4540	0.4789	0.5037	0.5250	0.5883
400	400	400	1200	1.00	direct	anytime	0.70	0.30	0.35	0.40	real effect	2000	fn_passes_fp_fails	9	0.00450000	0.00149662	660.496	$54.82-$57.46	$99.60-$104.40 (cap $360.00)	0.1701	0.1731	0.1856	0.1960	0.1985	0.1991	0.1995	0.2016	0.2018	0.2032	0.2128	0.2312	0.2481	0.2560	0.3888	0.3894	0.3951	0.4008	0.4049	0.4196	0.4297
400	400	400	1200	1.00	direct	anytime	0.70	0.30	0.35	0.40	real effect	2000	neither_passes	15	0.00750000	0.00192922	660.496	$54.82-$57.46	$99.60-$104.40 (cap $360.00)	0.1433	0.1663	0.1760	0.1874	0.1892	0.1924	0.1955	0.1221	0.1318	0.1570	0.1659	0.1795	0.1923	0.1952	0.3650	0.3736	0.3836	0.3961	0.4083	0.4141	0.4264
400	400	400	1200	1.00	direct	anytime	0.70	0.30	0.35	0.40	real effect	2000	both_pass	0	0.00000000	0.00000000	660.496	$54.82-$57.46	$99.60-$104.40 (cap $360.00)	NA	NA	NA	NA	NA	NA	NA	NA	NA	NA	NA	NA	NA	NA	NA	NA	NA	NA	NA	NA	NA
300	300	600	1200	2.00	union	anytime	0.70	0.30	0.35	0.40	real effect	2000	fp_passes_fn_fails	1374	0.68700000	0.01036897	1090.446	$90.51-$94.87	$99.60-$104.40 (cap $360.00)	0.2012	0.2237	0.2455	0.2697	0.2952	0.3182	0.3948	0.0387	0.1132	0.1349	0.1582	0.1773	0.1895	0.1999	0.4110	0.4592	0.4835	0.5081	0.5354	0.5590	0.6373
300	300	600	1200	2.00	union	anytime	0.70	0.30	0.35	0.40	real effect	2000	fn_passes_fp_fails	2	0.00100000	0.00070675	1090.446	$90.51-$94.87	$99.60-$104.40 (cap $360.00)	0.1570	0.1608	0.1665	0.1761	0.1857	0.1914	0.1952	0.2084	0.2110	0.2148	0.2212	0.2275	0.2314	0.2339	0.3997	0.4025	0.4068	0.4138	0.4209	0.4251	0.4280
300	300	600	1200	2.00	union	anytime	0.70	0.30	0.35	0.40	real effect	2000	neither_passes	98	0.04900000	0.00482696	1090.446	$90.51-$94.87	$99.60-$104.40 (cap $360.00)	0.1119	0.1544	0.1724	0.1882	0.1959	0.1982	0.2000	0.0147	0.0655	0.0942	0.1239	0.1483	0.1705	0.1882	0.3437	0.3940	0.4073	0.4266	0.4422	0.4519	0.4982
300	300	600	1200	2.00	union	anytime	0.70	0.30	0.35	0.40	real effect	2000	both_pass	0	0.00000000	0.00000000	1090.446	$90.51-$94.87	$99.60-$104.40 (cap $360.00)	NA	NA	NA	NA	NA	NA	NA	NA	NA	NA	NA	NA	NA	NA	NA	NA	NA	NA	NA	NA	NA
300	300	600	1200	2.00	direct	anytime	0.70	0.30	0.35	0.40	real effect	2000	fp_passes_fn_fails	158	0.07900000	0.00603154	659.962	$54.78-$57.42	$99.60-$104.40 (cap $360.00)	0.2017	0.2111	0.2256	0.2497	0.2691	0.2908	0.3423	0.1295	0.1595	0.1726	0.1838	0.1912	0.1956	0.2000	0.4225	0.4431	0.4581	0.4833	0.5089	0.5278	0.5823
300	300	600	1200	2.00	direct	anytime	0.70	0.30	0.35	0.40	real effect	2000	fn_passes_fp_fails	48	0.02400000	0.00342228	659.962	$54.78-$57.42	$99.60-$104.40 (cap $360.00)	0.1410	0.1585	0.1737	0.1899	0.1954	0.1966	0.1991	0.2002	0.2046	0.2125	0.2231	0.2380	0.2547	0.2900	0.3716	0.3967	0.4080	0.4270	0.4420	0.4584	0.4754
300	300	600	1200	2.00	direct	anytime	0.70	0.30	0.35	0.40	real effect	2000	neither_passes	42	0.02100000	0.00320617	659.962	$54.78-$57.42	$99.60-$104.40 (cap $360.00)	0.1119	0.1509	0.1662	0.1797	0.1896	0.1973	0.1995	0.1051	0.1387	0.1487	0.1722	0.1862	0.1958	0.1997	0.3437	0.3839	0.4039	0.4242	0.4380	0.4467	0.4746
300	300	600	1200	2.00	direct	anytime	0.70	0.30	0.35	0.40	real effect	2000	both_pass	0	0.00000000	0.00000000	659.962	$54.78-$57.42	$99.60-$104.40 (cap $360.00)	NA	NA	NA	NA	NA	NA	NA	NA	NA	NA	NA	NA	NA	NA	NA	NA	NA	NA	NA	NA	NA
120	120	60	300	0.50	union	anytime	0.30	0.30	0.40	0.00	no-lift	2000	fp_passes_fn_fails	0	0.00000000	0.00000000	179.394	$14.89-$15.61	$24.90-$26.10 (cap $90.00)	NA	NA	NA	NA	NA	NA	NA	NA	NA	NA	NA	NA	NA	NA	NA	NA	NA	NA	NA	NA	NA
120	120	60	300	0.50	union	anytime	0.30	0.30	0.40	0.00	no-lift	2000	fn_passes_fp_fails	0	0.00000000	0.00000000	179.394	$14.89-$15.61	$24.90-$26.10 (cap $90.00)	NA	NA	NA	NA	NA	NA	NA	NA	NA	NA	NA	NA	NA	NA	NA	NA	NA	NA	NA	NA	NA
120	120	60	300	0.50	union	anytime	0.30	0.30	0.40	0.00	no-lift	2000	neither_passes	552	0.27600000	0.00999560	179.394	$14.89-$15.61	$24.90-$26.10 (cap $90.00)	-0.2103	-0.1579	-0.1379	-0.1155	-0.0866	-0.0637	0.0329	-0.6126	-0.5084	-0.4655	-0.4152	-0.3637	-0.3099	-0.1741	0.2006	0.2110	0.2208	0.2398	0.2671	0.2962	0.3895
120	120	60	300	0.50	union	anytime	0.30	0.30	0.40	0.00	no-lift	2000	both_pass	0	0.00000000	0.00000000	179.394	$14.89-$15.61	$24.90-$26.10 (cap $90.00)	NA	NA	NA	NA	NA	NA	NA	NA	NA	NA	NA	NA	NA	NA	NA	NA	NA	NA	NA	NA	NA
120	120	60	300	0.50	direct	anytime	0.30	0.30	0.40	0.00	no-lift	2000	fp_passes_fn_fails	0	0.00000000	0.00000000	179.394	$14.89-$15.61	$24.90-$26.10 (cap $90.00)	NA	NA	NA	NA	NA	NA	NA	NA	NA	NA	NA	NA	NA	NA	NA	NA	NA	NA	NA	NA	NA
120	120	60	300	0.50	direct	anytime	0.30	0.30	0.40	0.00	no-lift	2000	fn_passes_fp_fails	0	0.00000000	0.00000000	179.394	$14.89-$15.61	$24.90-$26.10 (cap $90.00)	NA	NA	NA	NA	NA	NA	NA	NA	NA	NA	NA	NA	NA	NA	NA	NA	NA	NA	NA	NA	NA
120	120	60	300	0.50	direct	anytime	0.30	0.30	0.40	0.00	no-lift	2000	neither_passes	552	0.27600000	0.00999560	179.394	$14.89-$15.61	$24.90-$26.10 (cap $90.00)	-0.2103	-0.1579	-0.1379	-0.1155	-0.0866	-0.0637	0.0329	-0.5297	-0.4349	-0.3859	-0.3240	-0.2576	-0.2108	-0.0674	0.2006	0.2110	0.2208	0.2398	0.2671	0.2962	0.3895
120	120	60	300	0.50	direct	anytime	0.30	0.30	0.40	0.00	no-lift	2000	both_pass	0	0.00000000	0.00000000	179.394	$14.89-$15.61	$24.90-$26.10 (cap $90.00)	NA	NA	NA	NA	NA	NA	NA	NA	NA	NA	NA	NA	NA	NA	NA	NA	NA	NA	NA	NA	NA
100	100	100	300	1.00	union	anytime	0.30	0.30	0.40	0.00	no-lift	2000	fp_passes_fn_fails	0	0.00000000	0.00000000	197.340	$16.38-$17.17	$24.90-$26.10 (cap $90.00)	NA	NA	NA	NA	NA	NA	NA	NA	NA	NA	NA	NA	NA	NA	NA	NA	NA	NA	NA	NA	NA
100	100	100	300	1.00	union	anytime	0.30	0.30	0.40	0.00	no-lift	2000	fn_passes_fp_fails	0	0.00000000	0.00000000	197.340	$16.38-$17.17	$24.90-$26.10 (cap $90.00)	NA	NA	NA	NA	NA	NA	NA	NA	NA	NA	NA	NA	NA	NA	NA	NA	NA	NA	NA	NA	NA
100	100	100	300	1.00	union	anytime	0.30	0.30	0.40	0.00	no-lift	2000	neither_passes	693	0.34650000	0.01064044	197.340	$16.38-$17.17	$24.90-$26.10 (cap $90.00)	-0.2347	-0.1831	-0.1568	-0.1298	-0.0994	-0.0673	0.0358	-0.5566	-0.4639	-0.4239	-0.3847	-0.3385	-0.2968	-0.1695	0.2002	0.2113	0.2248	0.2482	0.2809	0.3200	0.4166
100	100	100	300	1.00	union	anytime	0.30	0.30	0.40	0.00	no-lift	2000	both_pass	0	0.00000000	0.00000000	197.340	$16.38-$17.17	$24.90-$26.10 (cap $90.00)	NA	NA	NA	NA	NA	NA	NA	NA	NA	NA	NA	NA	NA	NA	NA	NA	NA	NA	NA	NA	NA
100	100	100	300	1.00	direct	anytime	0.30	0.30	0.40	0.00	no-lift	2000	fp_passes_fn_fails	0	0.00000000	0.00000000	197.340	$16.38-$17.17	$24.90-$26.10 (cap $90.00)	NA	NA	NA	NA	NA	NA	NA	NA	NA	NA	NA	NA	NA	NA	NA	NA	NA	NA	NA	NA	NA
100	100	100	300	1.00	direct	anytime	0.30	0.30	0.40	0.00	no-lift	2000	fn_passes_fp_fails	0	0.00000000	0.00000000	197.340	$16.38-$17.17	$24.90-$26.10 (cap $90.00)	NA	NA	NA	NA	NA	NA	NA	NA	NA	NA	NA	NA	NA	NA	NA	NA	NA	NA	NA	NA	NA
100	100	100	300	1.00	direct	anytime	0.30	0.30	0.40	0.00	no-lift	2000	neither_passes	693	0.34650000	0.01064044	197.340	$16.38-$17.17	$24.90-$26.10 (cap $90.00)	-0.2347	-0.1831	-0.1568	-0.1298	-0.0994	-0.0673	0.0358	-0.4607	-0.3502	-0.3130	-0.2672	-0.2203	-0.1831	-0.0673	0.2002	0.2113	0.2248	0.2482	0.2809	0.3200	0.4166
100	100	100	300	1.00	direct	anytime	0.30	0.30	0.40	0.00	no-lift	2000	both_pass	0	0.00000000	0.00000000	197.340	$16.38-$17.17	$24.90-$26.10 (cap $90.00)	NA	NA	NA	NA	NA	NA	NA	NA	NA	NA	NA	NA	NA	NA	NA	NA	NA	NA	NA	NA	NA
75	75	150	300	2.00	union	anytime	0.30	0.30	0.40	0.00	no-lift	2000	fp_passes_fn_fails	0	0.00000000	0.00000000	222.248	$18.45-$19.34	$24.90-$26.10 (cap $90.00)	NA	NA	NA	NA	NA	NA	NA	NA	NA	NA	NA	NA	NA	NA	NA	NA	NA	NA	NA	NA	NA
75	75	150	300	2.00	union	anytime	0.30	0.30	0.40	0.00	no-lift	2000	fn_passes_fp_fails	0	0.00000000	0.00000000	222.248	$18.45-$19.34	$24.90-$26.10 (cap $90.00)	NA	NA	NA	NA	NA	NA	NA	NA	NA	NA	NA	NA	NA	NA	NA	NA	NA	NA	NA	NA	NA
75	75	150	300	2.00	union	anytime	0.30	0.30	0.40	0.00	no-lift	2000	neither_passes	962	0.48100000	0.01117226	222.248	$18.45-$19.34	$24.90-$26.10 (cap $90.00)	-0.3104	-0.2322	-0.2048	-0.1704	-0.1311	-0.0874	0.0371	-0.5500	-0.4542	-0.4172	-0.3746	-0.3319	-0.2940	-0.1776	0.2003	0.2159	0.2326	0.2621	0.3040	0.3445	0.5255
75	75	150	300	2.00	union	anytime	0.30	0.30	0.40	0.00	no-lift	2000	both_pass	0	0.00000000	0.00000000	222.248	$18.45-$19.34	$24.90-$26.10 (cap $90.00)	NA	NA	NA	NA	NA	NA	NA	NA	NA	NA	NA	NA	NA	NA	NA	NA	NA	NA	NA	NA	NA
75	75	150	300	2.00	direct	anytime	0.30	0.30	0.40	0.00	no-lift	2000	fp_passes_fn_fails	0	0.00000000	0.00000000	222.248	$18.45-$19.34	$24.90-$26.10 (cap $90.00)	NA	NA	NA	NA	NA	NA	NA	NA	NA	NA	NA	NA	NA	NA	NA	NA	NA	NA	NA	NA	NA
75	75	150	300	2.00	direct	anytime	0.30	0.30	0.40	0.00	no-lift	2000	fn_passes_fp_fails	0	0.00000000	0.00000000	222.248	$18.45-$19.34	$24.90-$26.10 (cap $90.00)	NA	NA	NA	NA	NA	NA	NA	NA	NA	NA	NA	NA	NA	NA	NA	NA	NA	NA	NA	NA	NA
75	75	150	300	2.00	direct	anytime	0.30	0.30	0.40	0.00	no-lift	2000	neither_passes	962	0.48100000	0.01117226	222.248	$18.45-$19.34	$24.90-$26.10 (cap $90.00)	-0.3104	-0.2322	-0.2048	-0.1704	-0.1311	-0.0874	0.0371	-0.4271	-0.3361	-0.3020	-0.2633	-0.2206	-0.1858	-0.0587	0.2003	0.2159	0.2326	0.2621	0.3040	0.3445	0.5255
75	75	150	300	2.00	direct	anytime	0.30	0.30	0.40	0.00	no-lift	2000	both_pass	0	0.00000000	0.00000000	222.248	$18.45-$19.34	$24.90-$26.10 (cap $90.00)	NA	NA	NA	NA	NA	NA	NA	NA	NA	NA	NA	NA	NA	NA	NA	NA	NA	NA	NA	NA	NA
480	480	240	1200	0.50	union	anytime	0.30	0.30	0.40	0.00	no-lift	2000	fp_passes_fn_fails	0	0.00000000	0.00000000	230.834	$19.16-$20.08	$99.60-$104.40 (cap $360.00)	NA	NA	NA	NA	NA	NA	NA	NA	NA	NA	NA	NA	NA	NA	NA	NA	NA	NA	NA	NA	NA
480	480	240	1200	0.50	union	anytime	0.30	0.30	0.40	0.00	no-lift	2000	fn_passes_fp_fails	0	0.00000000	0.00000000	230.834	$19.16-$20.08	$99.60-$104.40 (cap $360.00)	NA	NA	NA	NA	NA	NA	NA	NA	NA	NA	NA	NA	NA	NA	NA	NA	NA	NA	NA	NA	NA
480	480	240	1200	0.50	union	anytime	0.30	0.30	0.40	0.00	no-lift	2000	neither_passes	4	0.00200000	0.00099900	230.834	$19.16-$20.08	$99.60-$104.40 (cap $360.00)	-0.0039	-0.0032	-0.0021	0.0086	0.0213	0.0260	0.0292	-0.2655	-0.2470	-0.2193	-0.2016	-0.1880	-0.1678	-0.1544	0.2029	0.2031	0.2034	0.2191	0.2411	0.2528	0.2606
480	480	240	1200	0.50	union	anytime	0.30	0.30	0.40	0.00	no-lift	2000	both_pass	0	0.00000000	0.00000000	230.834	$19.16-$20.08	$99.60-$104.40 (cap $360.00)	NA	NA	NA	NA	NA	NA	NA	NA	NA	NA	NA	NA	NA	NA	NA	NA	NA	NA	NA	NA	NA
480	480	240	1200	0.50	direct	anytime	0.30	0.30	0.40	0.00	no-lift	2000	fp_passes_fn_fails	0	0.00000000	0.00000000	230.834	$19.16-$20.08	$99.60-$104.40 (cap $360.00)	NA	NA	NA	NA	NA	NA	NA	NA	NA	NA	NA	NA	NA	NA	NA	NA	NA	NA	NA	NA	NA
480	480	240	1200	0.50	direct	anytime	0.30	0.30	0.40	0.00	no-lift	2000	fn_passes_fp_fails	0	0.00000000	0.00000000	230.834	$19.16-$20.08	$99.60-$104.40 (cap $360.00)	NA	NA	NA	NA	NA	NA	NA	NA	NA	NA	NA	NA	NA	NA	NA	NA	NA	NA	NA	NA	NA
480	480	240	1200	0.50	direct	anytime	0.30	0.30	0.40	0.00	no-lift	2000	neither_passes	4	0.00200000	0.00099900	230.834	$19.16-$20.08	$99.60-$104.40 (cap $360.00)	-0.0039	-0.0032	-0.0021	0.0086	0.0213	0.0260	0.0292	-0.2189	-0.2094	-0.1951	-0.1716	-0.1513	-0.1429	-0.1373	0.2029	0.2031	0.2034	0.2191	0.2411	0.2528	0.2606
480	480	240	1200	0.50	direct	anytime	0.30	0.30	0.40	0.00	no-lift	2000	both_pass	0	0.00000000	0.00000000	230.834	$19.16-$20.08	$99.60-$104.40 (cap $360.00)	NA	NA	NA	NA	NA	NA	NA	NA	NA	NA	NA	NA	NA	NA	NA	NA	NA	NA	NA	NA	NA
400	400	400	1200	1.00	union	anytime	0.30	0.30	0.40	0.00	no-lift	2000	fp_passes_fn_fails	0	0.00000000	0.00000000	275.914	$22.90-$24.00	$99.60-$104.40 (cap $360.00)	NA	NA	NA	NA	NA	NA	NA	NA	NA	NA	NA	NA	NA	NA	NA	NA	NA	NA	NA	NA	NA
400	400	400	1200	1.00	union	anytime	0.30	0.30	0.40	0.00	no-lift	2000	fn_passes_fp_fails	0	0.00000000	0.00000000	275.914	$22.90-$24.00	$99.60-$104.40 (cap $360.00)	NA	NA	NA	NA	NA	NA	NA	NA	NA	NA	NA	NA	NA	NA	NA	NA	NA	NA	NA	NA	NA
400	400	400	1200	1.00	union	anytime	0.30	0.30	0.40	0.00	no-lift	2000	neither_passes	15	0.00750000	0.00192922	275.914	$22.90-$24.00	$99.60-$104.40 (cap $360.00)	-0.0249	-0.0238	-0.0218	-0.0190	0.0053	0.0190	0.0281	-0.2690	-0.2513	-0.2372	-0.2236	-0.2052	-0.1988	-0.1945	0.2013	0.2017	0.2037	0.2066	0.2215	0.2370	0.2515
400	400	400	1200	1.00	union	anytime	0.30	0.30	0.40	0.00	no-lift	2000	both_pass	0	0.00000000	0.00000000	275.914	$22.90-$24.00	$99.60-$104.40 (cap $360.00)	NA	NA	NA	NA	NA	NA	NA	NA	NA	NA	NA	NA	NA	NA	NA	NA	NA	NA	NA	NA	NA
400	400	400	1200	1.00	direct	anytime	0.30	0.30	0.40	0.00	no-lift	2000	fp_passes_fn_fails	0	0.00000000	0.00000000	275.914	$22.90-$24.00	$99.60-$104.40 (cap $360.00)	NA	NA	NA	NA	NA	NA	NA	NA	NA	NA	NA	NA	NA	NA	NA	NA	NA	NA	NA	NA	NA
400	400	400	1200	1.00	direct	anytime	0.30	0.30	0.40	0.00	no-lift	2000	fn_passes_fp_fails	0	0.00000000	0.00000000	275.914	$22.90-$24.00	$99.60-$104.40 (cap $360.00)	NA	NA	NA	NA	NA	NA	NA	NA	NA	NA	NA	NA	NA	NA	NA	NA	NA	NA	NA	NA	NA
400	400	400	1200	1.00	direct	anytime	0.30	0.30	0.40	0.00	no-lift	2000	neither_passes	15	0.00750000	0.00192922	275.914	$22.90-$24.00	$99.60-$104.40 (cap $360.00)	-0.0249	-0.0238	-0.0218	-0.0190	0.0053	0.0190	0.0281	-0.1976	-0.1874	-0.1739	-0.1548	-0.1405	-0.1315	-0.1215	0.2013	0.2017	0.2037	0.2066	0.2215	0.2370	0.2515
400	400	400	1200	1.00	direct	anytime	0.30	0.30	0.40	0.00	no-lift	2000	both_pass	0	0.00000000	0.00000000	275.914	$22.90-$24.00	$99.60-$104.40 (cap $360.00)	NA	NA	NA	NA	NA	NA	NA	NA	NA	NA	NA	NA	NA	NA	NA	NA	NA	NA	NA	NA	NA
300	300	600	1200	2.00	union	anytime	0.30	0.30	0.40	0.00	no-lift	2000	fp_passes_fn_fails	0	0.00000000	0.00000000	358.914	$29.79-$31.23	$99.60-$104.40 (cap $360.00)	NA	NA	NA	NA	NA	NA	NA	NA	NA	NA	NA	NA	NA	NA	NA	NA	NA	NA	NA	NA	NA
300	300	600	1200	2.00	union	anytime	0.30	0.30	0.40	0.00	no-lift	2000	fn_passes_fp_fails	0	0.00000000	0.00000000	358.914	$29.79-$31.23	$99.60-$104.40 (cap $360.00)	NA	NA	NA	NA	NA	NA	NA	NA	NA	NA	NA	NA	NA	NA	NA	NA	NA	NA	NA	NA	NA
300	300	600	1200	2.00	union	anytime	0.30	0.30	0.40	0.00	no-lift	2000	neither_passes	54	0.02700000	0.00362429	358.914	$29.79-$31.23	$99.60-$104.40 (cap $360.00)	-0.0726	-0.0488	-0.0391	-0.0267	-0.0143	-0.0054	0.0437	-0.2891	-0.2745	-0.2501	-0.2169	-0.2064	-0.1860	-0.1272	0.2010	0.2031	0.2064	0.2138	0.2256	0.2441	0.3110
300	300	600	1200	2.00	union	anytime	0.30	0.30	0.40	0.00	no-lift	2000	both_pass	0	0.00000000	0.00000000	358.914	$29.79-$31.23	$99.60-$104.40 (cap $360.00)	NA	NA	NA	NA	NA	NA	NA	NA	NA	NA	NA	NA	NA	NA	NA	NA	NA	NA	NA	NA	NA
300	300	600	1200	2.00	direct	anytime	0.30	0.30	0.40	0.00	no-lift	2000	fp_passes_fn_fails	0	0.00000000	0.00000000	358.914	$29.79-$31.23	$99.60-$104.40 (cap $360.00)	NA	NA	NA	NA	NA	NA	NA	NA	NA	NA	NA	NA	NA	NA	NA	NA	NA	NA	NA	NA	NA
300	300	600	1200	2.00	direct	anytime	0.30	0.30	0.40	0.00	no-lift	2000	fn_passes_fp_fails	0	0.00000000	0.00000000	358.914	$29.79-$31.23	$99.60-$104.40 (cap $360.00)	NA	NA	NA	NA	NA	NA	NA	NA	NA	NA	NA	NA	NA	NA	NA	NA	NA	NA	NA	NA	NA
300	300	600	1200	2.00	direct	anytime	0.30	0.30	0.40	0.00	no-lift	2000	neither_passes	54	0.02700000	0.00362429	358.914	$29.79-$31.23	$99.60-$104.40 (cap $360.00)	-0.0726	-0.0488	-0.0391	-0.0267	-0.0143	-0.0054	0.0437	-0.2214	-0.1996	-0.1689	-0.1480	-0.1377	-0.1208	-0.0680	0.2010	0.2031	0.2064	0.2138	0.2256	0.2441	0.3110
300	300	600	1200	2.00	direct	anytime	0.30	0.30	0.40	0.00	no-lift	2000	both_pass	0	0.00000000	0.00000000	358.914	$29.79-$31.23	$99.60-$104.40 (cap $360.00)	NA	NA	NA	NA	NA	NA	NA	NA	NA	NA	NA	NA	NA	NA	NA	NA	NA	NA	NA	NA	NA
120	120	60	300	0.50	union	anytime	0.40	0.30	0.40	0.10	no-lift	2000	fp_passes_fn_fails	0	0.00000000	0.00000000	264.629	$21.96-$23.02	$24.90-$26.10 (cap $90.00)	NA	NA	NA	NA	NA	NA	NA	NA	NA	NA	NA	NA	NA	NA	NA	NA	NA	NA	NA	NA	NA
120	120	60	300	0.50	union	anytime	0.40	0.30	0.40	0.10	no-lift	2000	fn_passes_fp_fails	0	0.00000000	0.00000000	264.629	$21.96-$23.02	$24.90-$26.10 (cap $90.00)	NA	NA	NA	NA	NA	NA	NA	NA	NA	NA	NA	NA	NA	NA	NA	NA	NA	NA	NA	NA	NA
120	120	60	300	0.50	union	anytime	0.40	0.30	0.40	0.10	no-lift	2000	neither_passes	1589	0.79450000	0.00903520	264.629	$21.96-$23.02	$24.90-$26.10 (cap $90.00)	-0.2170	-0.1341	-0.1086	-0.0712	-0.0305	0.0046	0.1209	-0.6485	-0.4564	-0.4104	-0.3555	-0.3001	-0.2554	-0.0777	0.2013	0.2301	0.2541	0.2887	0.3308	0.3693	0.5218
120	120	60	300	0.50	union	anytime	0.40	0.30	0.40	0.10	no-lift	2000	both_pass	0	0.00000000	0.00000000	264.629	$21.96-$23.02	$24.90-$26.10 (cap $90.00)	NA	NA	NA	NA	NA	NA	NA	NA	NA	NA	NA	NA	NA	NA	NA	NA	NA	NA	NA	NA	NA
120	120	60	300	0.50	direct	anytime	0.40	0.30	0.40	0.10	no-lift	2000	fp_passes_fn_fails	0	0.00000000	0.00000000	264.629	$21.96-$23.02	$24.90-$26.10 (cap $90.00)	NA	NA	NA	NA	NA	NA	NA	NA	NA	NA	NA	NA	NA	NA	NA	NA	NA	NA	NA	NA	NA
120	120	60	300	0.50	direct	anytime	0.40	0.30	0.40	0.10	no-lift	2000	fn_passes_fp_fails	0	0.00000000	0.00000000	264.629	$21.96-$23.02	$24.90-$26.10 (cap $90.00)	NA	NA	NA	NA	NA	NA	NA	NA	NA	NA	NA	NA	NA	NA	NA	NA	NA	NA	NA	NA	NA
120	120	60	300	0.50	direct	anytime	0.40	0.30	0.40	0.10	no-lift	2000	neither_passes	1589	0.79450000	0.00903520	264.629	$21.96-$23.02	$24.90-$26.10 (cap $90.00)	-0.2170	-0.1341	-0.1086	-0.0712	-0.0305	0.0046	0.1209	-0.6508	-0.3753	-0.3256	-0.2626	-0.2010	-0.1468	0.0699	0.2013	0.2301	0.2541	0.2887	0.3308	0.3693	0.5218
120	120	60	300	0.50	direct	anytime	0.40	0.30	0.40	0.10	no-lift	2000	both_pass	0	0.00000000	0.00000000	264.629	$21.96-$23.02	$24.90-$26.10 (cap $90.00)	NA	NA	NA	NA	NA	NA	NA	NA	NA	NA	NA	NA	NA	NA	NA	NA	NA	NA	NA	NA	NA
100	100	100	300	1.00	union	anytime	0.40	0.30	0.40	0.10	no-lift	2000	fp_passes_fn_fails	0	0.00000000	0.00000000	269.029	$22.33-$23.41	$24.90-$26.10 (cap $90.00)	NA	NA	NA	NA	NA	NA	NA	NA	NA	NA	NA	NA	NA	NA	NA	NA	NA	NA	NA	NA	NA
100	100	100	300	1.00	union	anytime	0.40	0.30	0.40	0.10	no-lift	2000	fn_passes_fp_fails	0	0.00000000	0.00000000	269.029	$22.33-$23.41	$24.90-$26.10 (cap $90.00)	NA	NA	NA	NA	NA	NA	NA	NA	NA	NA	NA	NA	NA	NA	NA	NA	NA	NA	NA	NA	NA
100	100	100	300	1.00	union	anytime	0.40	0.30	0.40	0.10	no-lift	2000	neither_passes	1608	0.80400000	0.00887649	269.029	$22.33-$23.41	$24.90-$26.10 (cap $90.00)	-0.2636	-0.1597	-0.1285	-0.0871	-0.0438	-0.0038	0.1372	-0.5558	-0.4164	-0.3711	-0.3244	-0.2734	-0.2296	-0.0835	0.2009	0.2359	0.2643	0.3038	0.3483	0.3886	0.5530
100	100	100	300	1.00	union	anytime	0.40	0.30	0.40	0.10	no-lift	2000	both_pass	0	0.00000000	0.00000000	269.029	$22.33-$23.41	$24.90-$26.10 (cap $90.00)	NA	NA	NA	NA	NA	NA	NA	NA	NA	NA	NA	NA	NA	NA	NA	NA	NA	NA	NA	NA	NA
100	100	100	300	1.00	direct	anytime	0.40	0.30	0.40	0.10	no-lift	2000	fp_passes_fn_fails	0	0.00000000	0.00000000	269.029	$22.33-$23.41	$24.90-$26.10 (cap $90.00)	NA	NA	NA	NA	NA	NA	NA	NA	NA	NA	NA	NA	NA	NA	NA	NA	NA	NA	NA	NA	NA
100	100	100	300	1.00	direct	anytime	0.40	0.30	0.40	0.10	no-lift	2000	fn_passes_fp_fails	0	0.00000000	0.00000000	269.029	$22.33-$23.41	$24.90-$26.10 (cap $90.00)	NA	NA	NA	NA	NA	NA	NA	NA	NA	NA	NA	NA	NA	NA	NA	NA	NA	NA	NA	NA	NA
100	100	100	300	1.00	direct	anytime	0.40	0.30	0.40	0.10	no-lift	2000	neither_passes	1608	0.80400000	0.00887649	269.029	$22.33-$23.41	$24.90-$26.10 (cap $90.00)	-0.2636	-0.1597	-0.1285	-0.0871	-0.0438	-0.0038	0.1372	-0.4287	-0.2962	-0.2522	-0.2030	-0.1510	-0.1078	0.0434	0.2009	0.2359	0.2643	0.3038	0.3483	0.3886	0.5530
100	100	100	300	1.00	direct	anytime	0.40	0.30	0.40	0.10	no-lift	2000	both_pass	0	0.00000000	0.00000000	269.029	$22.33-$23.41	$24.90-$26.10 (cap $90.00)	NA	NA	NA	NA	NA	NA	NA	NA	NA	NA	NA	NA	NA	NA	NA	NA	NA	NA	NA	NA	NA
75	75	150	300	2.00	union	anytime	0.40	0.30	0.40	0.10	no-lift	2000	fp_passes_fn_fails	0	0.00000000	0.00000000	276.282	$22.93-$24.04	$24.90-$26.10 (cap $90.00)	NA	NA	NA	NA	NA	NA	NA	NA	NA	NA	NA	NA	NA	NA	NA	NA	NA	NA	NA	NA	NA
75	75	150	300	2.00	union	anytime	0.40	0.30	0.40	0.10	no-lift	2000	fn_passes_fp_fails	0	0.00000000	0.00000000	276.282	$22.93-$24.04	$24.90-$26.10 (cap $90.00)	NA	NA	NA	NA	NA	NA	NA	NA	NA	NA	NA	NA	NA	NA	NA	NA	NA	NA	NA	NA	NA
75	75	150	300	2.00	union	anytime	0.40	0.30	0.40	0.10	no-lift	2000	neither_passes	1700	0.85000000	0.00798436	276.282	$22.93-$24.04	$24.90-$26.10 (cap $90.00)	-0.2979	-0.2031	-0.1656	-0.1181	-0.0677	-0.0248	0.1345	-0.5332	-0.4066	-0.3658	-0.3158	-0.2688	-0.2288	-0.0931	0.2011	0.2451	0.2783	0.3251	0.3731	0.4199	0.5733
75	75	150	300	2.00	union	anytime	0.40	0.30	0.40	0.10	no-lift	2000	both_pass	0	0.00000000	0.00000000	276.282	$22.93-$24.04	$24.90-$26.10 (cap $90.00)	NA	NA	NA	NA	NA	NA	NA	NA	NA	NA	NA	NA	NA	NA	NA	NA	NA	NA	NA	NA	NA
75	75	150	300	2.00	direct	anytime	0.40	0.30	0.40	0.10	no-lift	2000	fp_passes_fn_fails	0	0.00000000	0.00000000	276.282	$22.93-$24.04	$24.90-$26.10 (cap $90.00)	NA	NA	NA	NA	NA	NA	NA	NA	NA	NA	NA	NA	NA	NA	NA	NA	NA	NA	NA	NA	NA
75	75	150	300	2.00	direct	anytime	0.40	0.30	0.40	0.10	no-lift	2000	fn_passes_fp_fails	0	0.00000000	0.00000000	276.282	$22.93-$24.04	$24.90-$26.10 (cap $90.00)	NA	NA	NA	NA	NA	NA	NA	NA	NA	NA	NA	NA	NA	NA	NA	NA	NA	NA	NA	NA	NA
75	75	150	300	2.00	direct	anytime	0.40	0.30	0.40	0.10	no-lift	2000	neither_passes	1700	0.85000000	0.00798436	276.282	$22.93-$24.04	$24.90-$26.10 (cap $90.00)	-0.2979	-0.2031	-0.1656	-0.1181	-0.0677	-0.0248	0.1345	-0.4195	-0.2836	-0.2407	-0.1954	-0.1500	-0.1093	0.0402	0.2011	0.2451	0.2783	0.3251	0.3731	0.4199	0.5733
75	75	150	300	2.00	direct	anytime	0.40	0.30	0.40	0.10	no-lift	2000	both_pass	0	0.00000000	0.00000000	276.282	$22.93-$24.04	$24.90-$26.10 (cap $90.00)	NA	NA	NA	NA	NA	NA	NA	NA	NA	NA	NA	NA	NA	NA	NA	NA	NA	NA	NA	NA	NA
480	480	240	1200	0.50	union	anytime	0.40	0.30	0.40	0.10	no-lift	2000	fp_passes_fn_fails	0	0.00000000	0.00000000	811.173	$67.33-$70.57	$99.60-$104.40 (cap $360.00)	NA	NA	NA	NA	NA	NA	NA	NA	NA	NA	NA	NA	NA	NA	NA	NA	NA	NA	NA	NA	NA
480	480	240	1200	0.50	union	anytime	0.40	0.30	0.40	0.10	no-lift	2000	fn_passes_fp_fails	0	0.00000000	0.00000000	811.173	$67.33-$70.57	$99.60-$104.40 (cap $360.00)	NA	NA	NA	NA	NA	NA	NA	NA	NA	NA	NA	NA	NA	NA	NA	NA	NA	NA	NA	NA	NA
480	480	240	1200	0.50	union	anytime	0.40	0.30	0.40	0.10	no-lift	2000	neither_passes	878	0.43900000	0.01109682	811.173	$67.33-$70.57	$99.60-$104.40 (cap $360.00)	-0.0265	-0.0002	0.0096	0.0242	0.0421	0.0630	0.1167	-0.3552	-0.2468	-0.2216	-0.1884	-0.1574	-0.1300	-0.0584	0.2001	0.2070	0.2143	0.2286	0.2468	0.2679	0.3288
480	480	240	1200	0.50	union	anytime	0.40	0.30	0.40	0.10	no-lift	2000	both_pass	0	0.00000000	0.00000000	811.173	$67.33-$70.57	$99.60-$104.40 (cap $360.00)	NA	NA	NA	NA	NA	NA	NA	NA	NA	NA	NA	NA	NA	NA	NA	NA	NA	NA	NA	NA	NA
480	480	240	1200	0.50	direct	anytime	0.40	0.30	0.40	0.10	no-lift	2000	fp_passes_fn_fails	0	0.00000000	0.00000000	811.173	$67.33-$70.57	$99.60-$104.40 (cap $360.00)	NA	NA	NA	NA	NA	NA	NA	NA	NA	NA	NA	NA	NA	NA	NA	NA	NA	NA	NA	NA	NA
480	480	240	1200	0.50	direct	anytime	0.40	0.30	0.40	0.10	no-lift	2000	fn_passes_fp_fails	0	0.00000000	0.00000000	811.173	$67.33-$70.57	$99.60-$104.40 (cap $360.00)	NA	NA	NA	NA	NA	NA	NA	NA	NA	NA	NA	NA	NA	NA	NA	NA	NA	NA	NA	NA	NA
480	480	240	1200	0.50	direct	anytime	0.40	0.30	0.40	0.10	no-lift	2000	neither_passes	878	0.43900000	0.01109682	811.173	$67.33-$70.57	$99.60-$104.40 (cap $360.00)	-0.0265	-0.0002	0.0096	0.0242	0.0421	0.0630	0.1167	-0.2979	-0.1961	-0.1669	-0.1321	-0.0962	-0.0647	0.0388	0.2001	0.2070	0.2143	0.2286	0.2468	0.2679	0.3288
480	480	240	1200	0.50	direct	anytime	0.40	0.30	0.40	0.10	no-lift	2000	both_pass	0	0.00000000	0.00000000	811.173	$67.33-$70.57	$99.60-$104.40 (cap $360.00)	NA	NA	NA	NA	NA	NA	NA	NA	NA	NA	NA	NA	NA	NA	NA	NA	NA	NA	NA	NA	NA
400	400	400	1200	1.00	union	anytime	0.40	0.30	0.40	0.10	no-lift	2000	fp_passes_fn_fails	0	0.00000000	0.00000000	868.264	$72.07-$75.54	$99.60-$104.40 (cap $360.00)	NA	NA	NA	NA	NA	NA	NA	NA	NA	NA	NA	NA	NA	NA	NA	NA	NA	NA	NA	NA	NA
400	400	400	1200	1.00	union	anytime	0.40	0.30	0.40	0.10	no-lift	2000	fn_passes_fp_fails	0	0.00000000	0.00000000	868.264	$72.07-$75.54	$99.60-$104.40 (cap $360.00)	NA	NA	NA	NA	NA	NA	NA	NA	NA	NA	NA	NA	NA	NA	NA	NA	NA	NA	NA	NA	NA
400	400	400	1200	1.00	union	anytime	0.40	0.30	0.40	0.10	no-lift	2000	neither_passes	1045	0.52250000	0.01116901	868.264	$72.07-$75.54	$99.60-$104.40 (cap $360.00)	-0.0466	-0.0130	-0.0020	0.0148	0.0347	0.0526	0.1110	-0.3014	-0.2253	-0.2006	-0.1719	-0.1458	-0.1195	-0.0009	0.2002	0.2090	0.2175	0.2341	0.2545	0.2741	0.3357
400	400	400	1200	1.00	union	anytime	0.40	0.30	0.40	0.10	no-lift	2000	both_pass	0	0.00000000	0.00000000	868.264	$72.07-$75.54	$99.60-$104.40 (cap $360.00)	NA	NA	NA	NA	NA	NA	NA	NA	NA	NA	NA	NA	NA	NA	NA	NA	NA	NA	NA	NA	NA
400	400	400	1200	1.00	direct	anytime	0.40	0.30	0.40	0.10	no-lift	2000	fp_passes_fn_fails	0	0.00000000	0.00000000	868.264	$72.07-$75.54	$99.60-$104.40 (cap $360.00)	NA	NA	NA	NA	NA	NA	NA	NA	NA	NA	NA	NA	NA	NA	NA	NA	NA	NA	NA	NA	NA
400	400	400	1200	1.00	direct	anytime	0.40	0.30	0.40	0.10	no-lift	2000	fn_passes_fp_fails	0	0.00000000	0.00000000	868.264	$72.07-$75.54	$99.60-$104.40 (cap $360.00)	NA	NA	NA	NA	NA	NA	NA	NA	NA	NA	NA	NA	NA	NA	NA	NA	NA	NA	NA	NA	NA
400	400	400	1200	1.00	direct	anytime	0.40	0.30	0.40	0.10	no-lift	2000	neither_passes	1045	0.52250000	0.01116901	868.264	$72.07-$75.54	$99.60-$104.40 (cap $360.00)	-0.0466	-0.0130	-0.0020	0.0148	0.0347	0.0526	0.1110	-0.2191	-0.1518	-0.1284	-0.1010	-0.0761	-0.0492	0.0594	0.2002	0.2090	0.2175	0.2341	0.2545	0.2741	0.3357
400	400	400	1200	1.00	direct	anytime	0.40	0.30	0.40	0.10	no-lift	2000	both_pass	0	0.00000000	0.00000000	868.264	$72.07-$75.54	$99.60-$104.40 (cap $360.00)	NA	NA	NA	NA	NA	NA	NA	NA	NA	NA	NA	NA	NA	NA	NA	NA	NA	NA	NA	NA	NA
300	300	600	1200	2.00	union	anytime	0.40	0.30	0.40	0.10	no-lift	2000	fp_passes_fn_fails	0	0.00000000	0.00000000	933.470	$77.48-$81.21	$99.60-$104.40 (cap $360.00)	NA	NA	NA	NA	NA	NA	NA	NA	NA	NA	NA	NA	NA	NA	NA	NA	NA	NA	NA	NA	NA
300	300	600	1200	2.00	union	anytime	0.40	0.30	0.40	0.10	no-lift	2000	fn_passes_fp_fails	0	0.00000000	0.00000000	933.470	$77.48-$81.21	$99.60-$104.40 (cap $360.00)	NA	NA	NA	NA	NA	NA	NA	NA	NA	NA	NA	NA	NA	NA	NA	NA	NA	NA	NA	NA	NA
300	300	600	1200	2.00	union	anytime	0.40	0.30	0.40	0.10	no-lift	2000	neither_passes	1217	0.60850000	0.01091393	933.470	$77.48-$81.21	$99.60-$104.40 (cap $360.00)	-0.0708	-0.0377	-0.0235	-0.0043	0.0180	0.0452	0.1251	-0.3184	-0.2212	-0.1997	-0.1716	-0.1432	-0.1200	-0.0222	0.2002	0.2109	0.2226	0.2417	0.2668	0.2947	0.3901
300	300	600	1200	2.00	union	anytime	0.40	0.30	0.40	0.10	no-lift	2000	both_pass	0	0.00000000	0.00000000	933.470	$77.48-$81.21	$99.60-$104.40 (cap $360.00)	NA	NA	NA	NA	NA	NA	NA	NA	NA	NA	NA	NA	NA	NA	NA	NA	NA	NA	NA	NA	NA
300	300	600	1200	2.00	direct	anytime	0.40	0.30	0.40	0.10	no-lift	2000	fp_passes_fn_fails	0	0.00000000	0.00000000	933.470	$77.48-$81.21	$99.60-$104.40 (cap $360.00)	NA	NA	NA	NA	NA	NA	NA	NA	NA	NA	NA	NA	NA	NA	NA	NA	NA	NA	NA	NA	NA
300	300	600	1200	2.00	direct	anytime	0.40	0.30	0.40	0.10	no-lift	2000	fn_passes_fp_fails	0	0.00000000	0.00000000	933.470	$77.48-$81.21	$99.60-$104.40 (cap $360.00)	NA	NA	NA	NA	NA	NA	NA	NA	NA	NA	NA	NA	NA	NA	NA	NA	NA	NA	NA	NA	NA
300	300	600	1200	2.00	direct	anytime	0.40	0.30	0.40	0.10	no-lift	2000	neither_passes	1217	0.60850000	0.01091393	933.470	$77.48-$81.21	$99.60-$104.40 (cap $360.00)	-0.0708	-0.0377	-0.0235	-0.0043	0.0180	0.0452	0.1251	-0.2195	-0.1451	-0.1211	-0.0949	-0.0710	-0.0473	0.0456	0.2002	0.2109	0.2226	0.2417	0.2668	0.2947	0.3901
300	300	600	1200	2.00	direct	anytime	0.40	0.30	0.40	0.10	no-lift	2000	both_pass	0	0.00000000	0.00000000	933.470	$77.48-$81.21	$99.60-$104.40 (cap $360.00)	NA	NA	NA	NA	NA	NA	NA	NA	NA	NA	NA	NA	NA	NA	NA	NA	NA	NA	NA	NA	NA
120	120	60	300	0.50	union	anytime	0.45	0.30	0.40	0.15	no-lift	2000	fp_passes_fn_fails	1	0.00050000	0.00049987	284.998	$23.65-$24.79	$24.90-$26.10 (cap $90.00)	0.2294	0.2294	0.2294	0.2294	0.2294	0.2294	0.2294	-0.0860	-0.0860	-0.0860	-0.0860	-0.0860	-0.0860	-0.0860	0.6240	0.6240	0.6240	0.6240	0.6240	0.6240	0.6240
120	120	60	300	0.50	union	anytime	0.45	0.30	0.40	0.15	no-lift	2000	fn_passes_fp_fails	0	0.00000000	0.00000000	284.998	$23.65-$24.79	$24.90-$26.10 (cap $90.00)	NA	NA	NA	NA	NA	NA	NA	NA	NA	NA	NA	NA	NA	NA	NA	NA	NA	NA	NA	NA	NA
120	120	60	300	0.50	union	anytime	0.45	0.30	0.40	0.15	no-lift	2000	neither_passes	1842	0.92100000	0.00603154	284.998	$23.65-$24.79	$24.90-$26.10 (cap $90.00)	-0.2056	-0.1145	-0.0772	-0.0329	0.0106	0.0516	0.1763	-0.6230	-0.4189	-0.3698	-0.3138	-0.2580	-0.2058	-0.0476	0.2023	0.2533	0.2902	0.3313	0.3764	0.4196	0.5478
120	120	60	300	0.50	union	anytime	0.45	0.30	0.40	0.15	no-lift	2000	both_pass	0	0.00000000	0.00000000	284.998	$23.65-$24.79	$24.90-$26.10 (cap $90.00)	NA	NA	NA	NA	NA	NA	NA	NA	NA	NA	NA	NA	NA	NA	NA	NA	NA	NA	NA	NA	NA
120	120	60	300	0.50	direct	anytime	0.45	0.30	0.40	0.15	no-lift	2000	fp_passes_fn_fails	1	0.00050000	0.00049987	284.998	$23.65-$24.79	$24.90-$26.10 (cap $90.00)	0.2294	0.2294	0.2294	0.2294	0.2294	0.2294	0.2294	-0.0642	-0.0642	-0.0642	-0.0642	-0.0642	-0.0642	-0.0642	0.6240	0.6240	0.6240	0.6240	0.6240	0.6240	0.6240
120	120	60	300	0.50	direct	anytime	0.45	0.30	0.40	0.15	no-lift	2000	fn_passes_fp_fails	0	0.00000000	0.00000000	284.998	$23.65-$24.79	$24.90-$26.10 (cap $90.00)	NA	NA	NA	NA	NA	NA	NA	NA	NA	NA	NA	NA	NA	NA	NA	NA	NA	NA	NA	NA	NA
120	120	60	300	0.50	direct	anytime	0.45	0.30	0.40	0.15	no-lift	2000	neither_passes	1842	0.92100000	0.00603154	284.998	$23.65-$24.79	$24.90-$26.10 (cap $90.00)	-0.2056	-0.1145	-0.0772	-0.0329	0.0106	0.0516	0.1763	-0.5544	-0.3347	-0.2767	-0.2174	-0.1508	-0.0952	0.1112	0.2023	0.2533	0.2902	0.3313	0.3764	0.4196	0.5478
120	120	60	300	0.50	direct	anytime	0.45	0.30	0.40	0.15	no-lift	2000	both_pass	0	0.00000000	0.00000000	284.998	$23.65-$24.79	$24.90-$26.10 (cap $90.00)	NA	NA	NA	NA	NA	NA	NA	NA	NA	NA	NA	NA	NA	NA	NA	NA	NA	NA	NA	NA	NA
100	100	100	300	1.00	union	anytime	0.45	0.30	0.40	0.15	no-lift	2000	fp_passes_fn_fails	0	0.00000000	0.00000000	287.382	$23.85-$25.00	$24.90-$26.10 (cap $90.00)	NA	NA	NA	NA	NA	NA	NA	NA	NA	NA	NA	NA	NA	NA	NA	NA	NA	NA	NA	NA	NA
100	100	100	300	1.00	union	anytime	0.45	0.30	0.40	0.15	no-lift	2000	fn_passes_fp_fails	0	0.00000000	0.00000000	287.382	$23.85-$25.00	$24.90-$26.10 (cap $90.00)	NA	NA	NA	NA	NA	NA	NA	NA	NA	NA	NA	NA	NA	NA	NA	NA	NA	NA	NA	NA	NA
100	100	100	300	1.00	union	anytime	0.45	0.30	0.40	0.15	no-lift	2000	neither_passes	1858	0.92900000	0.00574278	287.382	$23.85-$25.00	$24.90-$26.10 (cap $90.00)	-0.2630	-0.1388	-0.0986	-0.0508	-0.0011	0.0417	0.1971	-0.5700	-0.3810	-0.3366	-0.2813	-0.2341	-0.1862	-0.0165	0.2013	0.2574	0.2984	0.3460	0.3943	0.4383	0.5831
100	100	100	300	1.00	union	anytime	0.45	0.30	0.40	0.15	no-lift	2000	both_pass	0	0.00000000	0.00000000	287.382	$23.85-$25.00	$24.90-$26.10 (cap $90.00)	NA	NA	NA	NA	NA	NA	NA	NA	NA	NA	NA	NA	NA	NA	NA	NA	NA	NA	NA	NA	NA
100	100	100	300	1.00	direct	anytime	0.45	0.30	0.40	0.15	no-lift	2000	fp_passes_fn_fails	0	0.00000000	0.00000000	287.382	$23.85-$25.00	$24.90-$26.10 (cap $90.00)	NA	NA	NA	NA	NA	NA	NA	NA	NA	NA	NA	NA	NA	NA	NA	NA	NA	NA	NA	NA	NA
100	100	100	300	1.00	direct	anytime	0.45	0.30	0.40	0.15	no-lift	2000	fn_passes_fp_fails	0	0.00000000	0.00000000	287.382	$23.85-$25.00	$24.90-$26.10 (cap $90.00)	NA	NA	NA	NA	NA	NA	NA	NA	NA	NA	NA	NA	NA	NA	NA	NA	NA	NA	NA	NA	NA
100	100	100	300	1.00	direct	anytime	0.45	0.30	0.40	0.15	no-lift	2000	neither_passes	1858	0.92900000	0.00574278	287.382	$23.85-$25.00	$24.90-$26.10 (cap $90.00)	-0.2630	-0.1388	-0.0986	-0.0508	-0.0011	0.0417	0.1971	-0.4646	-0.2605	-0.2111	-0.1602	-0.1097	-0.0613	0.0832	0.2013	0.2574	0.2984	0.3460	0.3943	0.4383	0.5831
100	100	100	300	1.00	direct	anytime	0.45	0.30	0.40	0.15	no-lift	2000	both_pass	0	0.00000000	0.00000000	287.382	$23.85-$25.00	$24.90-$26.10 (cap $90.00)	NA	NA	NA	NA	NA	NA	NA	NA	NA	NA	NA	NA	NA	NA	NA	NA	NA	NA	NA	NA	NA
75	75	150	300	2.00	union	anytime	0.45	0.30	0.40	0.15	no-lift	2000	fp_passes_fn_fails	0	0.00000000	0.00000000	289.432	$24.02-$25.18	$24.90-$26.10 (cap $90.00)	NA	NA	NA	NA	NA	NA	NA	NA	NA	NA	NA	NA	NA	NA	NA	NA	NA	NA	NA	NA	NA
75	75	150	300	2.00	union	anytime	0.45	0.30	0.40	0.15	no-lift	2000	fn_passes_fp_fails	0	0.00000000	0.00000000	289.432	$24.02-$25.18	$24.90-$26.10 (cap $90.00)	NA	NA	NA	NA	NA	NA	NA	NA	NA	NA	NA	NA	NA	NA	NA	NA	NA	NA	NA	NA	NA
75	75	150	300	2.00	union	anytime	0.45	0.30	0.40	0.15	no-lift	2000	neither_passes	1881	0.94050000	0.00528960	289.432	$24.02-$25.18	$24.90-$26.10 (cap $90.00)	-0.2902	-0.1783	-0.1373	-0.0806	-0.0279	0.0247	0.1763	-0.5123	-0.3728	-0.3298	-0.2762	-0.2245	-0.1759	-0.0342	0.2003	0.2772	0.3185	0.3710	0.4231	0.4783	0.6393
75	75	150	300	2.00	union	anytime	0.45	0.30	0.40	0.15	no-lift	2000	both_pass	0	0.00000000	0.00000000	289.432	$24.02-$25.18	$24.90-$26.10 (cap $90.00)	NA	NA	NA	NA	NA	NA	NA	NA	NA	NA	NA	NA	NA	NA	NA	NA	NA	NA	NA	NA	NA
75	75	150	300	2.00	direct	anytime	0.45	0.30	0.40	0.15	no-lift	2000	fp_passes_fn_fails	0	0.00000000	0.00000000	289.432	$24.02-$25.18	$24.90-$26.10 (cap $90.00)	NA	NA	NA	NA	NA	NA	NA	NA	NA	NA	NA	NA	NA	NA	NA	NA	NA	NA	NA	NA	NA
75	75	150	300	2.00	direct	anytime	0.45	0.30	0.40	0.15	no-lift	2000	fn_passes_fp_fails	0	0.00000000	0.00000000	289.432	$24.02-$25.18	$24.90-$26.10 (cap $90.00)	NA	NA	NA	NA	NA	NA	NA	NA	NA	NA	NA	NA	NA	NA	NA	NA	NA	NA	NA	NA	NA
75	75	150	300	2.00	direct	anytime	0.45	0.30	0.40	0.15	no-lift	2000	neither_passes	1881	0.94050000	0.00528960	289.432	$24.02-$25.18	$24.90-$26.10 (cap $90.00)	-0.2902	-0.1783	-0.1373	-0.0806	-0.0279	0.0247	0.1763	-0.3697	-0.2449	-0.2022	-0.1543	-0.1039	-0.0599	0.0666	0.2003	0.2772	0.3185	0.3710	0.4231	0.4783	0.6393
75	75	150	300	2.00	direct	anytime	0.45	0.30	0.40	0.15	no-lift	2000	both_pass	0	0.00000000	0.00000000	289.432	$24.02-$25.18	$24.90-$26.10 (cap $90.00)	NA	NA	NA	NA	NA	NA	NA	NA	NA	NA	NA	NA	NA	NA	NA	NA	NA	NA	NA	NA	NA
480	480	240	1200	0.50	union	anytime	0.45	0.30	0.40	0.15	no-lift	2000	fp_passes_fn_fails	0	0.00000000	0.00000000	1083.164	$89.90-$94.24	$99.60-$104.40 (cap $360.00)	NA	NA	NA	NA	NA	NA	NA	NA	NA	NA	NA	NA	NA	NA	NA	NA	NA	NA	NA	NA	NA
480	480	240	1200	0.50	union	anytime	0.45	0.30	0.40	0.15	no-lift	2000	fn_passes_fp_fails	0	0.00000000	0.00000000	1083.164	$89.90-$94.24	$99.60-$104.40 (cap $360.00)	NA	NA	NA	NA	NA	NA	NA	NA	NA	NA	NA	NA	NA	NA	NA	NA	NA	NA	NA	NA	NA
480	480	240	1200	0.50	union	anytime	0.45	0.30	0.40	0.15	no-lift	2000	neither_passes	1699	0.84950000	0.00799530	1083.164	$89.90-$94.24	$99.60-$104.40 (cap $360.00)	-0.0239	0.0132	0.0311	0.0515	0.0755	0.0991	0.1817	-0.2935	-0.2173	-0.1867	-0.1523	-0.1200	-0.0908	0.0163	0.2005	0.2177	0.2358	0.2569	0.2809	0.3054	0.4208
480	480	240	1200	0.50	union	anytime	0.45	0.30	0.40	0.15	no-lift	2000	both_pass	0	0.00000000	0.00000000	1083.164	$89.90-$94.24	$99.60-$104.40 (cap $360.00)	NA	NA	NA	NA	NA	NA	NA	NA	NA	NA	NA	NA	NA	NA	NA	NA	NA	NA	NA	NA	NA
480	480	240	1200	0.50	direct	anytime	0.45	0.30	0.40	0.15	no-lift	2000	fp_passes_fn_fails	0	0.00000000	0.00000000	1083.164	$89.90-$94.24	$99.60-$104.40 (cap $360.00)	NA	NA	NA	NA	NA	NA	NA	NA	NA	NA	NA	NA	NA	NA	NA	NA	NA	NA	NA	NA	NA
480	480	240	1200	0.50	direct	anytime	0.45	0.30	0.40	0.15	no-lift	2000	fn_passes_fp_fails	0	0.00000000	0.00000000	1083.164	$89.90-$94.24	$99.60-$104.40 (cap $360.00)	NA	NA	NA	NA	NA	NA	NA	NA	NA	NA	NA	NA	NA	NA	NA	NA	NA	NA	NA	NA	NA
480	480	240	1200	0.50	direct	anytime	0.45	0.30	0.40	0.15	no-lift	2000	neither_passes	1699	0.84950000	0.00799530	1083.164	$89.90-$94.24	$99.60-$104.40 (cap $360.00)	-0.0239	0.0132	0.0311	0.0515	0.0755	0.0991	0.1817	-0.2514	-0.1619	-0.1293	-0.0933	-0.0569	-0.0262	0.0974	0.2005	0.2177	0.2358	0.2569	0.2809	0.3054	0.4208
480	480	240	1200	0.50	direct	anytime	0.45	0.30	0.40	0.15	no-lift	2000	both_pass	0	0.00000000	0.00000000	1083.164	$89.90-$94.24	$99.60-$104.40 (cap $360.00)	NA	NA	NA	NA	NA	NA	NA	NA	NA	NA	NA	NA	NA	NA	NA	NA	NA	NA	NA	NA	NA
400	400	400	1200	1.00	union	anytime	0.45	0.30	0.40	0.15	no-lift	2000	fp_passes_fn_fails	0	0.00000000	0.00000000	1096.486	$91.01-$95.39	$99.60-$104.40 (cap $360.00)	NA	NA	NA	NA	NA	NA	NA	NA	NA	NA	NA	NA	NA	NA	NA	NA	NA	NA	NA	NA	NA
400	400	400	1200	1.00	union	anytime	0.45	0.30	0.40	0.15	no-lift	2000	fn_passes_fp_fails	0	0.00000000	0.00000000	1096.486	$91.01-$95.39	$99.60-$104.40 (cap $360.00)	NA	NA	NA	NA	NA	NA	NA	NA	NA	NA	NA	NA	NA	NA	NA	NA	NA	NA	NA	NA	NA
400	400	400	1200	1.00	union	anytime	0.45	0.30	0.40	0.15	no-lift	2000	neither_passes	1729	0.86450000	0.00765310	1096.486	$91.01-$95.39	$99.60-$104.40 (cap $360.00)	-0.0364	0.0021	0.0205	0.0438	0.0704	0.0949	0.1974	-0.2826	-0.1917	-0.1643	-0.1363	-0.1071	-0.0815	0.0109	0.2012	0.2230	0.2396	0.2641	0.2913	0.3186	0.4143
400	400	400	1200	1.00	union	anytime	0.45	0.30	0.40	0.15	no-lift	2000	both_pass	0	0.00000000	0.00000000	1096.486	$91.01-$95.39	$99.60-$104.40 (cap $360.00)	NA	NA	NA	NA	NA	NA	NA	NA	NA	NA	NA	NA	NA	NA	NA	NA	NA	NA	NA	NA	NA
400	400	400	1200	1.00	direct	anytime	0.45	0.30	0.40	0.15	no-lift	2000	fp_passes_fn_fails	0	0.00000000	0.00000000	1096.486	$91.01-$95.39	$99.60-$104.40 (cap $360.00)	NA	NA	NA	NA	NA	NA	NA	NA	NA	NA	NA	NA	NA	NA	NA	NA	NA	NA	NA	NA	NA
400	400	400	1200	1.00	direct	anytime	0.45	0.30	0.40	0.15	no-lift	2000	fn_passes_fp_fails	0	0.00000000	0.00000000	1096.486	$91.01-$95.39	$99.60-$104.40 (cap $360.00)	NA	NA	NA	NA	NA	NA	NA	NA	NA	NA	NA	NA	NA	NA	NA	NA	NA	NA	NA	NA	NA
400	400	400	1200	1.00	direct	anytime	0.45	0.30	0.40	0.15	no-lift	2000	neither_passes	1729	0.86450000	0.00765310	1096.486	$91.01-$95.39	$99.60-$104.40 (cap $360.00)	-0.0364	0.0021	0.0205	0.0438	0.0704	0.0949	0.1974	-0.2041	-0.1164	-0.0917	-0.0626	-0.0349	-0.0084	0.0781	0.2012	0.2230	0.2396	0.2641	0.2913	0.3186	0.4143
400	400	400	1200	1.00	direct	anytime	0.45	0.30	0.40	0.15	no-lift	2000	both_pass	0	0.00000000	0.00000000	1096.486	$91.01-$95.39	$99.60-$104.40 (cap $360.00)	NA	NA	NA	NA	NA	NA	NA	NA	NA	NA	NA	NA	NA	NA	NA	NA	NA	NA	NA	NA	NA
300	300	600	1200	2.00	union	anytime	0.45	0.30	0.40	0.15	no-lift	2000	fp_passes_fn_fails	0	0.00000000	0.00000000	1106.666	$91.85-$96.28	$99.60-$104.40 (cap $360.00)	NA	NA	NA	NA	NA	NA	NA	NA	NA	NA	NA	NA	NA	NA	NA	NA	NA	NA	NA	NA	NA
300	300	600	1200	2.00	union	anytime	0.45	0.30	0.40	0.15	no-lift	2000	fn_passes_fp_fails	0	0.00000000	0.00000000	1106.666	$91.85-$96.28	$99.60-$104.40 (cap $360.00)	NA	NA	NA	NA	NA	NA	NA	NA	NA	NA	NA	NA	NA	NA	NA	NA	NA	NA	NA	NA	NA
300	300	600	1200	2.00	union	anytime	0.45	0.30	0.40	0.15	no-lift	2000	neither_passes	1763	0.88150000	0.00722695	1106.666	$91.85-$96.28	$99.60-$104.40 (cap $360.00)	-0.0595	-0.0214	-0.0001	0.0296	0.0604	0.0879	0.1852	-0.2688	-0.1880	-0.1614	-0.1333	-0.1033	-0.0783	0.0167	0.2033	0.2280	0.2484	0.2759	0.3094	0.3417	0.4444
300	300	600	1200	2.00	union	anytime	0.45	0.30	0.40	0.15	no-lift	2000	both_pass	0	0.00000000	0.00000000	1106.666	$91.85-$96.28	$99.60-$104.40 (cap $360.00)	NA	NA	NA	NA	NA	NA	NA	NA	NA	NA	NA	NA	NA	NA	NA	NA	NA	NA	NA	NA	NA
300	300	600	1200	2.00	direct	anytime	0.45	0.30	0.40	0.15	no-lift	2000	fp_passes_fn_fails	0	0.00000000	0.00000000	1106.666	$91.85-$96.28	$99.60-$104.40 (cap $360.00)	NA	NA	NA	NA	NA	NA	NA	NA	NA	NA	NA	NA	NA	NA	NA	NA	NA	NA	NA	NA	NA
300	300	600	1200	2.00	direct	anytime	0.45	0.30	0.40	0.15	no-lift	2000	fn_passes_fp_fails	0	0.00000000	0.00000000	1106.666	$91.85-$96.28	$99.60-$104.40 (cap $360.00)	NA	NA	NA	NA	NA	NA	NA	NA	NA	NA	NA	NA	NA	NA	NA	NA	NA	NA	NA	NA	NA
300	300	600	1200	2.00	direct	anytime	0.45	0.30	0.40	0.15	no-lift	2000	neither_passes	1763	0.88150000	0.00722695	1106.666	$91.85-$96.28	$99.60-$104.40 (cap $360.00)	-0.0595	-0.0214	-0.0001	0.0296	0.0604	0.0879	0.1852	-0.1699	-0.1067	-0.0830	-0.0576	-0.0301	-0.0056	0.0744	0.2033	0.2280	0.2484	0.2759	0.3094	0.3417	0.4444
300	300	600	1200	2.00	direct	anytime	0.45	0.30	0.40	0.15	no-lift	2000	both_pass	0	0.00000000	0.00000000	1106.666	$91.85-$96.28	$99.60-$104.40 (cap $360.00)	NA	NA	NA	NA	NA	NA	NA	NA	NA	NA	NA	NA	NA	NA	NA	NA	NA	NA	NA	NA	NA
120	120	60	300	0.50	union	anytime	0.50	0.30	0.40	0.20	calibration	2000	fp_passes_fn_fails	6	0.00300000	0.00122291	294.120	$24.41-$25.59	$24.90-$26.10 (cap $90.00)	0.2003	0.2016	0.2031	0.2060	0.2092	0.2120	0.2144	-0.1984	-0.1913	-0.1789	-0.1579	-0.1418	-0.0994	-0.0607	0.5318	0.5345	0.5414	0.5790	0.6047	0.6128	0.6206
120	120	60	300	0.50	union	anytime	0.50	0.30	0.40	0.20	calibration	2000	fn_passes_fp_fails	0	0.00000000	0.00000000	294.120	$24.41-$25.59	$24.90-$26.10 (cap $90.00)	NA	NA	NA	NA	NA	NA	NA	NA	NA	NA	NA	NA	NA	NA	NA	NA	NA	NA	NA	NA	NA
120	120	60	300	0.50	union	anytime	0.50	0.30	0.40	0.20	calibration	2000	neither_passes	1942	0.97100000	0.00375227	294.120	$24.41-$25.59	$24.90-$26.10 (cap $90.00)	-0.1786	-0.0803	-0.0368	0.0101	0.0552	0.0950	0.1993	-0.5513	-0.3834	-0.3332	-0.2686	-0.2111	-0.1582	0.0163	0.2043	0.2867	0.3302	0.3746	0.4208	0.4646	0.5824
120	120	60	300	0.50	union	anytime	0.50	0.30	0.40	0.20	calibration	2000	both_pass	0	0.00000000	0.00000000	294.120	$24.41-$25.59	$24.90-$26.10 (cap $90.00)	NA	NA	NA	NA	NA	NA	NA	NA	NA	NA	NA	NA	NA	NA	NA	NA	NA	NA	NA	NA	NA
120	120	60	300	0.50	direct	anytime	0.50	0.30	0.40	0.20	calibration	2000	fp_passes_fn_fails	6	0.00300000	0.00122291	294.120	$24.41-$25.59	$24.90-$26.10 (cap $90.00)	0.2003	0.2016	0.2031	0.2060	0.2092	0.2120	0.2144	-0.1325	-0.1301	-0.1243	-0.1044	-0.0501	-0.0161	0.0031	0.5318	0.5345	0.5414	0.5790	0.6047	0.6128	0.6206
120	120	60	300	0.50	direct	anytime	0.50	0.30	0.40	0.20	calibration	2000	fn_passes_fp_fails	0	0.00000000	0.00000000	294.120	$24.41-$25.59	$24.90-$26.10 (cap $90.00)	NA	NA	NA	NA	NA	NA	NA	NA	NA	NA	NA	NA	NA	NA	NA	NA	NA	NA	NA	NA	NA
120	120	60	300	0.50	direct	anytime	0.50	0.30	0.40	0.20	calibration	2000	neither_passes	1942	0.97100000	0.00375227	294.120	$24.41-$25.59	$24.90-$26.10 (cap $90.00)	-0.1786	-0.0803	-0.0368	0.0101	0.0552	0.0950	0.1993	-0.5259	-0.2984	-0.2389	-0.1701	-0.1052	-0.0489	0.1500	0.2043	0.2867	0.3302	0.3746	0.4208	0.4646	0.5824
120	120	60	300	0.50	direct	anytime	0.50	0.30	0.40	0.20	calibration	2000	both_pass	0	0.00000000	0.00000000	294.120	$24.41-$25.59	$24.90-$26.10 (cap $90.00)	NA	NA	NA	NA	NA	NA	NA	NA	NA	NA	NA	NA	NA	NA	NA	NA	NA	NA	NA	NA	NA
100	100	100	300	1.00	union	anytime	0.50	0.30	0.40	0.20	calibration	2000	fp_passes_fn_fails	4	0.00200000	0.00099900	295.481	$24.52-$25.71	$24.90-$26.10 (cap $90.00)	0.2004	0.2022	0.2048	0.2068	0.2081	0.2094	0.2103	-0.2618	-0.2618	-0.2617	-0.2371	-0.1947	-0.1625	-0.1410	0.5348	0.5369	0.5401	0.5477	0.5544	0.5560	0.5571
100	100	100	300	1.00	union	anytime	0.50	0.30	0.40	0.20	calibration	2000	fn_passes_fp_fails	0	0.00000000	0.00000000	295.481	$24.52-$25.71	$24.90-$26.10 (cap $90.00)	NA	NA	NA	NA	NA	NA	NA	NA	NA	NA	NA	NA	NA	NA	NA	NA	NA	NA	NA	NA	NA
100	100	100	300	1.00	union	anytime	0.50	0.30	0.40	0.20	calibration	2000	neither_passes	1953	0.97650000	0.00338731	295.481	$24.52-$25.71	$24.90-$26.10 (cap $90.00)	-0.2329	-0.0991	-0.0536	-0.0042	0.0465	0.0881	0.1983	-0.4760	-0.3410	-0.2915	-0.2419	-0.1872	-0.1409	-0.0111	0.2019	0.2981	0.3396	0.3911	0.4424	0.4840	0.6089
100	100	100	300	1.00	union	anytime	0.50	0.30	0.40	0.20	calibration	2000	both_pass	0	0.00000000	0.00000000	295.481	$24.52-$25.71	$24.90-$26.10 (cap $90.00)	NA	NA	NA	NA	NA	NA	NA	NA	NA	NA	NA	NA	NA	NA	NA	NA	NA	NA	NA	NA	NA
100	100	100	300	1.00	direct	anytime	0.50	0.30	0.40	0.20	calibration	2000	fp_passes_fn_fails	4	0.00200000	0.00099900	295.481	$24.52-$25.71	$24.90-$26.10 (cap $90.00)	0.2004	0.2022	0.2048	0.2068	0.2081	0.2094	0.2103	-0.1221	-0.1204	-0.1179	-0.0824	-0.0407	-0.0271	-0.0180	0.5348	0.5369	0.5401	0.5477	0.5544	0.5560	0.5571
100	100	100	300	1.00	direct	anytime	0.50	0.30	0.40	0.20	calibration	2000	fn_passes_fp_fails	0	0.00000000	0.00000000	295.481	$24.52-$25.71	$24.90-$26.10 (cap $90.00)	NA	NA	NA	NA	NA	NA	NA	NA	NA	NA	NA	NA	NA	NA	NA	NA	NA	NA	NA	NA	NA
100	100	100	300	1.00	direct	anytime	0.50	0.30	0.40	0.20	calibration	2000	neither_passes	1953	0.97650000	0.00338731	295.481	$24.52-$25.71	$24.90-$26.10 (cap $90.00)	-0.2329	-0.0991	-0.0536	-0.0042	0.0465	0.0881	0.1983	-0.3845	-0.2160	-0.1650	-0.1148	-0.0660	-0.0175	0.0948	0.2019	0.2981	0.3396	0.3911	0.4424	0.4840	0.6089
100	100	100	300	1.00	direct	anytime	0.50	0.30	0.40	0.20	calibration	2000	both_pass	0	0.00000000	0.00000000	295.481	$24.52-$25.71	$24.90-$26.10 (cap $90.00)	NA	NA	NA	NA	NA	NA	NA	NA	NA	NA	NA	NA	NA	NA	NA	NA	NA	NA	NA	NA	NA
75	75	150	300	2.00	union	anytime	0.50	0.30	0.40	0.20	calibration	2000	fp_passes_fn_fails	2	0.00100000	0.00070675	295.618	$24.54-$25.72	$24.90-$26.10 (cap $90.00)	0.2039	0.2058	0.2087	0.2136	0.2184	0.2213	0.2232	-0.1159	-0.1147	-0.1130	-0.1101	-0.1072	-0.1055	-0.1043	0.6338	0.6370	0.6417	0.6496	0.6574	0.6622	0.6653
75	75	150	300	2.00	union	anytime	0.50	0.30	0.40	0.20	calibration	2000	fn_passes_fp_fails	0	0.00000000	0.00000000	295.618	$24.54-$25.72	$24.90-$26.10 (cap $90.00)	NA	NA	NA	NA	NA	NA	NA	NA	NA	NA	NA	NA	NA	NA	NA	NA	NA	NA	NA	NA	NA
75	75	150	300	2.00	union	anytime	0.50	0.30	0.40	0.20	calibration	2000	neither_passes	1953	0.97650000	0.00338731	295.618	$24.54-$25.72	$24.90-$26.10 (cap $90.00)	-0.2727	-0.1407	-0.0906	-0.0333	0.0213	0.0733	0.1983	-0.5439	-0.3314	-0.2847	-0.2322	-0.1819	-0.1331	0.0791	0.2071	0.3084	0.3593	0.4188	0.4727	0.5199	0.6693
75	75	150	300	2.00	union	anytime	0.50	0.30	0.40	0.20	calibration	2000	both_pass	0	0.00000000	0.00000000	295.618	$24.54-$25.72	$24.90-$26.10 (cap $90.00)	NA	NA	NA	NA	NA	NA	NA	NA	NA	NA	NA	NA	NA	NA	NA	NA	NA	NA	NA	NA	NA
75	75	150	300	2.00	direct	anytime	0.50	0.30	0.40	0.20	calibration	2000	fp_passes_fn_fails	2	0.00100000	0.00070675	295.618	$24.54-$25.72	$24.90-$26.10 (cap $90.00)	0.2039	0.2058	0.2087	0.2136	0.2184	0.2213	0.2232	-0.0196	-0.0140	-0.0057	0.0081	0.0220	0.0303	0.0359	0.6338	0.6370	0.6417	0.6496	0.6574	0.6622	0.6653
75	75	150	300	2.00	direct	anytime	0.50	0.30	0.40	0.20	calibration	2000	fn_passes_fp_fails	0	0.00000000	0.00000000	295.618	$24.54-$25.72	$24.90-$26.10 (cap $90.00)	NA	NA	NA	NA	NA	NA	NA	NA	NA	NA	NA	NA	NA	NA	NA	NA	NA	NA	NA	NA	NA
75	75	150	300	2.00	direct	anytime	0.50	0.30	0.40	0.20	calibration	2000	neither_passes	1953	0.97650000	0.00338731	295.618	$24.54-$25.72	$24.90-$26.10 (cap $90.00)	-0.2727	-0.1407	-0.0906	-0.0333	0.0213	0.0733	0.1983	-0.4135	-0.2017	-0.1582	-0.1088	-0.0602	-0.0172	0.1744	0.2071	0.3084	0.3593	0.4188	0.4727	0.5199	0.6693
75	75	150	300	2.00	direct	anytime	0.50	0.30	0.40	0.20	calibration	2000	both_pass	0	0.00000000	0.00000000	295.618	$24.54-$25.72	$24.90-$26.10 (cap $90.00)	NA	NA	NA	NA	NA	NA	NA	NA	NA	NA	NA	NA	NA	NA	NA	NA	NA	NA	NA	NA	NA
480	480	240	1200	0.50	union	anytime	0.50	0.30	0.40	0.20	calibration	2000	fp_passes_fn_fails	4	0.00200000	0.00099900	1168.191	$96.96-$101.63	$99.60-$104.40 (cap $360.00)	0.2062	0.2075	0.2095	0.2122	0.2180	0.2255	0.2305	-0.1117	-0.1051	-0.0953	-0.0834	-0.0470	0.0069	0.0429	0.4150	0.4152	0.4155	0.4196	0.4249	0.4273	0.4289
480	480	240	1200	0.50	union	anytime	0.50	0.30	0.40	0.20	calibration	2000	fn_passes_fp_fails	0	0.00000000	0.00000000	1168.191	$96.96-$101.63	$99.60-$104.40 (cap $360.00)	NA	NA	NA	NA	NA	NA	NA	NA	NA	NA	NA	NA	NA	NA	NA	NA	NA	NA	NA	NA	NA
480	480	240	1200	0.50	union	anytime	0.50	0.30	0.40	0.20	calibration	2000	neither_passes	1933	0.96650000	0.00402354	1168.191	$96.96-$101.63	$99.60-$104.40 (cap $360.00)	-0.0072	0.0476	0.0721	0.0966	0.1229	0.1453	0.1994	-0.2719	-0.1727	-0.1429	-0.1082	-0.0755	-0.0462	0.0540	0.2010	0.2511	0.2763	0.3020	0.3281	0.3531	0.4348
480	480	240	1200	0.50	union	anytime	0.50	0.30	0.40	0.20	calibration	2000	both_pass	0	0.00000000	0.00000000	1168.191	$96.96-$101.63	$99.60-$104.40 (cap $360.00)	NA	NA	NA	NA	NA	NA	NA	NA	NA	NA	NA	NA	NA	NA	NA	NA	NA	NA	NA	NA	NA
480	480	240	1200	0.50	direct	anytime	0.50	0.30	0.40	0.20	calibration	2000	fp_passes_fn_fails	4	0.00200000	0.00099900	1168.191	$96.96-$101.63	$99.60-$104.40 (cap $360.00)	0.2062	0.2075	0.2095	0.2122	0.2180	0.2255	0.2305	-0.0241	-0.0229	-0.0212	-0.0013	0.0328	0.0604	0.0787	0.4150	0.4152	0.4155	0.4196	0.4249	0.4273	0.4289
480	480	240	1200	0.50	direct	anytime	0.50	0.30	0.40	0.20	calibration	2000	fn_passes_fp_fails	0	0.00000000	0.00000000	1168.191	$96.96-$101.63	$99.60-$104.40 (cap $360.00)	NA	NA	NA	NA	NA	NA	NA	NA	NA	NA	NA	NA	NA	NA	NA	NA	NA	NA	NA	NA	NA
480	480	240	1200	0.50	direct	anytime	0.50	0.30	0.40	0.20	calibration	2000	neither_passes	1933	0.96650000	0.00402354	1168.191	$96.96-$101.63	$99.60-$104.40 (cap $360.00)	-0.0072	0.0476	0.0721	0.0966	0.1229	0.1453	0.1994	-0.2384	-0.1160	-0.0841	-0.0487	-0.0109	0.0209	0.1254	0.2010	0.2511	0.2763	0.3020	0.3281	0.3531	0.4348
480	480	240	1200	0.50	direct	anytime	0.50	0.30	0.40	0.20	calibration	2000	both_pass	0	0.00000000	0.00000000	1168.191	$96.96-$101.63	$99.60-$104.40 (cap $360.00)	NA	NA	NA	NA	NA	NA	NA	NA	NA	NA	NA	NA	NA	NA	NA	NA	NA	NA	NA	NA	NA
400	400	400	1200	1.00	union	anytime	0.50	0.30	0.40	0.20	calibration	2000	fp_passes_fn_fails	6	0.00300000	0.00122291	1170.015	$97.11-$101.79	$99.60-$104.40 (cap $360.00)	0.2004	0.2023	0.2049	0.2081	0.2184	0.2325	0.2435	-0.0604	-0.0508	-0.0407	-0.0338	-0.0262	-0.0141	-0.0026	0.4102	0.4124	0.4169	0.4262	0.4304	0.4323	0.4338
400	400	400	1200	1.00	union	anytime	0.50	0.30	0.40	0.20	calibration	2000	fn_passes_fp_fails	0	0.00000000	0.00000000	1170.015	$97.11-$101.79	$99.60-$104.40 (cap $360.00)	NA	NA	NA	NA	NA	NA	NA	NA	NA	NA	NA	NA	NA	NA	NA	NA	NA	NA	NA	NA	NA
400	400	400	1200	1.00	union	anytime	0.50	0.30	0.40	0.20	calibration	2000	neither_passes	1937	0.96850000	0.00390562	1170.015	$97.11-$101.79	$99.60-$104.40 (cap $360.00)	-0.0255	0.0348	0.0593	0.0877	0.1138	0.1372	0.1993	-0.2354	-0.1532	-0.1235	-0.0941	-0.0661	-0.0385	0.0644	0.2044	0.2546	0.2782	0.3074	0.3353	0.3607	0.4425
400	400	400	1200	1.00	union	anytime	0.50	0.30	0.40	0.20	calibration	2000	both_pass	0	0.00000000	0.00000000	1170.015	$97.11-$101.79	$99.60-$104.40 (cap $360.00)	NA	NA	NA	NA	NA	NA	NA	NA	NA	NA	NA	NA	NA	NA	NA	NA	NA	NA	NA	NA	NA
400	400	400	1200	1.00	direct	anytime	0.50	0.30	0.40	0.20	calibration	2000	fp_passes_fn_fails	6	0.00300000	0.00122291	1170.015	$97.11-$101.79	$99.60-$104.40 (cap $360.00)	0.2004	0.2023	0.2049	0.2081	0.2184	0.2325	0.2435	0.0157	0.0188	0.0241	0.0316	0.0580	0.0722	0.0779	0.4102	0.4124	0.4169	0.4262	0.4304	0.4323	0.4338
400	400	400	1200	1.00	direct	anytime	0.50	0.30	0.40	0.20	calibration	2000	fn_passes_fp_fails	0	0.00000000	0.00000000	1170.015	$97.11-$101.79	$99.60-$104.40 (cap $360.00)	NA	NA	NA	NA	NA	NA	NA	NA	NA	NA	NA	NA	NA	NA	NA	NA	NA	NA	NA	NA	NA
400	400	400	1200	1.00	direct	anytime	0.50	0.30	0.40	0.20	calibration	2000	neither_passes	1937	0.96850000	0.00390562	1170.015	$97.11-$101.79	$99.60-$104.40 (cap $360.00)	-0.0255	0.0348	0.0593	0.0877	0.1138	0.1372	0.1993	-0.1568	-0.0766	-0.0487	-0.0186	0.0071	0.0331	0.1297	0.2044	0.2546	0.2782	0.3074	0.3353	0.3607	0.4425
400	400	400	1200	1.00	direct	anytime	0.50	0.30	0.40	0.20	calibration	2000	both_pass	0	0.00000000	0.00000000	1170.015	$97.11-$101.79	$99.60-$104.40 (cap $360.00)	NA	NA	NA	NA	NA	NA	NA	NA	NA	NA	NA	NA	NA	NA	NA	NA	NA	NA	NA	NA	NA
300	300	600	1200	2.00	union	anytime	0.50	0.30	0.40	0.20	calibration	2000	fp_passes_fn_fails	5	0.00250000	0.00111664	1167.406	$96.89-$101.56	$99.60-$104.40 (cap $360.00)	0.2060	0.2078	0.2106	0.2223	0.2245	0.2375	0.2461	-0.0520	-0.0437	-0.0311	0.0187	0.0209	0.0366	0.0471	0.4606	0.4651	0.4719	0.4768	0.4814	0.4882	0.4928
300	300	600	1200	2.00	union	anytime	0.50	0.30	0.40	0.20	calibration	2000	fn_passes_fp_fails	0	0.00000000	0.00000000	1167.406	$96.89-$101.56	$99.60-$104.40 (cap $360.00)	NA	NA	NA	NA	NA	NA	NA	NA	NA	NA	NA	NA	NA	NA	NA	NA	NA	NA	NA	NA	NA
300	300	600	1200	2.00	union	anytime	0.50	0.30	0.40	0.20	calibration	2000	neither_passes	1928	0.96400000	0.00416557	1167.406	$96.89-$101.56	$99.60-$104.40 (cap $360.00)	-0.0651	0.0136	0.0401	0.0743	0.1037	0.1301	0.1990	-0.2265	-0.1474	-0.1203	-0.0897	-0.0607	-0.0347	0.0570	0.2072	0.2594	0.2886	0.3216	0.3525	0.3835	0.4699
300	300	600	1200	2.00	union	anytime	0.50	0.30	0.40	0.20	calibration	2000	both_pass	0	0.00000000	0.00000000	1167.406	$96.89-$101.56	$99.60-$104.40 (cap $360.00)	NA	NA	NA	NA	NA	NA	NA	NA	NA	NA	NA	NA	NA	NA	NA	NA	NA	NA	NA	NA	NA
300	300	600	1200	2.00	direct	anytime	0.50	0.30	0.40	0.20	calibration	2000	fp_passes_fn_fails	5	0.00250000	0.00111664	1167.406	$96.89-$101.56	$99.60-$104.40 (cap $360.00)	0.2060	0.2078	0.2106	0.2223	0.2245	0.2375	0.2461	0.0170	0.0316	0.0535	0.0655	0.0889	0.1140	0.1308	0.4606	0.4651	0.4719	0.4768	0.4814	0.4882	0.4928
300	300	600	1200	2.00	direct	anytime	0.50	0.30	0.40	0.20	calibration	2000	fn_passes_fp_fails	0	0.00000000	0.00000000	1167.406	$96.89-$101.56	$99.60-$104.40 (cap $360.00)	NA	NA	NA	NA	NA	NA	NA	NA	NA	NA	NA	NA	NA	NA	NA	NA	NA	NA	NA	NA	NA
300	300	600	1200	2.00	direct	anytime	0.50	0.30	0.40	0.20	calibration	2000	neither_passes	1928	0.96400000	0.00416557	1167.406	$96.89-$101.56	$99.60-$104.40 (cap $360.00)	-0.0651	0.0136	0.0401	0.0743	0.1037	0.1301	0.1990	-0.1470	-0.0636	-0.0390	-0.0122	0.0135	0.0392	0.1059	0.2072	0.2594	0.2886	0.3216	0.3525	0.3835	0.4699
300	300	600	1200	2.00	direct	anytime	0.50	0.30	0.40	0.20	calibration	2000	both_pass	0	0.00000000	0.00000000	1167.406	$96.89-$101.56	$99.60-$104.40 (cap $360.00)	NA	NA	NA	NA	NA	NA	NA	NA	NA	NA	NA	NA	NA	NA	NA	NA	NA	NA	NA	NA	NA
120	120	60	300	0.50	union	anytime	0.55	0.30	0.40	0.25	small real effect	2000	fp_passes_fn_fails	47	0.02350000	0.00338731	298.307	$24.76-$25.95	$24.90-$26.10 (cap $90.00)	0.2001	0.2044	0.2108	0.2191	0.2382	0.2592	0.3085	-0.2940	-0.2201	-0.1834	-0.1352	-0.0951	-0.0540	0.0673	0.4687	0.5331	0.5482	0.5747	0.5940	0.6239	0.6912
120	120	60	300	0.50	union	anytime	0.55	0.30	0.40	0.25	small real effect	2000	fn_passes_fp_fails	0	0.00000000	0.00000000	298.307	$24.76-$25.95	$24.90-$26.10 (cap $90.00)	NA	NA	NA	NA	NA	NA	NA	NA	NA	NA	NA	NA	NA	NA	NA	NA	NA	NA	NA	NA	NA
120	120	60	300	0.50	union	anytime	0.55	0.30	0.40	0.25	small real effect	2000	neither_passes	1938	0.96900000	0.00387550	298.307	$24.76-$25.95	$24.90-$26.10 (cap $90.00)	-0.1616	-0.0349	0.0105	0.0564	0.1003	0.1380	0.1993	-0.5243	-0.3354	-0.2784	-0.2211	-0.1634	-0.1138	0.1520	0.2263	0.3352	0.3766	0.4249	0.4707	0.5088	0.6662
120	120	60	300	0.50	union	anytime	0.55	0.30	0.40	0.25	small real effect	2000	both_pass	0	0.00000000	0.00000000	298.307	$24.76-$25.95	$24.90-$26.10 (cap $90.00)	NA	NA	NA	NA	NA	NA	NA	NA	NA	NA	NA	NA	NA	NA	NA	NA	NA	NA	NA	NA	NA
120	120	60	300	0.50	direct	anytime	0.55	0.30	0.40	0.25	small real effect	2000	fp_passes_fn_fails	46	0.02300000	0.00335194	298.252	$24.75-$25.95	$24.90-$26.10 (cap $90.00)	0.2001	0.2043	0.2108	0.2191	0.2363	0.2594	0.3085	-0.2336	-0.1667	-0.1002	-0.0471	0.0028	0.0501	0.1371	0.4687	0.5323	0.5482	0.5738	0.5956	0.6243	0.6912
120	120	60	300	0.50	direct	anytime	0.55	0.30	0.40	0.25	small real effect	2000	fn_passes_fp_fails	1	0.00050000	0.00049987	298.252	$24.75-$25.95	$24.90-$26.10 (cap $90.00)	-0.0150	-0.0150	-0.0150	-0.0150	-0.0150	-0.0150	-0.0150	0.2040	0.2040	0.2040	0.2040	0.2040	0.2040	0.2040	0.3851	0.3851	0.3851	0.3851	0.3851	0.3851	0.3851
120	120	60	300	0.50	direct	anytime	0.55	0.30	0.40	0.25	small real effect	2000	neither_passes	1937	0.96850000	0.00390562	298.252	$24.75-$25.95	$24.90-$26.10 (cap $90.00)	-0.1616	-0.0349	0.0106	0.0564	0.1003	0.1380	0.1993	-0.4376	-0.2509	-0.1909	-0.1247	-0.0597	0.0001	0.1897	0.2263	0.3352	0.3766	0.4250	0.4708	0.5088	0.6662
120	120	60	300	0.50	direct	anytime	0.55	0.30	0.40	0.25	small real effect	2000	both_pass	0	0.00000000	0.00000000	298.252	$24.75-$25.95	$24.90-$26.10 (cap $90.00)	NA	NA	NA	NA	NA	NA	NA	NA	NA	NA	NA	NA	NA	NA	NA	NA	NA	NA	NA	NA	NA
100	100	100	300	1.00	union	anytime	0.55	0.30	0.40	0.25	small real effect	2000	fp_passes_fn_fails	34	0.01700000	0.00289059	298.107	$24.74-$25.94	$24.90-$26.10 (cap $90.00)	0.2001	0.2017	0.2053	0.2134	0.2241	0.2478	0.2543	-0.2406	-0.1752	-0.1369	-0.0935	-0.0487	-0.0074	0.0091	0.5337	0.5532	0.5654	0.5817	0.6184	0.6375	0.6803
100	100	100	300	1.00	union	anytime	0.55	0.30	0.40	0.25	small real effect	2000	fn_passes_fp_fails	0	0.00000000	0.00000000	298.107	$24.74-$25.94	$24.90-$26.10 (cap $90.00)	NA	NA	NA	NA	NA	NA	NA	NA	NA	NA	NA	NA	NA	NA	NA	NA	NA	NA	NA	NA	NA
100	100	100	300	1.00	union	anytime	0.55	0.30	0.40	0.25	small real effect	2000	neither_passes	1949	0.97450000	0.00352489	298.107	$24.74-$25.94	$24.90-$26.10 (cap $90.00)	-0.1906	-0.0567	-0.0116	0.0388	0.0877	0.1313	0.1997	-0.4699	-0.2929	-0.2467	-0.1923	-0.1350	-0.0906	0.0641	0.2295	0.3383	0.3852	0.4346	0.4829	0.5282	0.6812
100	100	100	300	1.00	union	anytime	0.55	0.30	0.40	0.25	small real effect	2000	both_pass	0	0.00000000	0.00000000	298.107	$24.74-$25.94	$24.90-$26.10 (cap $90.00)	NA	NA	NA	NA	NA	NA	NA	NA	NA	NA	NA	NA	NA	NA	NA	NA	NA	NA	NA	NA	NA
100	100	100	300	1.00	direct	anytime	0.55	0.30	0.40	0.25	small real effect	2000	fp_passes_fn_fails	34	0.01700000	0.00289059	297.993	$24.73-$25.93	$24.90-$26.10 (cap $90.00)	0.2001	0.2017	0.2053	0.2134	0.2241	0.2478	0.2543	-0.1304	-0.0449	-0.0199	0.0357	0.0698	0.1065	0.1422	0.5337	0.5532	0.5654	0.5817	0.6184	0.6375	0.6803
100	100	100	300	1.00	direct	anytime	0.55	0.30	0.40	0.25	small real effect	2000	fn_passes_fp_fails	0	0.00000000	0.00000000	297.993	$24.73-$25.93	$24.90-$26.10 (cap $90.00)	NA	NA	NA	NA	NA	NA	NA	NA	NA	NA	NA	NA	NA	NA	NA	NA	NA	NA	NA	NA	NA
100	100	100	300	1.00	direct	anytime	0.55	0.30	0.40	0.25	small real effect	2000	neither_passes	1948	0.97400000	0.00355837	297.993	$24.73-$25.93	$24.90-$26.10 (cap $90.00)	-0.1906	-0.0567	-0.0117	0.0388	0.0876	0.1313	0.1997	-0.3493	-0.1649	-0.1198	-0.0660	-0.0127	0.0332	0.1624	0.2295	0.3383	0.3852	0.4346	0.4828	0.5280	0.6812
100	100	100	300	1.00	direct	anytime	0.55	0.30	0.40	0.25	small real effect	2000	both_pass	0	0.00000000	0.00000000	297.993	$24.73-$25.93	$24.90-$26.10 (cap $90.00)	NA	NA	NA	NA	NA	NA	NA	NA	NA	NA	NA	NA	NA	NA	NA	NA	NA	NA	NA	NA	NA
75	75	150	300	2.00	union	anytime	0.55	0.30	0.40	0.25	small real effect	2000	fp_passes_fn_fails	26	0.01300000	0.00253288	298.282	$24.76-$25.95	$24.90-$26.10 (cap $90.00)	0.2002	0.2019	0.2068	0.2254	0.2354	0.2576	0.2776	-0.1745	-0.1622	-0.1144	-0.0546	-0.0176	0.0158	0.0400	0.5679	0.5937	0.6275	0.6481	0.6685	0.6983	0.7360
75	75	150	300	2.00	union	anytime	0.55	0.30	0.40	0.25	small real effect	2000	fn_passes_fp_fails	0	0.00000000	0.00000000	298.282	$24.76-$25.95	$24.90-$26.10 (cap $90.00)	NA	NA	NA	NA	NA	NA	NA	NA	NA	NA	NA	NA	NA	NA	NA	NA	NA	NA	NA	NA	NA
75	75	150	300	2.00	union	anytime	0.55	0.30	0.40	0.25	small real effect	2000	neither_passes	1958	0.97900000	0.00320617	298.282	$24.76-$25.95	$24.90-$26.10 (cap $90.00)	-0.2853	-0.0965	-0.0485	0.0108	0.0706	0.1162	0.1999	-0.4499	-0.2885	-0.2366	-0.1865	-0.1333	-0.0871	0.1157	0.2293	0.3534	0.4037	0.4634	0.5218	0.5695	0.7145
75	75	150	300	2.00	union	anytime	0.55	0.30	0.40	0.25	small real effect	2000	both_pass	0	0.00000000	0.00000000	298.282	$24.76-$25.95	$24.90-$26.10 (cap $90.00)	NA	NA	NA	NA	NA	NA	NA	NA	NA	NA	NA	NA	NA	NA	NA	NA	NA	NA	NA	NA	NA
75	75	150	300	2.00	direct	anytime	0.55	0.30	0.40	0.25	small real effect	2000	fp_passes_fn_fails	26	0.01300000	0.00253288	298.208	$24.75-$25.94	$24.90-$26.10 (cap $90.00)	0.2002	0.2019	0.2068	0.2254	0.2354	0.2576	0.2776	-0.0696	-0.0069	0.0293	0.0651	0.0953	0.1128	0.1302	0.5679	0.5937	0.6275	0.6481	0.6685	0.6983	0.7360
75	75	150	300	2.00	direct	anytime	0.55	0.30	0.40	0.25	small real effect	2000	fn_passes_fp_fails	0	0.00000000	0.00000000	298.208	$24.75-$25.94	$24.90-$26.10 (cap $90.00)	NA	NA	NA	NA	NA	NA	NA	NA	NA	NA	NA	NA	NA	NA	NA	NA	NA	NA	NA	NA	NA
75	75	150	300	2.00	direct	anytime	0.55	0.30	0.40	0.25	small real effect	2000	neither_passes	1957	0.97850000	0.00324328	298.208	$24.75-$25.94	$24.90-$26.10 (cap $90.00)	-0.2853	-0.0966	-0.0485	0.0107	0.0705	0.1158	0.1999	-0.3317	-0.1552	-0.1076	-0.0606	-0.0151	0.0299	0.1933	0.2293	0.3533	0.4037	0.4633	0.5216	0.5693	0.7061
75	75	150	300	2.00	direct	anytime	0.55	0.30	0.40	0.25	small real effect	2000	both_pass	0	0.00000000	0.00000000	298.208	$24.75-$25.94	$24.90-$26.10 (cap $90.00)	NA	NA	NA	NA	NA	NA	NA	NA	NA	NA	NA	NA	NA	NA	NA	NA	NA	NA	NA	NA	NA
480	480	240	1200	0.50	union	anytime	0.55	0.30	0.40	0.25	small real effect	2000	fp_passes_fn_fails	157	0.07850000	0.00601406	1192.118	$98.95-$103.71	$99.60-$104.40 (cap $360.00)	0.2000	0.2017	0.2047	0.2122	0.2226	0.2396	0.2612	-0.1332	-0.0660	-0.0444	-0.0146	0.0149	0.0409	0.1064	0.3676	0.3928	0.4063	0.4174	0.4307	0.4459	0.4775
480	480	240	1200	0.50	union	anytime	0.55	0.30	0.40	0.25	small real effect	2000	fn_passes_fp_fails	0	0.00000000	0.00000000	1192.118	$98.95-$103.71	$99.60-$104.40 (cap $360.00)	NA	NA	NA	NA	NA	NA	NA	NA	NA	NA	NA	NA	NA	NA	NA	NA	NA	NA	NA	NA	NA
480	480	240	1200	0.50	union	anytime	0.55	0.30	0.40	0.25	small real effect	2000	neither_passes	1829	0.91450000	0.00625259	1192.118	$98.95-$103.71	$99.60-$104.40 (cap $360.00)	0.0272	0.0936	0.1191	0.1424	0.1658	0.1828	0.1999	-0.2166	-0.1243	-0.0939	-0.0592	-0.0274	0.0010	0.0813	0.2232	0.2962	0.3205	0.3475	0.3706	0.3893	0.4439
480	480	240	1200	0.50	union	anytime	0.55	0.30	0.40	0.25	small real effect	2000	both_pass	0	0.00000000	0.00000000	1192.118	$98.95-$103.71	$99.60-$104.40 (cap $360.00)	NA	NA	NA	NA	NA	NA	NA	NA	NA	NA	NA	NA	NA	NA	NA	NA	NA	NA	NA	NA	NA
480	480	240	1200	0.50	direct	anytime	0.55	0.30	0.40	0.25	small real effect	2000	fp_passes_fn_fails	157	0.07850000	0.00601406	1192.118	$98.95-$103.71	$99.60-$104.40 (cap $360.00)	0.2000	0.2017	0.2047	0.2122	0.2226	0.2396	0.2612	-0.0678	-0.0137	0.0132	0.0476	0.0723	0.1046	0.1770	0.3676	0.3928	0.4063	0.4174	0.4307	0.4459	0.4775
480	480	240	1200	0.50	direct	anytime	0.55	0.30	0.40	0.25	small real effect	2000	fn_passes_fp_fails	0	0.00000000	0.00000000	1192.118	$98.95-$103.71	$99.60-$104.40 (cap $360.00)	NA	NA	NA	NA	NA	NA	NA	NA	NA	NA	NA	NA	NA	NA	NA	NA	NA	NA	NA	NA	NA
480	480	240	1200	0.50	direct	anytime	0.55	0.30	0.40	0.25	small real effect	2000	neither_passes	1829	0.91450000	0.00625259	1192.118	$98.95-$103.71	$99.60-$104.40 (cap $360.00)	0.0272	0.0936	0.1191	0.1424	0.1658	0.1828	0.1999	-0.1914	-0.0711	-0.0352	0.0033	0.0397	0.0670	0.1595	0.2232	0.2962	0.3205	0.3475	0.3706	0.3893	0.4439
480	480	240	1200	0.50	direct	anytime	0.55	0.30	0.40	0.25	small real effect	2000	both_pass	0	0.00000000	0.00000000	1192.118	$98.95-$103.71	$99.60-$104.40 (cap $360.00)	NA	NA	NA	NA	NA	NA	NA	NA	NA	NA	NA	NA	NA	NA	NA	NA	NA	NA	NA	NA	NA
400	400	400	1200	1.00	union	anytime	0.55	0.30	0.40	0.25	small real effect	2000	fp_passes_fn_fails	124	0.06200000	0.00539240	1190.403	$98.80-$103.57	$99.60-$104.40 (cap $360.00)	0.2000	0.2026	0.2066	0.2133	0.2277	0.2417	0.2929	-0.0876	-0.0554	-0.0233	0.0107	0.0383	0.0574	0.0790	0.3739	0.4031	0.4173	0.4311	0.4494	0.4609	0.5305
400	400	400	1200	1.00	union	anytime	0.55	0.30	0.40	0.25	small real effect	2000	fn_passes_fp_fails	0	0.00000000	0.00000000	1190.403	$98.80-$103.57	$99.60-$104.40 (cap $360.00)	NA	NA	NA	NA	NA	NA	NA	NA	NA	NA	NA	NA	NA	NA	NA	NA	NA	NA	NA	NA	NA
400	400	400	1200	1.00	union	anytime	0.55	0.30	0.40	0.25	small real effect	2000	neither_passes	1858	0.92900000	0.00574278	1190.403	$98.80-$103.57	$99.60-$104.40 (cap $360.00)	0.0079	0.0836	0.1077	0.1347	0.1604	0.1805	0.1998	-0.1884	-0.1012	-0.0752	-0.0440	-0.0147	0.0111	0.0951	0.2362	0.3034	0.3267	0.3556	0.3818	0.4030	0.4828
400	400	400	1200	1.00	union	anytime	0.55	0.30	0.40	0.25	small real effect	2000	both_pass	0	0.00000000	0.00000000	1190.403	$98.80-$103.57	$99.60-$104.40 (cap $360.00)	NA	NA	NA	NA	NA	NA	NA	NA	NA	NA	NA	NA	NA	NA	NA	NA	NA	NA	NA	NA	NA
400	400	400	1200	1.00	direct	anytime	0.55	0.30	0.40	0.25	small real effect	2000	fp_passes_fn_fails	124	0.06200000	0.00539240	1190.403	$98.80-$103.57	$99.60-$104.40 (cap $360.00)	0.2000	0.2026	0.2066	0.2133	0.2277	0.2417	0.2929	-0.0153	0.0212	0.0485	0.0813	0.1071	0.1266	0.1532	0.3739	0.4031	0.4173	0.4311	0.4494	0.4609	0.5305
400	400	400	1200	1.00	direct	anytime	0.55	0.30	0.40	0.25	small real effect	2000	fn_passes_fp_fails	0	0.00000000	0.00000000	1190.403	$98.80-$103.57	$99.60-$104.40 (cap $360.00)	NA	NA	NA	NA	NA	NA	NA	NA	NA	NA	NA	NA	NA	NA	NA	NA	NA	NA	NA	NA	NA
400	400	400	1200	1.00	direct	anytime	0.55	0.30	0.40	0.25	small real effect	2000	neither_passes	1858	0.92900000	0.00574278	1190.403	$98.80-$103.57	$99.60-$104.40 (cap $360.00)	0.0079	0.0836	0.1077	0.1347	0.1604	0.1805	0.1998	-0.1028	-0.0242	0.0010	0.0299	0.0579	0.0831	0.1517	0.2362	0.3034	0.3267	0.3556	0.3818	0.4030	0.4828
400	400	400	1200	1.00	direct	anytime	0.55	0.30	0.40	0.25	small real effect	2000	both_pass	0	0.00000000	0.00000000	1190.403	$98.80-$103.57	$99.60-$104.40 (cap $360.00)	NA	NA	NA	NA	NA	NA	NA	NA	NA	NA	NA	NA	NA	NA	NA	NA	NA	NA	NA	NA	NA
300	300	600	1200	2.00	union	anytime	0.55	0.30	0.40	0.25	small real effect	2000	fp_passes_fn_fails	87	0.04350000	0.00456113	1189.802	$98.75-$103.51	$99.60-$104.40 (cap $360.00)	0.2001	0.2029	0.2059	0.2147	0.2275	0.2411	0.2568	-0.1231	-0.0279	-0.0087	0.0179	0.0412	0.0619	0.1016	0.4037	0.4346	0.4463	0.4615	0.4835	0.5002	0.5347
300	300	600	1200	2.00	union	anytime	0.55	0.30	0.40	0.25	small real effect	2000	fn_passes_fp_fails	0	0.00000000	0.00000000	1189.802	$98.75-$103.51	$99.60-$104.40 (cap $360.00)	NA	NA	NA	NA	NA	NA	NA	NA	NA	NA	NA	NA	NA	NA	NA	NA	NA	NA	NA	NA	NA
300	300	600	1200	2.00	union	anytime	0.55	0.30	0.40	0.25	small real effect	2000	neither_passes	1895	0.94750000	0.00498717	1189.802	$98.75-$103.51	$99.60-$104.40 (cap $360.00)	-0.0030	0.0605	0.0908	0.1198	0.1494	0.1722	0.1996	-0.1914	-0.0978	-0.0693	-0.0415	-0.0103	0.0147	0.0905	0.2230	0.3094	0.3388	0.3687	0.3997	0.4232	0.4990
300	300	600	1200	2.00	union	anytime	0.55	0.30	0.40	0.25	small real effect	2000	both_pass	0	0.00000000	0.00000000	1189.802	$98.75-$103.51	$99.60-$104.40 (cap $360.00)	NA	NA	NA	NA	NA	NA	NA	NA	NA	NA	NA	NA	NA	NA	NA	NA	NA	NA	NA	NA	NA
300	300	600	1200	2.00	direct	anytime	0.55	0.30	0.40	0.25	small real effect	2000	fp_passes_fn_fails	86	0.04300000	0.00453602	1189.364	$98.72-$103.47	$99.60-$104.40 (cap $360.00)	0.2001	0.2028	0.2057	0.2146	0.2271	0.2408	0.2568	-0.0197	0.0559	0.0667	0.0872	0.1129	0.1278	0.1469	0.4037	0.4345	0.4462	0.4609	0.4821	0.5005	0.5347
300	300	600	1200	2.00	direct	anytime	0.55	0.30	0.40	0.25	small real effect	2000	fn_passes_fp_fails	0	0.00000000	0.00000000	1189.364	$98.72-$103.47	$99.60-$104.40 (cap $360.00)	NA	NA	NA	NA	NA	NA	NA	NA	NA	NA	NA	NA	NA	NA	NA	NA	NA	NA	NA	NA	NA
300	300	600	1200	2.00	direct	anytime	0.55	0.30	0.40	0.25	small real effect	2000	neither_passes	1895	0.94750000	0.00498717	1189.364	$98.72-$103.47	$99.60-$104.40 (cap $360.00)	-0.0030	0.0605	0.0908	0.1198	0.1494	0.1722	0.1996	-0.0970	-0.0151	0.0120	0.0374	0.0644	0.0869	0.1426	0.2230	0.3094	0.3388	0.3687	0.3997	0.4232	0.4990
300	300	600	1200	2.00	direct	anytime	0.55	0.30	0.40	0.25	small real effect	2000	both_pass	0	0.00000000	0.00000000	1189.364	$98.72-$103.47	$99.60-$104.40 (cap $360.00)	NA	NA	NA	NA	NA	NA	NA	NA	NA	NA	NA	NA	NA	NA	NA	NA	NA	NA	NA	NA	NA
120	120	60	300	0.50	union	anytime	0.60	0.30	0.40	0.30	real effect	2000	fp_passes_fn_fails	182	0.09100000	0.00643114	299.617	$24.87-$26.07	$24.90-$26.10 (cap $90.00)	0.2004	0.2045	0.2167	0.2299	0.2529	0.2711	0.3876	-0.4102	-0.2088	-0.1671	-0.1082	-0.0678	-0.0133	0.1183	0.4887	0.5289	0.5504	0.5835	0.6178	0.6376	0.7233
120	120	60	300	0.50	union	anytime	0.60	0.30	0.40	0.30	real effect	2000	fn_passes_fp_fails	0	0.00000000	0.00000000	299.617	$24.87-$26.07	$24.90-$26.10 (cap $90.00)	NA	NA	NA	NA	NA	NA	NA	NA	NA	NA	NA	NA	NA	NA	NA	NA	NA	NA	NA	NA	NA
120	120	60	300	0.50	union	anytime	0.60	0.30	0.40	0.30	real effect	2000	neither_passes	1815	0.90750000	0.00647857	299.617	$24.87-$26.07	$24.90-$26.10 (cap $90.00)	-0.1222	0.0112	0.0557	0.1025	0.1408	0.1720	0.1999	-0.4768	-0.2897	-0.2348	-0.1763	-0.1177	-0.0684	0.1517	0.2247	0.3786	0.4181	0.4636	0.5071	0.5422	0.6379
120	120	60	300	0.50	union	anytime	0.60	0.30	0.40	0.30	real effect	2000	both_pass	0	0.00000000	0.00000000	299.617	$24.87-$26.07	$24.90-$26.10 (cap $90.00)	NA	NA	NA	NA	NA	NA	NA	NA	NA	NA	NA	NA	NA	NA	NA	NA	NA	NA	NA	NA	NA
120	120	60	300	0.50	direct	anytime	0.60	0.30	0.40	0.30	real effect	2000	fp_passes_fn_fails	179	0.08950000	0.00638317	299.536	$24.86-$26.06	$24.90-$26.10 (cap $90.00)	0.2004	0.2046	0.2167	0.2297	0.2526	0.2698	0.3742	-0.3261	-0.1496	-0.0730	-0.0108	0.0365	0.0920	0.1810	0.4887	0.5293	0.5508	0.5835	0.6174	0.6376	0.7233
120	120	60	300	0.50	direct	anytime	0.60	0.30	0.40	0.30	real effect	2000	fn_passes_fp_fails	4	0.00200000	0.00099900	299.536	$24.86-$26.06	$24.90-$26.10 (cap $90.00)	0.1238	0.1244	0.1252	0.1525	0.1833	0.1904	0.1952	0.2096	0.2145	0.2219	0.2296	0.2510	0.2828	0.3041	0.5170	0.5174	0.5181	0.5196	0.5346	0.5595	0.5760
120	120	60	300	0.50	direct	anytime	0.60	0.30	0.40	0.30	real effect	2000	neither_passes	1811	0.90550000	0.00654101	299.536	$24.86-$26.06	$24.90-$26.10 (cap $90.00)	-0.1222	0.0112	0.0555	0.1022	0.1406	0.1714	0.1999	-0.4121	-0.2037	-0.1499	-0.0815	-0.0157	0.0417	0.1915	0.2247	0.3785	0.4180	0.4634	0.5068	0.5422	0.6379
120	120	60	300	0.50	direct	anytime	0.60	0.30	0.40	0.30	real effect	2000	both_pass	0	0.00000000	0.00000000	299.536	$24.86-$26.06	$24.90-$26.10 (cap $90.00)	NA	NA	NA	NA	NA	NA	NA	NA	NA	NA	NA	NA	NA	NA	NA	NA	NA	NA	NA	NA	NA
100	100	100	300	1.00	union	anytime	0.60	0.30	0.40	0.30	real effect	2000	fp_passes_fn_fails	155	0.07750000	0.00597887	299.133	$24.83-$26.02	$24.90-$26.10 (cap $90.00)	0.2007	0.2037	0.2129	0.2249	0.2453	0.2650	0.3162	-0.2887	-0.1486	-0.1035	-0.0584	-0.0107	0.0240	0.1098	0.4995	0.5475	0.5700	0.6052	0.6293	0.6501	0.7183
100	100	100	300	1.00	union	anytime	0.60	0.30	0.40	0.30	real effect	2000	fn_passes_fp_fails	0	0.00000000	0.00000000	299.133	$24.83-$26.02	$24.90-$26.10 (cap $90.00)	NA	NA	NA	NA	NA	NA	NA	NA	NA	NA	NA	NA	NA	NA	NA	NA	NA	NA	NA	NA	NA
100	100	100	300	1.00	union	anytime	0.60	0.30	0.40	0.30	real effect	2000	neither_passes	1838	0.91900000	0.00610078	299.133	$24.83-$26.02	$24.90-$26.10 (cap $90.00)	-0.1734	-0.0080	0.0379	0.0861	0.1310	0.1616	0.1995	-0.3682	-0.2506	-0.2017	-0.1495	-0.0948	-0.0471	0.1135	0.2336	0.3905	0.4301	0.4744	0.5242	0.5597	0.6640
100	100	100	300	1.00	union	anytime	0.60	0.30	0.40	0.30	real effect	2000	both_pass	0	0.00000000	0.00000000	299.133	$24.83-$26.02	$24.90-$26.10 (cap $90.00)	NA	NA	NA	NA	NA	NA	NA	NA	NA	NA	NA	NA	NA	NA	NA	NA	NA	NA	NA	NA	NA
100	100	100	300	1.00	direct	anytime	0.60	0.30	0.40	0.30	real effect	2000	fp_passes_fn_fails	152	0.07600000	0.00592554	298.649	$24.79-$25.98	$24.90-$26.10 (cap $90.00)	0.2007	0.2040	0.2130	0.2248	0.2442	0.2646	0.3162	-0.1315	-0.0132	0.0229	0.0633	0.1043	0.1419	0.1907	0.4995	0.5469	0.5683	0.6044	0.6292	0.6495	0.7183
100	100	100	300	1.00	direct	anytime	0.60	0.30	0.40	0.30	real effect	2000	fn_passes_fp_fails	0	0.00000000	0.00000000	298.649	$24.79-$25.98	$24.90-$26.10 (cap $90.00)	NA	NA	NA	NA	NA	NA	NA	NA	NA	NA	NA	NA	NA	NA	NA	NA	NA	NA	NA	NA	NA
100	100	100	300	1.00	direct	anytime	0.60	0.30	0.40	0.30	real effect	2000	neither_passes	1835	0.91750000	0.00615198	298.649	$24.79-$25.98	$24.90-$26.10 (cap $90.00)	-0.1734	-0.0081	0.0379	0.0859	0.1306	0.1612	0.1995	-0.2442	-0.1202	-0.0738	-0.0206	0.0296	0.0763	0.1950	0.2336	0.3905	0.4299	0.4741	0.5241	0.5596	0.6573
100	100	100	300	1.00	direct	anytime	0.60	0.30	0.40	0.30	real effect	2000	both_pass	0	0.00000000	0.00000000	298.649	$24.79-$25.98	$24.90-$26.10 (cap $90.00)	NA	NA	NA	NA	NA	NA	NA	NA	NA	NA	NA	NA	NA	NA	NA	NA	NA	NA	NA	NA	NA
75	75	150	300	2.00	union	anytime	0.60	0.30	0.40	0.30	real effect	2000	fp_passes_fn_fails	110	0.05500000	0.00509779	299.106	$24.83-$26.02	$24.90-$26.10 (cap $90.00)	0.2005	0.2054	0.2158	0.2256	0.2479	0.2648	0.3238	-0.1604	-0.1175	-0.0734	-0.0378	0.0094	0.0360	0.1187	0.5539	0.5987	0.6317	0.6522	0.6905	0.7113	0.7638
75	75	150	300	2.00	union	anytime	0.60	0.30	0.40	0.30	real effect	2000	fn_passes_fp_fails	0	0.00000000	0.00000000	299.106	$24.83-$26.02	$24.90-$26.10 (cap $90.00)	NA	NA	NA	NA	NA	NA	NA	NA	NA	NA	NA	NA	NA	NA	NA	NA	NA	NA	NA	NA	NA
75	75	150	300	2.00	union	anytime	0.60	0.30	0.40	0.30	real effect	2000	neither_passes	1882	0.94100000	0.00526873	299.106	$24.83-$26.02	$24.90-$26.10 (cap $90.00)	-0.2216	-0.0547	-0.0033	0.0543	0.1086	0.1548	0.1997	-0.4396	-0.2442	-0.1931	-0.1391	-0.0886	-0.0406	0.1213	0.2321	0.3992	0.4498	0.5015	0.5570	0.5991	0.7004
75	75	150	300	2.00	union	anytime	0.60	0.30	0.40	0.30	real effect	2000	both_pass	0	0.00000000	0.00000000	299.106	$24.83-$26.02	$24.90-$26.10 (cap $90.00)	NA	NA	NA	NA	NA	NA	NA	NA	NA	NA	NA	NA	NA	NA	NA	NA	NA	NA	NA	NA	NA
75	75	150	300	2.00	direct	anytime	0.60	0.30	0.40	0.30	real effect	2000	fp_passes_fn_fails	107	0.05350000	0.00503179	298.924	$24.81-$26.01	$24.90-$26.10 (cap $90.00)	0.2005	0.2051	0.2158	0.2255	0.2471	0.2624	0.3238	-0.0565	0.0130	0.0409	0.0820	0.1079	0.1430	0.1843	0.5539	0.5983	0.6293	0.6514	0.6887	0.7104	0.7404
75	75	150	300	2.00	direct	anytime	0.60	0.30	0.40	0.30	real effect	2000	fn_passes_fp_fails	3	0.00150000	0.00086538	298.924	$24.81-$26.01	$24.90-$26.10 (cap $90.00)	0.1127	0.1222	0.1365	0.1604	0.1654	0.1685	0.1705	0.2077	0.2080	0.2084	0.2090	0.2122	0.2142	0.2154	0.5357	0.5442	0.5568	0.5780	0.6039	0.6194	0.6297
75	75	150	300	2.00	direct	anytime	0.60	0.30	0.40	0.30	real effect	2000	neither_passes	1879	0.93950000	0.00533103	298.924	$24.81-$26.01	$24.90-$26.10 (cap $90.00)	-0.2216	-0.0549	-0.0033	0.0542	0.1084	0.1547	0.1997	-0.2706	-0.1130	-0.0651	-0.0148	0.0320	0.0744	0.1972	0.2321	0.3992	0.4497	0.5014	0.5567	0.5989	0.7004
75	75	150	300	2.00	direct	anytime	0.60	0.30	0.40	0.30	real effect	2000	both_pass	0	0.00000000	0.00000000	298.924	$24.81-$26.01	$24.90-$26.10 (cap $90.00)	NA	NA	NA	NA	NA	NA	NA	NA	NA	NA	NA	NA	NA	NA	NA	NA	NA	NA	NA	NA	NA
480	480	240	1200	0.50	union	anytime	0.60	0.30	0.40	0.30	real effect	2000	fp_passes_fn_fails	919	0.45950000	0.01114360	1198.276	$99.46-$104.25	$99.60-$104.40 (cap $360.00)	0.2001	0.2049	0.2122	0.2247	0.2449	0.2614	0.3116	-0.1455	-0.0535	-0.0257	0.0101	0.0422	0.0713	0.1531	0.3753	0.3996	0.4123	0.4288	0.4499	0.4675	0.5318
480	480	240	1200	0.50	union	anytime	0.60	0.30	0.40	0.30	real effect	2000	fn_passes_fp_fails	0	0.00000000	0.00000000	1198.276	$99.46-$104.25	$99.60-$104.40 (cap $360.00)	NA	NA	NA	NA	NA	NA	NA	NA	NA	NA	NA	NA	NA	NA	NA	NA	NA	NA	NA	NA	NA
480	480	240	1200	0.50	union	anytime	0.60	0.30	0.40	0.30	real effect	2000	neither_passes	1078	0.53900000	0.01114628	1198.276	$99.46-$104.25	$99.60-$104.40 (cap $360.00)	0.0650	0.1362	0.1559	0.1746	0.1873	0.1951	0.2000	-0.2095	-0.0805	-0.0542	-0.0218	0.0106	0.0358	0.1275	0.2771	0.3371	0.3575	0.3763	0.3926	0.4065	0.4895
480	480	240	1200	0.50	union	anytime	0.60	0.30	0.40	0.30	real effect	2000	both_pass	0	0.00000000	0.00000000	1198.276	$99.46-$104.25	$99.60-$104.40 (cap $360.00)	NA	NA	NA	NA	NA	NA	NA	NA	NA	NA	NA	NA	NA	NA	NA	NA	NA	NA	NA	NA	NA
480	480	240	1200	0.50	direct	anytime	0.60	0.30	0.40	0.30	real effect	2000	fp_passes_fn_fails	903	0.45150000	0.01112762	1192.737	$99.00-$103.77	$99.60-$104.40 (cap $360.00)	0.2001	0.2049	0.2121	0.2245	0.2443	0.2608	0.3032	-0.1283	0.0018	0.0331	0.0683	0.1027	0.1370	0.1901	0.3753	0.3994	0.4119	0.4286	0.4490	0.4673	0.5306
480	480	240	1200	0.50	direct	anytime	0.60	0.30	0.40	0.30	real effect	2000	fn_passes_fp_fails	0	0.00000000	0.00000000	1192.737	$99.00-$103.77	$99.60-$104.40 (cap $360.00)	NA	NA	NA	NA	NA	NA	NA	NA	NA	NA	NA	NA	NA	NA	NA	NA	NA	NA	NA	NA	NA
480	480	240	1200	0.50	direct	anytime	0.60	0.30	0.40	0.30	real effect	2000	neither_passes	1078	0.53900000	0.01114628	1192.737	$99.00-$103.77	$99.60-$104.40 (cap $360.00)	0.0650	0.1362	0.1559	0.1746	0.1873	0.1951	0.2000	-0.1338	-0.0248	0.0057	0.0398	0.0748	0.1084	0.1875	0.2771	0.3371	0.3575	0.3763	0.3926	0.4065	0.4895
480	480	240	1200	0.50	direct	anytime	0.60	0.30	0.40	0.30	real effect	2000	both_pass	0	0.00000000	0.00000000	1192.737	$99.00-$103.77	$99.60-$104.40 (cap $360.00)	NA	NA	NA	NA	NA	NA	NA	NA	NA	NA	NA	NA	NA	NA	NA	NA	NA	NA	NA	NA	NA
400	400	400	1200	1.00	union	anytime	0.60	0.30	0.40	0.30	real effect	2000	fp_passes_fn_fails	808	0.40400000	0.01097233	1197.717	$99.41-$104.20	$99.60-$104.40 (cap $360.00)	0.2001	0.2043	0.2108	0.2229	0.2408	0.2612	0.3350	-0.1009	-0.0253	-0.0017	0.0287	0.0584	0.0831	0.1554	0.3760	0.4118	0.4256	0.4405	0.4612	0.4826	0.5613
400	400	400	1200	1.00	union	anytime	0.60	0.30	0.40	0.30	real effect	2000	fn_passes_fp_fails	0	0.00000000	0.00000000	1197.717	$99.41-$104.20	$99.60-$104.40 (cap $360.00)	NA	NA	NA	NA	NA	NA	NA	NA	NA	NA	NA	NA	NA	NA	NA	NA	NA	NA	NA	NA	NA
400	400	400	1200	1.00	union	anytime	0.60	0.30	0.40	0.30	real effect	2000	neither_passes	1188	0.59400000	0.01098098	1197.717	$99.41-$104.20	$99.60-$104.40 (cap $360.00)	0.0625	0.1200	0.1434	0.1663	0.1841	0.1932	0.1999	-0.1320	-0.0576	-0.0350	-0.0062	0.0219	0.0481	0.1280	0.2654	0.3364	0.3598	0.3844	0.4028	0.4195	0.4845
400	400	400	1200	1.00	union	anytime	0.60	0.30	0.40	0.30	real effect	2000	both_pass	0	0.00000000	0.00000000	1197.717	$99.41-$104.20	$99.60-$104.40 (cap $360.00)	NA	NA	NA	NA	NA	NA	NA	NA	NA	NA	NA	NA	NA	NA	NA	NA	NA	NA	NA	NA	NA
400	400	400	1200	1.00	direct	anytime	0.60	0.30	0.40	0.30	real effect	2000	fp_passes_fn_fails	796	0.39800000	0.01094523	1193.597	$99.07-$103.84	$99.60-$104.40 (cap $360.00)	0.2001	0.2042	0.2105	0.2225	0.2403	0.2608	0.3350	-0.0148	0.0508	0.0740	0.1012	0.1281	0.1503	0.1938	0.3760	0.4117	0.4254	0.4401	0.4606	0.4819	0.5613
400	400	400	1200	1.00	direct	anytime	0.60	0.30	0.40	0.30	real effect	2000	fn_passes_fp_fails	1	0.00050000	0.00049987	1193.597	$99.07-$103.84	$99.60-$104.40 (cap $360.00)	0.1524	0.1524	0.1524	0.1524	0.1524	0.1524	0.1524	0.2027	0.2027	0.2027	0.2027	0.2027	0.2027	0.2027	0.3664	0.3664	0.3664	0.3664	0.3664	0.3664	0.3664
400	400	400	1200	1.00	direct	anytime	0.60	0.30	0.40	0.30	real effect	2000	neither_passes	1187	0.59350000	0.01098312	1193.597	$99.07-$103.84	$99.60-$104.40 (cap $360.00)	0.0625	0.1200	0.1434	0.1663	0.1841	0.1932	0.1999	-0.0538	0.0193	0.0430	0.0692	0.0960	0.1211	0.1784	0.2654	0.3364	0.3598	0.3844	0.4028	0.4195	0.4845
400	400	400	1200	1.00	direct	anytime	0.60	0.30	0.40	0.30	real effect	2000	both_pass	0	0.00000000	0.00000000	1193.597	$99.07-$103.84	$99.60-$104.40 (cap $360.00)	NA	NA	NA	NA	NA	NA	NA	NA	NA	NA	NA	NA	NA	NA	NA	NA	NA	NA	NA	NA	NA
300	300	600	1200	2.00	union	anytime	0.60	0.30	0.40	0.30	real effect	2000	fp_passes_fn_fails	589	0.29450000	0.01019239	1195.456	$99.22-$104.00	$99.60-$104.40 (cap $360.00)	0.2000	0.2042	0.2103	0.2230	0.2429	0.2625	0.3113	-0.0632	-0.0099	0.0138	0.0387	0.0638	0.0886	0.1556	0.3964	0.4380	0.4499	0.4700	0.4914	0.5136	0.5928
300	300	600	1200	2.00	union	anytime	0.60	0.30	0.40	0.30	real effect	2000	fn_passes_fp_fails	0	0.00000000	0.00000000	1195.456	$99.22-$104.00	$99.60-$104.40 (cap $360.00)	NA	NA	NA	NA	NA	NA	NA	NA	NA	NA	NA	NA	NA	NA	NA	NA	NA	NA	NA	NA	NA
300	300	600	1200	2.00	union	anytime	0.60	0.30	0.40	0.30	real effect	2000	neither_passes	1403	0.70150000	0.01023225	1195.456	$99.22-$104.00	$99.60-$104.40 (cap $360.00)	-0.0099	0.1002	0.1302	0.1545	0.1788	0.1907	0.1998	-0.1389	-0.0551	-0.0306	0.0003	0.0287	0.0519	0.1091	0.2655	0.3440	0.3731	0.4023	0.4263	0.4443	0.5201
300	300	600	1200	2.00	union	anytime	0.60	0.30	0.40	0.30	real effect	2000	both_pass	0	0.00000000	0.00000000	1195.456	$99.22-$104.00	$99.60-$104.40 (cap $360.00)	NA	NA	NA	NA	NA	NA	NA	NA	NA	NA	NA	NA	NA	NA	NA	NA	NA	NA	NA	NA	NA
300	300	600	1200	2.00	direct	anytime	0.60	0.30	0.40	0.30	real effect	2000	fp_passes_fn_fails	575	0.28750000	0.01012037	1191.596	$98.90-$103.67	$99.60-$104.40 (cap $360.00)	0.2000	0.2041	0.2102	0.2222	0.2421	0.2609	0.3113	0.0197	0.0700	0.0925	0.1128	0.1340	0.1546	0.1949	0.3964	0.4379	0.4495	0.4695	0.4902	0.5102	0.5787
300	300	600	1200	2.00	direct	anytime	0.60	0.30	0.40	0.30	real effect	2000	fn_passes_fp_fails	0	0.00000000	0.00000000	1191.596	$98.90-$103.67	$99.60-$104.40 (cap $360.00)	NA	NA	NA	NA	NA	NA	NA	NA	NA	NA	NA	NA	NA	NA	NA	NA	NA	NA	NA	NA	NA
300	300	600	1200	2.00	direct	anytime	0.60	0.30	0.40	0.30	real effect	2000	neither_passes	1403	0.70150000	0.01023225	1191.596	$98.90-$103.67	$99.60-$104.40 (cap $360.00)	-0.0099	0.1002	0.1302	0.1545	0.1788	0.1907	0.1998	-0.0392	0.0308	0.0515	0.0787	0.1043	0.1249	0.1848	0.2655	0.3440	0.3731	0.4023	0.4263	0.4443	0.5201
300	300	600	1200	2.00	direct	anytime	0.60	0.30	0.40	0.30	real effect	2000	both_pass	0	0.00000000	0.00000000	1191.596	$98.90-$103.67	$99.60-$104.40 (cap $360.00)	NA	NA	NA	NA	NA	NA	NA	NA	NA	NA	NA	NA	NA	NA	NA	NA	NA	NA	NA	NA	NA
120	120	60	300	0.50	union	anytime	0.70	0.30	0.40	0.40	real effect	2000	fp_passes_fn_fails	1194	0.59700000	0.01096793	299.631	$24.87-$26.07	$24.90-$26.10 (cap $90.00)	0.2000	0.2094	0.2255	0.2529	0.2853	0.3168	0.4334	-0.2944	-0.1507	-0.0960	-0.0395	0.0153	0.0666	0.1972	0.4757	0.5467	0.5701	0.5999	0.6341	0.6645	0.7585
120	120	60	300	0.50	union	anytime	0.70	0.30	0.40	0.40	real effect	2000	fn_passes_fp_fails	0	0.00000000	0.00000000	299.631	$24.87-$26.07	$24.90-$26.10 (cap $90.00)	NA	NA	NA	NA	NA	NA	NA	NA	NA	NA	NA	NA	NA	NA	NA	NA	NA	NA	NA	NA	NA
120	120	60	300	0.50	union	anytime	0.70	0.30	0.40	0.40	real effect	2000	neither_passes	802	0.40100000	0.01095899	299.631	$24.87-$26.07	$24.90-$26.10 (cap $90.00)	-0.0285	0.0939	0.1297	0.1589	0.1807	0.1923	0.2000	-0.3517	-0.1980	-0.1494	-0.0964	-0.0421	0.0055	0.1477	0.3375	0.4510	0.4854	0.5154	0.5413	0.5689	0.6388
120	120	60	300	0.50	union	anytime	0.70	0.30	0.40	0.40	real effect	2000	both_pass	0	0.00000000	0.00000000	299.631	$24.87-$26.07	$24.90-$26.10 (cap $90.00)	NA	NA	NA	NA	NA	NA	NA	NA	NA	NA	NA	NA	NA	NA	NA	NA	NA	NA	NA	NA	NA
120	120	60	300	0.50	direct	anytime	0.70	0.30	0.40	0.40	real effect	2000	fp_passes_fn_fails	1100	0.55000000	0.01112430	295.911	$24.56-$25.74	$24.90-$26.10 (cap $90.00)	0.2000	0.2091	0.2242	0.2512	0.2835	0.3144	0.4318	-0.2510	-0.0645	-0.0124	0.0435	0.0973	0.1405	0.1986	0.4757	0.5456	0.5701	0.5988	0.6323	0.6621	0.7585
120	120	60	300	0.50	direct	anytime	0.70	0.30	0.40	0.40	real effect	2000	fn_passes_fp_fails	5	0.00250000	0.00111664	295.911	$24.56-$25.74	$24.90-$26.10 (cap $90.00)	0.1603	0.1613	0.1629	0.1644	0.1662	0.1763	0.1831	0.2017	0.2030	0.2049	0.2071	0.2076	0.2245	0.2357	0.4809	0.4920	0.5086	0.5194	0.5463	0.5545	0.5599
120	120	60	300	0.50	direct	anytime	0.70	0.30	0.40	0.40	real effect	2000	neither_passes	797	0.39850000	0.01094755	295.911	$24.56-$25.74	$24.90-$26.10 (cap $90.00)	-0.0285	0.0938	0.1289	0.1586	0.1807	0.1923	0.2000	-0.2569	-0.1213	-0.0628	0.0031	0.0609	0.1115	0.1982	0.3375	0.4507	0.4854	0.5153	0.5412	0.5690	0.6388
120	120	60	300	0.50	direct	anytime	0.70	0.30	0.40	0.40	real effect	2000	both_pass	0	0.00000000	0.00000000	295.911	$24.56-$25.74	$24.90-$26.10 (cap $90.00)	NA	NA	NA	NA	NA	NA	NA	NA	NA	NA	NA	NA	NA	NA	NA	NA	NA	NA	NA	NA	NA
100	100	100	300	1.00	union	anytime	0.70	0.30	0.40	0.40	real effect	2000	fp_passes_fn_fails	959	0.47950000	0.01117094	299.582	$24.87-$26.06	$24.90-$26.10 (cap $90.00)	0.2002	0.2104	0.2240	0.2477	0.2820	0.3196	0.4031	-0.2576	-0.0951	-0.0518	-0.0028	0.0495	0.0931	0.1853	0.4966	0.5678	0.5926	0.6256	0.6599	0.6885	0.7629
100	100	100	300	1.00	union	anytime	0.70	0.30	0.40	0.40	real effect	2000	fn_passes_fp_fails	0	0.00000000	0.00000000	299.582	$24.87-$26.06	$24.90-$26.10 (cap $90.00)	NA	NA	NA	NA	NA	NA	NA	NA	NA	NA	NA	NA	NA	NA	NA	NA	NA	NA	NA	NA	NA
100	100	100	300	1.00	union	anytime	0.70	0.30	0.40	0.40	real effect	2000	neither_passes	1033	0.51650000	0.01117425	299.582	$24.87-$26.06	$24.90-$26.10 (cap $90.00)	-0.0251	0.0832	0.1168	0.1504	0.1759	0.1911	0.1999	-0.2942	-0.1611	-0.1137	-0.0599	-0.0108	0.0253	0.1628	0.3795	0.4673	0.5008	0.5376	0.5687	0.5941	0.6747
100	100	100	300	1.00	union	anytime	0.70	0.30	0.40	0.40	real effect	2000	both_pass	0	0.00000000	0.00000000	299.582	$24.87-$26.06	$24.90-$26.10 (cap $90.00)	NA	NA	NA	NA	NA	NA	NA	NA	NA	NA	NA	NA	NA	NA	NA	NA	NA	NA	NA	NA	NA
100	100	100	300	1.00	direct	anytime	0.70	0.30	0.40	0.40	real effect	2000	fp_passes_fn_fails	783	0.39150000	0.01091393	289.387	$24.02-$25.18	$24.90-$26.10 (cap $90.00)	0.2002	0.2094	0.2214	0.2446	0.2750	0.3103	0.4031	-0.1284	0.0246	0.0665	0.1045	0.1430	0.1689	0.1971	0.5068	0.5646	0.5910	0.6212	0.6537	0.6817	0.7629
100	100	100	300	1.00	direct	anytime	0.70	0.30	0.40	0.40	real effect	2000	fn_passes_fp_fails	19	0.00950000	0.00216907	289.387	$24.02-$25.18	$24.90-$26.10 (cap $90.00)	0.1211	0.1260	0.1489	0.1682	0.1802	0.1885	0.1955	0.2071	0.2087	0.2152	0.2209	0.2272	0.2478	0.2652	0.4307	0.4921	0.5199	0.5336	0.5678	0.5799	0.5988
100	100	100	300	1.00	direct	anytime	0.70	0.30	0.40	0.40	real effect	2000	neither_passes	1006	0.50300000	0.01118014	289.387	$24.02-$25.18	$24.90-$26.10 (cap $90.00)	-0.0251	0.0826	0.1154	0.1496	0.1755	0.1905	0.1999	-0.1762	-0.0299	0.0136	0.0627	0.1046	0.1420	0.1990	0.3795	0.4670	0.5007	0.5371	0.5682	0.5937	0.6747
100	100	100	300	1.00	direct	anytime	0.70	0.30	0.40	0.40	real effect	2000	both_pass	0	0.00000000	0.00000000	289.387	$24.02-$25.18	$24.90-$26.10 (cap $90.00)	NA	NA	NA	NA	NA	NA	NA	NA	NA	NA	NA	NA	NA	NA	NA	NA	NA	NA	NA	NA	NA
75	75	150	300	2.00	union	anytime	0.70	0.30	0.40	0.40	real effect	2000	fp_passes_fn_fails	697	0.34850000	0.01065476	299.708	$24.88-$26.07	$24.90-$26.10 (cap $90.00)	0.2001	0.2069	0.2189	0.2434	0.2815	0.3148	0.4502	-0.2052	-0.0732	-0.0301	0.0163	0.0600	0.1049	0.1860	0.5401	0.6045	0.6358	0.6688	0.7039	0.7354	0.8131
75	75	150	300	2.00	union	anytime	0.70	0.30	0.40	0.40	real effect	2000	fn_passes_fp_fails	0	0.00000000	0.00000000	299.708	$24.88-$26.07	$24.90-$26.10 (cap $90.00)	NA	NA	NA	NA	NA	NA	NA	NA	NA	NA	NA	NA	NA	NA	NA	NA	NA	NA	NA	NA	NA
75	75	150	300	2.00	union	anytime	0.70	0.30	0.40	0.40	real effect	2000	neither_passes	1297	0.64850000	0.01067585	299.708	$24.88-$26.07	$24.90-$26.10 (cap $90.00)	-0.1241	0.0335	0.0799	0.1266	0.1645	0.1861	0.1998	-0.2808	-0.1421	-0.0983	-0.0500	-0.0042	0.0384	0.1535	0.3431	0.4853	0.5244	0.5714	0.6065	0.6363	0.7454
75	75	150	300	2.00	union	anytime	0.70	0.30	0.40	0.40	real effect	2000	both_pass	0	0.00000000	0.00000000	299.708	$24.88-$26.07	$24.90-$26.10 (cap $90.00)	NA	NA	NA	NA	NA	NA	NA	NA	NA	NA	NA	NA	NA	NA	NA	NA	NA	NA	NA	NA	NA
75	75	150	300	2.00	direct	anytime	0.70	0.30	0.40	0.40	real effect	2000	fp_passes_fn_fails	561	0.28050000	0.01004539	294.446	$24.44-$25.62	$24.90-$26.10 (cap $90.00)	0.2001	0.2064	0.2166	0.2378	0.2724	0.3033	0.4062	-0.0586	0.0454	0.0842	0.1192	0.1526	0.1746	0.1998	0.5401	0.6037	0.6308	0.6630	0.6974	0.7250	0.8128
75	75	150	300	2.00	direct	anytime	0.70	0.30	0.40	0.40	real effect	2000	fn_passes_fp_fails	19	0.00950000	0.00216907	294.446	$24.44-$25.62	$24.90-$26.10 (cap $90.00)	0.0445	0.1110	0.1391	0.1723	0.1844	0.1898	0.1914	0.2006	0.2015	0.2037	0.2080	0.2208	0.2345	0.2520	0.5120	0.5516	0.5761	0.5941	0.6240	0.6423	0.6635
75	75	150	300	2.00	direct	anytime	0.70	0.30	0.40	0.40	real effect	2000	neither_passes	1273	0.63650000	0.01075564	294.446	$24.44-$25.62	$24.90-$26.10 (cap $90.00)	-0.1241	0.0326	0.0793	0.1259	0.1639	0.1857	0.1998	-0.1455	-0.0169	0.0272	0.0695	0.1114	0.1478	0.1996	0.3431	0.4848	0.5239	0.5703	0.6056	0.6360	0.7454
75	75	150	300	2.00	direct	anytime	0.70	0.30	0.40	0.40	real effect	2000	both_pass	0	0.00000000	0.00000000	294.446	$24.44-$25.62	$24.90-$26.10 (cap $90.00)	NA	NA	NA	NA	NA	NA	NA	NA	NA	NA	NA	NA	NA	NA	NA	NA	NA	NA	NA	NA	NA
480	480	240	1200	0.50	union	anytime	0.70	0.30	0.40	0.40	real effect	2000	fp_passes_fn_fails	1951	0.97550000	0.00345686	1189.776	$98.75-$103.51	$99.60-$104.40 (cap $360.00)	0.2021	0.2539	0.2741	0.2988	0.3237	0.3460	0.4162	-0.0818	0.0358	0.0666	0.0981	0.1301	0.1566	0.1967	0.3679	0.4458	0.4689	0.4953	0.5195	0.5407	0.6170
480	480	240	1200	0.50	union	anytime	0.70	0.30	0.40	0.40	real effect	2000	fn_passes_fp_fails	0	0.00000000	0.00000000	1189.776	$98.75-$103.51	$99.60-$104.40 (cap $360.00)	NA	NA	NA	NA	NA	NA	NA	NA	NA	NA	NA	NA	NA	NA	NA	NA	NA	NA	NA	NA	NA
480	480	240	1200	0.50	union	anytime	0.70	0.30	0.40	0.40	real effect	2000	neither_passes	4	0.00200000	0.00099900	1189.776	$98.75-$103.51	$99.60-$104.40 (cap $360.00)	0.1734	0.1776	0.1840	0.1904	0.1947	0.1972	0.1989	-0.0002	0.0113	0.0284	0.0470	0.0656	0.0826	0.0939	0.3675	0.3707	0.3755	0.3821	0.3904	0.3982	0.4034
480	480	240	1200	0.50	union	anytime	0.70	0.30	0.40	0.40	real effect	2000	both_pass	0	0.00000000	0.00000000	1189.776	$98.75-$103.51	$99.60-$104.40 (cap $360.00)	NA	NA	NA	NA	NA	NA	NA	NA	NA	NA	NA	NA	NA	NA	NA	NA	NA	NA	NA	NA	NA
480	480	240	1200	0.50	direct	anytime	0.70	0.30	0.40	0.40	real effect	2000	fp_passes_fn_fails	1483	0.74150000	0.00978973	1053.643	$87.45-$91.67	$99.60-$104.40 (cap $360.00)	0.2021	0.2490	0.2690	0.2935	0.3179	0.3404	0.4162	-0.0099	0.0869	0.1143	0.1445	0.1681	0.1829	0.1999	0.3795	0.4429	0.4653	0.4903	0.5149	0.5364	0.6170
480	480	240	1200	0.50	direct	anytime	0.70	0.30	0.40	0.40	real effect	2000	fn_passes_fp_fails	0	0.00000000	0.00000000	1053.643	$87.45-$91.67	$99.60-$104.40 (cap $360.00)	NA	NA	NA	NA	NA	NA	NA	NA	NA	NA	NA	NA	NA	NA	NA	NA	NA	NA	NA	NA	NA
480	480	240	1200	0.50	direct	anytime	0.70	0.30	0.40	0.40	real effect	2000	neither_passes	4	0.00200000	0.00099900	1053.643	$87.45-$91.67	$99.60-$104.40 (cap $360.00)	0.1734	0.1776	0.1840	0.1904	0.1947	0.1972	0.1989	0.0832	0.0986	0.1218	0.1368	0.1479	0.1639	0.1746	0.3675	0.3707	0.3755	0.3821	0.3904	0.3982	0.4034
480	480	240	1200	0.50	direct	anytime	0.70	0.30	0.40	0.40	real effect	2000	both_pass	0	0.00000000	0.00000000	1053.643	$87.45-$91.67	$99.60-$104.40 (cap $360.00)	NA	NA	NA	NA	NA	NA	NA	NA	NA	NA	NA	NA	NA	NA	NA	NA	NA	NA	NA	NA	NA
400	400	400	1200	1.00	union	anytime	0.70	0.30	0.40	0.40	real effect	2000	fp_passes_fn_fails	1922	0.96100000	0.00432891	1187.559	$98.57-$103.32	$99.60-$104.40 (cap $360.00)	0.2001	0.2416	0.2656	0.2921	0.3179	0.3409	0.4108	-0.0608	0.0565	0.0831	0.1141	0.1416	0.1639	0.1998	0.3965	0.4514	0.4732	0.5016	0.5291	0.5557	0.6257
400	400	400	1200	1.00	union	anytime	0.70	0.30	0.40	0.40	real effect	2000	fn_passes_fp_fails	0	0.00000000	0.00000000	1187.559	$98.57-$103.32	$99.60-$104.40 (cap $360.00)	NA	NA	NA	NA	NA	NA	NA	NA	NA	NA	NA	NA	NA	NA	NA	NA	NA	NA	NA	NA	NA
400	400	400	1200	1.00	union	anytime	0.70	0.30	0.40	0.40	real effect	2000	neither_passes	16	0.00800000	0.00199198	1187.559	$98.57-$103.32	$99.60-$104.40 (cap $360.00)	0.1518	0.1732	0.1846	0.1904	0.1953	0.1975	0.1989	-0.0077	0.0095	0.0213	0.0651	0.0855	0.1234	0.1424	0.3705	0.3792	0.3866	0.3994	0.4161	0.4197	0.4770
400	400	400	1200	1.00	union	anytime	0.70	0.30	0.40	0.40	real effect	2000	both_pass	0	0.00000000	0.00000000	1187.559	$98.57-$103.32	$99.60-$104.40 (cap $360.00)	NA	NA	NA	NA	NA	NA	NA	NA	NA	NA	NA	NA	NA	NA	NA	NA	NA	NA	NA	NA	NA
400	400	400	1200	1.00	direct	anytime	0.70	0.30	0.40	0.40	real effect	2000	fp_passes_fn_fails	1136	0.56800000	0.01107646	949.812	$78.83-$82.63	$99.60-$104.40 (cap $360.00)	0.2001	0.2344	0.2549	0.2787	0.3029	0.3251	0.4040	0.0315	0.1214	0.1427	0.1643	0.1809	0.1906	0.1998	0.3965	0.4427	0.4643	0.4891	0.5148	0.5367	0.6138
400	400	400	1200	1.00	direct	anytime	0.70	0.30	0.40	0.40	real effect	2000	fn_passes_fp_fails	1	0.00050000	0.00049987	949.812	$78.83-$82.63	$99.60-$104.40 (cap $360.00)	0.1680	0.1680	0.1680	0.1680	0.1680	0.1680	0.1680	0.2157	0.2157	0.2157	0.2157	0.2157	0.2157	0.2157	0.3844	0.3844	0.3844	0.3844	0.3844	0.3844	0.3844
400	400	400	1200	1.00	direct	anytime	0.70	0.30	0.40	0.40	real effect	2000	neither_passes	14	0.00700000	0.00186427	949.812	$78.83-$82.63	$99.60-$104.40 (cap $360.00)	0.1518	0.1796	0.1857	0.1904	0.1956	0.1980	0.1989	0.0686	0.0832	0.1037	0.1222	0.1463	0.1483	0.1955	0.3705	0.3778	0.3879	0.3994	0.4177	0.4198	0.4770
400	400	400	1200	1.00	direct	anytime	0.70	0.30	0.40	0.40	real effect	2000	both_pass	0	0.00000000	0.00000000	949.812	$78.83-$82.63	$99.60-$104.40 (cap $360.00)	NA	NA	NA	NA	NA	NA	NA	NA	NA	NA	NA	NA	NA	NA	NA	NA	NA	NA	NA	NA	NA
300	300	600	1200	2.00	union	anytime	0.70	0.30	0.40	0.40	real effect	2000	fp_passes_fn_fails	1829	0.91450000	0.00625259	1184.592	$98.32-$103.06	$99.60-$104.40 (cap $360.00)	0.2001	0.2269	0.2496	0.2765	0.3064	0.3316	0.4173	-0.0119	0.0648	0.0909	0.1182	0.1439	0.1680	0.1997	0.4154	0.4632	0.4874	0.5164	0.5453	0.5720	0.6766
300	300	600	1200	2.00	union	anytime	0.70	0.30	0.40	0.40	real effect	2000	fn_passes_fp_fails	0	0.00000000	0.00000000	1184.592	$98.32-$103.06	$99.60-$104.40 (cap $360.00)	NA	NA	NA	NA	NA	NA	NA	NA	NA	NA	NA	NA	NA	NA	NA	NA	NA	NA	NA	NA	NA
300	300	600	1200	2.00	union	anytime	0.70	0.30	0.40	0.40	real effect	2000	neither_passes	97	0.04850000	0.00480353	1184.592	$98.32-$103.06	$99.60-$104.40 (cap $360.00)	0.1153	0.1473	0.1675	0.1822	0.1939	0.1973	0.2000	-0.0354	0.0136	0.0361	0.0607	0.0957	0.1172	0.1475	0.3590	0.3881	0.4029	0.4242	0.4372	0.4529	0.4939
300	300	600	1200	2.00	union	anytime	0.70	0.30	0.40	0.40	real effect	2000	both_pass	0	0.00000000	0.00000000	1184.592	$98.32-$103.06	$99.60-$104.40 (cap $360.00)	NA	NA	NA	NA	NA	NA	NA	NA	NA	NA	NA	NA	NA	NA	NA	NA	NA	NA	NA	NA	NA
300	300	600	1200	2.00	direct	anytime	0.70	0.30	0.40	0.40	real effect	2000	fp_passes_fn_fails	967	0.48350000	0.01117425	944.062	$78.36-$82.13	$99.60-$104.40 (cap $360.00)	0.2001	0.2176	0.2385	0.2616	0.2897	0.3138	0.4000	0.0747	0.1335	0.1510	0.1704	0.1848	0.1920	0.1997	0.4154	0.4560	0.4755	0.5001	0.5273	0.5561	0.6455
300	300	600	1200	2.00	direct	anytime	0.70	0.30	0.40	0.40	real effect	2000	fn_passes_fp_fails	4	0.00200000	0.00099900	944.062	$78.36-$82.13	$99.60-$104.40 (cap $360.00)	0.1638	0.1703	0.1801	0.1911	0.1970	0.1976	0.1980	0.2027	0.2033	0.2042	0.2053	0.2063	0.2072	0.2078	0.3927	0.4049	0.4233	0.4359	0.4417	0.4480	0.4522
300	300	600	1200	2.00	direct	anytime	0.70	0.30	0.40	0.40	real effect	2000	neither_passes	91	0.04550000	0.00465992	944.062	$78.36-$82.13	$99.60-$104.40 (cap $360.00)	0.1153	0.1471	0.1673	0.1808	0.1934	0.1968	0.2000	0.0497	0.0961	0.1168	0.1410	0.1642	0.1830	0.1957	0.3590	0.3847	0.4028	0.4242	0.4367	0.4540	0.4939
300	300	600	1200	2.00	direct	anytime	0.70	0.30	0.40	0.40	real effect	2000	both_pass	0	0.00000000	0.00000000	944.062	$78.36-$82.13	$99.60-$104.40 (cap $360.00)	NA	NA	NA	NA	NA	NA	NA	NA	NA	NA	NA	NA	NA	NA	NA	NA	NA	NA	NA	NA	NA
120	120	60	300	0.50	union	anytime	0.35	0.35	0.30	0.00	no-lift	2000	fp_passes_fn_fails	0	0.00000000	0.00000000	182.776	$15.17-$15.90	$24.90-$26.10 (cap $90.00)	NA	NA	NA	NA	NA	NA	NA	NA	NA	NA	NA	NA	NA	NA	NA	NA	NA	NA	NA	NA	NA
120	120	60	300	0.50	union	anytime	0.35	0.35	0.30	0.00	no-lift	2000	fn_passes_fp_fails	0	0.00000000	0.00000000	182.776	$15.17-$15.90	$24.90-$26.10 (cap $90.00)	NA	NA	NA	NA	NA	NA	NA	NA	NA	NA	NA	NA	NA	NA	NA	NA	NA	NA	NA	NA	NA
120	120	60	300	0.50	union	anytime	0.35	0.35	0.30	0.00	no-lift	2000	neither_passes	598	0.29900000	0.01023716	182.776	$15.17-$15.90	$24.90-$26.10 (cap $90.00)	-0.2194	-0.1688	-0.1464	-0.1230	-0.0940	-0.0612	0.0498	-0.5232	-0.3648	-0.3167	-0.2620	-0.2101	-0.1644	-0.0434	0.2002	0.2119	0.2230	0.2444	0.2737	0.3066	0.3923
120	120	60	300	0.50	union	anytime	0.35	0.35	0.30	0.00	no-lift	2000	both_pass	0	0.00000000	0.00000000	182.776	$15.17-$15.90	$24.90-$26.10 (cap $90.00)	NA	NA	NA	NA	NA	NA	NA	NA	NA	NA	NA	NA	NA	NA	NA	NA	NA	NA	NA	NA	NA
120	120	60	300	0.50	direct	anytime	0.35	0.35	0.30	0.00	no-lift	2000	fp_passes_fn_fails	0	0.00000000	0.00000000	182.776	$15.17-$15.90	$24.90-$26.10 (cap $90.00)	NA	NA	NA	NA	NA	NA	NA	NA	NA	NA	NA	NA	NA	NA	NA	NA	NA	NA	NA	NA	NA
120	120	60	300	0.50	direct	anytime	0.35	0.35	0.30	0.00	no-lift	2000	fn_passes_fp_fails	0	0.00000000	0.00000000	182.776	$15.17-$15.90	$24.90-$26.10 (cap $90.00)	NA	NA	NA	NA	NA	NA	NA	NA	NA	NA	NA	NA	NA	NA	NA	NA	NA	NA	NA	NA	NA
120	120	60	300	0.50	direct	anytime	0.35	0.35	0.30	0.00	no-lift	2000	neither_passes	598	0.29900000	0.01023716	182.776	$15.17-$15.90	$24.90-$26.10 (cap $90.00)	-0.2194	-0.1688	-0.1464	-0.1230	-0.0940	-0.0612	0.0498	-0.4915	-0.2936	-0.2336	-0.1710	-0.1193	-0.0675	0.0551	0.2002	0.2119	0.2230	0.2444	0.2737	0.3066	0.3923
120	120	60	300	0.50	direct	anytime	0.35	0.35	0.30	0.00	no-lift	2000	both_pass	0	0.00000000	0.00000000	182.776	$15.17-$15.90	$24.90-$26.10 (cap $90.00)	NA	NA	NA	NA	NA	NA	NA	NA	NA	NA	NA	NA	NA	NA	NA	NA	NA	NA	NA	NA	NA
100	100	100	300	1.00	union	anytime	0.35	0.35	0.30	0.00	no-lift	2000	fp_passes_fn_fails	0	0.00000000	0.00000000	201.141	$16.69-$17.50	$24.90-$26.10 (cap $90.00)	NA	NA	NA	NA	NA	NA	NA	NA	NA	NA	NA	NA	NA	NA	NA	NA	NA	NA	NA	NA	NA
100	100	100	300	1.00	union	anytime	0.35	0.35	0.30	0.00	no-lift	2000	fn_passes_fp_fails	0	0.00000000	0.00000000	201.141	$16.69-$17.50	$24.90-$26.10 (cap $90.00)	NA	NA	NA	NA	NA	NA	NA	NA	NA	NA	NA	NA	NA	NA	NA	NA	NA	NA	NA	NA	NA
100	100	100	300	1.00	union	anytime	0.35	0.35	0.30	0.00	no-lift	2000	neither_passes	758	0.37900000	0.01084802	201.141	$16.69-$17.50	$24.90-$26.10 (cap $90.00)	-0.2579	-0.1974	-0.1739	-0.1435	-0.1099	-0.0733	0.0383	-0.4541	-0.3187	-0.2821	-0.2379	-0.1876	-0.1478	-0.0422	0.2004	0.2123	0.2280	0.2547	0.2898	0.3268	0.4318
100	100	100	300	1.00	union	anytime	0.35	0.35	0.30	0.00	no-lift	2000	both_pass	0	0.00000000	0.00000000	201.141	$16.69-$17.50	$24.90-$26.10 (cap $90.00)	NA	NA	NA	NA	NA	NA	NA	NA	NA	NA	NA	NA	NA	NA	NA	NA	NA	NA	NA	NA	NA
100	100	100	300	1.00	direct	anytime	0.35	0.35	0.30	0.00	no-lift	2000	fp_passes_fn_fails	0	0.00000000	0.00000000	201.141	$16.69-$17.50	$24.90-$26.10 (cap $90.00)	NA	NA	NA	NA	NA	NA	NA	NA	NA	NA	NA	NA	NA	NA	NA	NA	NA	NA	NA	NA	NA
100	100	100	300	1.00	direct	anytime	0.35	0.35	0.30	0.00	no-lift	2000	fn_passes_fp_fails	0	0.00000000	0.00000000	201.141	$16.69-$17.50	$24.90-$26.10 (cap $90.00)	NA	NA	NA	NA	NA	NA	NA	NA	NA	NA	NA	NA	NA	NA	NA	NA	NA	NA	NA	NA	NA
100	100	100	300	1.00	direct	anytime	0.35	0.35	0.30	0.00	no-lift	2000	neither_passes	758	0.37900000	0.01084802	201.141	$16.69-$17.50	$24.90-$26.10 (cap $90.00)	-0.2579	-0.1974	-0.1739	-0.1435	-0.1099	-0.0733	0.0383	-0.3215	-0.2057	-0.1658	-0.1249	-0.0752	-0.0366	0.0851	0.2004	0.2123	0.2280	0.2547	0.2898	0.3268	0.4318
100	100	100	300	1.00	direct	anytime	0.35	0.35	0.30	0.00	no-lift	2000	both_pass	0	0.00000000	0.00000000	201.141	$16.69-$17.50	$24.90-$26.10 (cap $90.00)	NA	NA	NA	NA	NA	NA	NA	NA	NA	NA	NA	NA	NA	NA	NA	NA	NA	NA	NA	NA	NA
75	75	150	300	2.00	union	anytime	0.35	0.35	0.30	0.00	no-lift	2000	fp_passes_fn_fails	0	0.00000000	0.00000000	221.398	$18.38-$19.26	$24.90-$26.10 (cap $90.00)	NA	NA	NA	NA	NA	NA	NA	NA	NA	NA	NA	NA	NA	NA	NA	NA	NA	NA	NA	NA	NA
75	75	150	300	2.00	union	anytime	0.35	0.35	0.30	0.00	no-lift	2000	fn_passes_fp_fails	0	0.00000000	0.00000000	221.398	$18.38-$19.26	$24.90-$26.10 (cap $90.00)	NA	NA	NA	NA	NA	NA	NA	NA	NA	NA	NA	NA	NA	NA	NA	NA	NA	NA	NA	NA	NA
75	75	150	300	2.00	union	anytime	0.35	0.35	0.30	0.00	no-lift	2000	neither_passes	969	0.48450000	0.01117497	221.398	$18.38-$19.26	$24.90-$26.10 (cap $90.00)	-0.3341	-0.2447	-0.2195	-0.1796	-0.1347	-0.0867	0.0576	-0.4109	-0.3146	-0.2772	-0.2310	-0.1911	-0.1464	0.0159	0.2001	0.2184	0.2361	0.2678	0.3153	0.3649	0.5204
75	75	150	300	2.00	union	anytime	0.35	0.35	0.30	0.00	no-lift	2000	both_pass	0	0.00000000	0.00000000	221.398	$18.38-$19.26	$24.90-$26.10 (cap $90.00)	NA	NA	NA	NA	NA	NA	NA	NA	NA	NA	NA	NA	NA	NA	NA	NA	NA	NA	NA	NA	NA
75	75	150	300	2.00	direct	anytime	0.35	0.35	0.30	0.00	no-lift	2000	fp_passes_fn_fails	0	0.00000000	0.00000000	221.398	$18.38-$19.26	$24.90-$26.10 (cap $90.00)	NA	NA	NA	NA	NA	NA	NA	NA	NA	NA	NA	NA	NA	NA	NA	NA	NA	NA	NA	NA	NA
75	75	150	300	2.00	direct	anytime	0.35	0.35	0.30	0.00	no-lift	2000	fn_passes_fp_fails	0	0.00000000	0.00000000	221.398	$18.38-$19.26	$24.90-$26.10 (cap $90.00)	NA	NA	NA	NA	NA	NA	NA	NA	NA	NA	NA	NA	NA	NA	NA	NA	NA	NA	NA	NA	NA
75	75	150	300	2.00	direct	anytime	0.35	0.35	0.30	0.00	no-lift	2000	neither_passes	969	0.48450000	0.01117497	221.398	$18.38-$19.26	$24.90-$26.10 (cap $90.00)	-0.3341	-0.2447	-0.2195	-0.1796	-0.1347	-0.0867	0.0576	-0.3071	-0.1958	-0.1610	-0.1196	-0.0828	-0.0401	0.0815	0.2001	0.2184	0.2361	0.2678	0.3153	0.3649	0.5204
75	75	150	300	2.00	direct	anytime	0.35	0.35	0.30	0.00	no-lift	2000	both_pass	0	0.00000000	0.00000000	221.398	$18.38-$19.26	$24.90-$26.10 (cap $90.00)	NA	NA	NA	NA	NA	NA	NA	NA	NA	NA	NA	NA	NA	NA	NA	NA	NA	NA	NA	NA	NA
480	480	240	1200	0.50	union	anytime	0.35	0.35	0.30	0.00	no-lift	2000	fp_passes_fn_fails	0	0.00000000	0.00000000	250.254	$20.77-$21.77	$99.60-$104.40 (cap $360.00)	NA	NA	NA	NA	NA	NA	NA	NA	NA	NA	NA	NA	NA	NA	NA	NA	NA	NA	NA	NA	NA
480	480	240	1200	0.50	union	anytime	0.35	0.35	0.30	0.00	no-lift	2000	fn_passes_fp_fails	0	0.00000000	0.00000000	250.254	$20.77-$21.77	$99.60-$104.40 (cap $360.00)	NA	NA	NA	NA	NA	NA	NA	NA	NA	NA	NA	NA	NA	NA	NA	NA	NA	NA	NA	NA	NA
480	480	240	1200	0.50	union	anytime	0.35	0.35	0.30	0.00	no-lift	2000	neither_passes	12	0.00600000	0.00172685	250.254	$20.77-$21.77	$99.60-$104.40 (cap $360.00)	-0.0289	-0.0281	-0.0190	-0.0091	0.0041	0.0061	0.0378	-0.1337	-0.1256	-0.1052	-0.0646	-0.0378	-0.0027	0.0194	0.2019	0.2026	0.2047	0.2110	0.2185	0.2275	0.2533
480	480	240	1200	0.50	union	anytime	0.35	0.35	0.30	0.00	no-lift	2000	both_pass	0	0.00000000	0.00000000	250.254	$20.77-$21.77	$99.60-$104.40 (cap $360.00)	NA	NA	NA	NA	NA	NA	NA	NA	NA	NA	NA	NA	NA	NA	NA	NA	NA	NA	NA	NA	NA
480	480	240	1200	0.50	direct	anytime	0.35	0.35	0.30	0.00	no-lift	2000	fp_passes_fn_fails	0	0.00000000	0.00000000	250.254	$20.77-$21.77	$99.60-$104.40 (cap $360.00)	NA	NA	NA	NA	NA	NA	NA	NA	NA	NA	NA	NA	NA	NA	NA	NA	NA	NA	NA	NA	NA
480	480	240	1200	0.50	direct	anytime	0.35	0.35	0.30	0.00	no-lift	2000	fn_passes_fp_fails	0	0.00000000	0.00000000	250.254	$20.77-$21.77	$99.60-$104.40 (cap $360.00)	NA	NA	NA	NA	NA	NA	NA	NA	NA	NA	NA	NA	NA	NA	NA	NA	NA	NA	NA	NA	NA
480	480	240	1200	0.50	direct	anytime	0.35	0.35	0.30	0.00	no-lift	2000	neither_passes	12	0.00600000	0.00172685	250.254	$20.77-$21.77	$99.60-$104.40 (cap $360.00)	-0.0289	-0.0281	-0.0190	-0.0091	0.0041	0.0061	0.0378	-0.1033	-0.0993	-0.0628	-0.0211	0.0003	0.0298	0.0551	0.2019	0.2026	0.2047	0.2110	0.2185	0.2275	0.2533
480	480	240	1200	0.50	direct	anytime	0.35	0.35	0.30	0.00	no-lift	2000	both_pass	0	0.00000000	0.00000000	250.254	$20.77-$21.77	$99.60-$104.40 (cap $360.00)	NA	NA	NA	NA	NA	NA	NA	NA	NA	NA	NA	NA	NA	NA	NA	NA	NA	NA	NA	NA	NA
400	400	400	1200	1.00	union	anytime	0.35	0.35	0.30	0.00	no-lift	2000	fp_passes_fn_fails	0	0.00000000	0.00000000	308.045	$25.57-$26.80	$99.60-$104.40 (cap $360.00)	NA	NA	NA	NA	NA	NA	NA	NA	NA	NA	NA	NA	NA	NA	NA	NA	NA	NA	NA	NA	NA
400	400	400	1200	1.00	union	anytime	0.35	0.35	0.30	0.00	no-lift	2000	fn_passes_fp_fails	0	0.00000000	0.00000000	308.045	$25.57-$26.80	$99.60-$104.40 (cap $360.00)	NA	NA	NA	NA	NA	NA	NA	NA	NA	NA	NA	NA	NA	NA	NA	NA	NA	NA	NA	NA	NA
400	400	400	1200	1.00	union	anytime	0.35	0.35	0.30	0.00	no-lift	2000	neither_passes	33	0.01650000	0.00284849	308.045	$25.57-$26.80	$99.60-$104.40 (cap $360.00)	-0.0360	-0.0292	-0.0224	-0.0119	-0.0036	0.0039	0.0189	-0.1492	-0.0982	-0.0870	-0.0597	-0.0483	-0.0427	-0.0093	0.2008	0.2037	0.2070	0.2094	0.2177	0.2290	0.2567
400	400	400	1200	1.00	union	anytime	0.35	0.35	0.30	0.00	no-lift	2000	both_pass	0	0.00000000	0.00000000	308.045	$25.57-$26.80	$99.60-$104.40 (cap $360.00)	NA	NA	NA	NA	NA	NA	NA	NA	NA	NA	NA	NA	NA	NA	NA	NA	NA	NA	NA	NA	NA
400	400	400	1200	1.00	direct	anytime	0.35	0.35	0.30	0.00	no-lift	2000	fp_passes_fn_fails	0	0.00000000	0.00000000	308.045	$25.57-$26.80	$99.60-$104.40 (cap $360.00)	NA	NA	NA	NA	NA	NA	NA	NA	NA	NA	NA	NA	NA	NA	NA	NA	NA	NA	NA	NA	NA
400	400	400	1200	1.00	direct	anytime	0.35	0.35	0.30	0.00	no-lift	2000	fn_passes_fp_fails	0	0.00000000	0.00000000	308.045	$25.57-$26.80	$99.60-$104.40 (cap $360.00)	NA	NA	NA	NA	NA	NA	NA	NA	NA	NA	NA	NA	NA	NA	NA	NA	NA	NA	NA	NA	NA
400	400	400	1200	1.00	direct	anytime	0.35	0.35	0.30	0.00	no-lift	2000	neither_passes	33	0.01650000	0.00284849	308.045	$25.57-$26.80	$99.60-$104.40 (cap $360.00)	-0.0360	-0.0292	-0.0224	-0.0119	-0.0036	0.0039	0.0189	-0.0836	-0.0415	-0.0248	0.0045	0.0177	0.0304	0.0545	0.2008	0.2037	0.2070	0.2094	0.2177	0.2290	0.2567
400	400	400	1200	1.00	direct	anytime	0.35	0.35	0.30	0.00	no-lift	2000	both_pass	0	0.00000000	0.00000000	308.045	$25.57-$26.80	$99.60-$104.40 (cap $360.00)	NA	NA	NA	NA	NA	NA	NA	NA	NA	NA	NA	NA	NA	NA	NA	NA	NA	NA	NA	NA	NA
300	300	600	1200	2.00	union	anytime	0.35	0.35	0.30	0.00	no-lift	2000	fp_passes_fn_fails	0	0.00000000	0.00000000	393.548	$32.66-$34.24	$99.60-$104.40 (cap $360.00)	NA	NA	NA	NA	NA	NA	NA	NA	NA	NA	NA	NA	NA	NA	NA	NA	NA	NA	NA	NA	NA
300	300	600	1200	2.00	union	anytime	0.35	0.35	0.30	0.00	no-lift	2000	fn_passes_fp_fails	0	0.00000000	0.00000000	393.548	$32.66-$34.24	$99.60-$104.40 (cap $360.00)	NA	NA	NA	NA	NA	NA	NA	NA	NA	NA	NA	NA	NA	NA	NA	NA	NA	NA	NA	NA	NA
300	300	600	1200	2.00	union	anytime	0.35	0.35	0.30	0.00	no-lift	2000	neither_passes	80	0.04000000	0.00438178	393.548	$32.66-$34.24	$99.60-$104.40 (cap $360.00)	-0.0964	-0.0580	-0.0454	-0.0347	-0.0179	-0.0075	0.0445	-0.1815	-0.1224	-0.0929	-0.0708	-0.0543	-0.0397	0.0161	0.2006	0.2051	0.2126	0.2202	0.2306	0.2468	0.2995
300	300	600	1200	2.00	union	anytime	0.35	0.35	0.30	0.00	no-lift	2000	both_pass	0	0.00000000	0.00000000	393.548	$32.66-$34.24	$99.60-$104.40 (cap $360.00)	NA	NA	NA	NA	NA	NA	NA	NA	NA	NA	NA	NA	NA	NA	NA	NA	NA	NA	NA	NA	NA
300	300	600	1200	2.00	direct	anytime	0.35	0.35	0.30	0.00	no-lift	2000	fp_passes_fn_fails	0	0.00000000	0.00000000	393.548	$32.66-$34.24	$99.60-$104.40 (cap $360.00)	NA	NA	NA	NA	NA	NA	NA	NA	NA	NA	NA	NA	NA	NA	NA	NA	NA	NA	NA	NA	NA
300	300	600	1200	2.00	direct	anytime	0.35	0.35	0.30	0.00	no-lift	2000	fn_passes_fp_fails	0	0.00000000	0.00000000	393.548	$32.66-$34.24	$99.60-$104.40 (cap $360.00)	NA	NA	NA	NA	NA	NA	NA	NA	NA	NA	NA	NA	NA	NA	NA	NA	NA	NA	NA	NA	NA
300	300	600	1200	2.00	direct	anytime	0.35	0.35	0.30	0.00	no-lift	2000	neither_passes	80	0.04000000	0.00438178	393.548	$32.66-$34.24	$99.60-$104.40 (cap $360.00)	-0.0964	-0.0580	-0.0454	-0.0347	-0.0179	-0.0075	0.0445	-0.0705	-0.0523	-0.0286	-0.0056	0.0166	0.0282	0.0653	0.2006	0.2051	0.2126	0.2202	0.2306	0.2468	0.2995
300	300	600	1200	2.00	direct	anytime	0.35	0.35	0.30	0.00	no-lift	2000	both_pass	0	0.00000000	0.00000000	393.548	$32.66-$34.24	$99.60-$104.40 (cap $360.00)	NA	NA	NA	NA	NA	NA	NA	NA	NA	NA	NA	NA	NA	NA	NA	NA	NA	NA	NA	NA	NA
120	120	60	300	0.50	union	anytime	0.45	0.35	0.30	0.10	no-lift	2000	fp_passes_fn_fails	0	0.00000000	0.00000000	263.681	$21.89-$22.94	$24.90-$26.10 (cap $90.00)	NA	NA	NA	NA	NA	NA	NA	NA	NA	NA	NA	NA	NA	NA	NA	NA	NA	NA	NA	NA	NA
120	120	60	300	0.50	union	anytime	0.45	0.35	0.30	0.10	no-lift	2000	fn_passes_fp_fails	0	0.00000000	0.00000000	263.681	$21.89-$22.94	$24.90-$26.10 (cap $90.00)	NA	NA	NA	NA	NA	NA	NA	NA	NA	NA	NA	NA	NA	NA	NA	NA	NA	NA	NA	NA	NA
120	120	60	300	0.50	union	anytime	0.45	0.35	0.30	0.10	no-lift	2000	neither_passes	1596	0.79800000	0.00897764	263.681	$21.89-$22.94	$24.90-$26.10 (cap $90.00)	-0.2122	-0.1480	-0.1166	-0.0777	-0.0359	0.0086	0.1588	-0.4553	-0.3042	-0.2491	-0.1969	-0.1405	-0.0904	0.0581	0.2000	0.2318	0.2564	0.2950	0.3346	0.3793	0.5203
120	120	60	300	0.50	union	anytime	0.45	0.35	0.30	0.10	no-lift	2000	both_pass	0	0.00000000	0.00000000	263.681	$21.89-$22.94	$24.90-$26.10 (cap $90.00)	NA	NA	NA	NA	NA	NA	NA	NA	NA	NA	NA	NA	NA	NA	NA	NA	NA	NA	NA	NA	NA
120	120	60	300	0.50	direct	anytime	0.45	0.35	0.30	0.10	no-lift	2000	fp_passes_fn_fails	0	0.00000000	0.00000000	263.681	$21.89-$22.94	$24.90-$26.10 (cap $90.00)	NA	NA	NA	NA	NA	NA	NA	NA	NA	NA	NA	NA	NA	NA	NA	NA	NA	NA	NA	NA	NA
120	120	60	300	0.50	direct	anytime	0.45	0.35	0.30	0.10	no-lift	2000	fn_passes_fp_fails	2	0.00100000	0.00070675	263.681	$21.89-$22.94	$24.90-$26.10 (cap $90.00)	-0.0791	-0.0646	-0.0428	-0.0066	0.0296	0.0513	0.0658	0.2156	0.2183	0.2224	0.2292	0.2360	0.2401	0.2428	0.2590	0.2750	0.2991	0.3392	0.3793	0.4033	0.4194
120	120	60	300	0.50	direct	anytime	0.45	0.35	0.30	0.10	no-lift	2000	neither_passes	1594	0.79700000	0.00899419	263.681	$21.89-$22.94	$24.90-$26.10 (cap $90.00)	-0.2122	-0.1480	-0.1167	-0.0777	-0.0360	0.0086	0.1588	-0.4237	-0.2210	-0.1626	-0.0997	-0.0425	0.0153	0.1905	0.2000	0.2318	0.2563	0.2950	0.3346	0.3792	0.5203
120	120	60	300	0.50	direct	anytime	0.45	0.35	0.30	0.10	no-lift	2000	both_pass	0	0.00000000	0.00000000	263.681	$21.89-$22.94	$24.90-$26.10 (cap $90.00)	NA	NA	NA	NA	NA	NA	NA	NA	NA	NA	NA	NA	NA	NA	NA	NA	NA	NA	NA	NA	NA
100	100	100	300	1.00	union	anytime	0.45	0.35	0.30	0.10	no-lift	2000	fp_passes_fn_fails	0	0.00000000	0.00000000	270.027	$22.41-$23.49	$24.90-$26.10 (cap $90.00)	NA	NA	NA	NA	NA	NA	NA	NA	NA	NA	NA	NA	NA	NA	NA	NA	NA	NA	NA	NA	NA
100	100	100	300	1.00	union	anytime	0.45	0.35	0.30	0.10	no-lift	2000	fn_passes_fp_fails	0	0.00000000	0.00000000	270.027	$22.41-$23.49	$24.90-$26.10 (cap $90.00)	NA	NA	NA	NA	NA	NA	NA	NA	NA	NA	NA	NA	NA	NA	NA	NA	NA	NA	NA	NA	NA
100	100	100	300	1.00	union	anytime	0.45	0.35	0.30	0.10	no-lift	2000	neither_passes	1654	0.82700000	0.00845787	270.027	$22.41-$23.49	$24.90-$26.10 (cap $90.00)	-0.2571	-0.1704	-0.1359	-0.0947	-0.0468	-0.0026	0.1840	-0.4837	-0.2612	-0.2183	-0.1718	-0.1170	-0.0717	0.0718	0.2010	0.2388	0.2693	0.3096	0.3556	0.3998	0.5685
100	100	100	300	1.00	union	anytime	0.45	0.35	0.30	0.10	no-lift	2000	both_pass	0	0.00000000	0.00000000	270.027	$22.41-$23.49	$24.90-$26.10 (cap $90.00)	NA	NA	NA	NA	NA	NA	NA	NA	NA	NA	NA	NA	NA	NA	NA	NA	NA	NA	NA	NA	NA
100	100	100	300	1.00	direct	anytime	0.45	0.35	0.30	0.10	no-lift	2000	fp_passes_fn_fails	0	0.00000000	0.00000000	270.027	$22.41-$23.49	$24.90-$26.10 (cap $90.00)	NA	NA	NA	NA	NA	NA	NA	NA	NA	NA	NA	NA	NA	NA	NA	NA	NA	NA	NA	NA	NA
100	100	100	300	1.00	direct	anytime	0.45	0.35	0.30	0.10	no-lift	2000	fn_passes_fp_fails	0	0.00000000	0.00000000	270.027	$22.41-$23.49	$24.90-$26.10 (cap $90.00)	NA	NA	NA	NA	NA	NA	NA	NA	NA	NA	NA	NA	NA	NA	NA	NA	NA	NA	NA	NA	NA
100	100	100	300	1.00	direct	anytime	0.45	0.35	0.30	0.10	no-lift	2000	neither_passes	1654	0.82700000	0.00845787	270.027	$22.41-$23.49	$24.90-$26.10 (cap $90.00)	-0.2571	-0.1704	-0.1359	-0.0947	-0.0468	-0.0026	0.1840	-0.3434	-0.1396	-0.0975	-0.0500	0.0006	0.0464	0.1888	0.2010	0.2388	0.2693	0.3096	0.3556	0.3998	0.5685
100	100	100	300	1.00	direct	anytime	0.45	0.35	0.30	0.10	no-lift	2000	both_pass	0	0.00000000	0.00000000	270.027	$22.41-$23.49	$24.90-$26.10 (cap $90.00)	NA	NA	NA	NA	NA	NA	NA	NA	NA	NA	NA	NA	NA	NA	NA	NA	NA	NA	NA	NA	NA
75	75	150	300	2.00	union	anytime	0.45	0.35	0.30	0.10	no-lift	2000	fp_passes_fn_fails	0	0.00000000	0.00000000	278.332	$23.10-$24.21	$24.90-$26.10 (cap $90.00)	NA	NA	NA	NA	NA	NA	NA	NA	NA	NA	NA	NA	NA	NA	NA	NA	NA	NA	NA	NA	NA
75	75	150	300	2.00	union	anytime	0.45	0.35	0.30	0.10	no-lift	2000	fn_passes_fp_fails	0	0.00000000	0.00000000	278.332	$23.10-$24.21	$24.90-$26.10 (cap $90.00)	NA	NA	NA	NA	NA	NA	NA	NA	NA	NA	NA	NA	NA	NA	NA	NA	NA	NA	NA	NA	NA
75	75	150	300	2.00	union	anytime	0.45	0.35	0.30	0.10	no-lift	2000	neither_passes	1717	0.85850000	0.00779351	278.332	$23.10-$24.21	$24.90-$26.10 (cap $90.00)	-0.3290	-0.2132	-0.1744	-0.1230	-0.0715	-0.0204	0.1984	-0.4246	-0.2529	-0.2113	-0.1650	-0.1147	-0.0675	0.0805	0.2003	0.2469	0.2842	0.3323	0.3857	0.4405	0.6313
75	75	150	300	2.00	union	anytime	0.45	0.35	0.30	0.10	no-lift	2000	both_pass	0	0.00000000	0.00000000	278.332	$23.10-$24.21	$24.90-$26.10 (cap $90.00)	NA	NA	NA	NA	NA	NA	NA	NA	NA	NA	NA	NA	NA	NA	NA	NA	NA	NA	NA	NA	NA
75	75	150	300	2.00	direct	anytime	0.45	0.35	0.30	0.10	no-lift	2000	fp_passes_fn_fails	0	0.00000000	0.00000000	278.332	$23.10-$24.21	$24.90-$26.10 (cap $90.00)	NA	NA	NA	NA	NA	NA	NA	NA	NA	NA	NA	NA	NA	NA	NA	NA	NA	NA	NA	NA	NA
75	75	150	300	2.00	direct	anytime	0.45	0.35	0.30	0.10	no-lift	2000	fn_passes_fp_fails	0	0.00000000	0.00000000	278.332	$23.10-$24.21	$24.90-$26.10 (cap $90.00)	NA	NA	NA	NA	NA	NA	NA	NA	NA	NA	NA	NA	NA	NA	NA	NA	NA	NA	NA	NA	NA
75	75	150	300	2.00	direct	anytime	0.45	0.35	0.30	0.10	no-lift	2000	neither_passes	1717	0.85850000	0.00779351	278.332	$23.10-$24.21	$24.90-$26.10 (cap $90.00)	-0.3290	-0.2132	-0.1744	-0.1230	-0.0715	-0.0204	0.1984	-0.2902	-0.1333	-0.0896	-0.0469	-0.0005	0.0407	0.1897	0.2003	0.2469	0.2842	0.3323	0.3857	0.4405	0.6313
75	75	150	300	2.00	direct	anytime	0.45	0.35	0.30	0.10	no-lift	2000	both_pass	0	0.00000000	0.00000000	278.332	$23.10-$24.21	$24.90-$26.10 (cap $90.00)	NA	NA	NA	NA	NA	NA	NA	NA	NA	NA	NA	NA	NA	NA	NA	NA	NA	NA	NA	NA	NA
480	480	240	1200	0.50	union	anytime	0.45	0.35	0.30	0.10	no-lift	2000	fp_passes_fn_fails	0	0.00000000	0.00000000	809.259	$67.17-$70.41	$99.60-$104.40 (cap $360.00)	NA	NA	NA	NA	NA	NA	NA	NA	NA	NA	NA	NA	NA	NA	NA	NA	NA	NA	NA	NA	NA
480	480	240	1200	0.50	union	anytime	0.45	0.35	0.30	0.10	no-lift	2000	fn_passes_fp_fails	0	0.00000000	0.00000000	809.259	$67.17-$70.41	$99.60-$104.40 (cap $360.00)	NA	NA	NA	NA	NA	NA	NA	NA	NA	NA	NA	NA	NA	NA	NA	NA	NA	NA	NA	NA	NA
480	480	240	1200	0.50	union	anytime	0.45	0.35	0.30	0.10	no-lift	2000	neither_passes	901	0.45050000	0.01112542	809.259	$67.17-$70.41	$99.60-$104.40 (cap $360.00)	-0.0335	-0.0045	0.0071	0.0217	0.0387	0.0570	0.1166	-0.1704	-0.0907	-0.0586	-0.0273	0.0014	0.0286	0.0906	0.2007	0.2079	0.2164	0.2296	0.2492	0.2711	0.3321
480	480	240	1200	0.50	union	anytime	0.45	0.35	0.30	0.10	no-lift	2000	both_pass	0	0.00000000	0.00000000	809.259	$67.17-$70.41	$99.60-$104.40 (cap $360.00)	NA	NA	NA	NA	NA	NA	NA	NA	NA	NA	NA	NA	NA	NA	NA	NA	NA	NA	NA	NA	NA
480	480	240	1200	0.50	direct	anytime	0.45	0.35	0.30	0.10	no-lift	2000	fp_passes_fn_fails	0	0.00000000	0.00000000	809.259	$67.17-$70.41	$99.60-$104.40 (cap $360.00)	NA	NA	NA	NA	NA	NA	NA	NA	NA	NA	NA	NA	NA	NA	NA	NA	NA	NA	NA	NA	NA
480	480	240	1200	0.50	direct	anytime	0.45	0.35	0.30	0.10	no-lift	2000	fn_passes_fp_fails	0	0.00000000	0.00000000	809.259	$67.17-$70.41	$99.60-$104.40 (cap $360.00)	NA	NA	NA	NA	NA	NA	NA	NA	NA	NA	NA	NA	NA	NA	NA	NA	NA	NA	NA	NA	NA
480	480	240	1200	0.50	direct	anytime	0.45	0.35	0.30	0.10	no-lift	2000	neither_passes	901	0.45050000	0.01112542	809.259	$67.17-$70.41	$99.60-$104.40 (cap $360.00)	-0.0335	-0.0045	0.0071	0.0217	0.0387	0.0570	0.1166	-0.1401	-0.0343	-0.0064	0.0272	0.0621	0.0895	0.1724	0.2007	0.2079	0.2164	0.2296	0.2492	0.2711	0.3321
480	480	240	1200	0.50	direct	anytime	0.45	0.35	0.30	0.10	no-lift	2000	both_pass	0	0.00000000	0.00000000	809.259	$67.17-$70.41	$99.60-$104.40 (cap $360.00)	NA	NA	NA	NA	NA	NA	NA	NA	NA	NA	NA	NA	NA	NA	NA	NA	NA	NA	NA	NA	NA
400	400	400	1200	1.00	union	anytime	0.45	0.35	0.30	0.10	no-lift	2000	fp_passes_fn_fails	0	0.00000000	0.00000000	861.298	$71.49-$74.93	$99.60-$104.40 (cap $360.00)	NA	NA	NA	NA	NA	NA	NA	NA	NA	NA	NA	NA	NA	NA	NA	NA	NA	NA	NA	NA	NA
400	400	400	1200	1.00	union	anytime	0.45	0.35	0.30	0.10	no-lift	2000	fn_passes_fp_fails	0	0.00000000	0.00000000	861.298	$71.49-$74.93	$99.60-$104.40 (cap $360.00)	NA	NA	NA	NA	NA	NA	NA	NA	NA	NA	NA	NA	NA	NA	NA	NA	NA	NA	NA	NA	NA
400	400	400	1200	1.00	union	anytime	0.45	0.35	0.30	0.10	no-lift	2000	neither_passes	1054	0.52700000	0.01116403	861.298	$71.49-$74.93	$99.60-$104.40 (cap $360.00)	-0.0546	-0.0194	-0.0072	0.0109	0.0336	0.0562	0.1350	-0.1396	-0.0671	-0.0447	-0.0171	0.0126	0.0335	0.1008	0.2001	0.2103	0.2182	0.2361	0.2601	0.2855	0.3648
400	400	400	1200	1.00	union	anytime	0.45	0.35	0.30	0.10	no-lift	2000	both_pass	0	0.00000000	0.00000000	861.298	$71.49-$74.93	$99.60-$104.40 (cap $360.00)	NA	NA	NA	NA	NA	NA	NA	NA	NA	NA	NA	NA	NA	NA	NA	NA	NA	NA	NA	NA	NA
400	400	400	1200	1.00	direct	anytime	0.45	0.35	0.30	0.10	no-lift	2000	fp_passes_fn_fails	0	0.00000000	0.00000000	861.298	$71.49-$74.93	$99.60-$104.40 (cap $360.00)	NA	NA	NA	NA	NA	NA	NA	NA	NA	NA	NA	NA	NA	NA	NA	NA	NA	NA	NA	NA	NA
400	400	400	1200	1.00	direct	anytime	0.45	0.35	0.30	0.10	no-lift	2000	fn_passes_fp_fails	0	0.00000000	0.00000000	861.298	$71.49-$74.93	$99.60-$104.40 (cap $360.00)	NA	NA	NA	NA	NA	NA	NA	NA	NA	NA	NA	NA	NA	NA	NA	NA	NA	NA	NA	NA	NA
400	400	400	1200	1.00	direct	anytime	0.45	0.35	0.30	0.10	no-lift	2000	neither_passes	1054	0.52700000	0.01116403	861.298	$71.49-$74.93	$99.60-$104.40 (cap $360.00)	-0.0546	-0.0194	-0.0072	0.0109	0.0336	0.0562	0.1350	-0.0631	0.0061	0.0274	0.0538	0.0824	0.1031	0.1612	0.2001	0.2103	0.2182	0.2361	0.2601	0.2855	0.3648
400	400	400	1200	1.00	direct	anytime	0.45	0.35	0.30	0.10	no-lift	2000	both_pass	0	0.00000000	0.00000000	861.298	$71.49-$74.93	$99.60-$104.40 (cap $360.00)	NA	NA	NA	NA	NA	NA	NA	NA	NA	NA	NA	NA	NA	NA	NA	NA	NA	NA	NA	NA	NA
300	300	600	1200	2.00	union	anytime	0.45	0.35	0.30	0.10	no-lift	2000	fp_passes_fn_fails	0	0.00000000	0.00000000	928.842	$77.09-$80.81	$99.60-$104.40 (cap $360.00)	NA	NA	NA	NA	NA	NA	NA	NA	NA	NA	NA	NA	NA	NA	NA	NA	NA	NA	NA	NA	NA
300	300	600	1200	2.00	union	anytime	0.45	0.35	0.30	0.10	no-lift	2000	fn_passes_fp_fails	0	0.00000000	0.00000000	928.842	$77.09-$80.81	$99.60-$104.40 (cap $360.00)	NA	NA	NA	NA	NA	NA	NA	NA	NA	NA	NA	NA	NA	NA	NA	NA	NA	NA	NA	NA	NA
300	300	600	1200	2.00	union	anytime	0.45	0.35	0.30	0.10	no-lift	2000	neither_passes	1227	0.61350000	0.01088847	928.842	$77.09-$80.81	$99.60-$104.40 (cap $360.00)	-0.0836	-0.0447	-0.0292	-0.0072	0.0177	0.0419	0.1356	-0.1542	-0.0679	-0.0457	-0.0183	0.0086	0.0320	0.1021	0.2000	0.2133	0.2253	0.2469	0.2720	0.2980	0.3968
300	300	600	1200	2.00	union	anytime	0.45	0.35	0.30	0.10	no-lift	2000	both_pass	0	0.00000000	0.00000000	928.842	$77.09-$80.81	$99.60-$104.40 (cap $360.00)	NA	NA	NA	NA	NA	NA	NA	NA	NA	NA	NA	NA	NA	NA	NA	NA	NA	NA	NA	NA	NA
300	300	600	1200	2.00	direct	anytime	0.45	0.35	0.30	0.10	no-lift	2000	fp_passes_fn_fails	0	0.00000000	0.00000000	928.352	$77.05-$80.77	$99.60-$104.40 (cap $360.00)	NA	NA	NA	NA	NA	NA	NA	NA	NA	NA	NA	NA	NA	NA	NA	NA	NA	NA	NA	NA	NA
300	300	600	1200	2.00	direct	anytime	0.45	0.35	0.30	0.10	no-lift	2000	fn_passes_fp_fails	0	0.00000000	0.00000000	928.352	$77.05-$80.77	$99.60-$104.40 (cap $360.00)	NA	NA	NA	NA	NA	NA	NA	NA	NA	NA	NA	NA	NA	NA	NA	NA	NA	NA	NA	NA	NA
300	300	600	1200	2.00	direct	anytime	0.45	0.35	0.30	0.10	no-lift	2000	neither_passes	1226	0.61300000	0.01089107	928.352	$77.05-$80.77	$99.60-$104.40 (cap $360.00)	-0.0836	-0.0447	-0.0292	-0.0072	0.0176	0.0418	0.1109	-0.0773	0.0102	0.0313	0.0552	0.0814	0.1006	0.1587	0.2000	0.2133	0.2253	0.2468	0.2720	0.2978	0.3837
300	300	600	1200	2.00	direct	anytime	0.45	0.35	0.30	0.10	no-lift	2000	both_pass	0	0.00000000	0.00000000	928.352	$77.05-$80.77	$99.60-$104.40 (cap $360.00)	NA	NA	NA	NA	NA	NA	NA	NA	NA	NA	NA	NA	NA	NA	NA	NA	NA	NA	NA	NA	NA
120	120	60	300	0.50	union	anytime	0.50	0.35	0.30	0.15	no-lift	2000	fp_passes_fn_fails	0	0.00000000	0.00000000	286.023	$23.74-$24.88	$24.90-$26.10 (cap $90.00)	NA	NA	NA	NA	NA	NA	NA	NA	NA	NA	NA	NA	NA	NA	NA	NA	NA	NA	NA	NA	NA
120	120	60	300	0.50	union	anytime	0.50	0.35	0.30	0.15	no-lift	2000	fn_passes_fp_fails	0	0.00000000	0.00000000	286.023	$23.74-$24.88	$24.90-$26.10 (cap $90.00)	NA	NA	NA	NA	NA	NA	NA	NA	NA	NA	NA	NA	NA	NA	NA	NA	NA	NA	NA	NA	NA
120	120	60	300	0.50	union	anytime	0.50	0.35	0.30	0.15	no-lift	2000	neither_passes	1855	0.92750000	0.00579844	286.023	$23.74-$24.88	$24.90-$26.10 (cap $90.00)	-0.1961	-0.1173	-0.0818	-0.0406	0.0084	0.0476	0.1566	-0.4197	-0.2678	-0.2158	-0.1585	-0.1028	-0.0500	0.1422	0.2008	0.2574	0.2910	0.3342	0.3835	0.4225	0.5544
120	120	60	300	0.50	union	anytime	0.50	0.35	0.30	0.15	no-lift	2000	both_pass	0	0.00000000	0.00000000	286.023	$23.74-$24.88	$24.90-$26.10 (cap $90.00)	NA	NA	NA	NA	NA	NA	NA	NA	NA	NA	NA	NA	NA	NA	NA	NA	NA	NA	NA	NA	NA
120	120	60	300	0.50	direct	anytime	0.50	0.35	0.30	0.15	no-lift	2000	fp_passes_fn_fails	0	0.00000000	0.00000000	286.023	$23.74-$24.88	$24.90-$26.10 (cap $90.00)	NA	NA	NA	NA	NA	NA	NA	NA	NA	NA	NA	NA	NA	NA	NA	NA	NA	NA	NA	NA	NA
120	120	60	300	0.50	direct	anytime	0.50	0.35	0.30	0.15	no-lift	2000	fn_passes_fp_fails	4	0.00200000	0.00099900	286.023	$23.74-$24.88	$24.90-$26.10 (cap $90.00)	-0.0928	-0.0464	0.0233	0.0746	0.0886	0.0913	0.0931	0.2002	0.2065	0.2159	0.2313	0.2438	0.2479	0.2507	0.2652	0.3027	0.3590	0.4292	0.4733	0.4825	0.4886
120	120	60	300	0.50	direct	anytime	0.50	0.35	0.30	0.15	no-lift	2000	neither_passes	1851	0.92550000	0.00587153	286.023	$23.74-$24.88	$24.90-$26.10 (cap $90.00)	-0.1961	-0.1174	-0.0818	-0.0407	0.0082	0.0473	0.1566	-0.4048	-0.1828	-0.1252	-0.0596	0.0010	0.0583	0.1980	0.2008	0.2573	0.2910	0.3341	0.3834	0.4224	0.5544
120	120	60	300	0.50	direct	anytime	0.50	0.35	0.30	0.15	no-lift	2000	both_pass	0	0.00000000	0.00000000	286.023	$23.74-$24.88	$24.90-$26.10 (cap $90.00)	NA	NA	NA	NA	NA	NA	NA	NA	NA	NA	NA	NA	NA	NA	NA	NA	NA	NA	NA	NA	NA
100	100	100	300	1.00	union	anytime	0.50	0.35	0.30	0.15	no-lift	2000	fp_passes_fn_fails	1	0.00050000	0.00049987	286.646	$23.79-$24.94	$24.90-$26.10 (cap $90.00)	0.2426	0.2426	0.2426	0.2426	0.2426	0.2426	0.2426	-0.0052	-0.0052	-0.0052	-0.0052	-0.0052	-0.0052	-0.0052	0.6508	0.6508	0.6508	0.6508	0.6508	0.6508	0.6508
100	100	100	300	1.00	union	anytime	0.50	0.35	0.30	0.15	no-lift	2000	fn_passes_fp_fails	0	0.00000000	0.00000000	286.646	$23.79-$24.94	$24.90-$26.10 (cap $90.00)	NA	NA	NA	NA	NA	NA	NA	NA	NA	NA	NA	NA	NA	NA	NA	NA	NA	NA	NA	NA	NA
100	100	100	300	1.00	union	anytime	0.50	0.35	0.30	0.15	no-lift	2000	neither_passes	1853	0.92650000	0.00583514	286.646	$23.79-$24.94	$24.90-$26.10 (cap $90.00)	-0.2525	-0.1456	-0.1069	-0.0567	-0.0089	0.0333	0.1785	-0.4009	-0.2213	-0.1769	-0.1245	-0.0778	-0.0337	0.1277	0.2093	0.2583	0.2984	0.3490	0.3954	0.4408	0.6136
100	100	100	300	1.00	union	anytime	0.50	0.35	0.30	0.15	no-lift	2000	both_pass	0	0.00000000	0.00000000	286.646	$23.79-$24.94	$24.90-$26.10 (cap $90.00)	NA	NA	NA	NA	NA	NA	NA	NA	NA	NA	NA	NA	NA	NA	NA	NA	NA	NA	NA	NA	NA
100	100	100	300	1.00	direct	anytime	0.50	0.35	0.30	0.15	no-lift	2000	fp_passes_fn_fails	1	0.00050000	0.00049987	286.542	$23.78-$24.93	$24.90-$26.10 (cap $90.00)	0.2426	0.2426	0.2426	0.2426	0.2426	0.2426	0.2426	0.1002	0.1002	0.1002	0.1002	0.1002	0.1002	0.1002	0.6508	0.6508	0.6508	0.6508	0.6508	0.6508	0.6508
100	100	100	300	1.00	direct	anytime	0.50	0.35	0.30	0.15	no-lift	2000	fn_passes_fp_fails	5	0.00250000	0.00111664	286.542	$23.78-$24.93	$24.90-$26.10 (cap $90.00)	-0.0443	-0.0335	-0.0174	0.0223	0.0330	0.0563	0.0719	0.2026	0.2033	0.2043	0.2228	0.2304	0.2309	0.2312	0.3921	0.3944	0.3978	0.4231	0.4269	0.4642	0.4890
100	100	100	300	1.00	direct	anytime	0.50	0.35	0.30	0.15	no-lift	2000	neither_passes	1847	0.92350000	0.00594339	286.542	$23.78-$24.93	$24.90-$26.10 (cap $90.00)	-0.2525	-0.1457	-0.1070	-0.0569	-0.0093	0.0328	0.1785	-0.2598	-0.0966	-0.0514	-0.0008	0.0463	0.0854	0.1968	0.2093	0.2583	0.2983	0.3489	0.3952	0.4403	0.6136
100	100	100	300	1.00	direct	anytime	0.50	0.35	0.30	0.15	no-lift	2000	both_pass	0	0.00000000	0.00000000	286.542	$23.78-$24.93	$24.90-$26.10 (cap $90.00)	NA	NA	NA	NA	NA	NA	NA	NA	NA	NA	NA	NA	NA	NA	NA	NA	NA	NA	NA	NA	NA
75	75	150	300	2.00	union	anytime	0.50	0.35	0.30	0.15	no-lift	2000	fp_passes_fn_fails	0	0.00000000	0.00000000	289.762	$24.05-$25.21	$24.90-$26.10 (cap $90.00)	NA	NA	NA	NA	NA	NA	NA	NA	NA	NA	NA	NA	NA	NA	NA	NA	NA	NA	NA	NA	NA
75	75	150	300	2.00	union	anytime	0.50	0.35	0.30	0.15	no-lift	2000	fn_passes_fp_fails	0	0.00000000	0.00000000	289.762	$24.05-$25.21	$24.90-$26.10 (cap $90.00)	NA	NA	NA	NA	NA	NA	NA	NA	NA	NA	NA	NA	NA	NA	NA	NA	NA	NA	NA	NA	NA
75	75	150	300	2.00	union	anytime	0.50	0.35	0.30	0.15	no-lift	2000	neither_passes	1886	0.94300000	0.00518416	289.762	$24.05-$25.21	$24.90-$26.10 (cap $90.00)	-0.3105	-0.1899	-0.1445	-0.0893	-0.0350	0.0169	0.1808	-0.3936	-0.2203	-0.1735	-0.1220	-0.0729	-0.0227	0.1719	0.2011	0.2719	0.3174	0.3701	0.4250	0.4801	0.6666
75	75	150	300	2.00	union	anytime	0.50	0.35	0.30	0.15	no-lift	2000	both_pass	0	0.00000000	0.00000000	289.762	$24.05-$25.21	$24.90-$26.10 (cap $90.00)	NA	NA	NA	NA	NA	NA	NA	NA	NA	NA	NA	NA	NA	NA	NA	NA	NA	NA	NA	NA	NA
75	75	150	300	2.00	direct	anytime	0.50	0.35	0.30	0.15	no-lift	2000	fp_passes_fn_fails	0	0.00000000	0.00000000	289.762	$24.05-$25.21	$24.90-$26.10 (cap $90.00)	NA	NA	NA	NA	NA	NA	NA	NA	NA	NA	NA	NA	NA	NA	NA	NA	NA	NA	NA	NA	NA
75	75	150	300	2.00	direct	anytime	0.50	0.35	0.30	0.15	no-lift	2000	fn_passes_fp_fails	5	0.00250000	0.00111664	289.762	$24.05-$25.21	$24.90-$26.10 (cap $90.00)	-0.0234	0.0015	0.0388	0.0607	0.0815	0.1274	0.1580	0.2028	0.2049	0.2079	0.2134	0.2287	0.2463	0.2581	0.4745	0.4773	0.4815	0.5282	0.5821	0.5910	0.5969
75	75	150	300	2.00	direct	anytime	0.50	0.35	0.30	0.15	no-lift	2000	neither_passes	1881	0.94050000	0.00528960	289.762	$24.05-$25.21	$24.90-$26.10 (cap $90.00)	-0.3105	-0.1900	-0.1447	-0.0898	-0.0356	0.0165	0.1808	-0.2260	-0.0943	-0.0472	-0.0023	0.0419	0.0823	0.1940	0.2011	0.2719	0.3173	0.3697	0.4248	0.4789	0.6666
75	75	150	300	2.00	direct	anytime	0.50	0.35	0.30	0.15	no-lift	2000	both_pass	0	0.00000000	0.00000000	289.762	$24.05-$25.21	$24.90-$26.10 (cap $90.00)	NA	NA	NA	NA	NA	NA	NA	NA	NA	NA	NA	NA	NA	NA	NA	NA	NA	NA	NA	NA	NA
480	480	240	1200	0.50	union	anytime	0.50	0.35	0.30	0.15	no-lift	2000	fp_passes_fn_fails	0	0.00000000	0.00000000	1080.100	$89.65-$93.97	$99.60-$104.40 (cap $360.00)	NA	NA	NA	NA	NA	NA	NA	NA	NA	NA	NA	NA	NA	NA	NA	NA	NA	NA	NA	NA	NA
480	480	240	1200	0.50	union	anytime	0.50	0.35	0.30	0.15	no-lift	2000	fn_passes_fp_fails	0	0.00000000	0.00000000	1080.100	$89.65-$93.97	$99.60-$104.40 (cap $360.00)	NA	NA	NA	NA	NA	NA	NA	NA	NA	NA	NA	NA	NA	NA	NA	NA	NA	NA	NA	NA	NA
480	480	240	1200	0.50	union	anytime	0.50	0.35	0.30	0.15	no-lift	2000	neither_passes	1697	0.84850000	0.00801710	1080.100	$89.65-$93.97	$99.60-$104.40 (cap $360.00)	-0.0274	0.0099	0.0264	0.0481	0.0731	0.0952	0.1697	-0.1330	-0.0534	-0.0259	0.0045	0.0363	0.0661	0.1771	0.2002	0.2196	0.2358	0.2580	0.2831	0.3090	0.3925
480	480	240	1200	0.50	union	anytime	0.50	0.35	0.30	0.15	no-lift	2000	both_pass	0	0.00000000	0.00000000	1080.100	$89.65-$93.97	$99.60-$104.40 (cap $360.00)	NA	NA	NA	NA	NA	NA	NA	NA	NA	NA	NA	NA	NA	NA	NA	NA	NA	NA	NA	NA	NA
480	480	240	1200	0.50	direct	anytime	0.50	0.35	0.30	0.15	no-lift	2000	fp_passes_fn_fails	0	0.00000000	0.00000000	1080.100	$89.65-$93.97	$99.60-$104.40 (cap $360.00)	NA	NA	NA	NA	NA	NA	NA	NA	NA	NA	NA	NA	NA	NA	NA	NA	NA	NA	NA	NA	NA
480	480	240	1200	0.50	direct	anytime	0.50	0.35	0.30	0.15	no-lift	2000	fn_passes_fp_fails	7	0.00350000	0.00132056	1080.100	$89.65-$93.97	$99.60-$104.40 (cap $360.00)	0.0158	0.0419	0.0744	0.1100	0.1289	0.1552	0.1697	0.2000	0.2001	0.2034	0.2072	0.2145	0.2246	0.2330	0.2239	0.2483	0.2851	0.3070	0.3499	0.3775	0.3925
480	480	240	1200	0.50	direct	anytime	0.50	0.35	0.30	0.15	no-lift	2000	neither_passes	1690	0.84500000	0.00809243	1080.100	$89.65-$93.97	$99.60-$104.40 (cap $360.00)	-0.0274	0.0098	0.0264	0.0479	0.0729	0.0950	0.1616	-0.1281	0.0001	0.0309	0.0647	0.0988	0.1287	0.1984	0.2002	0.2195	0.2358	0.2579	0.2828	0.3088	0.3841
480	480	240	1200	0.50	direct	anytime	0.50	0.35	0.30	0.15	no-lift	2000	both_pass	0	0.00000000	0.00000000	1080.100	$89.65-$93.97	$99.60-$104.40 (cap $360.00)	NA	NA	NA	NA	NA	NA	NA	NA	NA	NA	NA	NA	NA	NA	NA	NA	NA	NA	NA	NA	NA
400	400	400	1200	1.00	union	anytime	0.50	0.35	0.30	0.15	no-lift	2000	fp_passes_fn_fails	0	0.00000000	0.00000000	1092.167	$90.65-$95.02	$99.60-$104.40 (cap $360.00)	NA	NA	NA	NA	NA	NA	NA	NA	NA	NA	NA	NA	NA	NA	NA	NA	NA	NA	NA	NA	NA
400	400	400	1200	1.00	union	anytime	0.50	0.35	0.30	0.15	no-lift	2000	fn_passes_fp_fails	0	0.00000000	0.00000000	1092.167	$90.65-$95.02	$99.60-$104.40 (cap $360.00)	NA	NA	NA	NA	NA	NA	NA	NA	NA	NA	NA	NA	NA	NA	NA	NA	NA	NA	NA	NA	NA
400	400	400	1200	1.00	union	anytime	0.50	0.35	0.30	0.15	no-lift	2000	neither_passes	1736	0.86800000	0.00756888	1092.167	$90.65-$95.02	$99.60-$104.40 (cap $360.00)	-0.0421	-0.0031	0.0169	0.0393	0.0670	0.0900	0.1817	-0.1137	-0.0352	-0.0097	0.0179	0.0451	0.0703	0.1548	0.2002	0.2247	0.2419	0.2652	0.2941	0.3185	0.4316
400	400	400	1200	1.00	union	anytime	0.50	0.35	0.30	0.15	no-lift	2000	both_pass	0	0.00000000	0.00000000	1092.167	$90.65-$95.02	$99.60-$104.40 (cap $360.00)	NA	NA	NA	NA	NA	NA	NA	NA	NA	NA	NA	NA	NA	NA	NA	NA	NA	NA	NA	NA	NA
400	400	400	1200	1.00	direct	anytime	0.50	0.35	0.30	0.15	no-lift	2000	fp_passes_fn_fails	0	0.00000000	0.00000000	1092.167	$90.65-$95.02	$99.60-$104.40 (cap $360.00)	NA	NA	NA	NA	NA	NA	NA	NA	NA	NA	NA	NA	NA	NA	NA	NA	NA	NA	NA	NA	NA
400	400	400	1200	1.00	direct	anytime	0.50	0.35	0.30	0.15	no-lift	2000	fn_passes_fp_fails	9	0.00450000	0.00149662	1092.167	$90.65-$95.02	$99.60-$104.40 (cap $360.00)	0.0309	0.0344	0.0771	0.0957	0.1098	0.1174	0.1268	0.2017	0.2036	0.2050	0.2118	0.2126	0.2148	0.2233	0.2596	0.2886	0.3014	0.3274	0.3494	0.3593	0.3632
400	400	400	1200	1.00	direct	anytime	0.50	0.35	0.30	0.15	no-lift	2000	neither_passes	1727	0.86350000	0.00767684	1092.167	$90.65-$95.02	$99.60-$104.40 (cap $360.00)	-0.0421	-0.0032	0.0167	0.0391	0.0666	0.0895	0.1817	-0.0426	0.0392	0.0629	0.0897	0.1162	0.1393	0.1996	0.2002	0.2246	0.2416	0.2649	0.2937	0.3179	0.4316
400	400	400	1200	1.00	direct	anytime	0.50	0.35	0.30	0.15	no-lift	2000	both_pass	0	0.00000000	0.00000000	1092.167	$90.65-$95.02	$99.60-$104.40 (cap $360.00)	NA	NA	NA	NA	NA	NA	NA	NA	NA	NA	NA	NA	NA	NA	NA	NA	NA	NA	NA	NA	NA
300	300	600	1200	2.00	union	anytime	0.50	0.35	0.30	0.15	no-lift	2000	fp_passes_fn_fails	0	0.00000000	0.00000000	1116.562	$92.67-$97.14	$99.60-$104.40 (cap $360.00)	NA	NA	NA	NA	NA	NA	NA	NA	NA	NA	NA	NA	NA	NA	NA	NA	NA	NA	NA	NA	NA
300	300	600	1200	2.00	union	anytime	0.50	0.35	0.30	0.15	no-lift	2000	fn_passes_fp_fails	0	0.00000000	0.00000000	1116.562	$92.67-$97.14	$99.60-$104.40 (cap $360.00)	NA	NA	NA	NA	NA	NA	NA	NA	NA	NA	NA	NA	NA	NA	NA	NA	NA	NA	NA	NA	NA
300	300	600	1200	2.00	union	anytime	0.50	0.35	0.30	0.15	no-lift	2000	neither_passes	1792	0.89600000	0.00682583	1116.562	$92.67-$97.14	$99.60-$104.40 (cap $360.00)	-0.0857	-0.0252	-0.0007	0.0260	0.0561	0.0817	0.1777	-0.0973	-0.0326	-0.0082	0.0193	0.0476	0.0734	0.1682	0.2001	0.2299	0.2519	0.2793	0.3098	0.3406	0.4495
300	300	600	1200	2.00	union	anytime	0.50	0.35	0.30	0.15	no-lift	2000	both_pass	0	0.00000000	0.00000000	1116.562	$92.67-$97.14	$99.60-$104.40 (cap $360.00)	NA	NA	NA	NA	NA	NA	NA	NA	NA	NA	NA	NA	NA	NA	NA	NA	NA	NA	NA	NA	NA
300	300	600	1200	2.00	direct	anytime	0.50	0.35	0.30	0.15	no-lift	2000	fp_passes_fn_fails	0	0.00000000	0.00000000	1116.562	$92.67-$97.14	$99.60-$104.40 (cap $360.00)	NA	NA	NA	NA	NA	NA	NA	NA	NA	NA	NA	NA	NA	NA	NA	NA	NA	NA	NA	NA	NA
300	300	600	1200	2.00	direct	anytime	0.50	0.35	0.30	0.15	no-lift	2000	fn_passes_fp_fails	7	0.00350000	0.00132056	1116.562	$92.67-$97.14	$99.60-$104.40 (cap $360.00)	0.0272	0.0431	0.0709	0.0987	0.1050	0.1369	0.1777	0.2012	0.2021	0.2057	0.2143	0.2182	0.2185	0.2188	0.3012	0.3166	0.3286	0.3442	0.3681	0.4031	0.4433
300	300	600	1200	2.00	direct	anytime	0.50	0.35	0.30	0.15	no-lift	2000	neither_passes	1785	0.89250000	0.00692617	1116.562	$92.67-$97.14	$99.60-$104.40 (cap $360.00)	-0.0857	-0.0252	-0.0009	0.0259	0.0560	0.0810	0.1736	-0.0186	0.0475	0.0699	0.0950	0.1210	0.1412	0.1991	0.2001	0.2297	0.2518	0.2791	0.3094	0.3403	0.4495
300	300	600	1200	2.00	direct	anytime	0.50	0.35	0.30	0.15	no-lift	2000	both_pass	0	0.00000000	0.00000000	1116.562	$92.67-$97.14	$99.60-$104.40 (cap $360.00)	NA	NA	NA	NA	NA	NA	NA	NA	NA	NA	NA	NA	NA	NA	NA	NA	NA	NA	NA	NA	NA
120	120	60	300	0.50	union	anytime	0.55	0.35	0.30	0.20	calibration	2000	fp_passes_fn_fails	7	0.00350000	0.00132056	292.759	$24.30-$25.47	$24.90-$26.10 (cap $90.00)	0.2007	0.2024	0.2045	0.2098	0.2162	0.2339	0.2519	-0.0849	-0.0589	-0.0409	-0.0013	0.0491	0.0597	0.0625	0.5224	0.5347	0.5490	0.5568	0.5766	0.5862	0.5885
120	120	60	300	0.50	union	anytime	0.55	0.35	0.30	0.20	calibration	2000	fn_passes_fp_fails	0	0.00000000	0.00000000	292.759	$24.30-$25.47	$24.90-$26.10 (cap $90.00)	NA	NA	NA	NA	NA	NA	NA	NA	NA	NA	NA	NA	NA	NA	NA	NA	NA	NA	NA	NA	NA
120	120	60	300	0.50	union	anytime	0.55	0.35	0.30	0.20	calibration	2000	neither_passes	1930	0.96500000	0.00410944	292.759	$24.30-$25.47	$24.90-$26.10 (cap $90.00)	-0.2006	-0.0882	-0.0433	0.0045	0.0525	0.0980	0.1979	-0.4317	-0.2308	-0.1774	-0.1167	-0.0563	-0.0015	0.1162	0.2111	0.2885	0.3296	0.3775	0.4248	0.4659	0.5997
120	120	60	300	0.50	union	anytime	0.55	0.35	0.30	0.20	calibration	2000	both_pass	0	0.00000000	0.00000000	292.759	$24.30-$25.47	$24.90-$26.10 (cap $90.00)	NA	NA	NA	NA	NA	NA	NA	NA	NA	NA	NA	NA	NA	NA	NA	NA	NA	NA	NA	NA	NA
120	120	60	300	0.50	direct	anytime	0.55	0.35	0.30	0.20	calibration	2000	fp_passes_fn_fails	6	0.00300000	0.00122291	292.665	$24.29-$25.46	$24.90-$26.10 (cap $90.00)	0.2007	0.2021	0.2040	0.2081	0.2191	0.2369	0.2519	0.0092	0.0113	0.0253	0.0906	0.1213	0.1443	0.1670	0.5224	0.5327	0.5460	0.5618	0.5806	0.5866	0.5885
120	120	60	300	0.50	direct	anytime	0.55	0.35	0.30	0.20	calibration	2000	fn_passes_fp_fails	14	0.00700000	0.00186427	292.665	$24.29-$25.46	$24.90-$26.10 (cap $90.00)	-0.0274	-0.0118	0.0212	0.0633	0.1015	0.1110	0.1220	0.2042	0.2136	0.2187	0.2283	0.2336	0.2470	0.2507	0.3625	0.3900	0.4009	0.4359	0.4498	0.4721	0.4796
120	120	60	300	0.50	direct	anytime	0.55	0.35	0.30	0.20	calibration	2000	neither_passes	1915	0.95750000	0.00451075	292.665	$24.29-$25.46	$24.90-$26.10 (cap $90.00)	-0.2006	-0.0883	-0.0439	0.0039	0.0517	0.0972	0.1979	-0.3639	-0.1410	-0.0854	-0.0201	0.0418	0.0955	0.1982	0.2111	0.2878	0.3294	0.3770	0.4241	0.4658	0.5997
120	120	60	300	0.50	direct	anytime	0.55	0.35	0.30	0.20	calibration	2000	both_pass	0	0.00000000	0.00000000	292.665	$24.29-$25.46	$24.90-$26.10 (cap $90.00)	NA	NA	NA	NA	NA	NA	NA	NA	NA	NA	NA	NA	NA	NA	NA	NA	NA	NA	NA	NA	NA
100	100	100	300	1.00	union	anytime	0.55	0.35	0.30	0.20	calibration	2000	fp_passes_fn_fails	5	0.00250000	0.00111664	294.057	$24.41-$25.58	$24.90-$26.10 (cap $90.00)	0.2015	0.2032	0.2058	0.2072	0.2085	0.2131	0.2162	0.0003	0.0125	0.0308	0.0672	0.0800	0.1210	0.1484	0.5653	0.5685	0.5734	0.6026	0.6313	0.6353	0.6381
100	100	100	300	1.00	union	anytime	0.55	0.35	0.30	0.20	calibration	2000	fn_passes_fp_fails	0	0.00000000	0.00000000	294.057	$24.41-$25.58	$24.90-$26.10 (cap $90.00)	NA	NA	NA	NA	NA	NA	NA	NA	NA	NA	NA	NA	NA	NA	NA	NA	NA	NA	NA	NA	NA
100	100	100	300	1.00	union	anytime	0.55	0.35	0.30	0.20	calibration	2000	neither_passes	1937	0.96850000	0.00390562	294.057	$24.41-$25.58	$24.90-$26.10 (cap $90.00)	-0.2232	-0.1066	-0.0622	-0.0110	0.0378	0.0864	0.1970	-0.3593	-0.1904	-0.1392	-0.0847	-0.0278	0.0182	0.1583	0.2011	0.2979	0.3397	0.3888	0.4404	0.4895	0.6459
100	100	100	300	1.00	union	anytime	0.55	0.35	0.30	0.20	calibration	2000	both_pass	0	0.00000000	0.00000000	294.057	$24.41-$25.58	$24.90-$26.10 (cap $90.00)	NA	NA	NA	NA	NA	NA	NA	NA	NA	NA	NA	NA	NA	NA	NA	NA	NA	NA	NA	NA	NA
100	100	100	300	1.00	direct	anytime	0.55	0.35	0.30	0.20	calibration	2000	fp_passes_fn_fails	3	0.00150000	0.00086538	293.854	$24.39-$25.57	$24.90-$26.10 (cap $90.00)	0.2015	0.2026	0.2044	0.2072	0.2117	0.2144	0.2162	0.1072	0.1174	0.1327	0.1583	0.1687	0.1750	0.1791	0.5653	0.5728	0.5840	0.6026	0.6170	0.6255	0.6313
100	100	100	300	1.00	direct	anytime	0.55	0.35	0.30	0.20	calibration	2000	fn_passes_fp_fails	25	0.01250000	0.00248433	293.854	$24.39-$25.57	$24.90-$26.10 (cap $90.00)	-0.0650	-0.0293	0.0250	0.0628	0.1173	0.1419	0.1636	0.2038	0.2103	0.2127	0.2192	0.2301	0.2436	0.2760	0.3097	0.3962	0.4328	0.4897	0.5106	0.5280	0.5716
100	100	100	300	1.00	direct	anytime	0.55	0.35	0.30	0.20	calibration	2000	neither_passes	1909	0.95450000	0.00465992	293.854	$24.39-$25.57	$24.90-$26.10 (cap $90.00)	-0.2232	-0.1068	-0.0627	-0.0118	0.0359	0.0830	0.1970	-0.2319	-0.0604	-0.0155	0.0380	0.0915	0.1324	0.1997	0.2011	0.2977	0.3392	0.3879	0.4380	0.4847	0.6459
100	100	100	300	1.00	direct	anytime	0.55	0.35	0.30	0.20	calibration	2000	both_pass	0	0.00000000	0.00000000	293.854	$24.39-$25.57	$24.90-$26.10 (cap $90.00)	NA	NA	NA	NA	NA	NA	NA	NA	NA	NA	NA	NA	NA	NA	NA	NA	NA	NA	NA	NA	NA
75	75	150	300	2.00	union	anytime	0.55	0.35	0.30	0.20	calibration	2000	fp_passes_fn_fails	6	0.00300000	0.00122291	293.654	$24.37-$25.55	$24.90-$26.10 (cap $90.00)	0.2030	0.2031	0.2057	0.2258	0.2445	0.2556	0.2647	0.0301	0.0340	0.0419	0.0545	0.0912	0.1112	0.1191	0.6040	0.6185	0.6353	0.6598	0.6973	0.7190	0.7339
75	75	150	300	2.00	union	anytime	0.55	0.35	0.30	0.20	calibration	2000	fn_passes_fp_fails	0	0.00000000	0.00000000	293.654	$24.37-$25.55	$24.90-$26.10 (cap $90.00)	NA	NA	NA	NA	NA	NA	NA	NA	NA	NA	NA	NA	NA	NA	NA	NA	NA	NA	NA	NA	NA
75	75	150	300	2.00	union	anytime	0.55	0.35	0.30	0.20	calibration	2000	neither_passes	1929	0.96450000	0.00413762	293.654	$24.37-$25.55	$24.90-$26.10 (cap $90.00)	-0.2812	-0.1488	-0.0995	-0.0417	0.0166	0.0631	0.1842	-0.3202	-0.1793	-0.1336	-0.0777	-0.0260	0.0183	0.1800	0.2037	0.3080	0.3570	0.4150	0.4723	0.5238	0.7130
75	75	150	300	2.00	union	anytime	0.55	0.35	0.30	0.20	calibration	2000	both_pass	0	0.00000000	0.00000000	293.654	$24.37-$25.55	$24.90-$26.10 (cap $90.00)	NA	NA	NA	NA	NA	NA	NA	NA	NA	NA	NA	NA	NA	NA	NA	NA	NA	NA	NA	NA	NA
75	75	150	300	2.00	direct	anytime	0.55	0.35	0.30	0.20	calibration	2000	fp_passes_fn_fails	3	0.00150000	0.00086538	293.544	$24.36-$25.54	$24.90-$26.10 (cap $90.00)	0.2131	0.2182	0.2258	0.2385	0.2516	0.2595	0.2647	0.1311	0.1347	0.1403	0.1494	0.1510	0.1519	0.1525	0.6040	0.6098	0.6185	0.6329	0.6834	0.7137	0.7339
75	75	150	300	2.00	direct	anytime	0.55	0.35	0.30	0.20	calibration	2000	fn_passes_fp_fails	25	0.01250000	0.00248433	293.544	$24.36-$25.54	$24.90-$26.10 (cap $90.00)	-0.0615	0.0461	0.0555	0.0900	0.1267	0.1420	0.1781	0.2003	0.2016	0.2061	0.2128	0.2255	0.2470	0.2693	0.3566	0.4908	0.4944	0.5400	0.5661	0.5842	0.6258
75	75	150	300	2.00	direct	anytime	0.55	0.35	0.30	0.20	calibration	2000	neither_passes	1903	0.95150000	0.00480353	293.544	$24.36-$25.54	$24.90-$26.10 (cap $90.00)	-0.2812	-0.1499	-0.1004	-0.0437	0.0133	0.0604	0.1842	-0.1982	-0.0488	-0.0075	0.0392	0.0862	0.1271	0.1999	0.2037	0.3077	0.3561	0.4146	0.4703	0.5206	0.7130
75	75	150	300	2.00	direct	anytime	0.55	0.35	0.30	0.20	calibration	2000	both_pass	0	0.00000000	0.00000000	293.544	$24.36-$25.54	$24.90-$26.10 (cap $90.00)	NA	NA	NA	NA	NA	NA	NA	NA	NA	NA	NA	NA	NA	NA	NA	NA	NA	NA	NA	NA	NA
480	480	240	1200	0.50	union	anytime	0.55	0.35	0.30	0.20	calibration	2000	fp_passes_fn_fails	4	0.00200000	0.00099900	1163.330	$96.56-$101.21	$99.60-$104.40 (cap $360.00)	0.2041	0.2047	0.2057	0.2117	0.2202	0.2255	0.2291	0.0837	0.0898	0.0989	0.1064	0.1090	0.1091	0.1092	0.4123	0.4128	0.4135	0.4192	0.4292	0.4376	0.4432
480	480	240	1200	0.50	union	anytime	0.55	0.35	0.30	0.20	calibration	2000	fn_passes_fp_fails	2	0.00100000	0.00070675	1163.330	$96.56-$101.21	$99.60-$104.40 (cap $360.00)	0.1589	0.1611	0.1645	0.1700	0.1755	0.1788	0.1810	0.2019	0.2038	0.2065	0.2110	0.2156	0.2183	0.2202	0.3287	0.3349	0.3442	0.3596	0.3751	0.3844	0.3906
480	480	240	1200	0.50	union	anytime	0.55	0.35	0.30	0.20	calibration	2000	neither_passes	1923	0.96150000	0.00430219	1163.330	$96.56-$101.21	$99.60-$104.40 (cap $360.00)	-0.0106	0.0450	0.0667	0.0918	0.1172	0.1413	0.1971	-0.1149	-0.0129	0.0166	0.0486	0.0808	0.1091	0.1910	0.2037	0.2530	0.2743	0.3003	0.3278	0.3531	0.4477
480	480	240	1200	0.50	union	anytime	0.55	0.35	0.30	0.20	calibration	2000	both_pass	0	0.00000000	0.00000000	1163.330	$96.56-$101.21	$99.60-$104.40 (cap $360.00)	NA	NA	NA	NA	NA	NA	NA	NA	NA	NA	NA	NA	NA	NA	NA	NA	NA	NA	NA	NA	NA
480	480	240	1200	0.50	direct	anytime	0.55	0.35	0.30	0.20	calibration	2000	fp_passes_fn_fails	4	0.00200000	0.00099900	1162.360	$96.48-$101.13	$99.60-$104.40 (cap $360.00)	0.2041	0.2047	0.2057	0.2117	0.2202	0.2255	0.2291	0.1184	0.1234	0.1310	0.1459	0.1620	0.1717	0.1782	0.4123	0.4128	0.4135	0.4192	0.4292	0.4376	0.4432
480	480	240	1200	0.50	direct	anytime	0.55	0.35	0.30	0.20	calibration	2000	fn_passes_fp_fails	76	0.03800000	0.00427528	1162.360	$96.48-$101.13	$99.60-$104.40 (cap $360.00)	0.0494	0.0775	0.0922	0.1221	0.1495	0.1615	0.1810	0.2001	0.2020	0.2076	0.2155	0.2341	0.2522	0.2967	0.2429	0.2794	0.2965	0.3290	0.3608	0.3791	0.4137
480	480	240	1200	0.50	direct	anytime	0.55	0.35	0.30	0.20	calibration	2000	neither_passes	1846	0.92300000	0.00596117	1162.360	$96.48-$101.13	$99.60-$104.40 (cap $360.00)	-0.0106	0.0444	0.0662	0.0907	0.1162	0.1397	0.1971	-0.0692	0.0389	0.0694	0.1047	0.1378	0.1630	0.1993	0.2037	0.2521	0.2735	0.2994	0.3261	0.3513	0.4477
480	480	240	1200	0.50	direct	anytime	0.55	0.35	0.30	0.20	calibration	2000	both_pass	0	0.00000000	0.00000000	1162.360	$96.48-$101.13	$99.60-$104.40 (cap $360.00)	NA	NA	NA	NA	NA	NA	NA	NA	NA	NA	NA	NA	NA	NA	NA	NA	NA	NA	NA	NA	NA
400	400	400	1200	1.00	union	anytime	0.55	0.35	0.30	0.20	calibration	2000	fp_passes_fn_fails	7	0.00350000	0.00132056	1166.897	$96.85-$101.52	$99.60-$104.40 (cap $360.00)	0.2027	0.2031	0.2034	0.2122	0.2197	0.2294	0.2408	0.0637	0.0922	0.1144	0.1354	0.1609	0.1778	0.1962	0.4121	0.4245	0.4336	0.4365	0.4676	0.4710	0.4712
400	400	400	1200	1.00	union	anytime	0.55	0.35	0.30	0.20	calibration	2000	fn_passes_fp_fails	3	0.00150000	0.00086538	1166.897	$96.85-$101.52	$99.60-$104.40 (cap $360.00)	0.1095	0.1183	0.1314	0.1532	0.1658	0.1734	0.1785	0.2021	0.2027	0.2035	0.2050	0.2133	0.2183	0.2216	0.3353	0.3454	0.3604	0.3856	0.4107	0.4257	0.4358
400	400	400	1200	1.00	union	anytime	0.55	0.35	0.30	0.20	calibration	2000	neither_passes	1927	0.96350000	0.00419331	1166.897	$96.85-$101.52	$99.60-$104.40 (cap $360.00)	-0.0435	0.0319	0.0560	0.0847	0.1113	0.1349	0.1954	-0.0886	0.0076	0.0348	0.0647	0.0933	0.1201	0.1854	0.2033	0.2579	0.2808	0.3092	0.3369	0.3659	0.4344
400	400	400	1200	1.00	union	anytime	0.55	0.35	0.30	0.20	calibration	2000	both_pass	0	0.00000000	0.00000000	1166.897	$96.85-$101.52	$99.60-$104.40 (cap $360.00)	NA	NA	NA	NA	NA	NA	NA	NA	NA	NA	NA	NA	NA	NA	NA	NA	NA	NA	NA	NA	NA
400	400	400	1200	1.00	direct	anytime	0.55	0.35	0.30	0.20	calibration	2000	fp_passes_fn_fails	2	0.00100000	0.00070675	1163.947	$96.61-$101.26	$99.60-$104.40 (cap $360.00)	0.2027	0.2065	0.2122	0.2217	0.2313	0.2370	0.2408	0.1346	0.1401	0.1484	0.1622	0.1760	0.1843	0.1898	0.4328	0.4366	0.4424	0.4520	0.4616	0.4674	0.4712
400	400	400	1200	1.00	direct	anytime	0.55	0.35	0.30	0.20	calibration	2000	fn_passes_fp_fails	113	0.05650000	0.00516274	1163.947	$96.61-$101.26	$99.60-$104.40 (cap $360.00)	0.0337	0.0788	0.1054	0.1248	0.1525	0.1661	0.1903	0.2002	0.2027	0.2059	0.2127	0.2261	0.2369	0.2747	0.2361	0.3007	0.3249	0.3537	0.3811	0.4009	0.4358
400	400	400	1200	1.00	direct	anytime	0.55	0.35	0.30	0.20	calibration	2000	neither_passes	1812	0.90600000	0.00652549	1163.947	$96.61-$101.26	$99.60-$104.40 (cap $360.00)	-0.0435	0.0300	0.0542	0.0826	0.1092	0.1305	0.1954	-0.0152	0.0800	0.1065	0.1352	0.1589	0.1777	0.1999	0.2033	0.2564	0.2787	0.3064	0.3334	0.3586	0.4272
400	400	400	1200	1.00	direct	anytime	0.55	0.35	0.30	0.20	calibration	2000	both_pass	0	0.00000000	0.00000000	1163.947	$96.61-$101.26	$99.60-$104.40 (cap $360.00)	NA	NA	NA	NA	NA	NA	NA	NA	NA	NA	NA	NA	NA	NA	NA	NA	NA	NA	NA	NA	NA
300	300	600	1200	2.00	union	anytime	0.55	0.35	0.30	0.20	calibration	2000	fp_passes_fn_fails	7	0.00350000	0.00132056	1166.424	$96.81-$101.48	$99.60-$104.40 (cap $360.00)	0.2020	0.2022	0.2040	0.2121	0.2138	0.2166	0.2194	0.0721	0.0782	0.1041	0.1358	0.1686	0.1844	0.1925	0.4328	0.4425	0.4505	0.4533	0.4712	0.4791	0.4799
300	300	600	1200	2.00	union	anytime	0.55	0.35	0.30	0.20	calibration	2000	fn_passes_fp_fails	1	0.00050000	0.00049987	1166.424	$96.81-$101.48	$99.60-$104.40 (cap $360.00)	0.1359	0.1359	0.1359	0.1359	0.1359	0.1359	0.1359	0.2067	0.2067	0.2067	0.2067	0.2067	0.2067	0.2067	0.3899	0.3899	0.3899	0.3899	0.3899	0.3899	0.3899
300	300	600	1200	2.00	union	anytime	0.55	0.35	0.30	0.20	calibration	2000	neither_passes	1925	0.96250000	0.00424816	1166.424	$96.81-$101.48	$99.60-$104.40 (cap $360.00)	-0.0557	0.0070	0.0367	0.0699	0.1035	0.1296	0.1966	-0.0836	0.0076	0.0359	0.0645	0.0944	0.1212	0.1968	0.2060	0.2607	0.2896	0.3218	0.3565	0.3860	0.4891
300	300	600	1200	2.00	union	anytime	0.55	0.35	0.30	0.20	calibration	2000	both_pass	0	0.00000000	0.00000000	1166.424	$96.81-$101.48	$99.60-$104.40 (cap $360.00)	NA	NA	NA	NA	NA	NA	NA	NA	NA	NA	NA	NA	NA	NA	NA	NA	NA	NA	NA	NA	NA
300	300	600	1200	2.00	direct	anytime	0.55	0.35	0.30	0.20	calibration	2000	fp_passes_fn_fails	3	0.00150000	0.00086538	1164.532	$96.66-$101.31	$99.60-$104.40 (cap $360.00)	0.2020	0.2046	0.2084	0.2148	0.2171	0.2185	0.2194	0.1507	0.1525	0.1552	0.1598	0.1761	0.1858	0.1923	0.4490	0.4549	0.4638	0.4786	0.4793	0.4796	0.4799
300	300	600	1200	2.00	direct	anytime	0.55	0.35	0.30	0.20	calibration	2000	fn_passes_fp_fails	126	0.06300000	0.00543282	1164.532	$96.66-$101.31	$99.60-$104.40 (cap $360.00)	0.0400	0.0749	0.0919	0.1185	0.1493	0.1645	0.1966	0.2001	0.2009	0.2037	0.2111	0.2230	0.2377	0.2681	0.2660	0.3301	0.3469	0.3721	0.3921	0.4241	0.4854
300	300	600	1200	2.00	direct	anytime	0.55	0.35	0.30	0.20	calibration	2000	neither_passes	1798	0.89900000	0.00673792	1164.532	$96.66-$101.31	$99.60-$104.40 (cap $360.00)	-0.0557	0.0061	0.0338	0.0662	0.0989	0.1240	0.1958	0.0115	0.0873	0.1111	0.1377	0.1612	0.1800	0.1998	0.2060	0.2588	0.2874	0.3188	0.3513	0.3803	0.4776
300	300	600	1200	2.00	direct	anytime	0.55	0.35	0.30	0.20	calibration	2000	both_pass	0	0.00000000	0.00000000	1164.532	$96.66-$101.31	$99.60-$104.40 (cap $360.00)	NA	NA	NA	NA	NA	NA	NA	NA	NA	NA	NA	NA	NA	NA	NA	NA	NA	NA	NA	NA	NA
120	120	60	300	0.50	union	anytime	0.60	0.35	0.30	0.25	small real effect	2000	fp_passes_fn_fails	30	0.01500000	0.00271800	297.606	$24.70-$25.89	$24.90-$26.10 (cap $90.00)	0.2004	0.2025	0.2068	0.2169	0.2237	0.2422	0.2968	-0.1219	-0.0915	-0.0270	0.0158	0.0668	0.1371	0.1506	0.5162	0.5365	0.5569	0.5825	0.5948	0.6154	0.6231
120	120	60	300	0.50	union	anytime	0.60	0.35	0.30	0.25	small real effect	2000	fn_passes_fp_fails	1	0.00050000	0.00049987	297.606	$24.70-$25.89	$24.90-$26.10 (cap $90.00)	0.1657	0.1657	0.1657	0.1657	0.1657	0.1657	0.1657	0.2090	0.2090	0.2090	0.2090	0.2090	0.2090	0.2090	0.5577	0.5577	0.5577	0.5577	0.5577	0.5577	0.5577
120	120	60	300	0.50	union	anytime	0.60	0.35	0.30	0.25	small real effect	2000	neither_passes	1950	0.97500000	0.00349106	297.606	$24.70-$25.89	$24.90-$26.10 (cap $90.00)	-0.1579	-0.0370	0.0096	0.0550	0.1007	0.1381	0.1988	-0.3784	-0.1774	-0.1243	-0.0607	-0.0056	0.0499	0.1885	0.2284	0.3371	0.3794	0.4270	0.4700	0.5096	0.6248
120	120	60	300	0.50	union	anytime	0.60	0.35	0.30	0.25	small real effect	2000	both_pass	0	0.00000000	0.00000000	297.606	$24.70-$25.89	$24.90-$26.10 (cap $90.00)	NA	NA	NA	NA	NA	NA	NA	NA	NA	NA	NA	NA	NA	NA	NA	NA	NA	NA	NA	NA	NA
120	120	60	300	0.50	direct	anytime	0.60	0.35	0.30	0.25	small real effect	2000	fp_passes_fn_fails	25	0.01250000	0.00248433	297.279	$24.67-$25.86	$24.90-$26.10 (cap $90.00)	0.2004	0.2022	0.2059	0.2180	0.2310	0.2530	0.2968	-0.0223	-0.0052	0.0408	0.0781	0.1075	0.1240	0.1536	0.5162	0.5367	0.5597	0.5821	0.5895	0.6152	0.6231
120	120	60	300	0.50	direct	anytime	0.60	0.35	0.30	0.25	small real effect	2000	fn_passes_fp_fails	71	0.03550000	0.00413762	297.279	$24.67-$25.86	$24.90-$26.10 (cap $90.00)	-0.0420	-0.0000	0.0396	0.0836	0.1283	0.1569	0.1889	0.2001	0.2028	0.2085	0.2186	0.2383	0.2714	0.2940	0.3297	0.3948	0.4118	0.4386	0.4812	0.5201	0.5713
120	120	60	300	0.50	direct	anytime	0.60	0.35	0.30	0.25	small real effect	2000	neither_passes	1876	0.93800000	0.00539240	297.279	$24.67-$25.86	$24.90-$26.10 (cap $90.00)	-0.1579	-0.0394	0.0087	0.0540	0.0995	0.1368	0.1985	-0.3443	-0.0927	-0.0327	0.0286	0.0869	0.1370	0.1996	0.2284	0.3361	0.3776	0.4261	0.4693	0.5090	0.6248
120	120	60	300	0.50	direct	anytime	0.60	0.35	0.30	0.25	small real effect	2000	both_pass	0	0.00000000	0.00000000	297.279	$24.67-$25.86	$24.90-$26.10 (cap $90.00)	NA	NA	NA	NA	NA	NA	NA	NA	NA	NA	NA	NA	NA	NA	NA	NA	NA	NA	NA	NA	NA
100	100	100	300	1.00	union	anytime	0.60	0.35	0.30	0.25	small real effect	2000	fp_passes_fn_fails	30	0.01500000	0.00271800	297.747	$24.71-$25.90	$24.90-$26.10 (cap $90.00)	0.2001	0.2021	0.2048	0.2118	0.2318	0.2545	0.2828	-0.0239	-0.0026	0.0242	0.0626	0.0920	0.1075	0.1543	0.5450	0.5581	0.5773	0.5925	0.6193	0.6548	0.6967
100	100	100	300	1.00	union	anytime	0.60	0.35	0.30	0.25	small real effect	2000	fn_passes_fp_fails	1	0.00050000	0.00049987	297.747	$24.71-$25.90	$24.90-$26.10 (cap $90.00)	0.1628	0.1628	0.1628	0.1628	0.1628	0.1628	0.1628	0.2095	0.2095	0.2095	0.2095	0.2095	0.2095	0.2095	0.5719	0.5719	0.5719	0.5719	0.5719	0.5719	0.5719
100	100	100	300	1.00	union	anytime	0.60	0.35	0.30	0.25	small real effect	2000	neither_passes	1949	0.97450000	0.00352489	297.747	$24.71-$25.90	$24.90-$26.10 (cap $90.00)	-0.2481	-0.0651	-0.0152	0.0402	0.0862	0.1249	0.1978	-0.3072	-0.1371	-0.0884	-0.0321	0.0204	0.0662	0.1880	0.2265	0.3449	0.3869	0.4367	0.4905	0.5295	0.6693
100	100	100	300	1.00	union	anytime	0.60	0.35	0.30	0.25	small real effect	2000	both_pass	0	0.00000000	0.00000000	297.747	$24.71-$25.90	$24.90-$26.10 (cap $90.00)	NA	NA	NA	NA	NA	NA	NA	NA	NA	NA	NA	NA	NA	NA	NA	NA	NA	NA	NA	NA	NA
100	100	100	300	1.00	direct	anytime	0.60	0.35	0.30	0.25	small real effect	2000	fp_passes_fn_fails	17	0.00850000	0.00205277	297.165	$24.66-$25.85	$24.90-$26.10 (cap $90.00)	0.2001	0.2017	0.2068	0.2127	0.2415	0.2569	0.2828	0.1153	0.1239	0.1316	0.1583	0.1853	0.1938	0.1986	0.5515	0.5568	0.5734	0.5833	0.6166	0.6518	0.6967
100	100	100	300	1.00	direct	anytime	0.60	0.35	0.30	0.25	small real effect	2000	fn_passes_fp_fails	128	0.06400000	0.00547284	297.165	$24.66-$25.85	$24.90-$26.10 (cap $90.00)	-0.0466	0.0225	0.0595	0.0900	0.1244	0.1470	0.1857	0.2001	0.2056	0.2115	0.2267	0.2489	0.2663	0.3098	0.3408	0.4142	0.4405	0.4829	0.5280	0.5553	0.6693
100	100	100	300	1.00	direct	anytime	0.60	0.35	0.30	0.25	small real effect	2000	neither_passes	1818	0.90900000	0.00643114	297.165	$24.66-$25.85	$24.90-$26.10 (cap $90.00)	-0.2481	-0.0672	-0.0189	0.0359	0.0818	0.1215	0.1970	-0.1852	-0.0111	0.0373	0.0846	0.1309	0.1654	0.1999	0.2265	0.3426	0.3829	0.4326	0.4866	0.5260	0.6416
100	100	100	300	1.00	direct	anytime	0.60	0.35	0.30	0.25	small real effect	2000	both_pass	0	0.00000000	0.00000000	297.165	$24.66-$25.85	$24.90-$26.10 (cap $90.00)	NA	NA	NA	NA	NA	NA	NA	NA	NA	NA	NA	NA	NA	NA	NA	NA	NA	NA	NA	NA	NA
75	75	150	300	2.00	union	anytime	0.60	0.35	0.30	0.25	small real effect	2000	fp_passes_fn_fails	19	0.00950000	0.00216907	298.400	$24.77-$25.96	$24.90-$26.10 (cap $90.00)	0.2020	0.2051	0.2095	0.2222	0.2394	0.2587	0.2989	-0.0036	0.0159	0.0362	0.1067	0.1495	0.1581	0.1717	0.5983	0.6116	0.6244	0.6530	0.6940	0.7134	0.7200
75	75	150	300	2.00	union	anytime	0.60	0.35	0.30	0.25	small real effect	2000	fn_passes_fp_fails	1	0.00050000	0.00049987	298.400	$24.77-$25.96	$24.90-$26.10 (cap $90.00)	0.1675	0.1675	0.1675	0.1675	0.1675	0.1675	0.1675	0.2101	0.2101	0.2101	0.2101	0.2101	0.2101	0.2101	0.5764	0.5764	0.5764	0.5764	0.5764	0.5764	0.5764
75	75	150	300	2.00	union	anytime	0.60	0.35	0.30	0.25	small real effect	2000	neither_passes	1965	0.98250000	0.00293204	298.400	$24.77-$25.96	$24.90-$26.10 (cap $90.00)	-0.2363	-0.1025	-0.0549	0.0071	0.0609	0.1111	0.1961	-0.2540	-0.1336	-0.0845	-0.0321	0.0212	0.0729	0.1993	0.2235	0.3536	0.4045	0.4615	0.5178	0.5652	0.6823
75	75	150	300	2.00	union	anytime	0.60	0.35	0.30	0.25	small real effect	2000	both_pass	0	0.00000000	0.00000000	298.400	$24.77-$25.96	$24.90-$26.10 (cap $90.00)	NA	NA	NA	NA	NA	NA	NA	NA	NA	NA	NA	NA	NA	NA	NA	NA	NA	NA	NA	NA	NA
75	75	150	300	2.00	direct	anytime	0.60	0.35	0.30	0.25	small real effect	2000	fp_passes_fn_fails	6	0.00300000	0.00122291	297.322	$24.68-$25.87	$24.90-$26.10 (cap $90.00)	0.2020	0.2036	0.2095	0.2274	0.2385	0.2430	0.2454	0.0912	0.1036	0.1198	0.1406	0.1726	0.1825	0.1848	0.6010	0.6114	0.6245	0.6428	0.6851	0.7079	0.7200
75	75	150	300	2.00	direct	anytime	0.60	0.35	0.30	0.25	small real effect	2000	fn_passes_fp_fails	99	0.04950000	0.00485024	297.322	$24.68-$25.87	$24.90-$26.10 (cap $90.00)	-0.0854	0.0136	0.0426	0.0933	0.1327	0.1684	0.1868	0.2000	0.2028	0.2099	0.2240	0.2388	0.2596	0.3402	0.4103	0.4454	0.4914	0.5361	0.5818	0.6131	0.6728
75	75	150	300	2.00	direct	anytime	0.60	0.35	0.30	0.25	small real effect	2000	neither_passes	1855	0.92750000	0.00579844	297.322	$24.68-$25.87	$24.90-$26.10 (cap $90.00)	-0.2363	-0.1053	-0.0586	0.0018	0.0549	0.1027	0.1961	-0.1111	-0.0039	0.0375	0.0849	0.1267	0.1607	0.1997	0.2235	0.3516	0.4013	0.4570	0.5119	0.5559	0.6663
75	75	150	300	2.00	direct	anytime	0.60	0.35	0.30	0.25	small real effect	2000	both_pass	0	0.00000000	0.00000000	297.322	$24.68-$25.87	$24.90-$26.10 (cap $90.00)	NA	NA	NA	NA	NA	NA	NA	NA	NA	NA	NA	NA	NA	NA	NA	NA	NA	NA	NA	NA	NA
480	480	240	1200	0.50	union	anytime	0.60	0.35	0.30	0.25	small real effect	2000	fp_passes_fn_fails	134	0.06700000	0.00559066	1191.468	$98.89-$103.66	$99.60-$104.40 (cap $360.00)	0.2003	0.2035	0.2061	0.2123	0.2235	0.2358	0.2635	0.0536	0.0882	0.1089	0.1370	0.1583	0.1721	0.1905	0.3685	0.3962	0.4059	0.4205	0.4363	0.4527	0.5065
480	480	240	1200	0.50	union	anytime	0.60	0.35	0.30	0.25	small real effect	2000	fn_passes_fp_fails	27	0.01350000	0.00258048	1191.468	$98.89-$103.66	$99.60-$104.40 (cap $360.00)	0.1203	0.1424	0.1532	0.1726	0.1840	0.1892	0.1973	0.2000	0.2004	0.2024	0.2068	0.2210	0.2275	0.2381	0.3277	0.3434	0.3737	0.3849	0.3976	0.4091	0.4241
480	480	240	1200	0.50	union	anytime	0.60	0.35	0.30	0.25	small real effect	2000	neither_passes	1817	0.90850000	0.00644701	1191.468	$98.89-$103.66	$99.60-$104.40 (cap $360.00)	0.0221	0.0898	0.1137	0.1391	0.1624	0.1804	0.1999	-0.0582	0.0367	0.0647	0.0969	0.1278	0.1540	0.1998	0.2354	0.2978	0.3209	0.3452	0.3704	0.3909	0.4548
480	480	240	1200	0.50	union	anytime	0.60	0.35	0.30	0.25	small real effect	2000	both_pass	0	0.00000000	0.00000000	1191.468	$98.89-$103.66	$99.60-$104.40 (cap $360.00)	NA	NA	NA	NA	NA	NA	NA	NA	NA	NA	NA	NA	NA	NA	NA	NA	NA	NA	NA	NA	NA
480	480	240	1200	0.50	direct	anytime	0.60	0.35	0.30	0.25	small real effect	2000	fp_passes_fn_fails	71	0.03550000	0.00413762	1172.801	$97.34-$102.03	$99.60-$104.40 (cap $360.00)	0.2003	0.2037	0.2061	0.2125	0.2232	0.2367	0.2635	0.0995	0.1173	0.1485	0.1665	0.1799	0.1882	0.1975	0.3685	0.3893	0.4034	0.4191	0.4361	0.4510	0.5065
480	480	240	1200	0.50	direct	anytime	0.60	0.35	0.30	0.25	small real effect	2000	fn_passes_fp_fails	350	0.17500000	0.00849632	1172.801	$97.34-$102.03	$99.60-$104.40 (cap $360.00)	0.0604	0.1105	0.1315	0.1542	0.1727	0.1845	0.1973	0.2000	0.2034	0.2090	0.2203	0.2374	0.2559	0.3188	0.2619	0.3125	0.3346	0.3608	0.3812	0.3965	0.4241
480	480	240	1200	0.50	direct	anytime	0.60	0.35	0.30	0.25	small real effect	2000	neither_passes	1476	0.73800000	0.00983250	1172.801	$97.34-$102.03	$99.60-$104.40 (cap $360.00)	0.0221	0.0876	0.1104	0.1361	0.1581	0.1776	0.1993	-0.0283	0.0857	0.1137	0.1443	0.1691	0.1859	0.1999	0.2354	0.2947	0.3179	0.3420	0.3666	0.3874	0.4548
480	480	240	1200	0.50	direct	anytime	0.60	0.35	0.30	0.25	small real effect	2000	both_pass	0	0.00000000	0.00000000	1172.801	$97.34-$102.03	$99.60-$104.40 (cap $360.00)	NA	NA	NA	NA	NA	NA	NA	NA	NA	NA	NA	NA	NA	NA	NA	NA	NA	NA	NA	NA	NA
400	400	400	1200	1.00	union	anytime	0.60	0.35	0.30	0.25	small real effect	2000	fp_passes_fn_fails	108	0.05400000	0.00505391	1183.834	$98.26-$102.99	$99.60-$104.40 (cap $360.00)	0.2003	0.2021	0.2044	0.2107	0.2227	0.2381	0.2618	0.0437	0.1019	0.1268	0.1454	0.1693	0.1858	0.1995	0.3828	0.4107	0.4211	0.4350	0.4503	0.4685	0.5089
400	400	400	1200	1.00	union	anytime	0.60	0.35	0.30	0.25	small real effect	2000	fn_passes_fp_fails	25	0.01250000	0.00248433	1183.834	$98.26-$102.99	$99.60-$104.40 (cap $360.00)	0.0832	0.1239	0.1270	0.1524	0.1843	0.1897	0.1948	0.2007	0.2011	0.2037	0.2115	0.2230	0.2245	0.2345	0.2948	0.3384	0.3634	0.3786	0.4033	0.4147	0.4433
400	400	400	1200	1.00	union	anytime	0.60	0.35	0.30	0.25	small real effect	2000	neither_passes	1823	0.91150000	0.00635090	1183.834	$98.26-$102.99	$99.60-$104.40 (cap $360.00)	-0.0097	0.0801	0.1055	0.1315	0.1564	0.1772	0.1995	-0.0284	0.0580	0.0827	0.1114	0.1388	0.1639	0.1998	0.2087	0.3040	0.3275	0.3535	0.3809	0.4039	0.4819
400	400	400	1200	1.00	union	anytime	0.60	0.35	0.30	0.25	small real effect	2000	both_pass	0	0.00000000	0.00000000	1183.834	$98.26-$102.99	$99.60-$104.40 (cap $360.00)	NA	NA	NA	NA	NA	NA	NA	NA	NA	NA	NA	NA	NA	NA	NA	NA	NA	NA	NA	NA	NA
400	400	400	1200	1.00	direct	anytime	0.60	0.35	0.30	0.25	small real effect	2000	fp_passes_fn_fails	26	0.01300000	0.00253288	1148.506	$95.33-$99.92	$99.60-$104.40 (cap $360.00)	0.2003	0.2016	0.2036	0.2072	0.2100	0.2206	0.2319	0.1418	0.1567	0.1628	0.1776	0.1890	0.1960	0.1992	0.3959	0.4054	0.4117	0.4268	0.4411	0.4473	0.4632
400	400	400	1200	1.00	direct	anytime	0.60	0.35	0.30	0.25	small real effect	2000	fn_passes_fp_fails	593	0.29650000	0.01021244	1148.506	$95.33-$99.92	$99.60-$104.40 (cap $360.00)	0.0434	0.1024	0.1255	0.1458	0.1676	0.1812	0.1983	0.2000	0.2046	0.2103	0.2239	0.2386	0.2535	0.2946	0.2626	0.3239	0.3452	0.3712	0.3918	0.4114	0.4641
400	400	400	1200	1.00	direct	anytime	0.60	0.35	0.30	0.25	small real effect	2000	neither_passes	1214	0.60700000	0.01092133	1148.506	$95.33-$99.92	$99.60-$104.40 (cap $360.00)	-0.0097	0.0724	0.0964	0.1228	0.1468	0.1679	0.1988	0.0620	0.1241	0.1466	0.1683	0.1845	0.1937	0.2000	0.2087	0.2962	0.3209	0.3444	0.3697	0.3949	0.4819
400	400	400	1200	1.00	direct	anytime	0.60	0.35	0.30	0.25	small real effect	2000	both_pass	0	0.00000000	0.00000000	1148.506	$95.33-$99.92	$99.60-$104.40 (cap $360.00)	NA	NA	NA	NA	NA	NA	NA	NA	NA	NA	NA	NA	NA	NA	NA	NA	NA	NA	NA	NA	NA
300	300	600	1200	2.00	union	anytime	0.60	0.35	0.30	0.25	small real effect	2000	fp_passes_fn_fails	84	0.04200000	0.00448531	1181.190	$98.04-$102.76	$99.60-$104.40 (cap $360.00)	0.2000	0.2018	0.2073	0.2141	0.2245	0.2345	0.2674	0.0487	0.1151	0.1352	0.1554	0.1771	0.1841	0.1997	0.4178	0.4352	0.4487	0.4593	0.4823	0.4927	0.5269
300	300	600	1200	2.00	union	anytime	0.60	0.35	0.30	0.25	small real effect	2000	fn_passes_fp_fails	32	0.01600000	0.00280571	1181.190	$98.04-$102.76	$99.60-$104.40 (cap $360.00)	0.1106	0.1345	0.1574	0.1766	0.1859	0.1915	0.1960	0.2004	0.2020	0.2039	0.2090	0.2172	0.2270	0.2446	0.3560	0.3935	0.4084	0.4274	0.4393	0.4555	0.4880
300	300	600	1200	2.00	union	anytime	0.60	0.35	0.30	0.25	small real effect	2000	neither_passes	1832	0.91600000	0.00620258	1181.190	$98.04-$102.76	$99.60-$104.40 (cap $360.00)	-0.0480	0.0567	0.0847	0.1164	0.1449	0.1681	0.1998	-0.0423	0.0585	0.0839	0.1125	0.1414	0.1643	0.1990	0.2241	0.3057	0.3359	0.3663	0.3972	0.4225	0.4885
300	300	600	1200	2.00	union	anytime	0.60	0.35	0.30	0.25	small real effect	2000	both_pass	0	0.00000000	0.00000000	1181.190	$98.04-$102.76	$99.60-$104.40 (cap $360.00)	NA	NA	NA	NA	NA	NA	NA	NA	NA	NA	NA	NA	NA	NA	NA	NA	NA	NA	NA	NA	NA
300	300	600	1200	2.00	direct	anytime	0.60	0.35	0.30	0.25	small real effect	2000	fp_passes_fn_fails	14	0.00700000	0.00186427	1150.090	$95.46-$100.06	$99.60-$104.40 (cap $360.00)	0.2003	0.2018	0.2042	0.2111	0.2211	0.2299	0.2378	0.1378	0.1582	0.1687	0.1926	0.1936	0.1963	0.1998	0.4178	0.4264	0.4336	0.4548	0.4709	0.4979	0.5221
300	300	600	1200	2.00	direct	anytime	0.60	0.35	0.30	0.25	small real effect	2000	fn_passes_fp_fails	697	0.34850000	0.01065476	1150.090	$95.46-$100.06	$99.60-$104.40 (cap $360.00)	0.0213	0.0881	0.1125	0.1376	0.1612	0.1758	0.1960	0.2000	0.2033	0.2100	0.2219	0.2367	0.2525	0.2996	0.2737	0.3396	0.3614	0.3887	0.4130	0.4337	0.4880
300	300	600	1200	2.00	direct	anytime	0.60	0.35	0.30	0.25	small real effect	2000	neither_passes	1136	0.56800000	0.01107646	1150.090	$95.46-$100.06	$99.60-$104.40 (cap $360.00)	-0.0480	0.0451	0.0706	0.1016	0.1287	0.1533	0.1956	0.0397	0.1323	0.1504	0.1700	0.1852	0.1942	0.1999	0.2241	0.2932	0.3229	0.3518	0.3816	0.4053	0.4823
300	300	600	1200	2.00	direct	anytime	0.60	0.35	0.30	0.25	small real effect	2000	both_pass	0	0.00000000	0.00000000	1150.090	$95.46-$100.06	$99.60-$104.40 (cap $360.00)	NA	NA	NA	NA	NA	NA	NA	NA	NA	NA	NA	NA	NA	NA	NA	NA	NA	NA	NA	NA	NA
120	120	60	300	0.50	union	anytime	0.65	0.35	0.30	0.30	real effect	2000	fp_passes_fn_fails	173	0.08650000	0.00628561	298.997	$24.82-$26.01	$24.90-$26.10 (cap $90.00)	0.2005	0.2031	0.2098	0.2219	0.2388	0.2565	0.3146	-0.1965	-0.0662	-0.0080	0.0318	0.1029	0.1483	0.1962	0.4996	0.5301	0.5462	0.5686	0.5885	0.6116	0.6684
120	120	60	300	0.50	union	anytime	0.65	0.35	0.30	0.30	real effect	2000	fn_passes_fp_fails	3	0.00150000	0.00086538	298.997	$24.82-$26.01	$24.90-$26.10 (cap $90.00)	0.1505	0.1543	0.1600	0.1696	0.1755	0.1790	0.1814	0.2189	0.2197	0.2209	0.2228	0.2397	0.2499	0.2566	0.5265	0.5316	0.5393	0.5522	0.5612	0.5665	0.5701
120	120	60	300	0.50	union	anytime	0.65	0.35	0.30	0.30	real effect	2000	neither_passes	1807	0.90350000	0.00660257	298.997	$24.82-$26.01	$24.90-$26.10 (cap $90.00)	-0.1778	0.0154	0.0563	0.1010	0.1424	0.1723	0.1994	-0.3067	-0.1201	-0.0763	-0.0158	0.0402	0.0904	0.1991	0.2202	0.3812	0.4228	0.4690	0.5057	0.5406	0.6355
120	120	60	300	0.50	union	anytime	0.65	0.35	0.30	0.30	real effect	2000	both_pass	0	0.00000000	0.00000000	298.997	$24.82-$26.01	$24.90-$26.10 (cap $90.00)	NA	NA	NA	NA	NA	NA	NA	NA	NA	NA	NA	NA	NA	NA	NA	NA	NA	NA	NA	NA	NA
120	120	60	300	0.50	direct	anytime	0.65	0.35	0.30	0.30	real effect	2000	fp_passes_fn_fails	120	0.06000000	0.00531037	296.776	$24.63-$25.82	$24.90-$26.10 (cap $90.00)	0.2005	0.2033	0.2093	0.2227	0.2362	0.2576	0.3146	-0.0972	-0.0000	0.0600	0.0970	0.1326	0.1649	0.1909	0.4996	0.5344	0.5459	0.5685	0.5906	0.6108	0.6684
120	120	60	300	0.50	direct	anytime	0.65	0.35	0.30	0.30	real effect	2000	fn_passes_fp_fails	149	0.07450000	0.00587153	296.776	$24.63-$25.82	$24.90-$26.10 (cap $90.00)	-0.0354	0.0434	0.0838	0.1238	0.1572	0.1762	0.1923	0.2001	0.2036	0.2112	0.2242	0.2520	0.2893	0.3555	0.3185	0.4123	0.4511	0.4858	0.5148	0.5449	0.6045
120	120	60	300	0.50	direct	anytime	0.65	0.35	0.30	0.30	real effect	2000	neither_passes	1653	0.82650000	0.00846752	296.776	$24.63-$25.82	$24.90-$26.10 (cap $90.00)	-0.1778	0.0129	0.0547	0.0971	0.1399	0.1708	0.1994	-0.2255	-0.0425	0.0132	0.0713	0.1199	0.1583	0.1996	0.2202	0.3787	0.4192	0.4666	0.5042	0.5392	0.6355
120	120	60	300	0.50	direct	anytime	0.65	0.35	0.30	0.30	real effect	2000	both_pass	0	0.00000000	0.00000000	296.776	$24.63-$25.82	$24.90-$26.10 (cap $90.00)	NA	NA	NA	NA	NA	NA	NA	NA	NA	NA	NA	NA	NA	NA	NA	NA	NA	NA	NA	NA	NA
100	100	100	300	1.00	union	anytime	0.65	0.35	0.30	0.30	real effect	2000	fp_passes_fn_fails	127	0.06350000	0.00545288	298.781	$24.80-$25.99	$24.90-$26.10 (cap $90.00)	0.2000	0.2032	0.2098	0.2242	0.2494	0.2724	0.3132	-0.0635	0.0129	0.0476	0.0946	0.1316	0.1607	0.1982	0.5175	0.5577	0.5775	0.6088	0.6312	0.6570	0.7187
100	100	100	300	1.00	union	anytime	0.65	0.35	0.30	0.30	real effect	2000	fn_passes_fp_fails	14	0.00700000	0.00186427	298.781	$24.80-$25.99	$24.90-$26.10 (cap $90.00)	0.0168	0.0674	0.1083	0.1366	0.1664	0.1743	0.1862	0.2010	0.2021	0.2048	0.2129	0.2216	0.2332	0.2908	0.4401	0.4652	0.4981	0.5304	0.5516	0.5672	0.5857
100	100	100	300	1.00	union	anytime	0.65	0.35	0.30	0.30	real effect	2000	neither_passes	1840	0.92000000	0.00606630	298.781	$24.80-$25.99	$24.90-$26.10 (cap $90.00)	-0.1619	-0.0110	0.0334	0.0841	0.1315	0.1658	0.1998	-0.2848	-0.0898	-0.0411	0.0145	0.0657	0.1123	0.2000	0.2461	0.3863	0.4292	0.4803	0.5240	0.5608	0.6561
100	100	100	300	1.00	union	anytime	0.65	0.35	0.30	0.30	real effect	2000	both_pass	0	0.00000000	0.00000000	298.781	$24.80-$25.99	$24.90-$26.10 (cap $90.00)	NA	NA	NA	NA	NA	NA	NA	NA	NA	NA	NA	NA	NA	NA	NA	NA	NA	NA	NA	NA	NA
100	100	100	300	1.00	direct	anytime	0.65	0.35	0.30	0.30	real effect	2000	fp_passes_fn_fails	44	0.02200000	0.00327994	293.700	$24.38-$25.55	$24.90-$26.10 (cap $90.00)	0.2007	0.2023	0.2085	0.2268	0.2485	0.2681	0.2819	0.0490	0.1086	0.1305	0.1610	0.1765	0.1839	0.1927	0.5365	0.5599	0.5767	0.6057	0.6316	0.6532	0.6759
100	100	100	300	1.00	direct	anytime	0.65	0.35	0.30	0.30	real effect	2000	fn_passes_fp_fails	349	0.17450000	0.00848675	293.700	$24.38-$25.55	$24.90-$26.10 (cap $90.00)	-0.0319	0.0525	0.0814	0.1244	0.1556	0.1768	0.1994	0.2000	0.2052	0.2145	0.2317	0.2580	0.2865	0.3837	0.3549	0.4400	0.4731	0.5104	0.5480	0.5784	0.6561
100	100	100	300	1.00	direct	anytime	0.65	0.35	0.30	0.30	real effect	2000	neither_passes	1483	0.74150000	0.00978973	293.700	$24.38-$25.55	$24.90-$26.10 (cap $90.00)	-0.1619	-0.0184	0.0241	0.0725	0.1198	0.1556	0.1996	-0.1454	0.0322	0.0741	0.1223	0.1581	0.1792	0.1999	0.2461	0.3777	0.4212	0.4706	0.5157	0.5524	0.6473
100	100	100	300	1.00	direct	anytime	0.65	0.35	0.30	0.30	real effect	2000	both_pass	0	0.00000000	0.00000000	293.700	$24.38-$25.55	$24.90-$26.10 (cap $90.00)	NA	NA	NA	NA	NA	NA	NA	NA	NA	NA	NA	NA	NA	NA	NA	NA	NA	NA	NA	NA	NA
75	75	150	300	2.00	union	anytime	0.65	0.35	0.30	0.30	real effect	2000	fp_passes_fn_fails	79	0.03950000	0.00435544	298.594	$24.78-$25.98	$24.90-$26.10 (cap $90.00)	0.2003	0.2065	0.2124	0.2291	0.2572	0.2723	0.3650	-0.0705	0.0232	0.0773	0.1155	0.1631	0.1826	0.1999	0.5744	0.5979	0.6203	0.6513	0.6776	0.7162	0.7606
75	75	150	300	2.00	union	anytime	0.65	0.35	0.30	0.30	real effect	2000	fn_passes_fp_fails	16	0.00800000	0.00199198	298.594	$24.78-$25.98	$24.90-$26.10 (cap $90.00)	0.0749	0.0874	0.1055	0.1391	0.1656	0.1758	0.1956	0.2001	0.2010	0.2046	0.2094	0.2183	0.2210	0.2495	0.4544	0.5223	0.5667	0.5779	0.6001	0.6434	0.6618
75	75	150	300	2.00	union	anytime	0.65	0.35	0.30	0.30	real effect	2000	neither_passes	1880	0.94000000	0.00531037	298.594	$24.78-$25.98	$24.90-$26.10 (cap $90.00)	-0.2651	-0.0605	-0.0052	0.0526	0.1066	0.1480	0.1998	-0.2575	-0.0800	-0.0329	0.0192	0.0704	0.1137	0.1982	0.2387	0.3969	0.4471	0.5039	0.5546	0.5950	0.7285
75	75	150	300	2.00	union	anytime	0.65	0.35	0.30	0.30	real effect	2000	both_pass	0	0.00000000	0.00000000	298.594	$24.78-$25.98	$24.90-$26.10 (cap $90.00)	NA	NA	NA	NA	NA	NA	NA	NA	NA	NA	NA	NA	NA	NA	NA	NA	NA	NA	NA	NA	NA
75	75	150	300	2.00	direct	anytime	0.65	0.35	0.30	0.30	real effect	2000	fp_passes_fn_fails	14	0.00700000	0.00186427	295.116	$24.49-$25.68	$24.90-$26.10 (cap $90.00)	0.2054	0.2068	0.2100	0.2127	0.2256	0.2543	0.2786	0.0718	0.1067	0.1172	0.1481	0.1806	0.1835	0.1943	0.5800	0.5874	0.6034	0.6225	0.6520	0.7080	0.7606
75	75	150	300	2.00	direct	anytime	0.65	0.35	0.30	0.30	real effect	2000	fn_passes_fp_fails	309	0.15450000	0.00808176	295.116	$24.49-$25.68	$24.90-$26.10 (cap $90.00)	-0.0596	0.0230	0.0700	0.1064	0.1473	0.1712	0.1990	0.2003	0.2044	0.2122	0.2290	0.2543	0.2801	0.3494	0.3868	0.4699	0.5129	0.5468	0.5876	0.6194	0.7285
75	75	150	300	2.00	direct	anytime	0.65	0.35	0.30	0.30	real effect	2000	neither_passes	1566	0.78300000	0.00921713	295.116	$24.49-$25.68	$24.90-$26.10 (cap $90.00)	-0.2651	-0.0682	-0.0155	0.0409	0.0925	0.1342	0.1998	-0.1172	0.0401	0.0825	0.1236	0.1574	0.1804	0.2000	0.2387	0.3876	0.4392	0.4929	0.5423	0.5855	0.7161
75	75	150	300	2.00	direct	anytime	0.65	0.35	0.30	0.30	real effect	2000	both_pass	0	0.00000000	0.00000000	295.116	$24.49-$25.68	$24.90-$26.10 (cap $90.00)	NA	NA	NA	NA	NA	NA	NA	NA	NA	NA	NA	NA	NA	NA	NA	NA	NA	NA	NA	NA	NA
480	480	240	1200	0.50	union	anytime	0.65	0.35	0.30	0.30	real effect	2000	fp_passes_fn_fails	634	0.31700000	0.01040459	1148.639	$95.34-$99.93	$99.60-$104.40 (cap $360.00)	0.2001	0.2046	0.2101	0.2219	0.2366	0.2545	0.3015	0.0438	0.1109	0.1303	0.1541	0.1742	0.1861	0.1996	0.3721	0.4005	0.4119	0.4254	0.4433	0.4621	0.5147
480	480	240	1200	0.50	union	anytime	0.65	0.35	0.30	0.30	real effect	2000	fn_passes_fp_fails	86	0.04300000	0.00453602	1148.639	$95.34-$99.93	$99.60-$104.40 (cap $360.00)	0.1088	0.1530	0.1668	0.1821	0.1907	0.1954	0.1985	0.2002	0.2033	0.2063	0.2139	0.2211	0.2317	0.2548	0.3201	0.3571	0.3676	0.3816	0.3965	0.4102	0.4339
480	480	240	1200	0.50	union	anytime	0.65	0.35	0.30	0.30	real effect	2000	neither_passes	1008	0.50400000	0.01117998	1148.639	$95.34-$99.93	$99.60-$104.40 (cap $360.00)	0.0770	0.1304	0.1519	0.1714	0.1858	0.1940	0.2000	-0.0454	0.0772	0.1049	0.1324	0.1609	0.1808	0.1997	0.2756	0.3350	0.3531	0.3723	0.3901	0.4023	0.4524
480	480	240	1200	0.50	union	anytime	0.65	0.35	0.30	0.30	real effect	2000	both_pass	0	0.00000000	0.00000000	1148.639	$95.34-$99.93	$99.60-$104.40 (cap $360.00)	NA	NA	NA	NA	NA	NA	NA	NA	NA	NA	NA	NA	NA	NA	NA	NA	NA	NA	NA	NA	NA
480	480	240	1200	0.50	direct	anytime	0.65	0.35	0.30	0.30	real effect	2000	fp_passes_fn_fails	229	0.11450000	0.00712003	1029.094	$85.41-$89.53	$99.60-$104.40 (cap $360.00)	0.2005	0.2044	0.2091	0.2196	0.2347	0.2529	0.2805	0.0856	0.1350	0.1539	0.1709	0.1871	0.1939	0.1993	0.3863	0.3993	0.4102	0.4246	0.4401	0.4561	0.4844
480	480	240	1200	0.50	direct	anytime	0.65	0.35	0.30	0.30	real effect	2000	fn_passes_fp_fails	524	0.26200000	0.00983250	1029.094	$85.41-$89.53	$99.60-$104.40 (cap $360.00)	0.0791	0.1395	0.1595	0.1760	0.1868	0.1941	0.1997	0.2001	0.2069	0.2164	0.2316	0.2527	0.2767	0.3496	0.2756	0.3405	0.3596	0.3766	0.3918	0.4041	0.4466
480	480	240	1200	0.50	direct	anytime	0.65	0.35	0.30	0.30	real effect	2000	neither_passes	544	0.27200000	0.00995028	1029.094	$85.41-$89.53	$99.60-$104.40 (cap $360.00)	0.0770	0.1256	0.1466	0.1664	0.1823	0.1927	0.2000	0.0287	0.1151	0.1437	0.1671	0.1862	0.1947	0.1999	0.2803	0.3281	0.3484	0.3674	0.3861	0.4010	0.4524
480	480	240	1200	0.50	direct	anytime	0.65	0.35	0.30	0.30	real effect	2000	both_pass	0	0.00000000	0.00000000	1029.094	$85.41-$89.53	$99.60-$104.40 (cap $360.00)	NA	NA	NA	NA	NA	NA	NA	NA	NA	NA	NA	NA	NA	NA	NA	NA	NA	NA	NA	NA	NA
400	400	400	1200	1.00	union	anytime	0.65	0.35	0.30	0.30	real effect	2000	fp_passes_fn_fails	449	0.22450000	0.00933005	1133.367	$94.07-$98.60	$99.60-$104.40 (cap $360.00)	0.2002	0.2036	0.2097	0.2214	0.2363	0.2545	0.3281	0.0667	0.1270	0.1472	0.1692	0.1847	0.1925	0.1997	0.3846	0.4121	0.4232	0.4404	0.4587	0.4773	0.5405
400	400	400	1200	1.00	union	anytime	0.65	0.35	0.30	0.30	real effect	2000	fn_passes_fp_fails	152	0.07600000	0.00592554	1133.367	$94.07-$98.60	$99.60-$104.40 (cap $360.00)	0.1177	0.1528	0.1671	0.1785	0.1891	0.1956	0.1998	0.2001	0.2027	0.2055	0.2157	0.2278	0.2409	0.2612	0.3420	0.3661	0.3850	0.4014	0.4152	0.4237	0.4506
400	400	400	1200	1.00	union	anytime	0.65	0.35	0.30	0.30	real effect	2000	neither_passes	1053	0.52650000	0.01116463	1133.367	$94.07-$98.60	$99.60-$104.40 (cap $360.00)	0.0367	0.1210	0.1426	0.1641	0.1814	0.1915	0.2000	0.0234	0.0967	0.1243	0.1487	0.1710	0.1864	0.1998	0.2566	0.3390	0.3605	0.3832	0.4035	0.4177	0.4860
400	400	400	1200	1.00	union	anytime	0.65	0.35	0.30	0.30	real effect	2000	both_pass	0	0.00000000	0.00000000	1133.367	$94.07-$98.60	$99.60-$104.40 (cap $360.00)	NA	NA	NA	NA	NA	NA	NA	NA	NA	NA	NA	NA	NA	NA	NA	NA	NA	NA	NA	NA	NA
400	400	400	1200	1.00	direct	anytime	0.65	0.35	0.30	0.30	real effect	2000	fp_passes_fn_fails	34	0.01700000	0.00289059	982.743	$81.57-$85.50	$99.60-$104.40 (cap $360.00)	0.2003	0.2024	0.2045	0.2094	0.2242	0.2358	0.2803	0.1333	0.1559	0.1815	0.1866	0.1920	0.1964	0.1997	0.3910	0.4087	0.4135	0.4225	0.4404	0.4538	0.5056
400	400	400	1200	1.00	direct	anytime	0.65	0.35	0.30	0.30	real effect	2000	fn_passes_fp_fails	886	0.44300000	0.01110745	982.743	$81.57-$85.50	$99.60-$104.40 (cap $360.00)	0.0436	0.1324	0.1509	0.1696	0.1831	0.1916	0.1998	0.2003	0.2097	0.2211	0.2395	0.2600	0.2804	0.3267	0.2566	0.3494	0.3673	0.3880	0.4061	0.4194	0.4559
400	400	400	1200	1.00	direct	anytime	0.65	0.35	0.30	0.30	real effect	2000	neither_passes	279	0.13950000	0.00774725	982.743	$81.57-$85.50	$99.60-$104.40 (cap $360.00)	0.0367	0.1041	0.1237	0.1487	0.1703	0.1863	0.1999	0.1060	0.1528	0.1689	0.1816	0.1926	0.1966	0.2000	0.2682	0.3233	0.3415	0.3676	0.3930	0.4088	0.4688
400	400	400	1200	1.00	direct	anytime	0.65	0.35	0.30	0.30	real effect	2000	both_pass	0	0.00000000	0.00000000	982.743	$81.57-$85.50	$99.60-$104.40 (cap $360.00)	NA	NA	NA	NA	NA	NA	NA	NA	NA	NA	NA	NA	NA	NA	NA	NA	NA	NA	NA	NA	NA
300	300	600	1200	2.00	union	anytime	0.65	0.35	0.30	0.30	real effect	2000	fp_passes_fn_fails	280	0.14000000	0.00775887	1134.238	$94.14-$98.68	$99.60-$104.40 (cap $360.00)	0.2000	0.2027	0.2078	0.2161	0.2288	0.2454	0.2823	0.0990	0.1322	0.1528	0.1716	0.1859	0.1938	0.1993	0.4117	0.4345	0.4450	0.4616	0.4837	0.5042	0.5338
300	300	600	1200	2.00	union	anytime	0.65	0.35	0.30	0.30	real effect	2000	fn_passes_fp_fails	182	0.09100000	0.00643114	1134.238	$94.14-$98.68	$99.60-$104.40 (cap $360.00)	0.0734	0.1362	0.1549	0.1749	0.1870	0.1929	0.1991	0.2002	0.2023	0.2057	0.2139	0.2257	0.2424	0.2954	0.3354	0.3805	0.4027	0.4238	0.4398	0.4576	0.5050
300	300	600	1200	2.00	union	anytime	0.65	0.35	0.30	0.30	real effect	2000	neither_passes	1221	0.61050000	0.01090389	1134.238	$94.14-$98.68	$99.60-$104.40 (cap $360.00)	-0.0290	0.0992	0.1258	0.1519	0.1725	0.1877	0.1999	0.0219	0.1030	0.1268	0.1517	0.1735	0.1862	0.1999	0.2401	0.3441	0.3723	0.3975	0.4215	0.4421	0.5247
300	300	600	1200	2.00	union	anytime	0.65	0.35	0.30	0.30	real effect	2000	both_pass	0	0.00000000	0.00000000	1134.238	$94.14-$98.68	$99.60-$104.40 (cap $360.00)	NA	NA	NA	NA	NA	NA	NA	NA	NA	NA	NA	NA	NA	NA	NA	NA	NA	NA	NA	NA	NA
300	300	600	1200	2.00	direct	anytime	0.65	0.35	0.30	0.30	real effect	2000	fp_passes_fn_fails	10	0.00500000	0.00157718	1029.838	$85.48-$89.60	$99.60-$104.40 (cap $360.00)	0.2021	0.2027	0.2048	0.2153	0.2295	0.2333	0.2341	0.1664	0.1764	0.1881	0.1913	0.1946	0.1969	0.1997	0.4362	0.4399	0.4443	0.4609	0.4847	0.4944	0.5056
300	300	600	1200	2.00	direct	anytime	0.65	0.35	0.30	0.30	real effect	2000	fn_passes_fp_fails	1110	0.55500000	0.01111249	1029.838	$85.48-$89.60	$99.60-$104.40 (cap $360.00)	0.0298	0.1110	0.1345	0.1574	0.1773	0.1877	0.1999	0.2001	0.2099	0.2230	0.2404	0.2597	0.2803	0.3542	0.2844	0.3569	0.3804	0.4034	0.4263	0.4433	0.5247
300	300	600	1200	2.00	direct	anytime	0.65	0.35	0.30	0.30	real effect	2000	neither_passes	245	0.12250000	0.00733123	1029.838	$85.48-$89.60	$99.60-$104.40 (cap $360.00)	-0.0290	0.0727	0.1000	0.1250	0.1537	0.1726	0.1990	0.1060	0.1562	0.1719	0.1819	0.1916	0.1965	0.2000	0.2401	0.3190	0.3463	0.3729	0.4025	0.4249	0.4691
300	300	600	1200	2.00	direct	anytime	0.65	0.35	0.30	0.30	real effect	2000	both_pass	0	0.00000000	0.00000000	1029.838	$85.48-$89.60	$99.60-$104.40 (cap $360.00)	NA	NA	NA	NA	NA	NA	NA	NA	NA	NA	NA	NA	NA	NA	NA	NA	NA	NA	NA	NA	NA
120	120	60	300	0.50	union	anytime	0.75	0.35	0.30	0.40	real effect	2000	fp_passes_fn_fails	950	0.47500000	0.01116636	290.757	$24.13-$25.30	$24.90-$26.10 (cap $90.00)	0.2001	0.2099	0.2216	0.2465	0.2788	0.3093	0.4198	-0.1458	0.0011	0.0568	0.1007	0.1443	0.1701	0.1996	0.4799	0.5447	0.5668	0.5943	0.6277	0.6602	0.7299
120	120	60	300	0.50	union	anytime	0.75	0.35	0.30	0.40	real effect	2000	fn_passes_fp_fails	39	0.01950000	0.00309190	290.757	$24.13-$25.30	$24.90-$26.10 (cap $90.00)	0.0605	0.1116	0.1526	0.1699	0.1833	0.1920	0.1972	0.2008	0.2090	0.2152	0.2232	0.2408	0.2539	0.2800	0.4024	0.4718	0.5097	0.5279	0.5500	0.5664	0.6118
120	120	60	300	0.50	union	anytime	0.75	0.35	0.30	0.40	real effect	2000	neither_passes	772	0.38600000	0.01088586	290.757	$24.13-$25.30	$24.90-$26.10 (cap $90.00)	-0.0108	0.0979	0.1308	0.1580	0.1793	0.1923	0.1999	-0.2384	-0.0405	0.0098	0.0657	0.1133	0.1590	0.1991	0.3223	0.4504	0.4815	0.5127	0.5437	0.5676	0.6395
120	120	60	300	0.50	union	anytime	0.75	0.35	0.30	0.40	real effect	2000	both_pass	0	0.00000000	0.00000000	290.757	$24.13-$25.30	$24.90-$26.10 (cap $90.00)	NA	NA	NA	NA	NA	NA	NA	NA	NA	NA	NA	NA	NA	NA	NA	NA	NA	NA	NA	NA	NA
120	120	60	300	0.50	direct	anytime	0.75	0.35	0.30	0.40	real effect	2000	fp_passes_fn_fails	497	0.24850000	0.00966302	269.464	$22.37-$23.44	$24.90-$26.10 (cap $90.00)	0.2001	0.2082	0.2188	0.2405	0.2700	0.2988	0.3635	-0.0505	0.0485	0.0962	0.1345	0.1661	0.1837	0.2000	0.4799	0.5449	0.5651	0.5917	0.6220	0.6541	0.7299
120	120	60	300	0.50	direct	anytime	0.75	0.35	0.30	0.40	real effect	2000	fn_passes_fp_fails	228	0.11400000	0.00710648	269.464	$22.37-$23.44	$24.90-$26.10 (cap $90.00)	0.0279	0.1070	0.1365	0.1582	0.1772	0.1867	0.1985	0.2008	0.2136	0.2288	0.2536	0.3001	0.3244	0.4105	0.3626	0.4579	0.4886	0.5182	0.5447	0.5643	0.6395
120	120	60	300	0.50	direct	anytime	0.75	0.35	0.30	0.40	real effect	2000	neither_passes	562	0.28100000	0.01005085	269.464	$22.37-$23.44	$24.90-$26.10 (cap $90.00)	-0.0108	0.0920	0.1295	0.1575	0.1791	0.1923	0.1999	-0.1480	0.0317	0.0809	0.1190	0.1645	0.1882	0.2000	0.3223	0.4479	0.4784	0.5085	0.5421	0.5664	0.6291
120	120	60	300	0.50	direct	anytime	0.75	0.35	0.30	0.40	real effect	2000	both_pass	0	0.00000000	0.00000000	269.464	$22.37-$23.44	$24.90-$26.10 (cap $90.00)	NA	NA	NA	NA	NA	NA	NA	NA	NA	NA	NA	NA	NA	NA	NA	NA	NA	NA	NA	NA	NA
100	100	100	300	1.00	union	anytime	0.75	0.35	0.30	0.40	real effect	2000	fp_passes_fn_fails	669	0.33450000	0.01055011	285.952	$23.73-$24.88	$24.90-$26.10 (cap $90.00)	0.2000	0.2083	0.2187	0.2395	0.2692	0.2966	0.4097	-0.1564	0.0455	0.0888	0.1318	0.1649	0.1806	0.1987	0.4832	0.5609	0.5873	0.6163	0.6485	0.6753	0.7710
100	100	100	300	1.00	union	anytime	0.75	0.35	0.30	0.40	real effect	2000	fn_passes_fp_fails	81	0.04050000	0.00440793	285.952	$23.73-$24.88	$24.90-$26.10 (cap $90.00)	0.0490	0.1115	0.1398	0.1656	0.1795	0.1891	0.1991	0.2004	0.2039	0.2094	0.2227	0.2477	0.2729	0.3655	0.4193	0.4864	0.5246	0.5474	0.5690	0.5949	0.6291
100	100	100	300	1.00	union	anytime	0.75	0.35	0.30	0.40	real effect	2000	neither_passes	914	0.45700000	0.01113892	285.952	$23.73-$24.88	$24.90-$26.10 (cap $90.00)	-0.0419	0.0761	0.1134	0.1502	0.1753	0.1896	0.1999	-0.1402	0.0015	0.0533	0.0989	0.1372	0.1673	0.1989	0.3526	0.4641	0.4957	0.5335	0.5662	0.5945	0.6671
100	100	100	300	1.00	union	anytime	0.75	0.35	0.30	0.40	real effect	2000	both_pass	0	0.00000000	0.00000000	285.952	$23.73-$24.88	$24.90-$26.10 (cap $90.00)	NA	NA	NA	NA	NA	NA	NA	NA	NA	NA	NA	NA	NA	NA	NA	NA	NA	NA	NA	NA	NA
100	100	100	300	1.00	direct	anytime	0.75	0.35	0.30	0.40	real effect	2000	fp_passes_fn_fails	108	0.05400000	0.00505391	250.234	$20.77-$21.77	$24.90-$26.10 (cap $90.00)	0.2002	0.2070	0.2132	0.2306	0.2531	0.2702	0.3376	-0.0234	0.1129	0.1379	0.1631	0.1819	0.1936	0.2000	0.5016	0.5584	0.5842	0.6105	0.6400	0.6664	0.6897
100	100	100	300	1.00	direct	anytime	0.75	0.35	0.30	0.40	real effect	2000	fn_passes_fp_fails	613	0.30650000	0.01030916	250.234	$20.77-$21.77	$24.90-$26.10 (cap $90.00)	-0.0326	0.0916	0.1243	0.1555	0.1751	0.1865	0.1999	0.2001	0.2103	0.2278	0.2562	0.2882	0.3244	0.4542	0.3608	0.4739	0.5035	0.5398	0.5665	0.5929	0.6590
100	100	100	300	1.00	direct	anytime	0.75	0.35	0.30	0.40	real effect	2000	neither_passes	326	0.16300000	0.00825927	250.234	$20.77-$21.77	$24.90-$26.10 (cap $90.00)	-0.0419	0.0460	0.0925	0.1318	0.1644	0.1831	0.1993	-0.0185	0.0938	0.1323	0.1642	0.1812	0.1938	0.2000	0.3526	0.4417	0.4800	0.5191	0.5563	0.5910	0.6671
100	100	100	300	1.00	direct	anytime	0.75	0.35	0.30	0.40	real effect	2000	both_pass	0	0.00000000	0.00000000	250.234	$20.77-$21.77	$24.90-$26.10 (cap $90.00)	NA	NA	NA	NA	NA	NA	NA	NA	NA	NA	NA	NA	NA	NA	NA	NA	NA	NA	NA	NA	NA
75	75	150	300	2.00	union	anytime	0.75	0.35	0.30	0.40	real effect	2000	fp_passes_fn_fails	409	0.20450000	0.00901886	287.990	$23.90-$25.06	$24.90-$26.10 (cap $90.00)	0.2001	0.2061	0.2159	0.2356	0.2665	0.2982	0.3794	-0.0305	0.0725	0.1124	0.1436	0.1711	0.1874	0.1993	0.5429	0.6003	0.6275	0.6621	0.6946	0.7271	0.7840
75	75	150	300	2.00	union	anytime	0.75	0.35	0.30	0.40	real effect	2000	fn_passes_fp_fails	117	0.05850000	0.00524775	287.990	$23.90-$25.06	$24.90-$26.10 (cap $90.00)	0.0248	0.0946	0.1336	0.1590	0.1785	0.1848	0.1962	0.2000	0.2034	0.2103	0.2247	0.2505	0.2814	0.3288	0.4476	0.5109	0.5539	0.5848	0.6241	0.6585	0.7052
75	75	150	300	2.00	union	anytime	0.75	0.35	0.30	0.40	real effect	2000	neither_passes	1160	0.58000000	0.01103630	287.990	$23.90-$25.06	$24.90-$26.10 (cap $90.00)	-0.0885	0.0344	0.0799	0.1215	0.1596	0.1825	0.2000	-0.0972	0.0083	0.0544	0.1050	0.1436	0.1726	0.1999	0.3179	0.4704	0.5135	0.5632	0.6003	0.6326	0.7350
75	75	150	300	2.00	union	anytime	0.75	0.35	0.30	0.40	real effect	2000	both_pass	0	0.00000000	0.00000000	287.990	$23.90-$25.06	$24.90-$26.10 (cap $90.00)	NA	NA	NA	NA	NA	NA	NA	NA	NA	NA	NA	NA	NA	NA	NA	NA	NA	NA	NA	NA	NA
75	75	150	300	2.00	direct	anytime	0.75	0.35	0.30	0.40	real effect	2000	fp_passes_fn_fails	38	0.01900000	0.00305279	264.848	$21.98-$23.04	$24.90-$26.10 (cap $90.00)	0.2037	0.2057	0.2136	0.2272	0.2418	0.2594	0.2858	0.1025	0.1310	0.1433	0.1715	0.1905	0.1980	0.1999	0.5697	0.5987	0.6421	0.6592	0.6779	0.6974	0.7495
75	75	150	300	2.00	direct	anytime	0.75	0.35	0.30	0.40	real effect	2000	fn_passes_fp_fails	769	0.38450000	0.01087795	264.848	$21.98-$23.04	$24.90-$26.10 (cap $90.00)	-0.0348	0.0619	0.0993	0.1377	0.1669	0.1824	0.1991	0.2006	0.2114	0.2282	0.2534	0.2839	0.3150	0.4007	0.3911	0.4960	0.5365	0.5746	0.6062	0.6414	0.7333
75	75	150	300	2.00	direct	anytime	0.75	0.35	0.30	0.40	real effect	2000	neither_passes	446	0.22300000	0.00930782	264.848	$21.98-$23.04	$24.90-$26.10 (cap $90.00)	-0.0885	-0.0009	0.0459	0.0905	0.1295	0.1651	0.1967	0.0242	0.1101	0.1379	0.1645	0.1845	0.1927	0.2000	0.3179	0.4518	0.4901	0.5350	0.5790	0.6139	0.7021
75	75	150	300	2.00	direct	anytime	0.75	0.35	0.30	0.40	real effect	2000	both_pass	0	0.00000000	0.00000000	264.848	$21.98-$23.04	$24.90-$26.10 (cap $90.00)	NA	NA	NA	NA	NA	NA	NA	NA	NA	NA	NA	NA	NA	NA	NA	NA	NA	NA	NA	NA	NA
480	480	240	1200	0.50	union	anytime	0.75	0.35	0.30	0.40	real effect	2000	fp_passes_fn_fails	175	0.08750000	0.00631838	671.278	$55.72-$58.40	$99.60-$104.40 (cap $360.00)	0.2124	0.2380	0.2517	0.2758	0.2960	0.3138	0.3668	0.0885	0.1467	0.1658	0.1821	0.1913	0.1960	0.1991	0.3939	0.4306	0.4483	0.4684	0.4938	0.5126	0.5545
480	480	240	1200	0.50	union	anytime	0.75	0.35	0.30	0.40	real effect	2000	fn_passes_fp_fails	6	0.00300000	0.00122291	671.278	$55.72-$58.40	$99.60-$104.40 (cap $360.00)	0.1301	0.1479	0.1686	0.1821	0.1917	0.1941	0.1948	0.2099	0.2114	0.2134	0.2154	0.2183	0.2429	0.2666	0.3628	0.3711	0.3802	0.3859	0.3948	0.3996	0.4023
480	480	240	1200	0.50	union	anytime	0.75	0.35	0.30	0.40	real effect	2000	neither_passes	4	0.00200000	0.00099900	671.278	$55.72-$58.40	$99.60-$104.40 (cap $360.00)	0.1894	0.1908	0.1928	0.1946	0.1958	0.1968	0.1974	0.1595	0.1641	0.1711	0.1761	0.1773	0.1774	0.1775	0.3898	0.3921	0.3957	0.4044	0.4115	0.4123	0.4128
480	480	240	1200	0.50	union	anytime	0.75	0.35	0.30	0.40	real effect	2000	both_pass	0	0.00000000	0.00000000	671.278	$55.72-$58.40	$99.60-$104.40 (cap $360.00)	NA	NA	NA	NA	NA	NA	NA	NA	NA	NA	NA	NA	NA	NA	NA	NA	NA	NA	NA	NA	NA
480	480	240	1200	0.50	direct	anytime	0.75	0.35	0.30	0.40	real effect	2000	fp_passes_fn_fails	15	0.00750000	0.00192922	435.551	$36.15-$37.89	$99.60-$104.40 (cap $360.00)	0.2353	0.2388	0.2542	0.2729	0.2844	0.2875	0.3204	0.1495	0.1570	0.1702	0.1840	0.1901	0.1954	0.1996	0.4320	0.4453	0.4487	0.4674	0.4840	0.5071	0.5252
480	480	240	1200	0.50	direct	anytime	0.75	0.35	0.30	0.40	real effect	2000	fn_passes_fp_fails	9	0.00450000	0.00149662	435.551	$36.15-$37.89	$99.60-$104.40 (cap $360.00)	0.1301	0.1586	0.1774	0.1933	0.1948	0.1957	0.1974	0.2188	0.2217	0.2507	0.2681	0.2861	0.3064	0.3457	0.3628	0.3760	0.3831	0.3898	0.3976	0.4044	0.4128
480	480	240	1200	0.50	direct	anytime	0.75	0.35	0.30	0.40	real effect	2000	neither_passes	1	0.00050000	0.00049987	435.551	$36.15-$37.89	$99.60-$104.40 (cap $360.00)	0.1894	0.1894	0.1894	0.1894	0.1894	0.1894	0.1894	0.1973	0.1973	0.1973	0.1973	0.1973	0.1973	0.1973	0.4111	0.4111	0.4111	0.4111	0.4111	0.4111	0.4111
480	480	240	1200	0.50	direct	anytime	0.75	0.35	0.30	0.40	real effect	2000	both_pass	0	0.00000000	0.00000000	435.551	$36.15-$37.89	$99.60-$104.40 (cap $360.00)	NA	NA	NA	NA	NA	NA	NA	NA	NA	NA	NA	NA	NA	NA	NA	NA	NA	NA	NA	NA	NA
400	400	400	1200	1.00	union	anytime	0.75	0.35	0.30	0.40	real effect	2000	fp_passes_fn_fails	54	0.02700000	0.00362429	583.643	$48.44-$50.78	$99.60-$104.40 (cap $360.00)	0.2023	0.2145	0.2327	0.2522	0.2710	0.2844	0.3306	0.1190	0.1676	0.1751	0.1875	0.1953	0.1970	0.1997	0.4010	0.4191	0.4399	0.4615	0.4852	0.5003	0.5332
400	400	400	1200	1.00	union	anytime	0.75	0.35	0.30	0.40	real effect	2000	fn_passes_fp_fails	19	0.00950000	0.00216907	583.643	$48.44-$50.78	$99.60-$104.40 (cap $360.00)	0.1621	0.1651	0.1786	0.1903	0.1940	0.1974	0.1987	0.2042	0.2081	0.2201	0.2431	0.2611	0.2740	0.2831	0.3700	0.3837	0.3906	0.4024	0.4139	0.4241	0.4467
400	400	400	1200	1.00	union	anytime	0.75	0.35	0.30	0.40	real effect	2000	neither_passes	6	0.00300000	0.00122291	583.643	$48.44-$50.78	$99.60-$104.40 (cap $360.00)	0.1545	0.1670	0.1804	0.1858	0.1929	0.1966	0.1987	0.1548	0.1696	0.1854	0.1894	0.1928	0.1952	0.1967	0.3739	0.3883	0.4036	0.4076	0.4113	0.4160	0.4199
400	400	400	1200	1.00	union	anytime	0.75	0.35	0.30	0.40	real effect	2000	both_pass	0	0.00000000	0.00000000	583.643	$48.44-$50.78	$99.60-$104.40 (cap $360.00)	NA	NA	NA	NA	NA	NA	NA	NA	NA	NA	NA	NA	NA	NA	NA	NA	NA	NA	NA	NA	NA
400	400	400	1200	1.00	direct	anytime	0.75	0.35	0.30	0.40	real effect	2000	fp_passes_fn_fails	1	0.00050000	0.00049987	378.688	$31.43-$32.95	$99.60-$104.40 (cap $360.00)	0.2153	0.2153	0.2153	0.2153	0.2153	0.2153	0.2153	0.1922	0.1922	0.1922	0.1922	0.1922	0.1922	0.1922	0.4109	0.4109	0.4109	0.4109	0.4109	0.4109	0.4109
400	400	400	1200	1.00	direct	anytime	0.75	0.35	0.30	0.40	real effect	2000	fn_passes_fp_fails	25	0.01250000	0.00248433	378.688	$31.43-$32.95	$99.60-$104.40 (cap $360.00)	0.1545	0.1642	0.1794	0.1883	0.1940	0.1977	0.1987	0.2383	0.2627	0.2817	0.3015	0.3195	0.3387	0.3485	0.3700	0.3790	0.3923	0.4061	0.4134	0.4212	0.4467
400	400	400	1200	1.00	direct	anytime	0.75	0.35	0.30	0.40	real effect	2000	neither_passes	0	0.00000000	0.00000000	378.688	$31.43-$32.95	$99.60-$104.40 (cap $360.00)	NA	NA	NA	NA	NA	NA	NA	NA	NA	NA	NA	NA	NA	NA	NA	NA	NA	NA	NA	NA	NA
400	400	400	1200	1.00	direct	anytime	0.75	0.35	0.30	0.40	real effect	2000	both_pass	0	0.00000000	0.00000000	378.688	$31.43-$32.95	$99.60-$104.40 (cap $360.00)	NA	NA	NA	NA	NA	NA	NA	NA	NA	NA	NA	NA	NA	NA	NA	NA	NA	NA	NA	NA	NA
300	300	600	1200	2.00	union	anytime	0.75	0.35	0.30	0.40	real effect	2000	fp_passes_fn_fails	48	0.02400000	0.00342228	605.148	$50.23-$52.65	$99.60-$104.40 (cap $360.00)	0.2003	0.2080	0.2158	0.2397	0.2662	0.2818	0.3094	0.1359	0.1710	0.1845	0.1899	0.1937	0.1967	0.2000	0.4198	0.4433	0.4576	0.4784	0.5028	0.5204	0.5527
300	300	600	1200	2.00	union	anytime	0.75	0.35	0.30	0.40	real effect	2000	fn_passes_fp_fails	58	0.02900000	0.00375227	605.148	$50.23-$52.65	$99.60-$104.40 (cap $360.00)	0.1426	0.1686	0.1761	0.1881	0.1932	0.1966	0.1991	0.2007	0.2059	0.2150	0.2484	0.2703	0.2926	0.3301	0.3783	0.4059	0.4205	0.4285	0.4402	0.4559	0.4745
300	300	600	1200	2.00	union	anytime	0.75	0.35	0.30	0.40	real effect	2000	neither_passes	19	0.00950000	0.00216907	605.148	$50.23-$52.65	$99.60-$104.40 (cap $360.00)	0.1482	0.1521	0.1572	0.1758	0.1849	0.1892	0.1909	0.1413	0.1592	0.1622	0.1758	0.1832	0.1985	0.1995	0.3771	0.3884	0.4025	0.4115	0.4215	0.4257	0.4505
300	300	600	1200	2.00	union	anytime	0.75	0.35	0.30	0.40	real effect	2000	both_pass	0	0.00000000	0.00000000	605.148	$50.23-$52.65	$99.60-$104.40 (cap $360.00)	NA	NA	NA	NA	NA	NA	NA	NA	NA	NA	NA	NA	NA	NA	NA	NA	NA	NA	NA	NA	NA
300	300	600	1200	2.00	direct	anytime	0.75	0.35	0.30	0.40	real effect	2000	fp_passes_fn_fails	0	0.00000000	0.00000000	465.478	$38.63-$40.50	$99.60-$104.40 (cap $360.00)	NA	NA	NA	NA	NA	NA	NA	NA	NA	NA	NA	NA	NA	NA	NA	NA	NA	NA	NA	NA	NA
300	300	600	1200	2.00	direct	anytime	0.75	0.35	0.30	0.40	real effect	2000	fn_passes_fp_fails	77	0.03850000	0.00430219	465.478	$38.63-$40.50	$99.60-$104.40 (cap $360.00)	0.1426	0.1572	0.1750	0.1850	0.1909	0.1960	0.1991	0.2346	0.2610	0.2803	0.3040	0.3361	0.3555	0.4006	0.3771	0.4021	0.4117	0.4243	0.4356	0.4514	0.4745
300	300	600	1200	2.00	direct	anytime	0.75	0.35	0.30	0.40	real effect	2000	neither_passes	0	0.00000000	0.00000000	465.478	$38.63-$40.50	$99.60-$104.40 (cap $360.00)	NA	NA	NA	NA	NA	NA	NA	NA	NA	NA	NA	NA	NA	NA	NA	NA	NA	NA	NA	NA	NA
300	300	600	1200	2.00	direct	anytime	0.75	0.35	0.30	0.40	real effect	2000	both_pass	0	0.00000000	0.00000000	465.478	$38.63-$40.50	$99.60-$104.40 (cap $360.00)	NA	NA	NA	NA	NA	NA	NA	NA	NA	NA	NA	NA	NA	NA	NA	NA	NA	NA	NA	NA	NA
120	120	60	300	0.50	union	anytime	0.35	0.35	0.35	0.00	no-lift	2000	fp_passes_fn_fails	0	0.00000000	0.00000000	187.607	$15.57-$16.32	$24.90-$26.10 (cap $90.00)	NA	NA	NA	NA	NA	NA	NA	NA	NA	NA	NA	NA	NA	NA	NA	NA	NA	NA	NA	NA	NA
120	120	60	300	0.50	union	anytime	0.35	0.35	0.35	0.00	no-lift	2000	fn_passes_fp_fails	0	0.00000000	0.00000000	187.607	$15.57-$16.32	$24.90-$26.10 (cap $90.00)	NA	NA	NA	NA	NA	NA	NA	NA	NA	NA	NA	NA	NA	NA	NA	NA	NA	NA	NA	NA	NA
120	120	60	300	0.50	union	anytime	0.35	0.35	0.35	0.00	no-lift	2000	neither_passes	652	0.32600000	0.01048151	187.607	$15.57-$16.32	$24.90-$26.10 (cap $90.00)	-0.2429	-0.1713	-0.1488	-0.1195	-0.0899	-0.0648	0.0849	-0.5535	-0.4184	-0.3716	-0.3189	-0.2666	-0.2215	-0.0332	0.2000	0.2118	0.2241	0.2469	0.2776	0.3101	0.4674
120	120	60	300	0.50	union	anytime	0.35	0.35	0.35	0.00	no-lift	2000	both_pass	0	0.00000000	0.00000000	187.607	$15.57-$16.32	$24.90-$26.10 (cap $90.00)	NA	NA	NA	NA	NA	NA	NA	NA	NA	NA	NA	NA	NA	NA	NA	NA	NA	NA	NA	NA	NA
120	120	60	300	0.50	direct	anytime	0.35	0.35	0.35	0.00	no-lift	2000	fp_passes_fn_fails	0	0.00000000	0.00000000	187.607	$15.57-$16.32	$24.90-$26.10 (cap $90.00)	NA	NA	NA	NA	NA	NA	NA	NA	NA	NA	NA	NA	NA	NA	NA	NA	NA	NA	NA	NA	NA
120	120	60	300	0.50	direct	anytime	0.35	0.35	0.35	0.00	no-lift	2000	fn_passes_fp_fails	0	0.00000000	0.00000000	187.607	$15.57-$16.32	$24.90-$26.10 (cap $90.00)	NA	NA	NA	NA	NA	NA	NA	NA	NA	NA	NA	NA	NA	NA	NA	NA	NA	NA	NA	NA	NA
120	120	60	300	0.50	direct	anytime	0.35	0.35	0.35	0.00	no-lift	2000	neither_passes	652	0.32600000	0.01048151	187.607	$15.57-$16.32	$24.90-$26.10 (cap $90.00)	-0.2429	-0.1713	-0.1488	-0.1195	-0.0899	-0.0648	0.0849	-0.4882	-0.3436	-0.2966	-0.2328	-0.1692	-0.1160	0.0530	0.2000	0.2118	0.2241	0.2469	0.2776	0.3101	0.4674
120	120	60	300	0.50	direct	anytime	0.35	0.35	0.35	0.00	no-lift	2000	both_pass	0	0.00000000	0.00000000	187.607	$15.57-$16.32	$24.90-$26.10 (cap $90.00)	NA	NA	NA	NA	NA	NA	NA	NA	NA	NA	NA	NA	NA	NA	NA	NA	NA	NA	NA	NA	NA
100	100	100	300	1.00	union	anytime	0.35	0.35	0.35	0.00	no-lift	2000	fp_passes_fn_fails	0	0.00000000	0.00000000	202.607	$16.82-$17.63	$24.90-$26.10 (cap $90.00)	NA	NA	NA	NA	NA	NA	NA	NA	NA	NA	NA	NA	NA	NA	NA	NA	NA	NA	NA	NA	NA
100	100	100	300	1.00	union	anytime	0.35	0.35	0.35	0.00	no-lift	2000	fn_passes_fp_fails	0	0.00000000	0.00000000	202.607	$16.82-$17.63	$24.90-$26.10 (cap $90.00)	NA	NA	NA	NA	NA	NA	NA	NA	NA	NA	NA	NA	NA	NA	NA	NA	NA	NA	NA	NA	NA
100	100	100	300	1.00	union	anytime	0.35	0.35	0.35	0.00	no-lift	2000	neither_passes	800	0.40000000	0.01095445	202.607	$16.82-$17.63	$24.90-$26.10 (cap $90.00)	-0.2678	-0.2010	-0.1770	-0.1460	-0.1167	-0.0792	0.0114	-0.5193	-0.3767	-0.3364	-0.2854	-0.2410	-0.1998	-0.0710	0.2001	0.2116	0.2261	0.2504	0.2865	0.3220	0.4319
100	100	100	300	1.00	union	anytime	0.35	0.35	0.35	0.00	no-lift	2000	both_pass	0	0.00000000	0.00000000	202.607	$16.82-$17.63	$24.90-$26.10 (cap $90.00)	NA	NA	NA	NA	NA	NA	NA	NA	NA	NA	NA	NA	NA	NA	NA	NA	NA	NA	NA	NA	NA
100	100	100	300	1.00	direct	anytime	0.35	0.35	0.35	0.00	no-lift	2000	fp_passes_fn_fails	0	0.00000000	0.00000000	202.607	$16.82-$17.63	$24.90-$26.10 (cap $90.00)	NA	NA	NA	NA	NA	NA	NA	NA	NA	NA	NA	NA	NA	NA	NA	NA	NA	NA	NA	NA	NA
100	100	100	300	1.00	direct	anytime	0.35	0.35	0.35	0.00	no-lift	2000	fn_passes_fp_fails	0	0.00000000	0.00000000	202.607	$16.82-$17.63	$24.90-$26.10 (cap $90.00)	NA	NA	NA	NA	NA	NA	NA	NA	NA	NA	NA	NA	NA	NA	NA	NA	NA	NA	NA	NA	NA
100	100	100	300	1.00	direct	anytime	0.35	0.35	0.35	0.00	no-lift	2000	neither_passes	800	0.40000000	0.01095445	202.607	$16.82-$17.63	$24.90-$26.10 (cap $90.00)	-0.2678	-0.2010	-0.1770	-0.1460	-0.1167	-0.0792	0.0114	-0.3998	-0.2567	-0.2178	-0.1713	-0.1238	-0.0831	0.0409	0.2001	0.2116	0.2261	0.2504	0.2865	0.3220	0.4319
100	100	100	300	1.00	direct	anytime	0.35	0.35	0.35	0.00	no-lift	2000	both_pass	0	0.00000000	0.00000000	202.607	$16.82-$17.63	$24.90-$26.10 (cap $90.00)	NA	NA	NA	NA	NA	NA	NA	NA	NA	NA	NA	NA	NA	NA	NA	NA	NA	NA	NA	NA	NA
75	75	150	300	2.00	union	anytime	0.35	0.35	0.35	0.00	no-lift	2000	fp_passes_fn_fails	0	0.00000000	0.00000000	224.704	$18.65-$19.55	$24.90-$26.10 (cap $90.00)	NA	NA	NA	NA	NA	NA	NA	NA	NA	NA	NA	NA	NA	NA	NA	NA	NA	NA	NA	NA	NA
75	75	150	300	2.00	union	anytime	0.35	0.35	0.35	0.00	no-lift	2000	fn_passes_fp_fails	0	0.00000000	0.00000000	224.704	$18.65-$19.55	$24.90-$26.10 (cap $90.00)	NA	NA	NA	NA	NA	NA	NA	NA	NA	NA	NA	NA	NA	NA	NA	NA	NA	NA	NA	NA	NA
75	75	150	300	2.00	union	anytime	0.35	0.35	0.35	0.00	no-lift	2000	neither_passes	1020	0.51000000	0.01117810	224.704	$18.65-$19.55	$24.90-$26.10 (cap $90.00)	-0.3218	-0.2456	-0.2184	-0.1842	-0.1433	-0.1059	0.0520	-0.5108	-0.3702	-0.3289	-0.2866	-0.2448	-0.2027	-0.0468	0.2007	0.2184	0.2363	0.2672	0.3079	0.3509	0.5112
75	75	150	300	2.00	union	anytime	0.35	0.35	0.35	0.00	no-lift	2000	both_pass	0	0.00000000	0.00000000	224.704	$18.65-$19.55	$24.90-$26.10 (cap $90.00)	NA	NA	NA	NA	NA	NA	NA	NA	NA	NA	NA	NA	NA	NA	NA	NA	NA	NA	NA	NA	NA
75	75	150	300	2.00	direct	anytime	0.35	0.35	0.35	0.00	no-lift	2000	fp_passes_fn_fails	0	0.00000000	0.00000000	224.704	$18.65-$19.55	$24.90-$26.10 (cap $90.00)	NA	NA	NA	NA	NA	NA	NA	NA	NA	NA	NA	NA	NA	NA	NA	NA	NA	NA	NA	NA	NA
75	75	150	300	2.00	direct	anytime	0.35	0.35	0.35	0.00	no-lift	2000	fn_passes_fp_fails	0	0.00000000	0.00000000	224.704	$18.65-$19.55	$24.90-$26.10 (cap $90.00)	NA	NA	NA	NA	NA	NA	NA	NA	NA	NA	NA	NA	NA	NA	NA	NA	NA	NA	NA	NA	NA
75	75	150	300	2.00	direct	anytime	0.35	0.35	0.35	0.00	no-lift	2000	neither_passes	1020	0.51000000	0.01117810	224.704	$18.65-$19.55	$24.90-$26.10 (cap $90.00)	-0.3218	-0.2456	-0.2184	-0.1842	-0.1433	-0.1059	0.0520	-0.3534	-0.2488	-0.2115	-0.1717	-0.1323	-0.0919	0.0806	0.2007	0.2184	0.2363	0.2672	0.3079	0.3509	0.5112
75	75	150	300	2.00	direct	anytime	0.35	0.35	0.35	0.00	no-lift	2000	both_pass	0	0.00000000	0.00000000	224.704	$18.65-$19.55	$24.90-$26.10 (cap $90.00)	NA	NA	NA	NA	NA	NA	NA	NA	NA	NA	NA	NA	NA	NA	NA	NA	NA	NA	NA	NA	NA
480	480	240	1200	0.50	union	anytime	0.35	0.35	0.35	0.00	no-lift	2000	fp_passes_fn_fails	0	0.00000000	0.00000000	247.655	$20.56-$21.55	$99.60-$104.40 (cap $360.00)	NA	NA	NA	NA	NA	NA	NA	NA	NA	NA	NA	NA	NA	NA	NA	NA	NA	NA	NA	NA	NA
480	480	240	1200	0.50	union	anytime	0.35	0.35	0.35	0.00	no-lift	2000	fn_passes_fp_fails	0	0.00000000	0.00000000	247.655	$20.56-$21.55	$99.60-$104.40 (cap $360.00)	NA	NA	NA	NA	NA	NA	NA	NA	NA	NA	NA	NA	NA	NA	NA	NA	NA	NA	NA	NA	NA
480	480	240	1200	0.50	union	anytime	0.35	0.35	0.35	0.00	no-lift	2000	neither_passes	4	0.00200000	0.00099900	247.655	$20.56-$21.55	$99.60-$104.40 (cap $360.00)	-0.0150	-0.0117	-0.0067	-0.0025	0.0044	0.0141	0.0206	-0.2286	-0.2086	-0.1787	-0.1474	-0.1323	-0.1316	-0.1311	0.2042	0.2068	0.2106	0.2187	0.2262	0.2289	0.2308
480	480	240	1200	0.50	union	anytime	0.35	0.35	0.35	0.00	no-lift	2000	both_pass	0	0.00000000	0.00000000	247.655	$20.56-$21.55	$99.60-$104.40 (cap $360.00)	NA	NA	NA	NA	NA	NA	NA	NA	NA	NA	NA	NA	NA	NA	NA	NA	NA	NA	NA	NA	NA
480	480	240	1200	0.50	direct	anytime	0.35	0.35	0.35	0.00	no-lift	2000	fp_passes_fn_fails	0	0.00000000	0.00000000	247.655	$20.56-$21.55	$99.60-$104.40 (cap $360.00)	NA	NA	NA	NA	NA	NA	NA	NA	NA	NA	NA	NA	NA	NA	NA	NA	NA	NA	NA	NA	NA
480	480	240	1200	0.50	direct	anytime	0.35	0.35	0.35	0.00	no-lift	2000	fn_passes_fp_fails	0	0.00000000	0.00000000	247.655	$20.56-$21.55	$99.60-$104.40 (cap $360.00)	NA	NA	NA	NA	NA	NA	NA	NA	NA	NA	NA	NA	NA	NA	NA	NA	NA	NA	NA	NA	NA
480	480	240	1200	0.50	direct	anytime	0.35	0.35	0.35	0.00	no-lift	2000	neither_passes	4	0.00200000	0.00099900	247.655	$20.56-$21.55	$99.60-$104.40 (cap $360.00)	-0.0150	-0.0117	-0.0067	-0.0025	0.0044	0.0141	0.0206	-0.1748	-0.1570	-0.1303	-0.1020	-0.0854	-0.0800	-0.0763	0.2042	0.2068	0.2106	0.2187	0.2262	0.2289	0.2308
480	480	240	1200	0.50	direct	anytime	0.35	0.35	0.35	0.00	no-lift	2000	both_pass	0	0.00000000	0.00000000	247.655	$20.56-$21.55	$99.60-$104.40 (cap $360.00)	NA	NA	NA	NA	NA	NA	NA	NA	NA	NA	NA	NA	NA	NA	NA	NA	NA	NA	NA	NA	NA
400	400	400	1200	1.00	union	anytime	0.35	0.35	0.35	0.00	no-lift	2000	fp_passes_fn_fails	0	0.00000000	0.00000000	300.258	$24.92-$26.12	$99.60-$104.40 (cap $360.00)	NA	NA	NA	NA	NA	NA	NA	NA	NA	NA	NA	NA	NA	NA	NA	NA	NA	NA	NA	NA	NA
400	400	400	1200	1.00	union	anytime	0.35	0.35	0.35	0.00	no-lift	2000	fn_passes_fp_fails	0	0.00000000	0.00000000	300.258	$24.92-$26.12	$99.60-$104.40 (cap $360.00)	NA	NA	NA	NA	NA	NA	NA	NA	NA	NA	NA	NA	NA	NA	NA	NA	NA	NA	NA	NA	NA
400	400	400	1200	1.00	union	anytime	0.35	0.35	0.35	0.00	no-lift	2000	neither_passes	30	0.01500000	0.00271800	300.258	$24.92-$26.12	$99.60-$104.40 (cap $360.00)	-0.0404	-0.0360	-0.0282	-0.0183	-0.0054	0.0041	0.0221	-0.1918	-0.1689	-0.1489	-0.1250	-0.0998	-0.0862	-0.0759	0.2012	0.2034	0.2076	0.2142	0.2219	0.2311	0.2432
400	400	400	1200	1.00	union	anytime	0.35	0.35	0.35	0.00	no-lift	2000	both_pass	0	0.00000000	0.00000000	300.258	$24.92-$26.12	$99.60-$104.40 (cap $360.00)	NA	NA	NA	NA	NA	NA	NA	NA	NA	NA	NA	NA	NA	NA	NA	NA	NA	NA	NA	NA	NA
400	400	400	1200	1.00	direct	anytime	0.35	0.35	0.35	0.00	no-lift	2000	fp_passes_fn_fails	0	0.00000000	0.00000000	300.258	$24.92-$26.12	$99.60-$104.40 (cap $360.00)	NA	NA	NA	NA	NA	NA	NA	NA	NA	NA	NA	NA	NA	NA	NA	NA	NA	NA	NA	NA	NA
400	400	400	1200	1.00	direct	anytime	0.35	0.35	0.35	0.00	no-lift	2000	fn_passes_fp_fails	0	0.00000000	0.00000000	300.258	$24.92-$26.12	$99.60-$104.40 (cap $360.00)	NA	NA	NA	NA	NA	NA	NA	NA	NA	NA	NA	NA	NA	NA	NA	NA	NA	NA	NA	NA	NA
400	400	400	1200	1.00	direct	anytime	0.35	0.35	0.35	0.00	no-lift	2000	neither_passes	30	0.01500000	0.00271800	300.258	$24.92-$26.12	$99.60-$104.40 (cap $360.00)	-0.0404	-0.0360	-0.0282	-0.0183	-0.0054	0.0041	0.0221	-0.1141	-0.1061	-0.0923	-0.0556	-0.0384	-0.0202	-0.0114	0.2012	0.2034	0.2076	0.2142	0.2219	0.2311	0.2432
400	400	400	1200	1.00	direct	anytime	0.35	0.35	0.35	0.00	no-lift	2000	both_pass	0	0.00000000	0.00000000	300.258	$24.92-$26.12	$99.60-$104.40 (cap $360.00)	NA	NA	NA	NA	NA	NA	NA	NA	NA	NA	NA	NA	NA	NA	NA	NA	NA	NA	NA	NA	NA
300	300	600	1200	2.00	union	anytime	0.35	0.35	0.35	0.00	no-lift	2000	fp_passes_fn_fails	0	0.00000000	0.00000000	402.528	$33.41-$35.02	$99.60-$104.40 (cap $360.00)	NA	NA	NA	NA	NA	NA	NA	NA	NA	NA	NA	NA	NA	NA	NA	NA	NA	NA	NA	NA	NA
300	300	600	1200	2.00	union	anytime	0.35	0.35	0.35	0.00	no-lift	2000	fn_passes_fp_fails	0	0.00000000	0.00000000	402.528	$33.41-$35.02	$99.60-$104.40 (cap $360.00)	NA	NA	NA	NA	NA	NA	NA	NA	NA	NA	NA	NA	NA	NA	NA	NA	NA	NA	NA	NA	NA
300	300	600	1200	2.00	union	anytime	0.35	0.35	0.35	0.00	no-lift	2000	neither_passes	97	0.04850000	0.00480353	402.528	$33.41-$35.02	$99.60-$104.40 (cap $360.00)	-0.0735	-0.0583	-0.0500	-0.0352	-0.0177	-0.0043	0.0233	-0.2166	-0.1696	-0.1549	-0.1342	-0.1089	-0.0867	-0.0438	0.2006	0.2039	0.2100	0.2186	0.2306	0.2412	0.2769
300	300	600	1200	2.00	union	anytime	0.35	0.35	0.35	0.00	no-lift	2000	both_pass	0	0.00000000	0.00000000	402.528	$33.41-$35.02	$99.60-$104.40 (cap $360.00)	NA	NA	NA	NA	NA	NA	NA	NA	NA	NA	NA	NA	NA	NA	NA	NA	NA	NA	NA	NA	NA
300	300	600	1200	2.00	direct	anytime	0.35	0.35	0.35	0.00	no-lift	2000	fp_passes_fn_fails	0	0.00000000	0.00000000	402.528	$33.41-$35.02	$99.60-$104.40 (cap $360.00)	NA	NA	NA	NA	NA	NA	NA	NA	NA	NA	NA	NA	NA	NA	NA	NA	NA	NA	NA	NA	NA
300	300	600	1200	2.00	direct	anytime	0.35	0.35	0.35	0.00	no-lift	2000	fn_passes_fp_fails	0	0.00000000	0.00000000	402.528	$33.41-$35.02	$99.60-$104.40 (cap $360.00)	NA	NA	NA	NA	NA	NA	NA	NA	NA	NA	NA	NA	NA	NA	NA	NA	NA	NA	NA	NA	NA
300	300	600	1200	2.00	direct	anytime	0.35	0.35	0.35	0.00	no-lift	2000	neither_passes	97	0.04850000	0.00480353	402.528	$33.41-$35.02	$99.60-$104.40 (cap $360.00)	-0.0735	-0.0583	-0.0500	-0.0352	-0.0177	-0.0043	0.0233	-0.1471	-0.1024	-0.0844	-0.0619	-0.0415	-0.0238	0.0187	0.2006	0.2039	0.2100	0.2186	0.2306	0.2412	0.2769
300	300	600	1200	2.00	direct	anytime	0.35	0.35	0.35	0.00	no-lift	2000	both_pass	0	0.00000000	0.00000000	402.528	$33.41-$35.02	$99.60-$104.40 (cap $360.00)	NA	NA	NA	NA	NA	NA	NA	NA	NA	NA	NA	NA	NA	NA	NA	NA	NA	NA	NA	NA	NA
120	120	60	300	0.50	union	anytime	0.45	0.35	0.35	0.10	no-lift	2000	fp_passes_fn_fails	0	0.00000000	0.00000000	268.307	$22.27-$23.34	$24.90-$26.10 (cap $90.00)	NA	NA	NA	NA	NA	NA	NA	NA	NA	NA	NA	NA	NA	NA	NA	NA	NA	NA	NA	NA	NA
120	120	60	300	0.50	union	anytime	0.45	0.35	0.35	0.10	no-lift	2000	fn_passes_fp_fails	0	0.00000000	0.00000000	268.307	$22.27-$23.34	$24.90-$26.10 (cap $90.00)	NA	NA	NA	NA	NA	NA	NA	NA	NA	NA	NA	NA	NA	NA	NA	NA	NA	NA	NA	NA	NA
120	120	60	300	0.50	union	anytime	0.45	0.35	0.35	0.10	no-lift	2000	neither_passes	1611	0.80550000	0.00885070	268.307	$22.27-$23.34	$24.90-$26.10 (cap $90.00)	-0.2234	-0.1455	-0.1166	-0.0785	-0.0390	0.0036	0.1282	-0.5816	-0.3618	-0.3113	-0.2578	-0.1978	-0.1489	0.0196	0.2001	0.2327	0.2562	0.2942	0.3361	0.3771	0.5521
120	120	60	300	0.50	union	anytime	0.45	0.35	0.35	0.10	no-lift	2000	both_pass	0	0.00000000	0.00000000	268.307	$22.27-$23.34	$24.90-$26.10 (cap $90.00)	NA	NA	NA	NA	NA	NA	NA	NA	NA	NA	NA	NA	NA	NA	NA	NA	NA	NA	NA	NA	NA
120	120	60	300	0.50	direct	anytime	0.45	0.35	0.35	0.10	no-lift	2000	fp_passes_fn_fails	0	0.00000000	0.00000000	268.307	$22.27-$23.34	$24.90-$26.10 (cap $90.00)	NA	NA	NA	NA	NA	NA	NA	NA	NA	NA	NA	NA	NA	NA	NA	NA	NA	NA	NA	NA	NA
120	120	60	300	0.50	direct	anytime	0.45	0.35	0.35	0.10	no-lift	2000	fn_passes_fp_fails	0	0.00000000	0.00000000	268.307	$22.27-$23.34	$24.90-$26.10 (cap $90.00)	NA	NA	NA	NA	NA	NA	NA	NA	NA	NA	NA	NA	NA	NA	NA	NA	NA	NA	NA	NA	NA
120	120	60	300	0.50	direct	anytime	0.45	0.35	0.35	0.10	no-lift	2000	neither_passes	1611	0.80550000	0.00885070	268.307	$22.27-$23.34	$24.90-$26.10 (cap $90.00)	-0.2234	-0.1455	-0.1166	-0.0785	-0.0390	0.0036	0.1282	-0.4867	-0.2836	-0.2197	-0.1581	-0.0970	-0.0468	0.1420	0.2001	0.2327	0.2562	0.2942	0.3361	0.3771	0.5521
120	120	60	300	0.50	direct	anytime	0.45	0.35	0.35	0.10	no-lift	2000	both_pass	0	0.00000000	0.00000000	268.307	$22.27-$23.34	$24.90-$26.10 (cap $90.00)	NA	NA	NA	NA	NA	NA	NA	NA	NA	NA	NA	NA	NA	NA	NA	NA	NA	NA	NA	NA	NA
100	100	100	300	1.00	union	anytime	0.45	0.35	0.35	0.10	no-lift	2000	fp_passes_fn_fails	0	0.00000000	0.00000000	270.272	$22.43-$23.51	$24.90-$26.10 (cap $90.00)	NA	NA	NA	NA	NA	NA	NA	NA	NA	NA	NA	NA	NA	NA	NA	NA	NA	NA	NA	NA	NA
100	100	100	300	1.00	union	anytime	0.45	0.35	0.35	0.10	no-lift	2000	fn_passes_fp_fails	0	0.00000000	0.00000000	270.272	$22.43-$23.51	$24.90-$26.10 (cap $90.00)	NA	NA	NA	NA	NA	NA	NA	NA	NA	NA	NA	NA	NA	NA	NA	NA	NA	NA	NA	NA	NA
100	100	100	300	1.00	union	anytime	0.45	0.35	0.35	0.10	no-lift	2000	neither_passes	1651	0.82550000	0.00848675	270.272	$22.43-$23.51	$24.90-$26.10 (cap $90.00)	-0.2506	-0.1703	-0.1385	-0.0948	-0.0482	-0.0055	0.1595	-0.4521	-0.3204	-0.2728	-0.2253	-0.1735	-0.1285	0.0519	0.2008	0.2390	0.2659	0.3075	0.3550	0.3989	0.5690
100	100	100	300	1.00	union	anytime	0.45	0.35	0.35	0.10	no-lift	2000	both_pass	0	0.00000000	0.00000000	270.272	$22.43-$23.51	$24.90-$26.10 (cap $90.00)	NA	NA	NA	NA	NA	NA	NA	NA	NA	NA	NA	NA	NA	NA	NA	NA	NA	NA	NA	NA	NA
100	100	100	300	1.00	direct	anytime	0.45	0.35	0.35	0.10	no-lift	2000	fp_passes_fn_fails	0	0.00000000	0.00000000	270.272	$22.43-$23.51	$24.90-$26.10 (cap $90.00)	NA	NA	NA	NA	NA	NA	NA	NA	NA	NA	NA	NA	NA	NA	NA	NA	NA	NA	NA	NA	NA
100	100	100	300	1.00	direct	anytime	0.45	0.35	0.35	0.10	no-lift	2000	fn_passes_fp_fails	0	0.00000000	0.00000000	270.272	$22.43-$23.51	$24.90-$26.10 (cap $90.00)	NA	NA	NA	NA	NA	NA	NA	NA	NA	NA	NA	NA	NA	NA	NA	NA	NA	NA	NA	NA	NA
100	100	100	300	1.00	direct	anytime	0.45	0.35	0.35	0.10	no-lift	2000	neither_passes	1651	0.82550000	0.00848675	270.272	$22.43-$23.51	$24.90-$26.10 (cap $90.00)	-0.2506	-0.1703	-0.1385	-0.0948	-0.0482	-0.0055	0.1595	-0.3519	-0.1959	-0.1498	-0.1016	-0.0535	-0.0101	0.1369	0.2008	0.2390	0.2659	0.3075	0.3550	0.3989	0.5690
100	100	100	300	1.00	direct	anytime	0.45	0.35	0.35	0.10	no-lift	2000	both_pass	0	0.00000000	0.00000000	270.272	$22.43-$23.51	$24.90-$26.10 (cap $90.00)	NA	NA	NA	NA	NA	NA	NA	NA	NA	NA	NA	NA	NA	NA	NA	NA	NA	NA	NA	NA	NA
75	75	150	300	2.00	union	anytime	0.45	0.35	0.35	0.10	no-lift	2000	fp_passes_fn_fails	0	0.00000000	0.00000000	275.520	$22.87-$23.97	$24.90-$26.10 (cap $90.00)	NA	NA	NA	NA	NA	NA	NA	NA	NA	NA	NA	NA	NA	NA	NA	NA	NA	NA	NA	NA	NA
75	75	150	300	2.00	union	anytime	0.45	0.35	0.35	0.10	no-lift	2000	fn_passes_fp_fails	0	0.00000000	0.00000000	275.520	$22.87-$23.97	$24.90-$26.10 (cap $90.00)	NA	NA	NA	NA	NA	NA	NA	NA	NA	NA	NA	NA	NA	NA	NA	NA	NA	NA	NA	NA	NA
75	75	150	300	2.00	union	anytime	0.45	0.35	0.35	0.10	no-lift	2000	neither_passes	1703	0.85150000	0.00795134	275.520	$22.87-$23.97	$24.90-$26.10 (cap $90.00)	-0.3135	-0.2132	-0.1729	-0.1259	-0.0736	-0.0211	0.1591	-0.4543	-0.3116	-0.2672	-0.2180	-0.1694	-0.1261	0.0254	0.2018	0.2480	0.2832	0.3321	0.3821	0.4348	0.6090
75	75	150	300	2.00	union	anytime	0.45	0.35	0.35	0.10	no-lift	2000	both_pass	0	0.00000000	0.00000000	275.520	$22.87-$23.97	$24.90-$26.10 (cap $90.00)	NA	NA	NA	NA	NA	NA	NA	NA	NA	NA	NA	NA	NA	NA	NA	NA	NA	NA	NA	NA	NA
75	75	150	300	2.00	direct	anytime	0.45	0.35	0.35	0.10	no-lift	2000	fp_passes_fn_fails	0	0.00000000	0.00000000	275.520	$22.87-$23.97	$24.90-$26.10 (cap $90.00)	NA	NA	NA	NA	NA	NA	NA	NA	NA	NA	NA	NA	NA	NA	NA	NA	NA	NA	NA	NA	NA
75	75	150	300	2.00	direct	anytime	0.45	0.35	0.35	0.10	no-lift	2000	fn_passes_fp_fails	0	0.00000000	0.00000000	275.520	$22.87-$23.97	$24.90-$26.10 (cap $90.00)	NA	NA	NA	NA	NA	NA	NA	NA	NA	NA	NA	NA	NA	NA	NA	NA	NA	NA	NA	NA	NA
75	75	150	300	2.00	direct	anytime	0.45	0.35	0.35	0.10	no-lift	2000	neither_passes	1703	0.85150000	0.00795134	275.520	$22.87-$23.97	$24.90-$26.10 (cap $90.00)	-0.3135	-0.2132	-0.1729	-0.1259	-0.0736	-0.0211	0.1591	-0.3346	-0.1872	-0.1420	-0.0970	-0.0526	-0.0137	0.1284	0.2018	0.2480	0.2832	0.3321	0.3821	0.4348	0.6090
75	75	150	300	2.00	direct	anytime	0.45	0.35	0.35	0.10	no-lift	2000	both_pass	0	0.00000000	0.00000000	275.520	$22.87-$23.97	$24.90-$26.10 (cap $90.00)	NA	NA	NA	NA	NA	NA	NA	NA	NA	NA	NA	NA	NA	NA	NA	NA	NA	NA	NA	NA	NA
480	480	240	1200	0.50	union	anytime	0.45	0.35	0.35	0.10	no-lift	2000	fp_passes_fn_fails	0	0.00000000	0.00000000	838.238	$69.57-$72.93	$99.60-$104.40 (cap $360.00)	NA	NA	NA	NA	NA	NA	NA	NA	NA	NA	NA	NA	NA	NA	NA	NA	NA	NA	NA	NA	NA
480	480	240	1200	0.50	union	anytime	0.45	0.35	0.35	0.10	no-lift	2000	fn_passes_fp_fails	0	0.00000000	0.00000000	838.238	$69.57-$72.93	$99.60-$104.40 (cap $360.00)	NA	NA	NA	NA	NA	NA	NA	NA	NA	NA	NA	NA	NA	NA	NA	NA	NA	NA	NA	NA	NA
480	480	240	1200	0.50	union	anytime	0.45	0.35	0.35	0.10	no-lift	2000	neither_passes	967	0.48350000	0.01117425	838.238	$69.57-$72.93	$99.60-$104.40 (cap $360.00)	-0.0401	-0.0044	0.0059	0.0194	0.0381	0.0575	0.1102	-0.2801	-0.1476	-0.1202	-0.0885	-0.0583	-0.0303	0.0340	0.2002	0.2084	0.2161	0.2286	0.2472	0.2698	0.3247
480	480	240	1200	0.50	union	anytime	0.45	0.35	0.35	0.10	no-lift	2000	both_pass	0	0.00000000	0.00000000	838.238	$69.57-$72.93	$99.60-$104.40 (cap $360.00)	NA	NA	NA	NA	NA	NA	NA	NA	NA	NA	NA	NA	NA	NA	NA	NA	NA	NA	NA	NA	NA
480	480	240	1200	0.50	direct	anytime	0.45	0.35	0.35	0.10	no-lift	2000	fp_passes_fn_fails	0	0.00000000	0.00000000	838.238	$69.57-$72.93	$99.60-$104.40 (cap $360.00)	NA	NA	NA	NA	NA	NA	NA	NA	NA	NA	NA	NA	NA	NA	NA	NA	NA	NA	NA	NA	NA
480	480	240	1200	0.50	direct	anytime	0.45	0.35	0.35	0.10	no-lift	2000	fn_passes_fp_fails	0	0.00000000	0.00000000	838.238	$69.57-$72.93	$99.60-$104.40 (cap $360.00)	NA	NA	NA	NA	NA	NA	NA	NA	NA	NA	NA	NA	NA	NA	NA	NA	NA	NA	NA	NA	NA
480	480	240	1200	0.50	direct	anytime	0.45	0.35	0.35	0.10	no-lift	2000	neither_passes	967	0.48350000	0.01117425	838.238	$69.57-$72.93	$99.60-$104.40 (cap $360.00)	-0.0401	-0.0044	0.0059	0.0194	0.0381	0.0575	0.1102	-0.2546	-0.0997	-0.0628	-0.0301	0.0013	0.0311	0.1027	0.2002	0.2084	0.2161	0.2286	0.2472	0.2698	0.3247
480	480	240	1200	0.50	direct	anytime	0.45	0.35	0.35	0.10	no-lift	2000	both_pass	0	0.00000000	0.00000000	838.238	$69.57-$72.93	$99.60-$104.40 (cap $360.00)	NA	NA	NA	NA	NA	NA	NA	NA	NA	NA	NA	NA	NA	NA	NA	NA	NA	NA	NA	NA	NA
400	400	400	1200	1.00	union	anytime	0.45	0.35	0.35	0.10	no-lift	2000	fp_passes_fn_fails	0	0.00000000	0.00000000	868.828	$72.11-$75.59	$99.60-$104.40 (cap $360.00)	NA	NA	NA	NA	NA	NA	NA	NA	NA	NA	NA	NA	NA	NA	NA	NA	NA	NA	NA	NA	NA
400	400	400	1200	1.00	union	anytime	0.45	0.35	0.35	0.10	no-lift	2000	fn_passes_fp_fails	0	0.00000000	0.00000000	868.828	$72.11-$75.59	$99.60-$104.40 (cap $360.00)	NA	NA	NA	NA	NA	NA	NA	NA	NA	NA	NA	NA	NA	NA	NA	NA	NA	NA	NA	NA	NA
400	400	400	1200	1.00	union	anytime	0.45	0.35	0.35	0.10	no-lift	2000	neither_passes	1057	0.52850000	0.01116216	868.828	$72.11-$75.59	$99.60-$104.40 (cap $360.00)	-0.0513	-0.0192	-0.0065	0.0102	0.0297	0.0498	0.1169	-0.1919	-0.1260	-0.1008	-0.0722	-0.0462	-0.0247	0.0615	0.2006	0.2092	0.2192	0.2356	0.2566	0.2771	0.3657
400	400	400	1200	1.00	union	anytime	0.45	0.35	0.35	0.10	no-lift	2000	both_pass	0	0.00000000	0.00000000	868.828	$72.11-$75.59	$99.60-$104.40 (cap $360.00)	NA	NA	NA	NA	NA	NA	NA	NA	NA	NA	NA	NA	NA	NA	NA	NA	NA	NA	NA	NA	NA
400	400	400	1200	1.00	direct	anytime	0.45	0.35	0.35	0.10	no-lift	2000	fp_passes_fn_fails	0	0.00000000	0.00000000	868.828	$72.11-$75.59	$99.60-$104.40 (cap $360.00)	NA	NA	NA	NA	NA	NA	NA	NA	NA	NA	NA	NA	NA	NA	NA	NA	NA	NA	NA	NA	NA
400	400	400	1200	1.00	direct	anytime	0.45	0.35	0.35	0.10	no-lift	2000	fn_passes_fp_fails	0	0.00000000	0.00000000	868.828	$72.11-$75.59	$99.60-$104.40 (cap $360.00)	NA	NA	NA	NA	NA	NA	NA	NA	NA	NA	NA	NA	NA	NA	NA	NA	NA	NA	NA	NA	NA
400	400	400	1200	1.00	direct	anytime	0.45	0.35	0.35	0.10	no-lift	2000	neither_passes	1057	0.52850000	0.01116216	868.828	$72.11-$75.59	$99.60-$104.40 (cap $360.00)	-0.0513	-0.0192	-0.0065	0.0102	0.0297	0.0498	0.1169	-0.1264	-0.0511	-0.0274	-0.0003	0.0250	0.0464	0.1276	0.2006	0.2092	0.2192	0.2356	0.2566	0.2771	0.3657
400	400	400	1200	1.00	direct	anytime	0.45	0.35	0.35	0.10	no-lift	2000	both_pass	0	0.00000000	0.00000000	868.828	$72.11-$75.59	$99.60-$104.40 (cap $360.00)	NA	NA	NA	NA	NA	NA	NA	NA	NA	NA	NA	NA	NA	NA	NA	NA	NA	NA	NA	NA	NA
300	300	600	1200	2.00	union	anytime	0.45	0.35	0.35	0.10	no-lift	2000	fp_passes_fn_fails	0	0.00000000	0.00000000	954.686	$79.24-$83.06	$99.60-$104.40 (cap $360.00)	NA	NA	NA	NA	NA	NA	NA	NA	NA	NA	NA	NA	NA	NA	NA	NA	NA	NA	NA	NA	NA
300	300	600	1200	2.00	union	anytime	0.45	0.35	0.35	0.10	no-lift	2000	fn_passes_fp_fails	0	0.00000000	0.00000000	954.686	$79.24-$83.06	$99.60-$104.40 (cap $360.00)	NA	NA	NA	NA	NA	NA	NA	NA	NA	NA	NA	NA	NA	NA	NA	NA	NA	NA	NA	NA	NA
300	300	600	1200	2.00	union	anytime	0.45	0.35	0.35	0.10	no-lift	2000	neither_passes	1272	0.63600000	0.01075881	954.686	$79.24-$83.06	$99.60-$104.40 (cap $360.00)	-0.0781	-0.0449	-0.0287	-0.0095	0.0150	0.0401	0.1331	-0.2183	-0.1226	-0.0968	-0.0709	-0.0452	-0.0247	0.0509	0.2002	0.2126	0.2241	0.2442	0.2711	0.2968	0.3884
300	300	600	1200	2.00	union	anytime	0.45	0.35	0.35	0.10	no-lift	2000	both_pass	0	0.00000000	0.00000000	954.686	$79.24-$83.06	$99.60-$104.40 (cap $360.00)	NA	NA	NA	NA	NA	NA	NA	NA	NA	NA	NA	NA	NA	NA	NA	NA	NA	NA	NA	NA	NA
300	300	600	1200	2.00	direct	anytime	0.45	0.35	0.35	0.10	no-lift	2000	fp_passes_fn_fails	0	0.00000000	0.00000000	954.686	$79.24-$83.06	$99.60-$104.40 (cap $360.00)	NA	NA	NA	NA	NA	NA	NA	NA	NA	NA	NA	NA	NA	NA	NA	NA	NA	NA	NA	NA	NA
300	300	600	1200	2.00	direct	anytime	0.45	0.35	0.35	0.10	no-lift	2000	fn_passes_fp_fails	0	0.00000000	0.00000000	954.686	$79.24-$83.06	$99.60-$104.40 (cap $360.00)	NA	NA	NA	NA	NA	NA	NA	NA	NA	NA	NA	NA	NA	NA	NA	NA	NA	NA	NA	NA	NA
300	300	600	1200	2.00	direct	anytime	0.45	0.35	0.35	0.10	no-lift	2000	neither_passes	1272	0.63600000	0.01075881	954.686	$79.24-$83.06	$99.60-$104.40 (cap $360.00)	-0.0781	-0.0449	-0.0287	-0.0095	0.0150	0.0401	0.1331	-0.1274	-0.0429	-0.0193	0.0050	0.0275	0.0459	0.1281	0.2002	0.2126	0.2241	0.2442	0.2711	0.2968	0.3884
300	300	600	1200	2.00	direct	anytime	0.45	0.35	0.35	0.10	no-lift	2000	both_pass	0	0.00000000	0.00000000	954.686	$79.24-$83.06	$99.60-$104.40 (cap $360.00)	NA	NA	NA	NA	NA	NA	NA	NA	NA	NA	NA	NA	NA	NA	NA	NA	NA	NA	NA	NA	NA
120	120	60	300	0.50	union	anytime	0.50	0.35	0.35	0.15	no-lift	2000	fp_passes_fn_fails	1	0.00050000	0.00049987	286.708	$23.80-$24.94	$24.90-$26.10 (cap $90.00)	0.2092	0.2092	0.2092	0.2092	0.2092	0.2092	0.2092	-0.0103	-0.0103	-0.0103	-0.0103	-0.0103	-0.0103	-0.0103	0.5106	0.5106	0.5106	0.5106	0.5106	0.5106	0.5106
120	120	60	300	0.50	union	anytime	0.50	0.35	0.35	0.15	no-lift	2000	fn_passes_fp_fails	0	0.00000000	0.00000000	286.708	$23.80-$24.94	$24.90-$26.10 (cap $90.00)	NA	NA	NA	NA	NA	NA	NA	NA	NA	NA	NA	NA	NA	NA	NA	NA	NA	NA	NA	NA	NA
120	120	60	300	0.50	union	anytime	0.50	0.35	0.35	0.15	no-lift	2000	neither_passes	1859	0.92950000	0.00572406	286.708	$23.80-$24.94	$24.90-$26.10 (cap $90.00)	-0.1975	-0.1211	-0.0840	-0.0383	0.0079	0.0505	0.1826	-0.5138	-0.3188	-0.2724	-0.2145	-0.1531	-0.1026	0.0508	0.2030	0.2564	0.2905	0.3337	0.3817	0.4243	0.5736
120	120	60	300	0.50	union	anytime	0.50	0.35	0.35	0.15	no-lift	2000	both_pass	0	0.00000000	0.00000000	286.708	$23.80-$24.94	$24.90-$26.10 (cap $90.00)	NA	NA	NA	NA	NA	NA	NA	NA	NA	NA	NA	NA	NA	NA	NA	NA	NA	NA	NA	NA	NA
120	120	60	300	0.50	direct	anytime	0.50	0.35	0.35	0.15	no-lift	2000	fp_passes_fn_fails	1	0.00050000	0.00049987	286.708	$23.80-$24.94	$24.90-$26.10 (cap $90.00)	0.2092	0.2092	0.2092	0.2092	0.2092	0.2092	0.2092	0.0932	0.0932	0.0932	0.0932	0.0932	0.0932	0.0932	0.5106	0.5106	0.5106	0.5106	0.5106	0.5106	0.5106
120	120	60	300	0.50	direct	anytime	0.50	0.35	0.35	0.15	no-lift	2000	fn_passes_fp_fails	1	0.00050000	0.00049987	286.708	$23.80-$24.94	$24.90-$26.10 (cap $90.00)	0.0479	0.0479	0.0479	0.0479	0.0479	0.0479	0.0479	0.2029	0.2029	0.2029	0.2029	0.2029	0.2029	0.2029	0.3822	0.3822	0.3822	0.3822	0.3822	0.3822	0.3822
120	120	60	300	0.50	direct	anytime	0.50	0.35	0.35	0.15	no-lift	2000	neither_passes	1858	0.92900000	0.00574278	286.708	$23.80-$24.94	$24.90-$26.10 (cap $90.00)	-0.1975	-0.1211	-0.0840	-0.0383	0.0079	0.0506	0.1826	-0.4476	-0.2418	-0.1800	-0.1152	-0.0503	0.0084	0.1646	0.2030	0.2564	0.2904	0.3336	0.3816	0.4243	0.5736
120	120	60	300	0.50	direct	anytime	0.50	0.35	0.35	0.15	no-lift	2000	both_pass	0	0.00000000	0.00000000	286.708	$23.80-$24.94	$24.90-$26.10 (cap $90.00)	NA	NA	NA	NA	NA	NA	NA	NA	NA	NA	NA	NA	NA	NA	NA	NA	NA	NA	NA	NA	NA
100	100	100	300	1.00	union	anytime	0.50	0.35	0.35	0.15	no-lift	2000	fp_passes_fn_fails	0	0.00000000	0.00000000	284.991	$23.65-$24.79	$24.90-$26.10 (cap $90.00)	NA	NA	NA	NA	NA	NA	NA	NA	NA	NA	NA	NA	NA	NA	NA	NA	NA	NA	NA	NA	NA
100	100	100	300	1.00	union	anytime	0.50	0.35	0.35	0.15	no-lift	2000	fn_passes_fp_fails	0	0.00000000	0.00000000	284.991	$23.65-$24.79	$24.90-$26.10 (cap $90.00)	NA	NA	NA	NA	NA	NA	NA	NA	NA	NA	NA	NA	NA	NA	NA	NA	NA	NA	NA	NA	NA
100	100	100	300	1.00	union	anytime	0.50	0.35	0.35	0.15	no-lift	2000	neither_passes	1845	0.92250000	0.00597887	284.991	$23.65-$24.79	$24.90-$26.10 (cap $90.00)	-0.2467	-0.1461	-0.1045	-0.0572	-0.0113	0.0320	0.1833	-0.4588	-0.2797	-0.2352	-0.1799	-0.1300	-0.0827	0.0989	0.2036	0.2616	0.3004	0.3463	0.3962	0.4428	0.5976
100	100	100	300	1.00	union	anytime	0.50	0.35	0.35	0.15	no-lift	2000	both_pass	0	0.00000000	0.00000000	284.991	$23.65-$24.79	$24.90-$26.10 (cap $90.00)	NA	NA	NA	NA	NA	NA	NA	NA	NA	NA	NA	NA	NA	NA	NA	NA	NA	NA	NA	NA	NA
100	100	100	300	1.00	direct	anytime	0.50	0.35	0.35	0.15	no-lift	2000	fp_passes_fn_fails	0	0.00000000	0.00000000	284.898	$23.65-$24.79	$24.90-$26.10 (cap $90.00)	NA	NA	NA	NA	NA	NA	NA	NA	NA	NA	NA	NA	NA	NA	NA	NA	NA	NA	NA	NA	NA
100	100	100	300	1.00	direct	anytime	0.50	0.35	0.35	0.15	no-lift	2000	fn_passes_fp_fails	2	0.00100000	0.00070675	284.898	$23.65-$24.79	$24.90-$26.10 (cap $90.00)	0.0539	0.0547	0.0559	0.0579	0.0599	0.0611	0.0619	0.2007	0.2019	0.2038	0.2069	0.2100	0.2118	0.2131	0.4061	0.4128	0.4229	0.4397	0.4565	0.4665	0.4732
100	100	100	300	1.00	direct	anytime	0.50	0.35	0.35	0.15	no-lift	2000	neither_passes	1842	0.92100000	0.00603154	284.898	$23.65-$24.79	$24.90-$26.10 (cap $90.00)	-0.2467	-0.1463	-0.1046	-0.0573	-0.0114	0.0310	0.1833	-0.3498	-0.1571	-0.1096	-0.0563	-0.0067	0.0379	0.1760	0.2036	0.2615	0.3003	0.3462	0.3960	0.4424	0.5976
100	100	100	300	1.00	direct	anytime	0.50	0.35	0.35	0.15	no-lift	2000	both_pass	0	0.00000000	0.00000000	284.898	$23.65-$24.79	$24.90-$26.10 (cap $90.00)	NA	NA	NA	NA	NA	NA	NA	NA	NA	NA	NA	NA	NA	NA	NA	NA	NA	NA	NA	NA	NA
75	75	150	300	2.00	union	anytime	0.50	0.35	0.35	0.15	no-lift	2000	fp_passes_fn_fails	1	0.00050000	0.00049987	288.446	$23.94-$25.09	$24.90-$26.10 (cap $90.00)	0.2202	0.2202	0.2202	0.2202	0.2202	0.2202	0.2202	-0.1547	-0.1547	-0.1547	-0.1547	-0.1547	-0.1547	-0.1547	0.6446	0.6446	0.6446	0.6446	0.6446	0.6446	0.6446
75	75	150	300	2.00	union	anytime	0.50	0.35	0.35	0.15	no-lift	2000	fn_passes_fp_fails	0	0.00000000	0.00000000	288.446	$23.94-$25.09	$24.90-$26.10 (cap $90.00)	NA	NA	NA	NA	NA	NA	NA	NA	NA	NA	NA	NA	NA	NA	NA	NA	NA	NA	NA	NA	NA
75	75	150	300	2.00	union	anytime	0.50	0.35	0.35	0.15	no-lift	2000	neither_passes	1876	0.93800000	0.00539240	288.446	$23.94-$25.09	$24.90-$26.10 (cap $90.00)	-0.2931	-0.1911	-0.1438	-0.0901	-0.0373	0.0215	0.1931	-0.4140	-0.2782	-0.2318	-0.1756	-0.1256	-0.0809	0.1046	0.2025	0.2746	0.3148	0.3668	0.4261	0.4789	0.6953
75	75	150	300	2.00	union	anytime	0.50	0.35	0.35	0.15	no-lift	2000	both_pass	0	0.00000000	0.00000000	288.446	$23.94-$25.09	$24.90-$26.10 (cap $90.00)	NA	NA	NA	NA	NA	NA	NA	NA	NA	NA	NA	NA	NA	NA	NA	NA	NA	NA	NA	NA	NA
75	75	150	300	2.00	direct	anytime	0.50	0.35	0.35	0.15	no-lift	2000	fp_passes_fn_fails	1	0.00050000	0.00049987	288.446	$23.94-$25.09	$24.90-$26.10 (cap $90.00)	0.2202	0.2202	0.2202	0.2202	0.2202	0.2202	0.2202	-0.0289	-0.0289	-0.0289	-0.0289	-0.0289	-0.0289	-0.0289	0.6446	0.6446	0.6446	0.6446	0.6446	0.6446	0.6446
75	75	150	300	2.00	direct	anytime	0.50	0.35	0.35	0.15	no-lift	2000	fn_passes_fp_fails	1	0.00050000	0.00049987	288.446	$23.94-$25.09	$24.90-$26.10 (cap $90.00)	0.1525	0.1525	0.1525	0.1525	0.1525	0.1525	0.1525	0.2471	0.2471	0.2471	0.2471	0.2471	0.2471	0.2471	0.6172	0.6172	0.6172	0.6172	0.6172	0.6172	0.6172
75	75	150	300	2.00	direct	anytime	0.50	0.35	0.35	0.15	no-lift	2000	neither_passes	1875	0.93750000	0.00541266	288.446	$23.94-$25.09	$24.90-$26.10 (cap $90.00)	-0.2931	-0.1912	-0.1439	-0.0901	-0.0377	0.0211	0.1931	-0.2628	-0.1467	-0.1026	-0.0567	-0.0071	0.0358	0.1829	0.2025	0.2746	0.3147	0.3667	0.4260	0.4781	0.6953
75	75	150	300	2.00	direct	anytime	0.50	0.35	0.35	0.15	no-lift	2000	both_pass	0	0.00000000	0.00000000	288.446	$23.94-$25.09	$24.90-$26.10 (cap $90.00)	NA	NA	NA	NA	NA	NA	NA	NA	NA	NA	NA	NA	NA	NA	NA	NA	NA	NA	NA	NA	NA
480	480	240	1200	0.50	union	anytime	0.50	0.35	0.35	0.15	no-lift	2000	fp_passes_fn_fails	0	0.00000000	0.00000000	1084.918	$90.05-$94.39	$99.60-$104.40 (cap $360.00)	NA	NA	NA	NA	NA	NA	NA	NA	NA	NA	NA	NA	NA	NA	NA	NA	NA	NA	NA	NA	NA
480	480	240	1200	0.50	union	anytime	0.50	0.35	0.35	0.15	no-lift	2000	fn_passes_fp_fails	0	0.00000000	0.00000000	1084.918	$90.05-$94.39	$99.60-$104.40 (cap $360.00)	NA	NA	NA	NA	NA	NA	NA	NA	NA	NA	NA	NA	NA	NA	NA	NA	NA	NA	NA	NA	NA
480	480	240	1200	0.50	union	anytime	0.50	0.35	0.35	0.15	no-lift	2000	neither_passes	1715	0.85750000	0.00781645	1084.918	$90.05-$94.39	$99.60-$104.40 (cap $360.00)	-0.0295	0.0111	0.0286	0.0496	0.0721	0.0937	0.1513	-0.2291	-0.1151	-0.0842	-0.0522	-0.0205	0.0111	0.1306	0.2013	0.2206	0.2372	0.2589	0.2827	0.3056	0.3849
480	480	240	1200	0.50	union	anytime	0.50	0.35	0.35	0.15	no-lift	2000	both_pass	0	0.00000000	0.00000000	1084.918	$90.05-$94.39	$99.60-$104.40 (cap $360.00)	NA	NA	NA	NA	NA	NA	NA	NA	NA	NA	NA	NA	NA	NA	NA	NA	NA	NA	NA	NA	NA
480	480	240	1200	0.50	direct	anytime	0.50	0.35	0.35	0.15	no-lift	2000	fp_passes_fn_fails	0	0.00000000	0.00000000	1084.918	$90.05-$94.39	$99.60-$104.40 (cap $360.00)	NA	NA	NA	NA	NA	NA	NA	NA	NA	NA	NA	NA	NA	NA	NA	NA	NA	NA	NA	NA	NA
480	480	240	1200	0.50	direct	anytime	0.50	0.35	0.35	0.15	no-lift	2000	fn_passes_fp_fails	0	0.00000000	0.00000000	1084.918	$90.05-$94.39	$99.60-$104.40 (cap $360.00)	NA	NA	NA	NA	NA	NA	NA	NA	NA	NA	NA	NA	NA	NA	NA	NA	NA	NA	NA	NA	NA
480	480	240	1200	0.50	direct	anytime	0.50	0.35	0.35	0.15	no-lift	2000	neither_passes	1715	0.85750000	0.00781645	1084.918	$90.05-$94.39	$99.60-$104.40 (cap $360.00)	-0.0295	0.0111	0.0286	0.0496	0.0721	0.0937	0.1513	-0.1841	-0.0598	-0.0293	0.0088	0.0430	0.0774	0.1955	0.2013	0.2206	0.2372	0.2589	0.2827	0.3056	0.3849
480	480	240	1200	0.50	direct	anytime	0.50	0.35	0.35	0.15	no-lift	2000	both_pass	0	0.00000000	0.00000000	1084.918	$90.05-$94.39	$99.60-$104.40 (cap $360.00)	NA	NA	NA	NA	NA	NA	NA	NA	NA	NA	NA	NA	NA	NA	NA	NA	NA	NA	NA	NA	NA
400	400	400	1200	1.00	union	anytime	0.50	0.35	0.35	0.15	no-lift	2000	fp_passes_fn_fails	0	0.00000000	0.00000000	1093.386	$90.75-$95.12	$99.60-$104.40 (cap $360.00)	NA	NA	NA	NA	NA	NA	NA	NA	NA	NA	NA	NA	NA	NA	NA	NA	NA	NA	NA	NA	NA
400	400	400	1200	1.00	union	anytime	0.50	0.35	0.35	0.15	no-lift	2000	fn_passes_fp_fails	0	0.00000000	0.00000000	1093.386	$90.75-$95.12	$99.60-$104.40 (cap $360.00)	NA	NA	NA	NA	NA	NA	NA	NA	NA	NA	NA	NA	NA	NA	NA	NA	NA	NA	NA	NA	NA
400	400	400	1200	1.00	union	anytime	0.50	0.35	0.35	0.15	no-lift	2000	neither_passes	1744	0.87200000	0.00747048	1093.386	$90.75-$95.12	$99.60-$104.40 (cap $360.00)	-0.0409	-0.0015	0.0170	0.0408	0.0680	0.0912	0.1685	-0.1793	-0.0950	-0.0674	-0.0377	-0.0062	0.0221	0.1215	0.2004	0.2235	0.2415	0.2669	0.2943	0.3195	0.4113
400	400	400	1200	1.00	union	anytime	0.50	0.35	0.35	0.15	no-lift	2000	both_pass	0	0.00000000	0.00000000	1093.386	$90.75-$95.12	$99.60-$104.40 (cap $360.00)	NA	NA	NA	NA	NA	NA	NA	NA	NA	NA	NA	NA	NA	NA	NA	NA	NA	NA	NA	NA	NA
400	400	400	1200	1.00	direct	anytime	0.50	0.35	0.35	0.15	no-lift	2000	fp_passes_fn_fails	0	0.00000000	0.00000000	1093.386	$90.75-$95.12	$99.60-$104.40 (cap $360.00)	NA	NA	NA	NA	NA	NA	NA	NA	NA	NA	NA	NA	NA	NA	NA	NA	NA	NA	NA	NA	NA
400	400	400	1200	1.00	direct	anytime	0.50	0.35	0.35	0.15	no-lift	2000	fn_passes_fp_fails	0	0.00000000	0.00000000	1093.386	$90.75-$95.12	$99.60-$104.40 (cap $360.00)	NA	NA	NA	NA	NA	NA	NA	NA	NA	NA	NA	NA	NA	NA	NA	NA	NA	NA	NA	NA	NA
400	400	400	1200	1.00	direct	anytime	0.50	0.35	0.35	0.15	no-lift	2000	neither_passes	1744	0.87200000	0.00747048	1093.386	$90.75-$95.12	$99.60-$104.40 (cap $360.00)	-0.0409	-0.0015	0.0170	0.0408	0.0680	0.0912	0.1685	-0.1003	-0.0190	0.0074	0.0369	0.0653	0.0931	0.1769	0.2004	0.2235	0.2415	0.2669	0.2943	0.3195	0.4113
400	400	400	1200	1.00	direct	anytime	0.50	0.35	0.35	0.15	no-lift	2000	both_pass	0	0.00000000	0.00000000	1093.386	$90.75-$95.12	$99.60-$104.40 (cap $360.00)	NA	NA	NA	NA	NA	NA	NA	NA	NA	NA	NA	NA	NA	NA	NA	NA	NA	NA	NA	NA	NA
300	300	600	1200	2.00	union	anytime	0.50	0.35	0.35	0.15	no-lift	2000	fp_passes_fn_fails	0	0.00000000	0.00000000	1102.328	$91.49-$95.90	$99.60-$104.40 (cap $360.00)	NA	NA	NA	NA	NA	NA	NA	NA	NA	NA	NA	NA	NA	NA	NA	NA	NA	NA	NA	NA	NA
300	300	600	1200	2.00	union	anytime	0.50	0.35	0.35	0.15	no-lift	2000	fn_passes_fp_fails	0	0.00000000	0.00000000	1102.328	$91.49-$95.90	$99.60-$104.40 (cap $360.00)	NA	NA	NA	NA	NA	NA	NA	NA	NA	NA	NA	NA	NA	NA	NA	NA	NA	NA	NA	NA	NA
300	300	600	1200	2.00	union	anytime	0.50	0.35	0.35	0.15	no-lift	2000	neither_passes	1749	0.87450000	0.00740776	1102.328	$91.49-$95.90	$99.60-$104.40 (cap $360.00)	-0.0751	-0.0253	-0.0029	0.0261	0.0562	0.0834	0.1793	-0.1813	-0.0837	-0.0589	-0.0314	-0.0018	0.0244	0.1119	0.2024	0.2287	0.2505	0.2797	0.3112	0.3398	0.4459
300	300	600	1200	2.00	union	anytime	0.50	0.35	0.35	0.15	no-lift	2000	both_pass	0	0.00000000	0.00000000	1102.328	$91.49-$95.90	$99.60-$104.40 (cap $360.00)	NA	NA	NA	NA	NA	NA	NA	NA	NA	NA	NA	NA	NA	NA	NA	NA	NA	NA	NA	NA	NA
300	300	600	1200	2.00	direct	anytime	0.50	0.35	0.35	0.15	no-lift	2000	fp_passes_fn_fails	0	0.00000000	0.00000000	1101.854	$91.45-$95.86	$99.60-$104.40 (cap $360.00)	NA	NA	NA	NA	NA	NA	NA	NA	NA	NA	NA	NA	NA	NA	NA	NA	NA	NA	NA	NA	NA
300	300	600	1200	2.00	direct	anytime	0.50	0.35	0.35	0.15	no-lift	2000	fn_passes_fp_fails	0	0.00000000	0.00000000	1101.854	$91.45-$95.86	$99.60-$104.40 (cap $360.00)	NA	NA	NA	NA	NA	NA	NA	NA	NA	NA	NA	NA	NA	NA	NA	NA	NA	NA	NA	NA	NA
300	300	600	1200	2.00	direct	anytime	0.50	0.35	0.35	0.15	no-lift	2000	neither_passes	1748	0.87400000	0.00742038	1101.854	$91.45-$95.86	$99.60-$104.40 (cap $360.00)	-0.0751	-0.0253	-0.0029	0.0261	0.0561	0.0833	0.1793	-0.0971	-0.0029	0.0198	0.0444	0.0709	0.0941	0.1645	0.2024	0.2287	0.2504	0.2797	0.3112	0.3397	0.4459
300	300	600	1200	2.00	direct	anytime	0.50	0.35	0.35	0.15	no-lift	2000	both_pass	0	0.00000000	0.00000000	1101.854	$91.45-$95.86	$99.60-$104.40 (cap $360.00)	NA	NA	NA	NA	NA	NA	NA	NA	NA	NA	NA	NA	NA	NA	NA	NA	NA	NA	NA	NA	NA
120	120	60	300	0.50	union	anytime	0.55	0.35	0.35	0.20	calibration	2000	fp_passes_fn_fails	5	0.00250000	0.00111664	295.615	$24.54-$25.72	$24.90-$26.10 (cap $90.00)	0.2030	0.2050	0.2080	0.2089	0.2242	0.2446	0.2582	-0.2161	-0.1896	-0.1498	-0.0680	-0.0291	-0.0233	-0.0195	0.5454	0.5506	0.5583	0.5602	0.5900	0.6040	0.6134
120	120	60	300	0.50	union	anytime	0.55	0.35	0.35	0.20	calibration	2000	fn_passes_fp_fails	0	0.00000000	0.00000000	295.615	$24.54-$25.72	$24.90-$26.10 (cap $90.00)	NA	NA	NA	NA	NA	NA	NA	NA	NA	NA	NA	NA	NA	NA	NA	NA	NA	NA	NA	NA	NA
120	120	60	300	0.50	union	anytime	0.55	0.35	0.35	0.20	calibration	2000	neither_passes	1954	0.97700000	0.00335194	295.615	$24.54-$25.72	$24.90-$26.10 (cap $90.00)	-0.1933	-0.0841	-0.0428	0.0029	0.0520	0.0947	0.1958	-0.4321	-0.2779	-0.2220	-0.1648	-0.1086	-0.0596	0.1280	0.2107	0.2911	0.3299	0.3759	0.4234	0.4706	0.6310
120	120	60	300	0.50	union	anytime	0.55	0.35	0.35	0.20	calibration	2000	both_pass	0	0.00000000	0.00000000	295.615	$24.54-$25.72	$24.90-$26.10 (cap $90.00)	NA	NA	NA	NA	NA	NA	NA	NA	NA	NA	NA	NA	NA	NA	NA	NA	NA	NA	NA	NA	NA
120	120	60	300	0.50	direct	anytime	0.55	0.35	0.35	0.20	calibration	2000	fp_passes_fn_fails	5	0.00250000	0.00111664	295.615	$24.54-$25.72	$24.90-$26.10 (cap $90.00)	0.2030	0.2050	0.2080	0.2089	0.2242	0.2446	0.2582	-0.1400	-0.1263	-0.1057	-0.0197	-0.0076	0.0501	0.0886	0.5454	0.5506	0.5583	0.5602	0.5900	0.6040	0.6134
120	120	60	300	0.50	direct	anytime	0.55	0.35	0.35	0.20	calibration	2000	fn_passes_fp_fails	5	0.00250000	0.00111664	295.615	$24.54-$25.72	$24.90-$26.10 (cap $90.00)	0.0300	0.0515	0.0837	0.0874	0.1075	0.1140	0.1183	0.2000	0.2002	0.2004	0.2075	0.2207	0.2265	0.2305	0.3918	0.4219	0.4669	0.4689	0.4734	0.4863	0.4950
120	120	60	300	0.50	direct	anytime	0.55	0.35	0.35	0.20	calibration	2000	neither_passes	1949	0.97450000	0.00352489	295.615	$24.54-$25.72	$24.90-$26.10 (cap $90.00)	-0.1933	-0.0841	-0.0429	0.0025	0.0517	0.0944	0.1958	-0.3889	-0.1896	-0.1324	-0.0704	-0.0054	0.0524	0.1991	0.2107	0.2910	0.3299	0.3757	0.4232	0.4700	0.6310
120	120	60	300	0.50	direct	anytime	0.55	0.35	0.35	0.20	calibration	2000	both_pass	0	0.00000000	0.00000000	295.615	$24.54-$25.72	$24.90-$26.10 (cap $90.00)	NA	NA	NA	NA	NA	NA	NA	NA	NA	NA	NA	NA	NA	NA	NA	NA	NA	NA	NA	NA	NA
100	100	100	300	1.00	union	anytime	0.55	0.35	0.35	0.20	calibration	2000	fp_passes_fn_fails	3	0.00150000	0.00086538	294.627	$24.45-$25.63	$24.90-$26.10 (cap $90.00)	0.2289	0.2304	0.2326	0.2363	0.2527	0.2626	0.2691	-0.0460	-0.0283	-0.0017	0.0425	0.0493	0.0534	0.0561	0.6275	0.6347	0.6454	0.6632	0.6661	0.6678	0.6690
100	100	100	300	1.00	union	anytime	0.55	0.35	0.35	0.20	calibration	2000	fn_passes_fp_fails	0	0.00000000	0.00000000	294.627	$24.45-$25.63	$24.90-$26.10 (cap $90.00)	NA	NA	NA	NA	NA	NA	NA	NA	NA	NA	NA	NA	NA	NA	NA	NA	NA	NA	NA	NA	NA
100	100	100	300	1.00	union	anytime	0.55	0.35	0.35	0.20	calibration	2000	neither_passes	1944	0.97200000	0.00368890	294.627	$24.45-$25.63	$24.90-$26.10 (cap $90.00)	-0.2205	-0.1083	-0.0630	-0.0133	0.0391	0.0824	0.1993	-0.4332	-0.2418	-0.1945	-0.1384	-0.0825	-0.0351	0.1458	0.2073	0.2952	0.3413	0.3921	0.4398	0.4865	0.6347
100	100	100	300	1.00	union	anytime	0.55	0.35	0.35	0.20	calibration	2000	both_pass	0	0.00000000	0.00000000	294.627	$24.45-$25.63	$24.90-$26.10 (cap $90.00)	NA	NA	NA	NA	NA	NA	NA	NA	NA	NA	NA	NA	NA	NA	NA	NA	NA	NA	NA	NA	NA
100	100	100	300	1.00	direct	anytime	0.55	0.35	0.35	0.20	calibration	2000	fp_passes_fn_fails	3	0.00150000	0.00086538	294.354	$24.43-$25.61	$24.90-$26.10 (cap $90.00)	0.2289	0.2304	0.2326	0.2363	0.2527	0.2626	0.2691	0.0742	0.0919	0.1184	0.1625	0.1644	0.1656	0.1663	0.6275	0.6347	0.6454	0.6632	0.6661	0.6678	0.6690
100	100	100	300	1.00	direct	anytime	0.55	0.35	0.35	0.20	calibration	2000	fn_passes_fp_fails	2	0.00100000	0.00070675	294.354	$24.43-$25.61	$24.90-$26.10 (cap $90.00)	0.0474	0.0579	0.0737	0.1001	0.1264	0.1422	0.1527	0.2125	0.2141	0.2165	0.2205	0.2245	0.2269	0.2285	0.5267	0.5272	0.5280	0.5292	0.5305	0.5312	0.5317
100	100	100	300	1.00	direct	anytime	0.55	0.35	0.35	0.20	calibration	2000	neither_passes	1939	0.96950000	0.00384511	294.354	$24.43-$25.61	$24.90-$26.10 (cap $90.00)	-0.2205	-0.1083	-0.0630	-0.0135	0.0385	0.0819	0.1993	-0.2977	-0.1118	-0.0664	-0.0147	0.0423	0.0869	0.1991	0.2073	0.2952	0.3412	0.3918	0.4390	0.4859	0.6190
100	100	100	300	1.00	direct	anytime	0.55	0.35	0.35	0.20	calibration	2000	both_pass	0	0.00000000	0.00000000	294.354	$24.43-$25.61	$24.90-$26.10 (cap $90.00)	NA	NA	NA	NA	NA	NA	NA	NA	NA	NA	NA	NA	NA	NA	NA	NA	NA	NA	NA	NA	NA
75	75	150	300	2.00	union	anytime	0.55	0.35	0.35	0.20	calibration	2000	fp_passes_fn_fails	6	0.00300000	0.00122291	294.370	$24.43-$25.61	$24.90-$26.10 (cap $90.00)	0.2220	0.2246	0.2286	0.2351	0.2495	0.2587	0.2639	-0.0200	-0.0123	-0.0040	0.0137	0.0342	0.0491	0.0624	0.6356	0.6385	0.6462	0.6653	0.6703	0.6820	0.6934
75	75	150	300	2.00	union	anytime	0.55	0.35	0.35	0.20	calibration	2000	fn_passes_fp_fails	0	0.00000000	0.00000000	294.370	$24.43-$25.61	$24.90-$26.10 (cap $90.00)	NA	NA	NA	NA	NA	NA	NA	NA	NA	NA	NA	NA	NA	NA	NA	NA	NA	NA	NA	NA	NA
75	75	150	300	2.00	union	anytime	0.55	0.35	0.35	0.20	calibration	2000	neither_passes	1937	0.96850000	0.00390562	294.370	$24.43-$25.61	$24.90-$26.10 (cap $90.00)	-0.2859	-0.1436	-0.0959	-0.0437	0.0156	0.0664	0.1966	-0.3990	-0.2372	-0.1875	-0.1306	-0.0808	-0.0332	0.1223	0.2154	0.3147	0.3599	0.4154	0.4682	0.5185	0.7200
75	75	150	300	2.00	union	anytime	0.55	0.35	0.35	0.20	calibration	2000	both_pass	0	0.00000000	0.00000000	294.370	$24.43-$25.61	$24.90-$26.10 (cap $90.00)	NA	NA	NA	NA	NA	NA	NA	NA	NA	NA	NA	NA	NA	NA	NA	NA	NA	NA	NA	NA	NA
75	75	150	300	2.00	direct	anytime	0.55	0.35	0.35	0.20	calibration	2000	fp_passes_fn_fails	6	0.00300000	0.00122291	294.370	$24.43-$25.61	$24.90-$26.10 (cap $90.00)	0.2220	0.2246	0.2286	0.2351	0.2495	0.2587	0.2639	0.0805	0.1016	0.1244	0.1335	0.1549	0.1626	0.1647	0.6356	0.6385	0.6462	0.6653	0.6703	0.6820	0.6934
75	75	150	300	2.00	direct	anytime	0.55	0.35	0.35	0.20	calibration	2000	fn_passes_fp_fails	1	0.00050000	0.00049987	294.370	$24.43-$25.61	$24.90-$26.10 (cap $90.00)	0.0769	0.0769	0.0769	0.0769	0.0769	0.0769	0.0769	0.2031	0.2031	0.2031	0.2031	0.2031	0.2031	0.2031	0.4774	0.4774	0.4774	0.4774	0.4774	0.4774	0.4774
75	75	150	300	2.00	direct	anytime	0.55	0.35	0.35	0.20	calibration	2000	neither_passes	1936	0.96800000	0.00393548	294.370	$24.43-$25.61	$24.90-$26.10 (cap $90.00)	-0.2859	-0.1436	-0.0960	-0.0437	0.0155	0.0662	0.1966	-0.2671	-0.1053	-0.0611	-0.0102	0.0370	0.0816	0.1878	0.2154	0.3147	0.3598	0.4154	0.4682	0.5186	0.7200
75	75	150	300	2.00	direct	anytime	0.55	0.35	0.35	0.20	calibration	2000	both_pass	0	0.00000000	0.00000000	294.370	$24.43-$25.61	$24.90-$26.10 (cap $90.00)	NA	NA	NA	NA	NA	NA	NA	NA	NA	NA	NA	NA	NA	NA	NA	NA	NA	NA	NA	NA	NA
480	480	240	1200	0.50	union	anytime	0.55	0.35	0.35	0.20	calibration	2000	fp_passes_fn_fails	4	0.00200000	0.00099900	1170.664	$97.17-$101.85	$99.60-$104.40 (cap $360.00)	0.2020	0.2023	0.2027	0.2061	0.2136	0.2214	0.2266	-0.0412	-0.0132	0.0289	0.0592	0.0674	0.0696	0.0711	0.4130	0.4132	0.4135	0.4194	0.4274	0.4317	0.4345
480	480	240	1200	0.50	union	anytime	0.55	0.35	0.35	0.20	calibration	2000	fn_passes_fp_fails	0	0.00000000	0.00000000	1170.664	$97.17-$101.85	$99.60-$104.40 (cap $360.00)	NA	NA	NA	NA	NA	NA	NA	NA	NA	NA	NA	NA	NA	NA	NA	NA	NA	NA	NA	NA	NA
480	480	240	1200	0.50	union	anytime	0.55	0.35	0.35	0.20	calibration	2000	neither_passes	1940	0.97000000	0.00381445	1170.664	$97.17-$101.85	$99.60-$104.40 (cap $360.00)	-0.0193	0.0441	0.0671	0.0950	0.1200	0.1424	0.1970	-0.1762	-0.0677	-0.0386	-0.0059	0.0260	0.0551	0.1379	0.2047	0.2535	0.2759	0.3023	0.3286	0.3524	0.4502
480	480	240	1200	0.50	union	anytime	0.55	0.35	0.35	0.20	calibration	2000	both_pass	0	0.00000000	0.00000000	1170.664	$97.17-$101.85	$99.60-$104.40 (cap $360.00)	NA	NA	NA	NA	NA	NA	NA	NA	NA	NA	NA	NA	NA	NA	NA	NA	NA	NA	NA	NA	NA
480	480	240	1200	0.50	direct	anytime	0.55	0.35	0.35	0.20	calibration	2000	fp_passes_fn_fails	4	0.00200000	0.00099900	1170.664	$97.17-$101.85	$99.60-$104.40 (cap $360.00)	0.2020	0.2023	0.2027	0.2061	0.2136	0.2214	0.2266	0.0288	0.0410	0.0594	0.0968	0.1329	0.1489	0.1595	0.4130	0.4132	0.4135	0.4194	0.4274	0.4317	0.4345
480	480	240	1200	0.50	direct	anytime	0.55	0.35	0.35	0.20	calibration	2000	fn_passes_fp_fails	6	0.00300000	0.00122291	1170.664	$97.17-$101.85	$99.60-$104.40 (cap $360.00)	0.0972	0.1021	0.1095	0.1198	0.1245	0.1364	0.1477	0.2004	0.2019	0.2040	0.2089	0.2151	0.2194	0.2228	0.2998	0.3107	0.3225	0.3298	0.3524	0.3654	0.3722
480	480	240	1200	0.50	direct	anytime	0.55	0.35	0.35	0.20	calibration	2000	neither_passes	1934	0.96700000	0.00399443	1170.664	$97.17-$101.85	$99.60-$104.40 (cap $360.00)	-0.0193	0.0440	0.0671	0.0949	0.1199	0.1424	0.1970	-0.1366	-0.0130	0.0197	0.0547	0.0887	0.1205	0.1972	0.2047	0.2534	0.2759	0.3023	0.3285	0.3523	0.4502
480	480	240	1200	0.50	direct	anytime	0.55	0.35	0.35	0.20	calibration	2000	both_pass	0	0.00000000	0.00000000	1170.664	$97.17-$101.85	$99.60-$104.40 (cap $360.00)	NA	NA	NA	NA	NA	NA	NA	NA	NA	NA	NA	NA	NA	NA	NA	NA	NA	NA	NA	NA	NA
400	400	400	1200	1.00	union	anytime	0.55	0.35	0.35	0.20	calibration	2000	fp_passes_fn_fails	6	0.00300000	0.00122291	1162.203	$96.46-$101.11	$99.60-$104.40 (cap $360.00)	0.2002	0.2008	0.2023	0.2062	0.2101	0.2218	0.2324	0.0186	0.0219	0.0271	0.0347	0.0798	0.1088	0.1233	0.4019	0.4070	0.4164	0.4306	0.4322	0.4351	0.4379
400	400	400	1200	1.00	union	anytime	0.55	0.35	0.35	0.20	calibration	2000	fn_passes_fp_fails	0	0.00000000	0.00000000	1162.203	$96.46-$101.11	$99.60-$104.40 (cap $360.00)	NA	NA	NA	NA	NA	NA	NA	NA	NA	NA	NA	NA	NA	NA	NA	NA	NA	NA	NA	NA	NA
400	400	400	1200	1.00	union	anytime	0.55	0.35	0.35	0.20	calibration	2000	neither_passes	1922	0.96100000	0.00432891	1162.203	$96.46-$101.11	$99.60-$104.40 (cap $360.00)	-0.0295	0.0342	0.0578	0.0847	0.1140	0.1372	0.1990	-0.1454	-0.0473	-0.0192	0.0110	0.0396	0.0669	0.1544	0.2059	0.2603	0.2803	0.3101	0.3398	0.3663	0.4437
400	400	400	1200	1.00	union	anytime	0.55	0.35	0.35	0.20	calibration	2000	both_pass	0	0.00000000	0.00000000	1162.203	$96.46-$101.11	$99.60-$104.40 (cap $360.00)	NA	NA	NA	NA	NA	NA	NA	NA	NA	NA	NA	NA	NA	NA	NA	NA	NA	NA	NA	NA	NA
400	400	400	1200	1.00	direct	anytime	0.55	0.35	0.35	0.20	calibration	2000	fp_passes_fn_fails	5	0.00250000	0.00111664	1160.244	$96.30-$100.94	$99.60-$104.40 (cap $360.00)	0.2002	0.2022	0.2052	0.2071	0.2111	0.2239	0.2324	0.1090	0.1092	0.1094	0.1122	0.1172	0.1457	0.1647	0.4019	0.4130	0.4296	0.4316	0.4324	0.4357	0.4379
400	400	400	1200	1.00	direct	anytime	0.55	0.35	0.35	0.20	calibration	2000	fn_passes_fp_fails	7	0.00350000	0.00132056	1160.244	$96.30-$100.94	$99.60-$104.40 (cap $360.00)	0.0759	0.1066	0.1281	0.1502	0.1700	0.1752	0.1812	0.2033	0.2037	0.2041	0.2118	0.2206	0.2236	0.2236	0.3111	0.3331	0.3510	0.3739	0.3888	0.4077	0.4311
400	400	400	1200	1.00	direct	anytime	0.55	0.35	0.35	0.20	calibration	2000	neither_passes	1912	0.95600000	0.00458607	1160.244	$96.30-$100.94	$99.60-$104.40 (cap $360.00)	-0.0295	0.0341	0.0577	0.0846	0.1138	0.1369	0.1988	-0.0635	0.0297	0.0551	0.0853	0.1111	0.1385	0.1998	0.2059	0.2603	0.2801	0.3097	0.3394	0.3657	0.4437
400	400	400	1200	1.00	direct	anytime	0.55	0.35	0.35	0.20	calibration	2000	both_pass	0	0.00000000	0.00000000	1160.244	$96.30-$100.94	$99.60-$104.40 (cap $360.00)	NA	NA	NA	NA	NA	NA	NA	NA	NA	NA	NA	NA	NA	NA	NA	NA	NA	NA	NA	NA	NA
300	300	600	1200	2.00	union	anytime	0.55	0.35	0.35	0.20	calibration	2000	fp_passes_fn_fails	4	0.00200000	0.00099900	1169.200	$97.04-$101.72	$99.60-$104.40 (cap $360.00)	0.2085	0.2101	0.2125	0.2218	0.2307	0.2325	0.2336	0.0965	0.0990	0.1028	0.1176	0.1306	0.1310	0.1313	0.4699	0.4708	0.4722	0.4850	0.4972	0.4974	0.4976
300	300	600	1200	2.00	union	anytime	0.55	0.35	0.35	0.20	calibration	2000	fn_passes_fp_fails	0	0.00000000	0.00000000	1169.200	$97.04-$101.72	$99.60-$104.40 (cap $360.00)	NA	NA	NA	NA	NA	NA	NA	NA	NA	NA	NA	NA	NA	NA	NA	NA	NA	NA	NA	NA	NA
300	300	600	1200	2.00	union	anytime	0.55	0.35	0.35	0.20	calibration	2000	neither_passes	1936	0.96800000	0.00393548	1169.200	$97.04-$101.72	$99.60-$104.40 (cap $360.00)	-0.0639	0.0088	0.0376	0.0692	0.1035	0.1292	0.1972	-0.1407	-0.0446	-0.0173	0.0118	0.0404	0.0702	0.1567	0.2083	0.2616	0.2901	0.3233	0.3566	0.3853	0.4756
300	300	600	1200	2.00	union	anytime	0.55	0.35	0.35	0.20	calibration	2000	both_pass	0	0.00000000	0.00000000	1169.200	$97.04-$101.72	$99.60-$104.40 (cap $360.00)	NA	NA	NA	NA	NA	NA	NA	NA	NA	NA	NA	NA	NA	NA	NA	NA	NA	NA	NA	NA	NA
300	300	600	1200	2.00	direct	anytime	0.55	0.35	0.35	0.20	calibration	2000	fp_passes_fn_fails	2	0.00100000	0.00070675	1167.328	$96.89-$101.56	$99.60-$104.40 (cap $360.00)	0.2139	0.2158	0.2188	0.2238	0.2287	0.2317	0.2336	0.1580	0.1608	0.1649	0.1718	0.1787	0.1828	0.1855	0.4730	0.4754	0.4790	0.4850	0.4910	0.4946	0.4970
300	300	600	1200	2.00	direct	anytime	0.55	0.35	0.35	0.20	calibration	2000	fn_passes_fp_fails	5	0.00250000	0.00111664	1167.328	$96.89-$101.56	$99.60-$104.40 (cap $360.00)	0.0799	0.0989	0.1275	0.1433	0.1608	0.1670	0.1710	0.2065	0.2071	0.2080	0.2124	0.2197	0.2248	0.2283	0.3247	0.3419	0.3678	0.3824	0.3852	0.3962	0.4035
300	300	600	1200	2.00	direct	anytime	0.55	0.35	0.35	0.20	calibration	2000	neither_passes	1928	0.96400000	0.00416557	1167.328	$96.89-$101.56	$99.60-$104.40 (cap $360.00)	-0.0639	0.0087	0.0374	0.0690	0.1030	0.1284	0.1972	-0.0572	0.0372	0.0618	0.0890	0.1142	0.1386	0.1972	0.2083	0.2615	0.2900	0.3229	0.3562	0.3849	0.4756
300	300	600	1200	2.00	direct	anytime	0.55	0.35	0.35	0.20	calibration	2000	both_pass	0	0.00000000	0.00000000	1167.328	$96.89-$101.56	$99.60-$104.40 (cap $360.00)	NA	NA	NA	NA	NA	NA	NA	NA	NA	NA	NA	NA	NA	NA	NA	NA	NA	NA	NA	NA	NA
120	120	60	300	0.50	union	anytime	0.60	0.35	0.35	0.25	small real effect	2000	fp_passes_fn_fails	40	0.02000000	0.00313050	298.185	$24.75-$25.94	$24.90-$26.10 (cap $90.00)	0.2004	0.2037	0.2150	0.2256	0.2316	0.2576	0.2995	-0.2540	-0.1294	-0.0932	-0.0382	-0.0031	0.0445	0.1506	0.5269	0.5399	0.5512	0.5729	0.6073	0.6276	0.6446
120	120	60	300	0.50	union	anytime	0.60	0.35	0.35	0.25	small real effect	2000	fn_passes_fp_fails	0	0.00000000	0.00000000	298.185	$24.75-$25.94	$24.90-$26.10 (cap $90.00)	NA	NA	NA	NA	NA	NA	NA	NA	NA	NA	NA	NA	NA	NA	NA	NA	NA	NA	NA	NA	NA
120	120	60	300	0.50	union	anytime	0.60	0.35	0.35	0.25	small real effect	2000	neither_passes	1945	0.97250000	0.00365676	298.185	$24.75-$25.94	$24.90-$26.10 (cap $90.00)	-0.1762	-0.0310	0.0100	0.0575	0.1042	0.1403	0.1986	-0.4214	-0.2320	-0.1826	-0.1217	-0.0596	-0.0030	0.1630	0.2108	0.3403	0.3779	0.4275	0.4742	0.5160	0.6209
120	120	60	300	0.50	union	anytime	0.60	0.35	0.35	0.25	small real effect	2000	both_pass	0	0.00000000	0.00000000	298.185	$24.75-$25.94	$24.90-$26.10 (cap $90.00)	NA	NA	NA	NA	NA	NA	NA	NA	NA	NA	NA	NA	NA	NA	NA	NA	NA	NA	NA	NA	NA
120	120	60	300	0.50	direct	anytime	0.60	0.35	0.35	0.25	small real effect	2000	fp_passes_fn_fails	38	0.01900000	0.00305279	297.980	$24.73-$25.92	$24.90-$26.10 (cap $90.00)	0.2004	0.2037	0.2135	0.2256	0.2311	0.2580	0.2995	-0.1368	-0.0576	-0.0245	0.0450	0.0957	0.1155	0.1745	0.5269	0.5390	0.5519	0.5729	0.6046	0.6270	0.6376
120	120	60	300	0.50	direct	anytime	0.60	0.35	0.35	0.25	small real effect	2000	fn_passes_fp_fails	11	0.00550000	0.00165375	297.980	$24.73-$25.92	$24.90-$26.10 (cap $90.00)	-0.0311	0.0520	0.0830	0.1105	0.1561	0.1852	0.1856	0.2084	0.2085	0.2169	0.2197	0.2292	0.2408	0.2640	0.3084	0.4674	0.4851	0.5160	0.5398	0.5630	0.5743
120	120	60	300	0.50	direct	anytime	0.60	0.35	0.35	0.25	small real effect	2000	neither_passes	1931	0.96550000	0.00408104	297.980	$24.73-$25.92	$24.90-$26.10 (cap $90.00)	-0.1762	-0.0310	0.0097	0.0563	0.1038	0.1394	0.1986	-0.3983	-0.1492	-0.0916	-0.0244	0.0461	0.1001	0.1962	0.2108	0.3403	0.3775	0.4270	0.4729	0.5153	0.6209
120	120	60	300	0.50	direct	anytime	0.60	0.35	0.35	0.25	small real effect	2000	both_pass	0	0.00000000	0.00000000	297.980	$24.73-$25.92	$24.90-$26.10 (cap $90.00)	NA	NA	NA	NA	NA	NA	NA	NA	NA	NA	NA	NA	NA	NA	NA	NA	NA	NA	NA	NA	NA
100	100	100	300	1.00	union	anytime	0.60	0.35	0.35	0.25	small real effect	2000	fp_passes_fn_fails	39	0.01950000	0.00309190	298.011	$24.73-$25.93	$24.90-$26.10 (cap $90.00)	0.2002	0.2033	0.2069	0.2204	0.2355	0.2604	0.2797	-0.1998	-0.0954	-0.0610	0.0098	0.0558	0.0867	0.1345	0.5441	0.5541	0.5762	0.6005	0.6261	0.6571	0.6960
100	100	100	300	1.00	union	anytime	0.60	0.35	0.35	0.25	small real effect	2000	fn_passes_fp_fails	0	0.00000000	0.00000000	298.011	$24.73-$25.93	$24.90-$26.10 (cap $90.00)	NA	NA	NA	NA	NA	NA	NA	NA	NA	NA	NA	NA	NA	NA	NA	NA	NA	NA	NA	NA	NA
100	100	100	300	1.00	union	anytime	0.60	0.35	0.35	0.25	small real effect	2000	neither_passes	1943	0.97150000	0.00372074	298.011	$24.73-$25.93	$24.90-$26.10 (cap $90.00)	-0.1893	-0.0557	-0.0086	0.0425	0.0893	0.1272	0.1995	-0.3945	-0.1897	-0.1442	-0.0880	-0.0344	0.0153	0.1526	0.2203	0.3494	0.3946	0.4428	0.4867	0.5279	0.6651
100	100	100	300	1.00	union	anytime	0.60	0.35	0.35	0.25	small real effect	2000	both_pass	0	0.00000000	0.00000000	298.011	$24.73-$25.93	$24.90-$26.10 (cap $90.00)	NA	NA	NA	NA	NA	NA	NA	NA	NA	NA	NA	NA	NA	NA	NA	NA	NA	NA	NA	NA	NA
100	100	100	300	1.00	direct	anytime	0.60	0.35	0.35	0.25	small real effect	2000	fp_passes_fn_fails	30	0.01500000	0.00271800	297.202	$24.67-$25.86	$24.90-$26.10 (cap $90.00)	0.2002	0.2031	0.2067	0.2175	0.2241	0.2472	0.2797	-0.0835	0.0163	0.0504	0.1050	0.1481	0.1651	0.1914	0.5441	0.5530	0.5735	0.5973	0.6253	0.6583	0.6960
100	100	100	300	1.00	direct	anytime	0.60	0.35	0.35	0.25	small real effect	2000	fn_passes_fp_fails	31	0.01550000	0.00276222	297.202	$24.67-$25.86	$24.90-$26.10 (cap $90.00)	-0.0754	0.0367	0.0755	0.1100	0.1456	0.1755	0.1900	0.2002	0.2049	0.2086	0.2135	0.2221	0.2364	0.2705	0.3640	0.4419	0.4807	0.5138	0.5378	0.5421	0.5831
100	100	100	300	1.00	direct	anytime	0.60	0.35	0.35	0.25	small real effect	2000	neither_passes	1907	0.95350000	0.00470838	297.202	$24.67-$25.86	$24.90-$26.10 (cap $90.00)	-0.1893	-0.0558	-0.0095	0.0416	0.0880	0.1245	0.1995	-0.2756	-0.0623	-0.0170	0.0344	0.0851	0.1289	0.1978	0.2203	0.3484	0.3932	0.4416	0.4845	0.5264	0.6417
100	100	100	300	1.00	direct	anytime	0.60	0.35	0.35	0.25	small real effect	2000	both_pass	0	0.00000000	0.00000000	297.202	$24.67-$25.86	$24.90-$26.10 (cap $90.00)	NA	NA	NA	NA	NA	NA	NA	NA	NA	NA	NA	NA	NA	NA	NA	NA	NA	NA	NA	NA	NA
75	75	150	300	2.00	union	anytime	0.60	0.35	0.35	0.25	small real effect	2000	fp_passes_fn_fails	25	0.01250000	0.00248433	297.778	$24.72-$25.91	$24.90-$26.10 (cap $90.00)	0.2010	0.2059	0.2103	0.2157	0.2461	0.2576	0.2775	-0.1799	-0.0679	0.0025	0.0410	0.0578	0.1400	0.1609	0.5676	0.6018	0.6262	0.6475	0.6670	0.7084	0.7242
75	75	150	300	2.00	union	anytime	0.60	0.35	0.35	0.25	small real effect	2000	fn_passes_fp_fails	0	0.00000000	0.00000000	297.778	$24.72-$25.91	$24.90-$26.10 (cap $90.00)	NA	NA	NA	NA	NA	NA	NA	NA	NA	NA	NA	NA	NA	NA	NA	NA	NA	NA	NA	NA	NA
75	75	150	300	2.00	union	anytime	0.60	0.35	0.35	0.25	small real effect	2000	neither_passes	1954	0.97700000	0.00335194	297.778	$24.72-$25.91	$24.90-$26.10 (cap $90.00)	-0.2765	-0.1046	-0.0532	0.0080	0.0664	0.1166	0.1990	-0.3383	-0.1841	-0.1390	-0.0831	-0.0291	0.0178	0.1811	0.2314	0.3523	0.4056	0.4613	0.5194	0.5657	0.7065
75	75	150	300	2.00	union	anytime	0.60	0.35	0.35	0.25	small real effect	2000	both_pass	0	0.00000000	0.00000000	297.778	$24.72-$25.91	$24.90-$26.10 (cap $90.00)	NA	NA	NA	NA	NA	NA	NA	NA	NA	NA	NA	NA	NA	NA	NA	NA	NA	NA	NA	NA	NA
75	75	150	300	2.00	direct	anytime	0.60	0.35	0.35	0.25	small real effect	2000	fp_passes_fn_fails	19	0.00950000	0.00216907	297.296	$24.68-$25.86	$24.90-$26.10 (cap $90.00)	0.2010	0.2065	0.2107	0.2155	0.2346	0.2510	0.2657	-0.0039	0.0501	0.0826	0.1255	0.1640	0.1751	0.1860	0.5676	0.5952	0.6165	0.6311	0.6545	0.6719	0.7198
75	75	150	300	2.00	direct	anytime	0.60	0.35	0.35	0.25	small real effect	2000	fn_passes_fp_fails	17	0.00850000	0.00205277	297.296	$24.68-$25.86	$24.90-$26.10 (cap $90.00)	-0.0019	0.0173	0.0320	0.0740	0.1395	0.1686	0.1822	0.2014	0.2028	0.2112	0.2217	0.2437	0.2556	0.2647	0.4392	0.4903	0.5108	0.5344	0.6008	0.6350	0.6699
75	75	150	300	2.00	direct	anytime	0.60	0.35	0.35	0.25	small real effect	2000	neither_passes	1932	0.96600000	0.00405241	297.296	$24.68-$25.86	$24.90-$26.10 (cap $90.00)	-0.2765	-0.1050	-0.0542	0.0076	0.0650	0.1127	0.1990	-0.1879	-0.0512	-0.0107	0.0390	0.0880	0.1282	0.1996	0.2314	0.3516	0.4050	0.4605	0.5179	0.5633	0.7065
75	75	150	300	2.00	direct	anytime	0.60	0.35	0.35	0.25	small real effect	2000	both_pass	0	0.00000000	0.00000000	297.296	$24.68-$25.86	$24.90-$26.10 (cap $90.00)	NA	NA	NA	NA	NA	NA	NA	NA	NA	NA	NA	NA	NA	NA	NA	NA	NA	NA	NA	NA	NA
480	480	240	1200	0.50	union	anytime	0.60	0.35	0.35	0.25	small real effect	2000	fp_passes_fn_fails	152	0.07600000	0.00592554	1188.580	$98.65-$103.41	$99.60-$104.40 (cap $360.00)	0.2000	0.2024	0.2061	0.2137	0.2230	0.2356	0.2895	-0.0214	0.0414	0.0653	0.0956	0.1200	0.1442	0.1738	0.3854	0.4000	0.4073	0.4243	0.4362	0.4482	0.4949
480	480	240	1200	0.50	union	anytime	0.60	0.35	0.35	0.25	small real effect	2000	fn_passes_fp_fails	1	0.00050000	0.00049987	1188.580	$98.65-$103.41	$99.60-$104.40 (cap $360.00)	0.1784	0.1784	0.1784	0.1784	0.1784	0.1784	0.1784	0.2125	0.2125	0.2125	0.2125	0.2125	0.2125	0.2125	0.4225	0.4225	0.4225	0.4225	0.4225	0.4225	0.4225
480	480	240	1200	0.50	union	anytime	0.60	0.35	0.35	0.25	small real effect	2000	neither_passes	1827	0.91350000	0.00628561	1188.580	$98.65-$103.41	$99.60-$104.40 (cap $360.00)	0.0326	0.0922	0.1163	0.1410	0.1645	0.1813	0.2000	-0.1323	-0.0183	0.0128	0.0460	0.0787	0.1062	0.1888	0.2432	0.2983	0.3227	0.3484	0.3708	0.3903	0.4531
480	480	240	1200	0.50	union	anytime	0.60	0.35	0.35	0.25	small real effect	2000	both_pass	0	0.00000000	0.00000000	1188.580	$98.65-$103.41	$99.60-$104.40 (cap $360.00)	NA	NA	NA	NA	NA	NA	NA	NA	NA	NA	NA	NA	NA	NA	NA	NA	NA	NA	NA	NA	NA
480	480	240	1200	0.50	direct	anytime	0.60	0.35	0.35	0.25	small real effect	2000	fp_passes_fn_fails	133	0.06650000	0.00557125	1182.624	$98.16-$102.89	$99.60-$104.40 (cap $360.00)	0.2000	0.2024	0.2057	0.2136	0.2235	0.2356	0.2649	-0.0295	0.0915	0.1141	0.1372	0.1612	0.1831	0.1963	0.3854	0.3989	0.4074	0.4245	0.4351	0.4446	0.4949
480	480	240	1200	0.50	direct	anytime	0.60	0.35	0.35	0.25	small real effect	2000	fn_passes_fp_fails	50	0.02500000	0.00349106	1182.624	$98.16-$102.89	$99.60-$104.40 (cap $360.00)	0.0397	0.1131	0.1321	0.1566	0.1771	0.1857	0.1976	0.2000	0.2010	0.2042	0.2183	0.2306	0.2422	0.2831	0.2432	0.3155	0.3391	0.3557	0.3797	0.3972	0.4233
480	480	240	1200	0.50	direct	anytime	0.60	0.35	0.35	0.25	small real effect	2000	neither_passes	1769	0.88450000	0.00714702	1182.624	$98.16-$102.89	$99.60-$104.40 (cap $360.00)	0.0326	0.0915	0.1157	0.1407	0.1637	0.1802	0.2000	-0.0875	0.0380	0.0694	0.1025	0.1375	0.1643	0.2000	0.2452	0.2979	0.3224	0.3479	0.3702	0.3899	0.4531
480	480	240	1200	0.50	direct	anytime	0.60	0.35	0.35	0.25	small real effect	2000	both_pass	0	0.00000000	0.00000000	1182.624	$98.16-$102.89	$99.60-$104.40 (cap $360.00)	NA	NA	NA	NA	NA	NA	NA	NA	NA	NA	NA	NA	NA	NA	NA	NA	NA	NA	NA	NA	NA
400	400	400	1200	1.00	union	anytime	0.60	0.35	0.35	0.25	small real effect	2000	fp_passes_fn_fails	111	0.05550000	0.00511956	1190.531	$98.81-$103.58	$99.60-$104.40 (cap $360.00)	0.2002	0.2030	0.2070	0.2182	0.2314	0.2444	0.2978	0.0207	0.0600	0.0834	0.1067	0.1296	0.1554	0.1911	0.3866	0.4107	0.4210	0.4352	0.4537	0.4748	0.5274
400	400	400	1200	1.00	union	anytime	0.60	0.35	0.35	0.25	small real effect	2000	fn_passes_fp_fails	0	0.00000000	0.00000000	1190.531	$98.81-$103.58	$99.60-$104.40 (cap $360.00)	NA	NA	NA	NA	NA	NA	NA	NA	NA	NA	NA	NA	NA	NA	NA	NA	NA	NA	NA	NA	NA
400	400	400	1200	1.00	union	anytime	0.60	0.35	0.35	0.25	small real effect	2000	neither_passes	1871	0.93550000	0.00549271	1190.531	$98.81-$103.58	$99.60-$104.40 (cap $360.00)	-0.0090	0.0809	0.1059	0.1332	0.1575	0.1791	0.1997	-0.0783	0.0065	0.0315	0.0613	0.0874	0.1133	0.1818	0.2167	0.3018	0.3278	0.3556	0.3824	0.4048	0.4682
400	400	400	1200	1.00	union	anytime	0.60	0.35	0.35	0.25	small real effect	2000	both_pass	0	0.00000000	0.00000000	1190.531	$98.81-$103.58	$99.60-$104.40 (cap $360.00)	NA	NA	NA	NA	NA	NA	NA	NA	NA	NA	NA	NA	NA	NA	NA	NA	NA	NA	NA	NA	NA
400	400	400	1200	1.00	direct	anytime	0.60	0.35	0.35	0.25	small real effect	2000	fp_passes_fn_fails	75	0.03750000	0.00424816	1179.210	$97.87-$102.59	$99.60-$104.40 (cap $360.00)	0.2002	0.2033	0.2066	0.2178	0.2299	0.2386	0.2518	0.0907	0.1350	0.1487	0.1663	0.1807	0.1882	0.1964	0.3866	0.4096	0.4197	0.4320	0.4531	0.4655	0.5032
400	400	400	1200	1.00	direct	anytime	0.60	0.35	0.35	0.25	small real effect	2000	fn_passes_fp_fails	88	0.04400000	0.00458607	1179.210	$97.87-$102.59	$99.60-$104.40 (cap $360.00)	0.0637	0.1226	0.1363	0.1575	0.1755	0.1871	0.1979	0.2002	0.2022	0.2046	0.2100	0.2197	0.2274	0.2484	0.2937	0.3446	0.3631	0.3779	0.3996	0.4123	0.4310
400	400	400	1200	1.00	direct	anytime	0.60	0.35	0.35	0.25	small real effect	2000	neither_passes	1772	0.88600000	0.00710648	1179.210	$97.87-$102.59	$99.60-$104.40 (cap $360.00)	-0.0090	0.0791	0.1040	0.1307	0.1557	0.1777	0.1997	0.0021	0.0819	0.1050	0.1317	0.1562	0.1743	0.1996	0.2167	0.3002	0.3260	0.3538	0.3802	0.4033	0.4682
400	400	400	1200	1.00	direct	anytime	0.60	0.35	0.35	0.25	small real effect	2000	both_pass	0	0.00000000	0.00000000	1179.210	$97.87-$102.59	$99.60-$104.40 (cap $360.00)	NA	NA	NA	NA	NA	NA	NA	NA	NA	NA	NA	NA	NA	NA	NA	NA	NA	NA	NA	NA	NA
300	300	600	1200	2.00	union	anytime	0.60	0.35	0.35	0.25	small real effect	2000	fp_passes_fn_fails	80	0.04000000	0.00438178	1195.242	$99.21-$103.99	$99.60-$104.40 (cap $360.00)	0.2001	0.2025	0.2054	0.2116	0.2278	0.2400	0.2701	-0.0033	0.0735	0.0915	0.1196	0.1417	0.1614	0.1826	0.4022	0.4357	0.4486	0.4640	0.4837	0.4977	0.5212
300	300	600	1200	2.00	union	anytime	0.60	0.35	0.35	0.25	small real effect	2000	fn_passes_fp_fails	1	0.00050000	0.00049987	1195.242	$99.21-$103.99	$99.60-$104.40 (cap $360.00)	0.1308	0.1308	0.1308	0.1308	0.1308	0.1308	0.1308	0.2110	0.2110	0.2110	0.2110	0.2110	0.2110	0.2110	0.4224	0.4224	0.4224	0.4224	0.4224	0.4224	0.4224
300	300	600	1200	2.00	union	anytime	0.60	0.35	0.35	0.25	small real effect	2000	neither_passes	1910	0.95500000	0.00463546	1195.242	$99.21-$103.99	$99.60-$104.40 (cap $360.00)	-0.0341	0.0596	0.0880	0.1181	0.1467	0.1705	0.1998	-0.1194	0.0031	0.0312	0.0638	0.0916	0.1185	0.1989	0.2189	0.3096	0.3369	0.3689	0.3975	0.4232	0.4961
300	300	600	1200	2.00	union	anytime	0.60	0.35	0.35	0.25	small real effect	2000	both_pass	0	0.00000000	0.00000000	1195.242	$99.21-$103.99	$99.60-$104.40 (cap $360.00)	NA	NA	NA	NA	NA	NA	NA	NA	NA	NA	NA	NA	NA	NA	NA	NA	NA	NA	NA	NA	NA
300	300	600	1200	2.00	direct	anytime	0.60	0.35	0.35	0.25	small real effect	2000	fp_passes_fn_fails	41	0.02050000	0.00316858	1177.510	$97.73-$102.44	$99.60-$104.40 (cap $360.00)	0.2001	0.2015	0.2037	0.2078	0.2191	0.2338	0.2549	0.0895	0.1447	0.1536	0.1692	0.1811	0.1883	0.1975	0.4022	0.4329	0.4436	0.4536	0.4724	0.4864	0.4883
300	300	600	1200	2.00	direct	anytime	0.60	0.35	0.35	0.25	small real effect	2000	fn_passes_fp_fails	97	0.04850000	0.00480353	1177.510	$97.73-$102.44	$99.60-$104.40 (cap $360.00)	0.0627	0.1053	0.1244	0.1559	0.1740	0.1886	0.1991	0.2006	0.2021	0.2042	0.2084	0.2162	0.2266	0.2548	0.3138	0.3541	0.3731	0.3974	0.4266	0.4450	0.4935
300	300	600	1200	2.00	direct	anytime	0.60	0.35	0.35	0.25	small real effect	2000	neither_passes	1795	0.89750000	0.00678210	1177.510	$97.73-$102.44	$99.60-$104.40 (cap $360.00)	-0.0341	0.0566	0.0859	0.1150	0.1433	0.1667	0.1991	-0.0400	0.0858	0.1113	0.1374	0.1609	0.1783	0.1999	0.2189	0.3071	0.3350	0.3657	0.3950	0.4197	0.4928
300	300	600	1200	2.00	direct	anytime	0.60	0.35	0.35	0.25	small real effect	2000	both_pass	0	0.00000000	0.00000000	1177.510	$97.73-$102.44	$99.60-$104.40 (cap $360.00)	NA	NA	NA	NA	NA	NA	NA	NA	NA	NA	NA	NA	NA	NA	NA	NA	NA	NA	NA	NA	NA
120	120	60	300	0.50	union	anytime	0.65	0.35	0.35	0.30	real effect	2000	fp_passes_fn_fails	162	0.08100000	0.00610078	299.197	$24.83-$26.03	$24.90-$26.10 (cap $90.00)	0.2002	0.2030	0.2091	0.2233	0.2435	0.2663	0.3059	-0.2926	-0.1050	-0.0555	-0.0052	0.0380	0.0898	0.1795	0.4772	0.5243	0.5514	0.5745	0.5981	0.6228	0.6985
120	120	60	300	0.50	union	anytime	0.65	0.35	0.35	0.30	real effect	2000	fn_passes_fp_fails	1	0.00050000	0.00049987	299.197	$24.83-$26.03	$24.90-$26.10 (cap $90.00)	0.1333	0.1333	0.1333	0.1333	0.1333	0.1333	0.1333	0.2371	0.2371	0.2371	0.2371	0.2371	0.2371	0.2371	0.5239	0.5239	0.5239	0.5239	0.5239	0.5239	0.5239
120	120	60	300	0.50	union	anytime	0.65	0.35	0.35	0.30	real effect	2000	neither_passes	1829	0.91450000	0.00625259	299.197	$24.83-$26.03	$24.90-$26.10 (cap $90.00)	-0.1435	0.0120	0.0549	0.0980	0.1410	0.1705	0.2000	-0.4082	-0.1874	-0.1357	-0.0736	-0.0127	0.0342	0.1857	0.2731	0.3798	0.4181	0.4647	0.5051	0.5389	0.6278
120	120	60	300	0.50	union	anytime	0.65	0.35	0.35	0.30	real effect	2000	both_pass	0	0.00000000	0.00000000	299.197	$24.83-$26.03	$24.90-$26.10 (cap $90.00)	NA	NA	NA	NA	NA	NA	NA	NA	NA	NA	NA	NA	NA	NA	NA	NA	NA	NA	NA	NA	NA
120	120	60	300	0.50	direct	anytime	0.65	0.35	0.35	0.30	real effect	2000	fp_passes_fn_fails	148	0.07400000	0.00585338	298.303	$24.76-$25.95	$24.90-$26.10 (cap $90.00)	0.2002	0.2029	0.2093	0.2233	0.2434	0.2648	0.3059	-0.1666	-0.0398	0.0264	0.0719	0.1276	0.1555	0.1914	0.4772	0.5215	0.5507	0.5745	0.5981	0.6227	0.6985
120	120	60	300	0.50	direct	anytime	0.65	0.35	0.35	0.30	real effect	2000	fn_passes_fp_fails	55	0.02750000	0.00365676	298.303	$24.76-$25.95	$24.90-$26.10 (cap $90.00)	-0.0253	0.0573	0.0979	0.1338	0.1676	0.1868	0.1935	0.2003	0.2033	0.2123	0.2204	0.2405	0.2706	0.3144	0.3603	0.4094	0.4714	0.5047	0.5267	0.5626	0.5949
120	120	60	300	0.50	direct	anytime	0.65	0.35	0.35	0.30	real effect	2000	neither_passes	1771	0.88550000	0.00712003	298.303	$24.76-$25.95	$24.90-$26.10 (cap $90.00)	-0.1435	0.0113	0.0538	0.0961	0.1396	0.1691	0.2000	-0.2620	-0.1049	-0.0475	0.0154	0.0783	0.1283	0.1984	0.2731	0.3792	0.4170	0.4636	0.5038	0.5383	0.6278
120	120	60	300	0.50	direct	anytime	0.65	0.35	0.35	0.30	real effect	2000	both_pass	0	0.00000000	0.00000000	298.303	$24.76-$25.95	$24.90-$26.10 (cap $90.00)	NA	NA	NA	NA	NA	NA	NA	NA	NA	NA	NA	NA	NA	NA	NA	NA	NA	NA	NA	NA	NA
100	100	100	300	1.00	union	anytime	0.65	0.35	0.35	0.30	real effect	2000	fp_passes_fn_fails	129	0.06450000	0.00549271	299.163	$24.83-$26.03	$24.90-$26.10 (cap $90.00)	0.2003	0.2053	0.2112	0.2237	0.2428	0.2702	0.3367	-0.1523	-0.0506	-0.0191	0.0286	0.0761	0.1128	0.1809	0.5026	0.5626	0.5806	0.6051	0.6385	0.6608	0.7091
100	100	100	300	1.00	union	anytime	0.65	0.35	0.35	0.30	real effect	2000	fn_passes_fp_fails	1	0.00050000	0.00049987	299.163	$24.83-$26.03	$24.90-$26.10 (cap $90.00)	0.1572	0.1572	0.1572	0.1572	0.1572	0.1572	0.1572	0.2256	0.2256	0.2256	0.2256	0.2256	0.2256	0.2256	0.5362	0.5362	0.5362	0.5362	0.5362	0.5362	0.5362
100	100	100	300	1.00	union	anytime	0.65	0.35	0.35	0.30	real effect	2000	neither_passes	1860	0.93000000	0.00570526	299.163	$24.83-$26.03	$24.90-$26.10 (cap $90.00)	-0.1591	-0.0155	0.0318	0.0859	0.1284	0.1632	0.1995	-0.3198	-0.1465	-0.0962	-0.0406	0.0101	0.0551	0.1757	0.2490	0.3843	0.4327	0.4801	0.5259	0.5619	0.6682
100	100	100	300	1.00	union	anytime	0.65	0.35	0.35	0.30	real effect	2000	both_pass	0	0.00000000	0.00000000	299.163	$24.83-$26.03	$24.90-$26.10 (cap $90.00)	NA	NA	NA	NA	NA	NA	NA	NA	NA	NA	NA	NA	NA	NA	NA	NA	NA	NA	NA	NA	NA
100	100	100	300	1.00	direct	anytime	0.65	0.35	0.35	0.30	real effect	2000	fp_passes_fn_fails	93	0.04650000	0.00470838	296.766	$24.63-$25.82	$24.90-$26.10 (cap $90.00)	0.2003	0.2046	0.2092	0.2215	0.2401	0.2617	0.3367	-0.0205	0.0620	0.0934	0.1232	0.1499	0.1717	0.1976	0.5026	0.5575	0.5788	0.6049	0.6355	0.6592	0.7091
100	100	100	300	1.00	direct	anytime	0.65	0.35	0.35	0.30	real effect	2000	fn_passes_fp_fails	89	0.04450000	0.00461084	296.766	$24.63-$25.82	$24.90-$26.10 (cap $90.00)	-0.0623	0.0688	0.1158	0.1430	0.1634	0.1787	0.1940	0.2006	0.2049	0.2105	0.2207	0.2402	0.2585	0.3198	0.3939	0.4627	0.4996	0.5385	0.5583	0.5809	0.6022
100	100	100	300	1.00	direct	anytime	0.65	0.35	0.35	0.30	real effect	2000	neither_passes	1758	0.87900000	0.00729243	296.766	$24.63-$25.82	$24.90-$26.10 (cap $90.00)	-0.1591	-0.0173	0.0287	0.0824	0.1246	0.1583	0.1994	-0.1841	-0.0190	0.0285	0.0793	0.1245	0.1562	0.1998	0.2490	0.3811	0.4298	0.4765	0.5206	0.5585	0.6682
100	100	100	300	1.00	direct	anytime	0.65	0.35	0.35	0.30	real effect	2000	both_pass	0	0.00000000	0.00000000	296.766	$24.63-$25.82	$24.90-$26.10 (cap $90.00)	NA	NA	NA	NA	NA	NA	NA	NA	NA	NA	NA	NA	NA	NA	NA	NA	NA	NA	NA	NA	NA
75	75	150	300	2.00	union	anytime	0.65	0.35	0.35	0.30	real effect	2000	fp_passes_fn_fails	81	0.04050000	0.00440793	299.080	$24.82-$26.02	$24.90-$26.10 (cap $90.00)	0.2005	0.2023	0.2082	0.2187	0.2375	0.2726	0.3039	-0.0948	-0.0146	0.0183	0.0593	0.0884	0.1264	0.1736	0.5541	0.5901	0.6253	0.6483	0.6753	0.7090	0.7669
75	75	150	300	2.00	union	anytime	0.65	0.35	0.35	0.30	real effect	2000	fn_passes_fp_fails	2	0.00100000	0.00070675	299.080	$24.82-$26.02	$24.90-$26.10 (cap $90.00)	0.0700	0.0760	0.0850	0.1000	0.1149	0.1239	0.1299	0.2064	0.2082	0.2109	0.2154	0.2199	0.2226	0.2244	0.5193	0.5319	0.5507	0.5821	0.6135	0.6324	0.6449
75	75	150	300	2.00	union	anytime	0.65	0.35	0.35	0.30	real effect	2000	neither_passes	1908	0.95400000	0.00468423	299.080	$24.82-$26.02	$24.90-$26.10 (cap $90.00)	-0.2441	-0.0544	-0.0045	0.0537	0.1052	0.1476	0.1999	-0.2954	-0.1408	-0.0916	-0.0373	0.0128	0.0548	0.1894	0.2158	0.4018	0.4496	0.5036	0.5518	0.5978	0.7023
75	75	150	300	2.00	union	anytime	0.65	0.35	0.35	0.30	real effect	2000	both_pass	0	0.00000000	0.00000000	299.080	$24.82-$26.02	$24.90-$26.10 (cap $90.00)	NA	NA	NA	NA	NA	NA	NA	NA	NA	NA	NA	NA	NA	NA	NA	NA	NA	NA	NA	NA	NA
75	75	150	300	2.00	direct	anytime	0.65	0.35	0.35	0.30	real effect	2000	fp_passes_fn_fails	48	0.02400000	0.00342228	297.738	$24.71-$25.90	$24.90-$26.10 (cap $90.00)	0.2005	0.2021	0.2073	0.2168	0.2256	0.2560	0.3002	0.0306	0.0717	0.1172	0.1557	0.1801	0.1879	0.1982	0.5541	0.5800	0.6207	0.6416	0.6660	0.6820	0.7167
75	75	150	300	2.00	direct	anytime	0.65	0.35	0.35	0.30	real effect	2000	fn_passes_fp_fails	65	0.03250000	0.00396508	297.738	$24.71-$25.90	$24.90-$26.10 (cap $90.00)	-0.0530	0.0688	0.0984	0.1395	0.1589	0.1814	0.1999	0.2003	0.2040	0.2082	0.2164	0.2394	0.2679	0.3207	0.4330	0.5108	0.5406	0.5792	0.6194	0.6517	0.7023
75	75	150	300	2.00	direct	anytime	0.65	0.35	0.35	0.30	real effect	2000	neither_passes	1835	0.91750000	0.00615198	297.738	$24.71-$25.90	$24.90-$26.10 (cap $90.00)	-0.2441	-0.0560	-0.0078	0.0510	0.1008	0.1412	0.1985	-0.1602	-0.0115	0.0339	0.0817	0.1243	0.1576	0.1997	0.2158	0.3998	0.4472	0.5003	0.5471	0.5939	0.6983
75	75	150	300	2.00	direct	anytime	0.65	0.35	0.35	0.30	real effect	2000	both_pass	0	0.00000000	0.00000000	297.738	$24.71-$25.90	$24.90-$26.10 (cap $90.00)	NA	NA	NA	NA	NA	NA	NA	NA	NA	NA	NA	NA	NA	NA	NA	NA	NA	NA	NA	NA	NA
480	480	240	1200	0.50	union	anytime	0.65	0.35	0.35	0.30	real effect	2000	fp_passes_fn_fails	878	0.43900000	0.01109682	1188.651	$98.66-$103.41	$99.60-$104.40 (cap $360.00)	0.2001	0.2044	0.2107	0.2231	0.2409	0.2585	0.3137	-0.0190	0.0532	0.0811	0.1122	0.1419	0.1660	0.1977	0.3748	0.3988	0.4127	0.4279	0.4465	0.4651	0.5279
480	480	240	1200	0.50	union	anytime	0.65	0.35	0.35	0.30	real effect	2000	fn_passes_fp_fails	6	0.00300000	0.00122291	1188.651	$98.66-$103.41	$99.60-$104.40 (cap $360.00)	0.1210	0.1391	0.1649	0.1897	0.1949	0.1961	0.1962	0.2147	0.2206	0.2265	0.2306	0.2371	0.2423	0.2465	0.3224	0.3515	0.3817	0.3865	0.3911	0.3922	0.3924
480	480	240	1200	0.50	union	anytime	0.65	0.35	0.35	0.30	real effect	2000	neither_passes	1075	0.53750000	0.01114885	1188.651	$98.66-$103.41	$99.60-$104.40 (cap $360.00)	0.0474	0.1338	0.1553	0.1731	0.1878	0.1950	0.1999	-0.0435	0.0249	0.0552	0.0864	0.1167	0.1435	0.1998	0.2590	0.3353	0.3562	0.3768	0.3946	0.4077	0.4437
480	480	240	1200	0.50	union	anytime	0.65	0.35	0.35	0.30	real effect	2000	both_pass	0	0.00000000	0.00000000	1188.651	$98.66-$103.41	$99.60-$104.40 (cap $360.00)	NA	NA	NA	NA	NA	NA	NA	NA	NA	NA	NA	NA	NA	NA	NA	NA	NA	NA	NA	NA	NA
480	480	240	1200	0.50	direct	anytime	0.65	0.35	0.35	0.30	real effect	2000	fp_passes_fn_fails	593	0.29650000	0.01021244	1122.149	$93.14-$97.63	$99.60-$104.40 (cap $360.00)	0.2001	0.2039	0.2101	0.2211	0.2361	0.2537	0.3073	-0.0054	0.0997	0.1244	0.1517	0.1711	0.1860	0.1995	0.3748	0.3987	0.4118	0.4260	0.4424	0.4603	0.5279
480	480	240	1200	0.50	direct	anytime	0.65	0.35	0.35	0.30	real effect	2000	fn_passes_fp_fails	146	0.07300000	0.00581683	1122.149	$93.14-$97.63	$99.60-$104.40 (cap $360.00)	0.0892	0.1374	0.1588	0.1742	0.1877	0.1941	0.1995	0.2001	0.2042	0.2077	0.2179	0.2314	0.2543	0.3267	0.2808	0.3413	0.3633	0.3810	0.3929	0.4054	0.4373
480	480	240	1200	0.50	direct	anytime	0.65	0.35	0.35	0.30	real effect	2000	neither_passes	919	0.45950000	0.01114360	1122.149	$93.14-$97.63	$99.60-$104.40 (cap $360.00)	0.0474	0.1324	0.1540	0.1725	0.1874	0.1945	0.1999	-0.0437	0.0775	0.1065	0.1402	0.1664	0.1831	0.1993	0.2590	0.3340	0.3541	0.3762	0.3940	0.4070	0.4437
480	480	240	1200	0.50	direct	anytime	0.65	0.35	0.35	0.30	real effect	2000	both_pass	0	0.00000000	0.00000000	1122.149	$93.14-$97.63	$99.60-$104.40 (cap $360.00)	NA	NA	NA	NA	NA	NA	NA	NA	NA	NA	NA	NA	NA	NA	NA	NA	NA	NA	NA	NA	NA
400	400	400	1200	1.00	union	anytime	0.65	0.35	0.35	0.30	real effect	2000	fp_passes_fn_fails	671	0.33550000	0.01055793	1184.792	$98.34-$103.08	$99.60-$104.40 (cap $360.00)	0.2000	0.2046	0.2109	0.2236	0.2401	0.2581	0.3162	0.0134	0.0828	0.1073	0.1313	0.1579	0.1772	0.1992	0.3806	0.4125	0.4256	0.4432	0.4614	0.4815	0.5490
400	400	400	1200	1.00	union	anytime	0.65	0.35	0.35	0.30	real effect	2000	fn_passes_fp_fails	6	0.00300000	0.00122291	1184.792	$98.34-$103.08	$99.60-$104.40 (cap $360.00)	0.1440	0.1477	0.1579	0.1788	0.1842	0.1900	0.1944	0.2001	0.2026	0.2070	0.2131	0.2255	0.2360	0.2425	0.3538	0.3689	0.3861	0.3968	0.4016	0.4154	0.4291
400	400	400	1200	1.00	union	anytime	0.65	0.35	0.35	0.30	real effect	2000	neither_passes	1263	0.63150000	0.01078675	1184.792	$98.34-$103.08	$99.60-$104.40 (cap $360.00)	0.0440	0.1206	0.1432	0.1667	0.1845	0.1932	0.1999	-0.0431	0.0484	0.0735	0.1013	0.1295	0.1507	0.1989	0.2841	0.3384	0.3608	0.3859	0.4053	0.4191	0.4652
400	400	400	1200	1.00	union	anytime	0.65	0.35	0.35	0.30	real effect	2000	both_pass	0	0.00000000	0.00000000	1184.792	$98.34-$103.08	$99.60-$104.40 (cap $360.00)	NA	NA	NA	NA	NA	NA	NA	NA	NA	NA	NA	NA	NA	NA	NA	NA	NA	NA	NA	NA	NA
400	400	400	1200	1.00	direct	anytime	0.65	0.35	0.35	0.30	real effect	2000	fp_passes_fn_fails	294	0.14700000	0.00791805	1079.216	$89.57-$93.89	$99.60-$104.40 (cap $360.00)	0.2000	0.2035	0.2085	0.2182	0.2335	0.2494	0.3162	0.0981	0.1439	0.1595	0.1764	0.1892	0.1948	0.1994	0.3806	0.4070	0.4205	0.4360	0.4563	0.4758	0.5324
400	400	400	1200	1.00	direct	anytime	0.65	0.35	0.35	0.30	real effect	2000	fn_passes_fp_fails	309	0.15450000	0.00808176	1079.216	$89.57-$93.89	$99.60-$104.40 (cap $360.00)	0.0966	0.1330	0.1562	0.1744	0.1858	0.1924	0.1999	0.2000	0.2029	0.2069	0.2155	0.2303	0.2469	0.3166	0.3035	0.3521	0.3731	0.3922	0.4082	0.4200	0.4652
400	400	400	1200	1.00	direct	anytime	0.65	0.35	0.35	0.30	real effect	2000	neither_passes	921	0.46050000	0.01114540	1079.216	$89.57-$93.89	$99.60-$104.40 (cap $360.00)	0.0440	0.1158	0.1379	0.1610	0.1810	0.1919	0.1999	0.0463	0.1176	0.1392	0.1625	0.1813	0.1925	0.1996	0.2841	0.3330	0.3551	0.3813	0.4012	0.4160	0.4649
400	400	400	1200	1.00	direct	anytime	0.65	0.35	0.35	0.30	real effect	2000	both_pass	0	0.00000000	0.00000000	1079.216	$89.57-$93.89	$99.60-$104.40 (cap $360.00)	NA	NA	NA	NA	NA	NA	NA	NA	NA	NA	NA	NA	NA	NA	NA	NA	NA	NA	NA	NA	NA
300	300	600	1200	2.00	union	anytime	0.65	0.35	0.35	0.30	real effect	2000	fp_passes_fn_fails	504	0.25200000	0.00970814	1182.460	$98.14-$102.87	$99.60-$104.40 (cap $360.00)	0.2001	0.2049	0.2110	0.2218	0.2379	0.2601	0.3250	0.0301	0.0909	0.1172	0.1428	0.1629	0.1774	0.1989	0.4109	0.4370	0.4495	0.4690	0.4875	0.5079	0.5731
300	300	600	1200	2.00	union	anytime	0.65	0.35	0.35	0.30	real effect	2000	fn_passes_fp_fails	11	0.00550000	0.00165375	1182.460	$98.14-$102.87	$99.60-$104.40 (cap $360.00)	0.1322	0.1548	0.1575	0.1603	0.1824	0.1933	0.1990	0.2035	0.2039	0.2055	0.2070	0.2138	0.2165	0.2176	0.3730	0.3885	0.3943	0.4107	0.4271	0.4428	0.4444
300	300	600	1200	2.00	union	anytime	0.65	0.35	0.35	0.30	real effect	2000	neither_passes	1414	0.70700000	0.01017720	1182.460	$98.14-$102.87	$99.60-$104.40 (cap $360.00)	-0.0072	0.1004	0.1271	0.1538	0.1773	0.1915	0.1999	-0.0192	0.0537	0.0768	0.1053	0.1314	0.1557	0.1995	0.2506	0.3505	0.3757	0.4018	0.4258	0.4451	0.5030
300	300	600	1200	2.00	union	anytime	0.65	0.35	0.35	0.30	real effect	2000	both_pass	0	0.00000000	0.00000000	1182.460	$98.14-$102.87	$99.60-$104.40 (cap $360.00)	NA	NA	NA	NA	NA	NA	NA	NA	NA	NA	NA	NA	NA	NA	NA	NA	NA	NA	NA	NA	NA
300	300	600	1200	2.00	direct	anytime	0.65	0.35	0.35	0.30	real effect	2000	fp_passes_fn_fails	143	0.07150000	0.00576141	1078.650	$89.53-$93.84	$99.60-$104.40 (cap $360.00)	0.2001	0.2027	0.2080	0.2159	0.2282	0.2406	0.2654	0.1169	0.1509	0.1669	0.1803	0.1909	0.1959	0.1999	0.4109	0.4311	0.4424	0.4611	0.4790	0.4965	0.5661
300	300	600	1200	2.00	direct	anytime	0.65	0.35	0.35	0.30	real effect	2000	fn_passes_fp_fails	394	0.19700000	0.00889357	1078.650	$89.53-$93.84	$99.60-$104.40 (cap $360.00)	0.0754	0.1253	0.1481	0.1685	0.1825	0.1919	0.1992	0.2000	0.2030	0.2085	0.2184	0.2319	0.2472	0.2805	0.3232	0.3720	0.3958	0.4142	0.4349	0.4474	0.5019
300	300	600	1200	2.00	direct	anytime	0.65	0.35	0.35	0.30	real effect	2000	neither_passes	985	0.49250000	0.01117908	1078.650	$89.53-$93.84	$99.60-$104.40 (cap $360.00)	-0.0072	0.0918	0.1200	0.1463	0.1692	0.1867	0.1996	0.0671	0.1272	0.1485	0.1674	0.1835	0.1936	0.1999	0.2506	0.3427	0.3659	0.3942	0.4164	0.4373	0.4954
300	300	600	1200	2.00	direct	anytime	0.65	0.35	0.35	0.30	real effect	2000	both_pass	0	0.00000000	0.00000000	1078.650	$89.53-$93.84	$99.60-$104.40 (cap $360.00)	NA	NA	NA	NA	NA	NA	NA	NA	NA	NA	NA	NA	NA	NA	NA	NA	NA	NA	NA	NA	NA
120	120	60	300	0.50	union	anytime	0.75	0.35	0.35	0.40	real effect	2000	fp_passes_fn_fails	1068	0.53400000	0.01115446	296.755	$24.63-$25.82	$24.90-$26.10 (cap $90.00)	0.2000	0.2099	0.2245	0.2508	0.2804	0.3165	0.4216	-0.1834	-0.0356	0.0115	0.0638	0.1140	0.1473	0.1963	0.4756	0.5422	0.5667	0.5962	0.6301	0.6591	0.7539
120	120	60	300	0.50	union	anytime	0.75	0.35	0.35	0.40	real effect	2000	fn_passes_fp_fails	8	0.00400000	0.00141138	296.755	$24.63-$25.82	$24.90-$26.10 (cap $90.00)	0.0866	0.1297	0.1524	0.1749	0.1940	0.1960	0.1978	0.2014	0.2024	0.2107	0.2222	0.2388	0.2492	0.2619	0.4161	0.4903	0.5305	0.5440	0.5574	0.5614	0.5648
120	120	60	300	0.50	union	anytime	0.75	0.35	0.35	0.40	real effect	2000	neither_passes	839	0.41950000	0.01103449	296.755	$24.63-$25.82	$24.90-$26.10 (cap $90.00)	-0.0521	0.1017	0.1346	0.1623	0.1824	0.1942	0.1999	-0.2332	-0.0861	-0.0389	0.0141	0.0689	0.1192	0.1925	0.2994	0.4542	0.4833	0.5149	0.5425	0.5660	0.6291
120	120	60	300	0.50	union	anytime	0.75	0.35	0.35	0.40	real effect	2000	both_pass	0	0.00000000	0.00000000	296.755	$24.63-$25.82	$24.90-$26.10 (cap $90.00)	NA	NA	NA	NA	NA	NA	NA	NA	NA	NA	NA	NA	NA	NA	NA	NA	NA	NA	NA	NA	NA
120	120	60	300	0.50	direct	anytime	0.75	0.35	0.35	0.40	real effect	2000	fp_passes_fn_fails	717	0.35850000	0.01072329	281.247	$23.34-$24.47	$24.90-$26.10 (cap $90.00)	0.2000	0.2086	0.2224	0.2468	0.2761	0.3088	0.4071	-0.1373	0.0217	0.0675	0.1152	0.1522	0.1753	0.1999	0.4756	0.5413	0.5644	0.5941	0.6271	0.6544	0.7392
120	120	60	300	0.50	direct	anytime	0.75	0.35	0.35	0.40	real effect	2000	fn_passes_fp_fails	129	0.06450000	0.00549271	281.247	$23.34-$24.47	$24.90-$26.10 (cap $90.00)	0.0253	0.1031	0.1361	0.1640	0.1794	0.1892	0.1996	0.2009	0.2059	0.2135	0.2337	0.2638	0.2914	0.4091	0.3546	0.4551	0.4861	0.5164	0.5423	0.5637	0.6177
120	120	60	300	0.50	direct	anytime	0.75	0.35	0.35	0.40	real effect	2000	neither_passes	694	0.34700000	0.01064404	281.247	$23.34-$24.47	$24.90-$26.10 (cap $90.00)	-0.0521	0.1004	0.1328	0.1599	0.1813	0.1936	0.1999	-0.1763	-0.0204	0.0370	0.0971	0.1443	0.1747	0.2000	0.2994	0.4531	0.4815	0.5135	0.5417	0.5645	0.6291
120	120	60	300	0.50	direct	anytime	0.75	0.35	0.35	0.40	real effect	2000	both_pass	0	0.00000000	0.00000000	281.247	$23.34-$24.47	$24.90-$26.10 (cap $90.00)	NA	NA	NA	NA	NA	NA	NA	NA	NA	NA	NA	NA	NA	NA	NA	NA	NA	NA	NA	NA	NA
100	100	100	300	1.00	union	anytime	0.75	0.35	0.35	0.40	real effect	2000	fp_passes_fn_fails	891	0.44550000	0.01111372	295.254	$24.51-$25.69	$24.90-$26.10 (cap $90.00)	0.2000	0.2093	0.2211	0.2439	0.2740	0.3089	0.3875	-0.1336	0.0033	0.0475	0.0953	0.1373	0.1662	0.1988	0.5019	0.5638	0.5880	0.6151	0.6502	0.6765	0.7605
100	100	100	300	1.00	union	anytime	0.75	0.35	0.35	0.40	real effect	2000	fn_passes_fp_fails	22	0.01100000	0.00233227	295.254	$24.51-$25.69	$24.90-$26.10 (cap $90.00)	0.1016	0.1278	0.1403	0.1580	0.1835	0.1930	0.1991	0.2005	0.2035	0.2061	0.2157	0.2300	0.2503	0.2668	0.4703	0.5045	0.5127	0.5468	0.5767	0.5943	0.6230
100	100	100	300	1.00	union	anytime	0.75	0.35	0.35	0.40	real effect	2000	neither_passes	976	0.48800000	0.01117712	295.254	$24.51-$25.69	$24.90-$26.10 (cap $90.00)	-0.0798	0.0782	0.1153	0.1503	0.1773	0.1911	0.2000	-0.1853	-0.0469	-0.0031	0.0477	0.0945	0.1331	0.1983	0.3354	0.4632	0.4970	0.5347	0.5665	0.5927	0.6741
100	100	100	300	1.00	union	anytime	0.75	0.35	0.35	0.40	real effect	2000	both_pass	0	0.00000000	0.00000000	295.254	$24.51-$25.69	$24.90-$26.10 (cap $90.00)	NA	NA	NA	NA	NA	NA	NA	NA	NA	NA	NA	NA	NA	NA	NA	NA	NA	NA	NA	NA	NA
100	100	100	300	1.00	direct	anytime	0.75	0.35	0.35	0.40	real effect	2000	fp_passes_fn_fails	318	0.15900000	0.00817677	264.159	$21.93-$22.98	$24.90-$26.10 (cap $90.00)	0.2005	0.2069	0.2170	0.2357	0.2593	0.2871	0.3567	-0.0244	0.0949	0.1278	0.1550	0.1748	0.1884	0.1994	0.5172	0.5597	0.5812	0.6083	0.6350	0.6691	0.7292
100	100	100	300	1.00	direct	anytime	0.75	0.35	0.35	0.40	real effect	2000	fn_passes_fp_fails	314	0.15700000	0.00813483	264.159	$21.93-$22.98	$24.90-$26.10 (cap $90.00)	0.0324	0.1042	0.1341	0.1583	0.1801	0.1900	0.1991	0.2000	0.2061	0.2164	0.2324	0.2633	0.2967	0.3677	0.4066	0.4806	0.5108	0.5443	0.5681	0.5953	0.6659
100	100	100	300	1.00	direct	anytime	0.75	0.35	0.35	0.40	real effect	2000	neither_passes	639	0.31950000	0.01042640	264.159	$21.93-$22.98	$24.90-$26.10 (cap $90.00)	-0.0798	0.0644	0.1054	0.1423	0.1692	0.1877	0.2000	-0.0495	0.0651	0.1091	0.1369	0.1686	0.1870	0.1998	0.3354	0.4543	0.4895	0.5273	0.5600	0.5874	0.6741
100	100	100	300	1.00	direct	anytime	0.75	0.35	0.35	0.40	real effect	2000	both_pass	0	0.00000000	0.00000000	264.159	$21.93-$22.98	$24.90-$26.10 (cap $90.00)	NA	NA	NA	NA	NA	NA	NA	NA	NA	NA	NA	NA	NA	NA	NA	NA	NA	NA	NA	NA	NA
75	75	150	300	2.00	union	anytime	0.75	0.35	0.35	0.40	real effect	2000	fp_passes_fn_fails	556	0.27800000	0.01001788	295.476	$24.52-$25.71	$24.90-$26.10 (cap $90.00)	0.2000	0.2070	0.2206	0.2427	0.2702	0.3027	0.3819	-0.0821	0.0278	0.0674	0.1114	0.1503	0.1713	0.1995	0.5394	0.6000	0.6351	0.6628	0.6978	0.7281	0.7941
75	75	150	300	2.00	union	anytime	0.75	0.35	0.35	0.40	real effect	2000	fn_passes_fp_fails	26	0.01300000	0.00253288	295.476	$24.52-$25.71	$24.90-$26.10 (cap $90.00)	0.0679	0.1079	0.1443	0.1710	0.1905	0.1937	0.1979	0.2004	0.2046	0.2061	0.2185	0.2324	0.2535	0.2828	0.4368	0.5083	0.5652	0.6029	0.6209	0.6646	0.6712
75	75	150	300	2.00	union	anytime	0.75	0.35	0.35	0.40	real effect	2000	neither_passes	1297	0.64850000	0.01067585	295.476	$24.52-$25.71	$24.90-$26.10 (cap $90.00)	-0.1124	0.0406	0.0803	0.1270	0.1630	0.1832	0.1999	-0.1392	-0.0366	0.0113	0.0557	0.0995	0.1349	0.1988	0.3312	0.4819	0.5221	0.5642	0.6039	0.6390	0.7268
75	75	150	300	2.00	union	anytime	0.75	0.35	0.35	0.40	real effect	2000	both_pass	0	0.00000000	0.00000000	295.476	$24.52-$25.71	$24.90-$26.10 (cap $90.00)	NA	NA	NA	NA	NA	NA	NA	NA	NA	NA	NA	NA	NA	NA	NA	NA	NA	NA	NA	NA	NA
75	75	150	300	2.00	direct	anytime	0.75	0.35	0.35	0.40	real effect	2000	fp_passes_fn_fails	157	0.07850000	0.00601406	275.732	$22.89-$23.99	$24.90-$26.10 (cap $90.00)	0.2000	0.2059	0.2147	0.2326	0.2635	0.2809	0.3764	0.0643	0.1152	0.1412	0.1642	0.1841	0.1929	0.1998	0.5485	0.5989	0.6280	0.6553	0.6761	0.7130	0.7857
75	75	150	300	2.00	direct	anytime	0.75	0.35	0.35	0.40	real effect	2000	fn_passes_fp_fails	425	0.21250000	0.00914723	275.732	$22.89-$23.99	$24.90-$26.10 (cap $90.00)	-0.0128	0.0726	0.1091	0.1428	0.1706	0.1849	0.1996	0.2002	0.2062	0.2134	0.2302	0.2524	0.2849	0.3825	0.4303	0.5044	0.5362	0.5763	0.6142	0.6459	0.7268
75	75	150	300	2.00	direct	anytime	0.75	0.35	0.35	0.40	real effect	2000	neither_passes	842	0.42100000	0.01103990	275.732	$22.89-$23.99	$24.90-$26.10 (cap $90.00)	-0.1124	0.0245	0.0652	0.1138	0.1521	0.1752	0.1999	-0.0112	0.0755	0.1113	0.1468	0.1739	0.1890	0.2000	0.3312	0.4664	0.5100	0.5554	0.5951	0.6321	0.7150
75	75	150	300	2.00	direct	anytime	0.75	0.35	0.35	0.40	real effect	2000	both_pass	0	0.00000000	0.00000000	275.732	$22.89-$23.99	$24.90-$26.10 (cap $90.00)	NA	NA	NA	NA	NA	NA	NA	NA	NA	NA	NA	NA	NA	NA	NA	NA	NA	NA	NA	NA	NA
480	480	240	1200	0.50	union	anytime	0.75	0.35	0.35	0.40	real effect	2000	fp_passes_fn_fails	851	0.42550000	0.01105554	928.482	$77.06-$80.78	$99.60-$104.40 (cap $360.00)	0.2012	0.2448	0.2664	0.2904	0.3133	0.3337	0.3983	0.0357	0.1262	0.1483	0.1698	0.1840	0.1924	0.2000	0.3851	0.4353	0.4597	0.4837	0.5083	0.5307	0.5908
480	480	240	1200	0.50	union	anytime	0.75	0.35	0.35	0.40	real effect	2000	fn_passes_fp_fails	0	0.00000000	0.00000000	928.482	$77.06-$80.78	$99.60-$104.40 (cap $360.00)	NA	NA	NA	NA	NA	NA	NA	NA	NA	NA	NA	NA	NA	NA	NA	NA	NA	NA	NA	NA	NA
480	480	240	1200	0.50	union	anytime	0.75	0.35	0.35	0.40	real effect	2000	neither_passes	1	0.00050000	0.00049987	928.482	$77.06-$80.78	$99.60-$104.40 (cap $360.00)	0.1848	0.1848	0.1848	0.1848	0.1848	0.1848	0.1848	0.0922	0.0922	0.0922	0.0922	0.0922	0.0922	0.0922	0.3917	0.3917	0.3917	0.3917	0.3917	0.3917	0.3917
480	480	240	1200	0.50	union	anytime	0.75	0.35	0.35	0.40	real effect	2000	both_pass	0	0.00000000	0.00000000	928.482	$77.06-$80.78	$99.60-$104.40 (cap $360.00)	NA	NA	NA	NA	NA	NA	NA	NA	NA	NA	NA	NA	NA	NA	NA	NA	NA	NA	NA	NA	NA
480	480	240	1200	0.50	direct	anytime	0.75	0.35	0.35	0.40	real effect	2000	fp_passes_fn_fails	145	0.07250000	0.00579844	575.805	$47.79-$50.10	$99.60-$104.40 (cap $360.00)	0.2038	0.2350	0.2591	0.2816	0.3065	0.3231	0.3460	0.0762	0.1463	0.1631	0.1762	0.1914	0.1962	0.1998	0.3851	0.4308	0.4526	0.4789	0.4980	0.5213	0.5507
480	480	240	1200	0.50	direct	anytime	0.75	0.35	0.35	0.40	real effect	2000	fn_passes_fp_fails	0	0.00000000	0.00000000	575.805	$47.79-$50.10	$99.60-$104.40 (cap $360.00)	NA	NA	NA	NA	NA	NA	NA	NA	NA	NA	NA	NA	NA	NA	NA	NA	NA	NA	NA	NA	NA
480	480	240	1200	0.50	direct	anytime	0.75	0.35	0.35	0.40	real effect	2000	neither_passes	1	0.00050000	0.00049987	575.805	$47.79-$50.10	$99.60-$104.40 (cap $360.00)	0.1848	0.1848	0.1848	0.1848	0.1848	0.1848	0.1848	0.1716	0.1716	0.1716	0.1716	0.1716	0.1716	0.1716	0.3917	0.3917	0.3917	0.3917	0.3917	0.3917	0.3917
480	480	240	1200	0.50	direct	anytime	0.75	0.35	0.35	0.40	real effect	2000	both_pass	0	0.00000000	0.00000000	575.805	$47.79-$50.10	$99.60-$104.40 (cap $360.00)	NA	NA	NA	NA	NA	NA	NA	NA	NA	NA	NA	NA	NA	NA	NA	NA	NA	NA	NA	NA	NA
400	400	400	1200	1.00	union	anytime	0.75	0.35	0.35	0.40	real effect	2000	fp_passes_fn_fails	552	0.27600000	0.00999560	847.821	$70.37-$73.76	$99.60-$104.40 (cap $360.00)	0.2012	0.2311	0.2509	0.2729	0.2982	0.3208	0.3717	0.0886	0.1414	0.1597	0.1783	0.1900	0.1955	0.1997	0.3909	0.4381	0.4598	0.4826	0.5112	0.5319	0.5860
400	400	400	1200	1.00	union	anytime	0.75	0.35	0.35	0.40	real effect	2000	fn_passes_fp_fails	5	0.00250000	0.00111664	847.821	$70.37-$73.76	$99.60-$104.40 (cap $360.00)	0.1869	0.1898	0.1942	0.1945	0.1948	0.1955	0.1960	0.2007	0.2027	0.2056	0.2099	0.2276	0.2302	0.2320	0.3849	0.3855	0.3865	0.4032	0.4080	0.4123	0.4151
400	400	400	1200	1.00	union	anytime	0.75	0.35	0.35	0.40	real effect	2000	neither_passes	22	0.01100000	0.00233227	847.821	$70.37-$73.76	$99.60-$104.40 (cap $360.00)	0.1514	0.1576	0.1776	0.1912	0.1958	0.1973	0.1989	0.1211	0.1359	0.1525	0.1656	0.1838	0.1935	0.1985	0.3604	0.3763	0.3911	0.4032	0.4161	0.4345	0.4474
400	400	400	1200	1.00	union	anytime	0.75	0.35	0.35	0.40	real effect	2000	both_pass	0	0.00000000	0.00000000	847.821	$70.37-$73.76	$99.60-$104.40 (cap $360.00)	NA	NA	NA	NA	NA	NA	NA	NA	NA	NA	NA	NA	NA	NA	NA	NA	NA	NA	NA	NA	NA
400	400	400	1200	1.00	direct	anytime	0.75	0.35	0.35	0.40	real effect	2000	fp_passes_fn_fails	14	0.00700000	0.00186427	444.021	$36.85-$38.63	$99.60-$104.40 (cap $360.00)	0.2083	0.2229	0.2378	0.2549	0.2753	0.2872	0.3077	0.1740	0.1777	0.1841	0.1885	0.1939	0.1981	0.1992	0.4310	0.4367	0.4427	0.4563	0.4691	0.5023	0.5209
400	400	400	1200	1.00	direct	anytime	0.75	0.35	0.35	0.40	real effect	2000	fn_passes_fp_fails	26	0.01300000	0.00253288	444.021	$36.85-$38.63	$99.60-$104.40 (cap $360.00)	0.1514	0.1601	0.1786	0.1932	0.1955	0.1968	0.1989	0.2028	0.2147	0.2311	0.2494	0.2682	0.2873	0.3050	0.3604	0.3787	0.3893	0.4012	0.4148	0.4254	0.4384
400	400	400	1200	1.00	direct	anytime	0.75	0.35	0.35	0.40	real effect	2000	neither_passes	0	0.00000000	0.00000000	444.021	$36.85-$38.63	$99.60-$104.40 (cap $360.00)	NA	NA	NA	NA	NA	NA	NA	NA	NA	NA	NA	NA	NA	NA	NA	NA	NA	NA	NA	NA	NA
400	400	400	1200	1.00	direct	anytime	0.75	0.35	0.35	0.40	real effect	2000	both_pass	0	0.00000000	0.00000000	444.021	$36.85-$38.63	$99.60-$104.40 (cap $360.00)	NA	NA	NA	NA	NA	NA	NA	NA	NA	NA	NA	NA	NA	NA	NA	NA	NA	NA	NA	NA	NA
300	300	600	1200	2.00	union	anytime	0.75	0.35	0.35	0.40	real effect	2000	fp_passes_fn_fails	451	0.22550000	0.00934478	843.294	$69.99-$73.37	$99.60-$104.40 (cap $360.00)	0.2003	0.2182	0.2337	0.2591	0.2859	0.3051	0.3762	0.0985	0.1487	0.1653	0.1810	0.1913	0.1952	0.2000	0.4106	0.4523	0.4690	0.4953	0.5180	0.5406	0.6141
300	300	600	1200	2.00	union	anytime	0.75	0.35	0.35	0.40	real effect	2000	fn_passes_fp_fails	31	0.01550000	0.00276222	843.294	$69.99-$73.37	$99.60-$104.40 (cap $360.00)	0.1694	0.1764	0.1809	0.1878	0.1941	0.1967	0.1987	0.2001	0.2035	0.2077	0.2150	0.2344	0.2426	0.2689	0.4002	0.4074	0.4169	0.4337	0.4428	0.4536	0.4691
300	300	600	1200	2.00	union	anytime	0.75	0.35	0.35	0.40	real effect	2000	neither_passes	51	0.02550000	0.00352489	843.294	$69.99-$73.37	$99.60-$104.40 (cap $360.00)	0.1140	0.1580	0.1734	0.1876	0.1940	0.1976	0.1996	0.0897	0.1304	0.1495	0.1703	0.1851	0.1946	0.1990	0.3671	0.3888	0.4040	0.4267	0.4454	0.4535	0.4787
300	300	600	1200	2.00	union	anytime	0.75	0.35	0.35	0.40	real effect	2000	both_pass	0	0.00000000	0.00000000	843.294	$69.99-$73.37	$99.60-$104.40 (cap $360.00)	NA	NA	NA	NA	NA	NA	NA	NA	NA	NA	NA	NA	NA	NA	NA	NA	NA	NA	NA	NA	NA
300	300	600	1200	2.00	direct	anytime	0.75	0.35	0.35	0.40	real effect	2000	fp_passes_fn_fails	1	0.00050000	0.00049987	499.470	$41.46-$43.45	$99.60-$104.40 (cap $360.00)	0.2691	0.2691	0.2691	0.2691	0.2691	0.2691	0.2691	0.1906	0.1906	0.1906	0.1906	0.1906	0.1906	0.1906	0.5105	0.5105	0.5105	0.5105	0.5105	0.5105	0.5105
300	300	600	1200	2.00	direct	anytime	0.75	0.35	0.35	0.40	real effect	2000	fn_passes_fp_fails	73	0.03650000	0.00419331	499.470	$41.46-$43.45	$99.60-$104.40 (cap $360.00)	0.1140	0.1631	0.1773	0.1870	0.1927	0.1966	0.1990	0.2026	0.2263	0.2378	0.2725	0.2861	0.2958	0.3317	0.3671	0.3956	0.4110	0.4288	0.4429	0.4536	0.4787
300	300	600	1200	2.00	direct	anytime	0.75	0.35	0.35	0.40	real effect	2000	neither_passes	3	0.00150000	0.00086538	499.470	$41.46-$43.45	$99.60-$104.40 (cap $360.00)	0.1502	0.1560	0.1646	0.1789	0.1843	0.1875	0.1897	0.1822	0.1849	0.1889	0.1957	0.1971	0.1979	0.1985	0.3704	0.3835	0.4032	0.4361	0.4386	0.4402	0.4412
300	300	600	1200	2.00	direct	anytime	0.75	0.35	0.35	0.40	real effect	2000	both_pass	0	0.00000000	0.00000000	499.470	$41.46-$43.45	$99.60-$104.40 (cap $360.00)	NA	NA	NA	NA	NA	NA	NA	NA	NA	NA	NA	NA	NA	NA	NA	NA	NA	NA	NA	NA	NA
120	120	60	300	0.50	union	anytime	0.35	0.35	0.40	0.00	no-lift	2000	fp_passes_fn_fails	0	0.00000000	0.00000000	183.089	$15.20-$15.93	$24.90-$26.10 (cap $90.00)	NA	NA	NA	NA	NA	NA	NA	NA	NA	NA	NA	NA	NA	NA	NA	NA	NA	NA	NA	NA	NA
120	120	60	300	0.50	union	anytime	0.35	0.35	0.40	0.00	no-lift	2000	fn_passes_fp_fails	0	0.00000000	0.00000000	183.089	$15.20-$15.93	$24.90-$26.10 (cap $90.00)	NA	NA	NA	NA	NA	NA	NA	NA	NA	NA	NA	NA	NA	NA	NA	NA	NA	NA	NA	NA	NA
120	120	60	300	0.50	union	anytime	0.35	0.35	0.40	0.00	no-lift	2000	neither_passes	604	0.30200000	0.01026635	183.089	$15.20-$15.93	$24.90-$26.10 (cap $90.00)	-0.2243	-0.1677	-0.1452	-0.1224	-0.0946	-0.0649	0.0076	-0.5719	-0.4738	-0.4282	-0.3753	-0.3202	-0.2764	-0.1562	0.2003	0.2134	0.2249	0.2456	0.2732	0.3094	0.3914
120	120	60	300	0.50	union	anytime	0.35	0.35	0.40	0.00	no-lift	2000	both_pass	0	0.00000000	0.00000000	183.089	$15.20-$15.93	$24.90-$26.10 (cap $90.00)	NA	NA	NA	NA	NA	NA	NA	NA	NA	NA	NA	NA	NA	NA	NA	NA	NA	NA	NA	NA	NA
120	120	60	300	0.50	direct	anytime	0.35	0.35	0.40	0.00	no-lift	2000	fp_passes_fn_fails	0	0.00000000	0.00000000	183.089	$15.20-$15.93	$24.90-$26.10 (cap $90.00)	NA	NA	NA	NA	NA	NA	NA	NA	NA	NA	NA	NA	NA	NA	NA	NA	NA	NA	NA	NA	NA
120	120	60	300	0.50	direct	anytime	0.35	0.35	0.40	0.00	no-lift	2000	fn_passes_fp_fails	0	0.00000000	0.00000000	183.089	$15.20-$15.93	$24.90-$26.10 (cap $90.00)	NA	NA	NA	NA	NA	NA	NA	NA	NA	NA	NA	NA	NA	NA	NA	NA	NA	NA	NA	NA	NA
120	120	60	300	0.50	direct	anytime	0.35	0.35	0.40	0.00	no-lift	2000	neither_passes	604	0.30200000	0.01026635	183.089	$15.20-$15.93	$24.90-$26.10 (cap $90.00)	-0.2243	-0.1677	-0.1452	-0.1224	-0.0946	-0.0649	0.0076	-0.5621	-0.3935	-0.3434	-0.2809	-0.2244	-0.1698	-0.0329	0.2003	0.2134	0.2249	0.2456	0.2732	0.3094	0.3914
120	120	60	300	0.50	direct	anytime	0.35	0.35	0.40	0.00	no-lift	2000	both_pass	0	0.00000000	0.00000000	183.089	$15.20-$15.93	$24.90-$26.10 (cap $90.00)	NA	NA	NA	NA	NA	NA	NA	NA	NA	NA	NA	NA	NA	NA	NA	NA	NA	NA	NA	NA	NA
100	100	100	300	1.00	union	anytime	0.35	0.35	0.40	0.00	no-lift	2000	fp_passes_fn_fails	0	0.00000000	0.00000000	202.052	$16.77-$17.58	$24.90-$26.10 (cap $90.00)	NA	NA	NA	NA	NA	NA	NA	NA	NA	NA	NA	NA	NA	NA	NA	NA	NA	NA	NA	NA	NA
100	100	100	300	1.00	union	anytime	0.35	0.35	0.40	0.00	no-lift	2000	fn_passes_fp_fails	0	0.00000000	0.00000000	202.052	$16.77-$17.58	$24.90-$26.10 (cap $90.00)	NA	NA	NA	NA	NA	NA	NA	NA	NA	NA	NA	NA	NA	NA	NA	NA	NA	NA	NA	NA	NA
100	100	100	300	1.00	union	anytime	0.35	0.35	0.40	0.00	no-lift	2000	neither_passes	782	0.39100000	0.01091144	202.052	$16.77-$17.58	$24.90-$26.10 (cap $90.00)	-0.2558	-0.1968	-0.1739	-0.1401	-0.1072	-0.0741	0.0418	-0.5513	-0.4288	-0.3861	-0.3417	-0.2940	-0.2500	-0.0990	0.2004	0.2143	0.2287	0.2570	0.2883	0.3238	0.4399
100	100	100	300	1.00	union	anytime	0.35	0.35	0.40	0.00	no-lift	2000	both_pass	0	0.00000000	0.00000000	202.052	$16.77-$17.58	$24.90-$26.10 (cap $90.00)	NA	NA	NA	NA	NA	NA	NA	NA	NA	NA	NA	NA	NA	NA	NA	NA	NA	NA	NA	NA	NA
100	100	100	300	1.00	direct	anytime	0.35	0.35	0.40	0.00	no-lift	2000	fp_passes_fn_fails	0	0.00000000	0.00000000	202.052	$16.77-$17.58	$24.90-$26.10 (cap $90.00)	NA	NA	NA	NA	NA	NA	NA	NA	NA	NA	NA	NA	NA	NA	NA	NA	NA	NA	NA	NA	NA
100	100	100	300	1.00	direct	anytime	0.35	0.35	0.40	0.00	no-lift	2000	fn_passes_fp_fails	0	0.00000000	0.00000000	202.052	$16.77-$17.58	$24.90-$26.10 (cap $90.00)	NA	NA	NA	NA	NA	NA	NA	NA	NA	NA	NA	NA	NA	NA	NA	NA	NA	NA	NA	NA	NA
100	100	100	300	1.00	direct	anytime	0.35	0.35	0.40	0.00	no-lift	2000	neither_passes	782	0.39100000	0.01091144	202.052	$16.77-$17.58	$24.90-$26.10 (cap $90.00)	-0.2558	-0.1968	-0.1739	-0.1401	-0.1072	-0.0741	0.0418	-0.4236	-0.3172	-0.2689	-0.2229	-0.1811	-0.1361	0.0057	0.2004	0.2143	0.2287	0.2570	0.2883	0.3238	0.4399
100	100	100	300	1.00	direct	anytime	0.35	0.35	0.40	0.00	no-lift	2000	both_pass	0	0.00000000	0.00000000	202.052	$16.77-$17.58	$24.90-$26.10 (cap $90.00)	NA	NA	NA	NA	NA	NA	NA	NA	NA	NA	NA	NA	NA	NA	NA	NA	NA	NA	NA	NA	NA
75	75	150	300	2.00	union	anytime	0.35	0.35	0.40	0.00	no-lift	2000	fp_passes_fn_fails	0	0.00000000	0.00000000	224.650	$18.65-$19.54	$24.90-$26.10 (cap $90.00)	NA	NA	NA	NA	NA	NA	NA	NA	NA	NA	NA	NA	NA	NA	NA	NA	NA	NA	NA	NA	NA
75	75	150	300	2.00	union	anytime	0.35	0.35	0.40	0.00	no-lift	2000	fn_passes_fp_fails	0	0.00000000	0.00000000	224.650	$18.65-$19.54	$24.90-$26.10 (cap $90.00)	NA	NA	NA	NA	NA	NA	NA	NA	NA	NA	NA	NA	NA	NA	NA	NA	NA	NA	NA	NA	NA
75	75	150	300	2.00	union	anytime	0.35	0.35	0.40	0.00	no-lift	2000	neither_passes	1003	0.50150000	0.01118029	224.650	$18.65-$19.54	$24.90-$26.10 (cap $90.00)	-0.3298	-0.2420	-0.2104	-0.1775	-0.1382	-0.0994	0.0762	-0.5635	-0.4199	-0.3782	-0.3383	-0.2942	-0.2511	-0.1214	0.2006	0.2223	0.2401	0.2712	0.3104	0.3559	0.5034
75	75	150	300	2.00	union	anytime	0.35	0.35	0.40	0.00	no-lift	2000	both_pass	0	0.00000000	0.00000000	224.650	$18.65-$19.54	$24.90-$26.10 (cap $90.00)	NA	NA	NA	NA	NA	NA	NA	NA	NA	NA	NA	NA	NA	NA	NA	NA	NA	NA	NA	NA	NA
75	75	150	300	2.00	direct	anytime	0.35	0.35	0.40	0.00	no-lift	2000	fp_passes_fn_fails	0	0.00000000	0.00000000	224.650	$18.65-$19.54	$24.90-$26.10 (cap $90.00)	NA	NA	NA	NA	NA	NA	NA	NA	NA	NA	NA	NA	NA	NA	NA	NA	NA	NA	NA	NA	NA
75	75	150	300	2.00	direct	anytime	0.35	0.35	0.40	0.00	no-lift	2000	fn_passes_fp_fails	0	0.00000000	0.00000000	224.650	$18.65-$19.54	$24.90-$26.10 (cap $90.00)	NA	NA	NA	NA	NA	NA	NA	NA	NA	NA	NA	NA	NA	NA	NA	NA	NA	NA	NA	NA	NA
75	75	150	300	2.00	direct	anytime	0.35	0.35	0.40	0.00	no-lift	2000	neither_passes	1003	0.50150000	0.01118029	224.650	$18.65-$19.54	$24.90-$26.10 (cap $90.00)	-0.3298	-0.2420	-0.2104	-0.1775	-0.1382	-0.0994	0.0762	-0.3995	-0.2981	-0.2585	-0.2200	-0.1800	-0.1378	-0.0041	0.2006	0.2223	0.2401	0.2712	0.3104	0.3559	0.5034
75	75	150	300	2.00	direct	anytime	0.35	0.35	0.40	0.00	no-lift	2000	both_pass	0	0.00000000	0.00000000	224.650	$18.65-$19.54	$24.90-$26.10 (cap $90.00)	NA	NA	NA	NA	NA	NA	NA	NA	NA	NA	NA	NA	NA	NA	NA	NA	NA	NA	NA	NA	NA
480	480	240	1200	0.50	union	anytime	0.35	0.35	0.40	0.00	no-lift	2000	fp_passes_fn_fails	0	0.00000000	0.00000000	252.984	$21.00-$22.01	$99.60-$104.40 (cap $360.00)	NA	NA	NA	NA	NA	NA	NA	NA	NA	NA	NA	NA	NA	NA	NA	NA	NA	NA	NA	NA	NA
480	480	240	1200	0.50	union	anytime	0.35	0.35	0.40	0.00	no-lift	2000	fn_passes_fp_fails	0	0.00000000	0.00000000	252.984	$21.00-$22.01	$99.60-$104.40 (cap $360.00)	NA	NA	NA	NA	NA	NA	NA	NA	NA	NA	NA	NA	NA	NA	NA	NA	NA	NA	NA	NA	NA
480	480	240	1200	0.50	union	anytime	0.35	0.35	0.40	0.00	no-lift	2000	neither_passes	8	0.00400000	0.00141138	252.984	$21.00-$22.01	$99.60-$104.40 (cap $360.00)	-0.0295	-0.0264	-0.0146	-0.0040	0.0017	0.0071	0.0132	-0.2878	-0.2740	-0.2586	-0.2333	-0.2013	-0.1879	-0.1696	0.2028	0.2047	0.2065	0.2109	0.2158	0.2215	0.2275
480	480	240	1200	0.50	union	anytime	0.35	0.35	0.40	0.00	no-lift	2000	both_pass	0	0.00000000	0.00000000	252.984	$21.00-$22.01	$99.60-$104.40 (cap $360.00)	NA	NA	NA	NA	NA	NA	NA	NA	NA	NA	NA	NA	NA	NA	NA	NA	NA	NA	NA	NA	NA
480	480	240	1200	0.50	direct	anytime	0.35	0.35	0.40	0.00	no-lift	2000	fp_passes_fn_fails	0	0.00000000	0.00000000	252.984	$21.00-$22.01	$99.60-$104.40 (cap $360.00)	NA	NA	NA	NA	NA	NA	NA	NA	NA	NA	NA	NA	NA	NA	NA	NA	NA	NA	NA	NA	NA
480	480	240	1200	0.50	direct	anytime	0.35	0.35	0.40	0.00	no-lift	2000	fn_passes_fp_fails	0	0.00000000	0.00000000	252.984	$21.00-$22.01	$99.60-$104.40 (cap $360.00)	NA	NA	NA	NA	NA	NA	NA	NA	NA	NA	NA	NA	NA	NA	NA	NA	NA	NA	NA	NA	NA
480	480	240	1200	0.50	direct	anytime	0.35	0.35	0.40	0.00	no-lift	2000	neither_passes	8	0.00400000	0.00141138	252.984	$21.00-$22.01	$99.60-$104.40 (cap $360.00)	-0.0295	-0.0264	-0.0146	-0.0040	0.0017	0.0071	0.0132	-0.2280	-0.2225	-0.2094	-0.1545	-0.1512	-0.1432	-0.1383	0.2028	0.2047	0.2065	0.2109	0.2158	0.2215	0.2275
480	480	240	1200	0.50	direct	anytime	0.35	0.35	0.40	0.00	no-lift	2000	both_pass	0	0.00000000	0.00000000	252.984	$21.00-$22.01	$99.60-$104.40 (cap $360.00)	NA	NA	NA	NA	NA	NA	NA	NA	NA	NA	NA	NA	NA	NA	NA	NA	NA	NA	NA	NA	NA
400	400	400	1200	1.00	union	anytime	0.35	0.35	0.40	0.00	no-lift	2000	fp_passes_fn_fails	0	0.00000000	0.00000000	298.354	$24.76-$25.96	$99.60-$104.40 (cap $360.00)	NA	NA	NA	NA	NA	NA	NA	NA	NA	NA	NA	NA	NA	NA	NA	NA	NA	NA	NA	NA	NA
400	400	400	1200	1.00	union	anytime	0.35	0.35	0.40	0.00	no-lift	2000	fn_passes_fp_fails	0	0.00000000	0.00000000	298.354	$24.76-$25.96	$99.60-$104.40 (cap $360.00)	NA	NA	NA	NA	NA	NA	NA	NA	NA	NA	NA	NA	NA	NA	NA	NA	NA	NA	NA	NA	NA
400	400	400	1200	1.00	union	anytime	0.35	0.35	0.40	0.00	no-lift	2000	neither_passes	26	0.01300000	0.00253288	298.354	$24.76-$25.96	$99.60-$104.40 (cap $360.00)	-0.0407	-0.0327	-0.0243	-0.0122	-0.0012	0.0037	0.0177	-0.2681	-0.2188	-0.2030	-0.1764	-0.1675	-0.1525	-0.1232	0.2006	0.2031	0.2072	0.2108	0.2183	0.2369	0.2492
400	400	400	1200	1.00	union	anytime	0.35	0.35	0.40	0.00	no-lift	2000	both_pass	0	0.00000000	0.00000000	298.354	$24.76-$25.96	$99.60-$104.40 (cap $360.00)	NA	NA	NA	NA	NA	NA	NA	NA	NA	NA	NA	NA	NA	NA	NA	NA	NA	NA	NA	NA	NA
400	400	400	1200	1.00	direct	anytime	0.35	0.35	0.40	0.00	no-lift	2000	fp_passes_fn_fails	0	0.00000000	0.00000000	298.354	$24.76-$25.96	$99.60-$104.40 (cap $360.00)	NA	NA	NA	NA	NA	NA	NA	NA	NA	NA	NA	NA	NA	NA	NA	NA	NA	NA	NA	NA	NA
400	400	400	1200	1.00	direct	anytime	0.35	0.35	0.40	0.00	no-lift	2000	fn_passes_fp_fails	0	0.00000000	0.00000000	298.354	$24.76-$25.96	$99.60-$104.40 (cap $360.00)	NA	NA	NA	NA	NA	NA	NA	NA	NA	NA	NA	NA	NA	NA	NA	NA	NA	NA	NA	NA	NA
400	400	400	1200	1.00	direct	anytime	0.35	0.35	0.40	0.00	no-lift	2000	neither_passes	26	0.01300000	0.00253288	298.354	$24.76-$25.96	$99.60-$104.40 (cap $360.00)	-0.0407	-0.0327	-0.0243	-0.0122	-0.0012	0.0037	0.0177	-0.1925	-0.1486	-0.1312	-0.1136	-0.0950	-0.0804	-0.0458	0.2006	0.2031	0.2072	0.2108	0.2183	0.2369	0.2492
400	400	400	1200	1.00	direct	anytime	0.35	0.35	0.40	0.00	no-lift	2000	both_pass	0	0.00000000	0.00000000	298.354	$24.76-$25.96	$99.60-$104.40 (cap $360.00)	NA	NA	NA	NA	NA	NA	NA	NA	NA	NA	NA	NA	NA	NA	NA	NA	NA	NA	NA	NA	NA
300	300	600	1200	2.00	union	anytime	0.35	0.35	0.40	0.00	no-lift	2000	fp_passes_fn_fails	0	0.00000000	0.00000000	391.300	$32.48-$34.04	$99.60-$104.40 (cap $360.00)	NA	NA	NA	NA	NA	NA	NA	NA	NA	NA	NA	NA	NA	NA	NA	NA	NA	NA	NA	NA	NA
300	300	600	1200	2.00	union	anytime	0.35	0.35	0.40	0.00	no-lift	2000	fn_passes_fp_fails	0	0.00000000	0.00000000	391.300	$32.48-$34.04	$99.60-$104.40 (cap $360.00)	NA	NA	NA	NA	NA	NA	NA	NA	NA	NA	NA	NA	NA	NA	NA	NA	NA	NA	NA	NA	NA
300	300	600	1200	2.00	union	anytime	0.35	0.35	0.40	0.00	no-lift	2000	neither_passes	90	0.04500000	0.00463546	391.300	$32.48-$34.04	$99.60-$104.40 (cap $360.00)	-0.0916	-0.0646	-0.0546	-0.0411	-0.0204	0.0009	0.0239	-0.2864	-0.2262	-0.2109	-0.1858	-0.1590	-0.1446	-0.0870	0.2000	0.2034	0.2082	0.2157	0.2287	0.2569	0.2856
300	300	600	1200	2.00	union	anytime	0.35	0.35	0.40	0.00	no-lift	2000	both_pass	0	0.00000000	0.00000000	391.300	$32.48-$34.04	$99.60-$104.40 (cap $360.00)	NA	NA	NA	NA	NA	NA	NA	NA	NA	NA	NA	NA	NA	NA	NA	NA	NA	NA	NA	NA	NA
300	300	600	1200	2.00	direct	anytime	0.35	0.35	0.40	0.00	no-lift	2000	fp_passes_fn_fails	0	0.00000000	0.00000000	391.300	$32.48-$34.04	$99.60-$104.40 (cap $360.00)	NA	NA	NA	NA	NA	NA	NA	NA	NA	NA	NA	NA	NA	NA	NA	NA	NA	NA	NA	NA	NA
300	300	600	1200	2.00	direct	anytime	0.35	0.35	0.40	0.00	no-lift	2000	fn_passes_fp_fails	0	0.00000000	0.00000000	391.300	$32.48-$34.04	$99.60-$104.40 (cap $360.00)	NA	NA	NA	NA	NA	NA	NA	NA	NA	NA	NA	NA	NA	NA	NA	NA	NA	NA	NA	NA	NA
300	300	600	1200	2.00	direct	anytime	0.35	0.35	0.40	0.00	no-lift	2000	neither_passes	90	0.04500000	0.00463546	391.300	$32.48-$34.04	$99.60-$104.40 (cap $360.00)	-0.0916	-0.0646	-0.0546	-0.0411	-0.0204	0.0009	0.0239	-0.2088	-0.1525	-0.1391	-0.1113	-0.0913	-0.0695	-0.0389	0.2000	0.2034	0.2082	0.2157	0.2287	0.2569	0.2856
300	300	600	1200	2.00	direct	anytime	0.35	0.35	0.40	0.00	no-lift	2000	both_pass	0	0.00000000	0.00000000	391.300	$32.48-$34.04	$99.60-$104.40 (cap $360.00)	NA	NA	NA	NA	NA	NA	NA	NA	NA	NA	NA	NA	NA	NA	NA	NA	NA	NA	NA	NA	NA
120	120	60	300	0.50	union	anytime	0.45	0.35	0.40	0.10	no-lift	2000	fp_passes_fn_fails	0	0.00000000	0.00000000	262.353	$21.78-$22.82	$24.90-$26.10 (cap $90.00)	NA	NA	NA	NA	NA	NA	NA	NA	NA	NA	NA	NA	NA	NA	NA	NA	NA	NA	NA	NA	NA
120	120	60	300	0.50	union	anytime	0.45	0.35	0.40	0.10	no-lift	2000	fn_passes_fp_fails	0	0.00000000	0.00000000	262.353	$21.78-$22.82	$24.90-$26.10 (cap $90.00)	NA	NA	NA	NA	NA	NA	NA	NA	NA	NA	NA	NA	NA	NA	NA	NA	NA	NA	NA	NA	NA
120	120	60	300	0.50	union	anytime	0.45	0.35	0.40	0.10	no-lift	2000	neither_passes	1545	0.77250000	0.00937400	262.353	$21.78-$22.82	$24.90-$26.10 (cap $90.00)	-0.2242	-0.1444	-0.1166	-0.0780	-0.0398	0.0017	0.1348	-0.6149	-0.4232	-0.3626	-0.3053	-0.2488	-0.1979	-0.0344	0.2030	0.2304	0.2535	0.2921	0.3337	0.3754	0.5551
120	120	60	300	0.50	union	anytime	0.45	0.35	0.40	0.10	no-lift	2000	both_pass	0	0.00000000	0.00000000	262.353	$21.78-$22.82	$24.90-$26.10 (cap $90.00)	NA	NA	NA	NA	NA	NA	NA	NA	NA	NA	NA	NA	NA	NA	NA	NA	NA	NA	NA	NA	NA
120	120	60	300	0.50	direct	anytime	0.45	0.35	0.40	0.10	no-lift	2000	fp_passes_fn_fails	0	0.00000000	0.00000000	262.353	$21.78-$22.82	$24.90-$26.10 (cap $90.00)	NA	NA	NA	NA	NA	NA	NA	NA	NA	NA	NA	NA	NA	NA	NA	NA	NA	NA	NA	NA	NA
120	120	60	300	0.50	direct	anytime	0.45	0.35	0.40	0.10	no-lift	2000	fn_passes_fp_fails	0	0.00000000	0.00000000	262.353	$21.78-$22.82	$24.90-$26.10 (cap $90.00)	NA	NA	NA	NA	NA	NA	NA	NA	NA	NA	NA	NA	NA	NA	NA	NA	NA	NA	NA	NA	NA
120	120	60	300	0.50	direct	anytime	0.45	0.35	0.40	0.10	no-lift	2000	neither_passes	1545	0.77250000	0.00937400	262.353	$21.78-$22.82	$24.90-$26.10 (cap $90.00)	-0.2242	-0.1444	-0.1166	-0.0780	-0.0398	0.0017	0.1348	-0.5539	-0.3352	-0.2772	-0.2147	-0.1491	-0.0867	0.1051	0.2030	0.2304	0.2535	0.2921	0.3337	0.3754	0.5551
120	120	60	300	0.50	direct	anytime	0.45	0.35	0.40	0.10	no-lift	2000	both_pass	0	0.00000000	0.00000000	262.353	$21.78-$22.82	$24.90-$26.10 (cap $90.00)	NA	NA	NA	NA	NA	NA	NA	NA	NA	NA	NA	NA	NA	NA	NA	NA	NA	NA	NA	NA	NA
100	100	100	300	1.00	union	anytime	0.45	0.35	0.40	0.10	no-lift	2000	fp_passes_fn_fails	0	0.00000000	0.00000000	267.599	$22.21-$23.28	$24.90-$26.10 (cap $90.00)	NA	NA	NA	NA	NA	NA	NA	NA	NA	NA	NA	NA	NA	NA	NA	NA	NA	NA	NA	NA	NA
100	100	100	300	1.00	union	anytime	0.45	0.35	0.40	0.10	no-lift	2000	fn_passes_fp_fails	0	0.00000000	0.00000000	267.599	$22.21-$23.28	$24.90-$26.10 (cap $90.00)	NA	NA	NA	NA	NA	NA	NA	NA	NA	NA	NA	NA	NA	NA	NA	NA	NA	NA	NA	NA	NA
100	100	100	300	1.00	union	anytime	0.45	0.35	0.40	0.10	no-lift	2000	neither_passes	1611	0.80550000	0.00885070	267.599	$22.21-$23.28	$24.90-$26.10 (cap $90.00)	-0.2460	-0.1727	-0.1396	-0.0979	-0.0540	-0.0142	0.1395	-0.4743	-0.3745	-0.3319	-0.2788	-0.2279	-0.1814	-0.0198	0.2002	0.2356	0.2640	0.3043	0.3492	0.3912	0.6148
100	100	100	300	1.00	union	anytime	0.45	0.35	0.40	0.10	no-lift	2000	both_pass	0	0.00000000	0.00000000	267.599	$22.21-$23.28	$24.90-$26.10 (cap $90.00)	NA	NA	NA	NA	NA	NA	NA	NA	NA	NA	NA	NA	NA	NA	NA	NA	NA	NA	NA	NA	NA
100	100	100	300	1.00	direct	anytime	0.45	0.35	0.40	0.10	no-lift	2000	fp_passes_fn_fails	0	0.00000000	0.00000000	267.599	$22.21-$23.28	$24.90-$26.10 (cap $90.00)	NA	NA	NA	NA	NA	NA	NA	NA	NA	NA	NA	NA	NA	NA	NA	NA	NA	NA	NA	NA	NA
100	100	100	300	1.00	direct	anytime	0.45	0.35	0.40	0.10	no-lift	2000	fn_passes_fp_fails	0	0.00000000	0.00000000	267.599	$22.21-$23.28	$24.90-$26.10 (cap $90.00)	NA	NA	NA	NA	NA	NA	NA	NA	NA	NA	NA	NA	NA	NA	NA	NA	NA	NA	NA	NA	NA
100	100	100	300	1.00	direct	anytime	0.45	0.35	0.40	0.10	no-lift	2000	neither_passes	1611	0.80550000	0.00885070	267.599	$22.21-$23.28	$24.90-$26.10 (cap $90.00)	-0.2460	-0.1727	-0.1396	-0.0979	-0.0540	-0.0142	0.1395	-0.3725	-0.2513	-0.2074	-0.1596	-0.1060	-0.0612	0.1008	0.2002	0.2356	0.2640	0.3043	0.3492	0.3912	0.6148
100	100	100	300	1.00	direct	anytime	0.45	0.35	0.40	0.10	no-lift	2000	both_pass	0	0.00000000	0.00000000	267.599	$22.21-$23.28	$24.90-$26.10 (cap $90.00)	NA	NA	NA	NA	NA	NA	NA	NA	NA	NA	NA	NA	NA	NA	NA	NA	NA	NA	NA	NA	NA
75	75	150	300	2.00	union	anytime	0.45	0.35	0.40	0.10	no-lift	2000	fp_passes_fn_fails	0	0.00000000	0.00000000	276.416	$22.94-$24.05	$24.90-$26.10 (cap $90.00)	NA	NA	NA	NA	NA	NA	NA	NA	NA	NA	NA	NA	NA	NA	NA	NA	NA	NA	NA	NA	NA
75	75	150	300	2.00	union	anytime	0.45	0.35	0.40	0.10	no-lift	2000	fn_passes_fp_fails	0	0.00000000	0.00000000	276.416	$22.94-$24.05	$24.90-$26.10 (cap $90.00)	NA	NA	NA	NA	NA	NA	NA	NA	NA	NA	NA	NA	NA	NA	NA	NA	NA	NA	NA	NA	NA
75	75	150	300	2.00	union	anytime	0.45	0.35	0.40	0.10	no-lift	2000	neither_passes	1691	0.84550000	0.00808176	276.416	$22.94-$24.05	$24.90-$26.10 (cap $90.00)	-0.3013	-0.2235	-0.1846	-0.1345	-0.0748	-0.0260	0.1800	-0.4834	-0.3609	-0.3226	-0.2764	-0.2248	-0.1765	0.0030	0.2001	0.2416	0.2738	0.3238	0.3833	0.4363	0.6424
75	75	150	300	2.00	union	anytime	0.45	0.35	0.40	0.10	no-lift	2000	both_pass	0	0.00000000	0.00000000	276.416	$22.94-$24.05	$24.90-$26.10 (cap $90.00)	NA	NA	NA	NA	NA	NA	NA	NA	NA	NA	NA	NA	NA	NA	NA	NA	NA	NA	NA	NA	NA
75	75	150	300	2.00	direct	anytime	0.45	0.35	0.40	0.10	no-lift	2000	fp_passes_fn_fails	0	0.00000000	0.00000000	276.416	$22.94-$24.05	$24.90-$26.10 (cap $90.00)	NA	NA	NA	NA	NA	NA	NA	NA	NA	NA	NA	NA	NA	NA	NA	NA	NA	NA	NA	NA	NA
75	75	150	300	2.00	direct	anytime	0.45	0.35	0.40	0.10	no-lift	2000	fn_passes_fp_fails	0	0.00000000	0.00000000	276.416	$22.94-$24.05	$24.90-$26.10 (cap $90.00)	NA	NA	NA	NA	NA	NA	NA	NA	NA	NA	NA	NA	NA	NA	NA	NA	NA	NA	NA	NA	NA
75	75	150	300	2.00	direct	anytime	0.45	0.35	0.40	0.10	no-lift	2000	neither_passes	1691	0.84550000	0.00808176	276.416	$22.94-$24.05	$24.90-$26.10 (cap $90.00)	-0.3013	-0.2235	-0.1846	-0.1345	-0.0748	-0.0260	0.1800	-0.3514	-0.2352	-0.1963	-0.1530	-0.1072	-0.0592	0.0962	0.2001	0.2416	0.2738	0.3238	0.3833	0.4363	0.6424
75	75	150	300	2.00	direct	anytime	0.45	0.35	0.40	0.10	no-lift	2000	both_pass	0	0.00000000	0.00000000	276.416	$22.94-$24.05	$24.90-$26.10 (cap $90.00)	NA	NA	NA	NA	NA	NA	NA	NA	NA	NA	NA	NA	NA	NA	NA	NA	NA	NA	NA	NA	NA
480	480	240	1200	0.50	union	anytime	0.45	0.35	0.40	0.10	no-lift	2000	fp_passes_fn_fails	0	0.00000000	0.00000000	812.452	$67.43-$70.68	$99.60-$104.40 (cap $360.00)	NA	NA	NA	NA	NA	NA	NA	NA	NA	NA	NA	NA	NA	NA	NA	NA	NA	NA	NA	NA	NA
480	480	240	1200	0.50	union	anytime	0.45	0.35	0.40	0.10	no-lift	2000	fn_passes_fp_fails	0	0.00000000	0.00000000	812.452	$67.43-$70.68	$99.60-$104.40 (cap $360.00)	NA	NA	NA	NA	NA	NA	NA	NA	NA	NA	NA	NA	NA	NA	NA	NA	NA	NA	NA	NA	NA
480	480	240	1200	0.50	union	anytime	0.45	0.35	0.40	0.10	no-lift	2000	neither_passes	906	0.45300000	0.01113084	812.452	$67.43-$70.68	$99.60-$104.40 (cap $360.00)	-0.0333	-0.0072	0.0043	0.0199	0.0387	0.0565	0.1199	-0.2930	-0.2008	-0.1705	-0.1391	-0.1067	-0.0783	-0.0001	0.2002	0.2076	0.2163	0.2305	0.2487	0.2709	0.3345
480	480	240	1200	0.50	union	anytime	0.45	0.35	0.40	0.10	no-lift	2000	both_pass	0	0.00000000	0.00000000	812.452	$67.43-$70.68	$99.60-$104.40 (cap $360.00)	NA	NA	NA	NA	NA	NA	NA	NA	NA	NA	NA	NA	NA	NA	NA	NA	NA	NA	NA	NA	NA
480	480	240	1200	0.50	direct	anytime	0.45	0.35	0.40	0.10	no-lift	2000	fp_passes_fn_fails	0	0.00000000	0.00000000	812.452	$67.43-$70.68	$99.60-$104.40 (cap $360.00)	NA	NA	NA	NA	NA	NA	NA	NA	NA	NA	NA	NA	NA	NA	NA	NA	NA	NA	NA	NA	NA
480	480	240	1200	0.50	direct	anytime	0.45	0.35	0.40	0.10	no-lift	2000	fn_passes_fp_fails	0	0.00000000	0.00000000	812.452	$67.43-$70.68	$99.60-$104.40 (cap $360.00)	NA	NA	NA	NA	NA	NA	NA	NA	NA	NA	NA	NA	NA	NA	NA	NA	NA	NA	NA	NA	NA
480	480	240	1200	0.50	direct	anytime	0.45	0.35	0.40	0.10	no-lift	2000	neither_passes	906	0.45300000	0.01113084	812.452	$67.43-$70.68	$99.60-$104.40 (cap $360.00)	-0.0333	-0.0072	0.0043	0.0199	0.0387	0.0565	0.1199	-0.2448	-0.1519	-0.1167	-0.0824	-0.0428	-0.0116	0.0730	0.2002	0.2076	0.2163	0.2305	0.2487	0.2709	0.3345
480	480	240	1200	0.50	direct	anytime	0.45	0.35	0.40	0.10	no-lift	2000	both_pass	0	0.00000000	0.00000000	812.452	$67.43-$70.68	$99.60-$104.40 (cap $360.00)	NA	NA	NA	NA	NA	NA	NA	NA	NA	NA	NA	NA	NA	NA	NA	NA	NA	NA	NA	NA	NA
400	400	400	1200	1.00	union	anytime	0.45	0.35	0.40	0.10	no-lift	2000	fp_passes_fn_fails	0	0.00000000	0.00000000	877.109	$72.80-$76.31	$99.60-$104.40 (cap $360.00)	NA	NA	NA	NA	NA	NA	NA	NA	NA	NA	NA	NA	NA	NA	NA	NA	NA	NA	NA	NA	NA
400	400	400	1200	1.00	union	anytime	0.45	0.35	0.40	0.10	no-lift	2000	fn_passes_fp_fails	0	0.00000000	0.00000000	877.109	$72.80-$76.31	$99.60-$104.40 (cap $360.00)	NA	NA	NA	NA	NA	NA	NA	NA	NA	NA	NA	NA	NA	NA	NA	NA	NA	NA	NA	NA	NA
400	400	400	1200	1.00	union	anytime	0.45	0.35	0.40	0.10	no-lift	2000	neither_passes	1059	0.52950000	0.01116086	877.109	$72.80-$76.31	$99.60-$104.40 (cap $360.00)	-0.0555	-0.0191	-0.0071	0.0102	0.0318	0.0513	0.1274	-0.2783	-0.1839	-0.1558	-0.1274	-0.0983	-0.0731	-0.0016	0.2007	0.2090	0.2178	0.2346	0.2569	0.2797	0.3720
400	400	400	1200	1.00	union	anytime	0.45	0.35	0.40	0.10	no-lift	2000	both_pass	0	0.00000000	0.00000000	877.109	$72.80-$76.31	$99.60-$104.40 (cap $360.00)	NA	NA	NA	NA	NA	NA	NA	NA	NA	NA	NA	NA	NA	NA	NA	NA	NA	NA	NA	NA	NA
400	400	400	1200	1.00	direct	anytime	0.45	0.35	0.40	0.10	no-lift	2000	fp_passes_fn_fails	0	0.00000000	0.00000000	877.109	$72.80-$76.31	$99.60-$104.40 (cap $360.00)	NA	NA	NA	NA	NA	NA	NA	NA	NA	NA	NA	NA	NA	NA	NA	NA	NA	NA	NA	NA	NA
400	400	400	1200	1.00	direct	anytime	0.45	0.35	0.40	0.10	no-lift	2000	fn_passes_fp_fails	0	0.00000000	0.00000000	877.109	$72.80-$76.31	$99.60-$104.40 (cap $360.00)	NA	NA	NA	NA	NA	NA	NA	NA	NA	NA	NA	NA	NA	NA	NA	NA	NA	NA	NA	NA	NA
400	400	400	1200	1.00	direct	anytime	0.45	0.35	0.40	0.10	no-lift	2000	neither_passes	1059	0.52950000	0.01116086	877.109	$72.80-$76.31	$99.60-$104.40 (cap $360.00)	-0.0555	-0.0191	-0.0071	0.0102	0.0318	0.0513	0.1274	-0.1956	-0.1095	-0.0813	-0.0540	-0.0263	-0.0027	0.0629	0.2007	0.2090	0.2178	0.2346	0.2569	0.2797	0.3720
400	400	400	1200	1.00	direct	anytime	0.45	0.35	0.40	0.10	no-lift	2000	both_pass	0	0.00000000	0.00000000	877.109	$72.80-$76.31	$99.60-$104.40 (cap $360.00)	NA	NA	NA	NA	NA	NA	NA	NA	NA	NA	NA	NA	NA	NA	NA	NA	NA	NA	NA	NA	NA
300	300	600	1200	2.00	union	anytime	0.45	0.35	0.40	0.10	no-lift	2000	fp_passes_fn_fails	0	0.00000000	0.00000000	922.716	$76.59-$80.28	$99.60-$104.40 (cap $360.00)	NA	NA	NA	NA	NA	NA	NA	NA	NA	NA	NA	NA	NA	NA	NA	NA	NA	NA	NA	NA	NA
300	300	600	1200	2.00	union	anytime	0.45	0.35	0.40	0.10	no-lift	2000	fn_passes_fp_fails	0	0.00000000	0.00000000	922.716	$76.59-$80.28	$99.60-$104.40 (cap $360.00)	NA	NA	NA	NA	NA	NA	NA	NA	NA	NA	NA	NA	NA	NA	NA	NA	NA	NA	NA	NA	NA
300	300	600	1200	2.00	union	anytime	0.45	0.35	0.40	0.10	no-lift	2000	neither_passes	1212	0.60600000	0.01092621	922.716	$76.59-$80.28	$99.60-$104.40 (cap $360.00)	-0.1003	-0.0457	-0.0302	-0.0086	0.0155	0.0422	0.1580	-0.2844	-0.1783	-0.1522	-0.1239	-0.0977	-0.0709	0.0250	0.2006	0.2122	0.2250	0.2457	0.2708	0.3012	0.3981
300	300	600	1200	2.00	union	anytime	0.45	0.35	0.40	0.10	no-lift	2000	both_pass	0	0.00000000	0.00000000	922.716	$76.59-$80.28	$99.60-$104.40 (cap $360.00)	NA	NA	NA	NA	NA	NA	NA	NA	NA	NA	NA	NA	NA	NA	NA	NA	NA	NA	NA	NA	NA
300	300	600	1200	2.00	direct	anytime	0.45	0.35	0.40	0.10	no-lift	2000	fp_passes_fn_fails	0	0.00000000	0.00000000	922.716	$76.59-$80.28	$99.60-$104.40 (cap $360.00)	NA	NA	NA	NA	NA	NA	NA	NA	NA	NA	NA	NA	NA	NA	NA	NA	NA	NA	NA	NA	NA
300	300	600	1200	2.00	direct	anytime	0.45	0.35	0.40	0.10	no-lift	2000	fn_passes_fp_fails	0	0.00000000	0.00000000	922.716	$76.59-$80.28	$99.60-$104.40 (cap $360.00)	NA	NA	NA	NA	NA	NA	NA	NA	NA	NA	NA	NA	NA	NA	NA	NA	NA	NA	NA	NA	NA
300	300	600	1200	2.00	direct	anytime	0.45	0.35	0.40	0.10	no-lift	2000	neither_passes	1212	0.60600000	0.01092621	922.716	$76.59-$80.28	$99.60-$104.40 (cap $360.00)	-0.1003	-0.0457	-0.0302	-0.0086	0.0155	0.0422	0.1580	-0.1826	-0.0962	-0.0738	-0.0495	-0.0246	-0.0016	0.0761	0.2006	0.2122	0.2250	0.2457	0.2708	0.3012	0.3981
300	300	600	1200	2.00	direct	anytime	0.45	0.35	0.40	0.10	no-lift	2000	both_pass	0	0.00000000	0.00000000	922.716	$76.59-$80.28	$99.60-$104.40 (cap $360.00)	NA	NA	NA	NA	NA	NA	NA	NA	NA	NA	NA	NA	NA	NA	NA	NA	NA	NA	NA	NA	NA
120	120	60	300	0.50	union	anytime	0.50	0.35	0.40	0.15	no-lift	2000	fp_passes_fn_fails	0	0.00000000	0.00000000	284.923	$23.65-$24.79	$24.90-$26.10 (cap $90.00)	NA	NA	NA	NA	NA	NA	NA	NA	NA	NA	NA	NA	NA	NA	NA	NA	NA	NA	NA	NA	NA
120	120	60	300	0.50	union	anytime	0.50	0.35	0.40	0.15	no-lift	2000	fn_passes_fp_fails	0	0.00000000	0.00000000	284.923	$23.65-$24.79	$24.90-$26.10 (cap $90.00)	NA	NA	NA	NA	NA	NA	NA	NA	NA	NA	NA	NA	NA	NA	NA	NA	NA	NA	NA	NA	NA
120	120	60	300	0.50	union	anytime	0.50	0.35	0.40	0.15	no-lift	2000	neither_passes	1844	0.92200000	0.00599650	284.923	$23.65-$24.79	$24.90-$26.10 (cap $90.00)	-0.2155	-0.1179	-0.0799	-0.0390	0.0070	0.0502	0.1732	-0.5439	-0.3738	-0.3234	-0.2652	-0.2056	-0.1498	0.0889	0.2013	0.2584	0.2907	0.3352	0.3811	0.4212	0.5543
120	120	60	300	0.50	union	anytime	0.50	0.35	0.40	0.15	no-lift	2000	both_pass	0	0.00000000	0.00000000	284.923	$23.65-$24.79	$24.90-$26.10 (cap $90.00)	NA	NA	NA	NA	NA	NA	NA	NA	NA	NA	NA	NA	NA	NA	NA	NA	NA	NA	NA	NA	NA
120	120	60	300	0.50	direct	anytime	0.50	0.35	0.40	0.15	no-lift	2000	fp_passes_fn_fails	0	0.00000000	0.00000000	284.923	$23.65-$24.79	$24.90-$26.10 (cap $90.00)	NA	NA	NA	NA	NA	NA	NA	NA	NA	NA	NA	NA	NA	NA	NA	NA	NA	NA	NA	NA	NA
120	120	60	300	0.50	direct	anytime	0.50	0.35	0.40	0.15	no-lift	2000	fn_passes_fp_fails	1	0.00050000	0.00049987	284.923	$23.65-$24.79	$24.90-$26.10 (cap $90.00)	0.1141	0.1141	0.1141	0.1141	0.1141	0.1141	0.1141	0.2319	0.2319	0.2319	0.2319	0.2319	0.2319	0.2319	0.4652	0.4652	0.4652	0.4652	0.4652	0.4652	0.4652
120	120	60	300	0.50	direct	anytime	0.50	0.35	0.40	0.15	no-lift	2000	neither_passes	1843	0.92150000	0.00601406	284.923	$23.65-$24.79	$24.90-$26.10 (cap $90.00)	-0.2155	-0.1179	-0.0799	-0.0390	0.0069	0.0500	0.1732	-0.5204	-0.2895	-0.2319	-0.1615	-0.0985	-0.0453	0.1079	0.2013	0.2583	0.2907	0.3352	0.3810	0.4211	0.5543
120	120	60	300	0.50	direct	anytime	0.50	0.35	0.40	0.15	no-lift	2000	both_pass	0	0.00000000	0.00000000	284.923	$23.65-$24.79	$24.90-$26.10 (cap $90.00)	NA	NA	NA	NA	NA	NA	NA	NA	NA	NA	NA	NA	NA	NA	NA	NA	NA	NA	NA	NA	NA
100	100	100	300	1.00	union	anytime	0.50	0.35	0.40	0.15	no-lift	2000	fp_passes_fn_fails	1	0.00050000	0.00049987	286.818	$23.81-$24.95	$24.90-$26.10 (cap $90.00)	0.2011	0.2011	0.2011	0.2011	0.2011	0.2011	0.2011	-0.2507	-0.2507	-0.2507	-0.2507	-0.2507	-0.2507	-0.2507	0.5732	0.5732	0.5732	0.5732	0.5732	0.5732	0.5732
100	100	100	300	1.00	union	anytime	0.50	0.35	0.40	0.15	no-lift	2000	fn_passes_fp_fails	0	0.00000000	0.00000000	286.818	$23.81-$24.95	$24.90-$26.10 (cap $90.00)	NA	NA	NA	NA	NA	NA	NA	NA	NA	NA	NA	NA	NA	NA	NA	NA	NA	NA	NA	NA	NA
100	100	100	300	1.00	union	anytime	0.50	0.35	0.40	0.15	no-lift	2000	neither_passes	1860	0.93000000	0.00570526	286.818	$23.81-$24.95	$24.90-$26.10 (cap $90.00)	-0.2300	-0.1423	-0.1046	-0.0576	-0.0086	0.0412	0.1725	-0.5233	-0.3345	-0.2883	-0.2329	-0.1782	-0.1301	0.0869	0.2004	0.2630	0.2992	0.3492	0.3973	0.4441	0.6256
100	100	100	300	1.00	union	anytime	0.50	0.35	0.40	0.15	no-lift	2000	both_pass	0	0.00000000	0.00000000	286.818	$23.81-$24.95	$24.90-$26.10 (cap $90.00)	NA	NA	NA	NA	NA	NA	NA	NA	NA	NA	NA	NA	NA	NA	NA	NA	NA	NA	NA	NA	NA
100	100	100	300	1.00	direct	anytime	0.50	0.35	0.40	0.15	no-lift	2000	fp_passes_fn_fails	1	0.00050000	0.00049987	286.818	$23.81-$24.95	$24.90-$26.10 (cap $90.00)	0.2011	0.2011	0.2011	0.2011	0.2011	0.2011	0.2011	-0.1039	-0.1039	-0.1039	-0.1039	-0.1039	-0.1039	-0.1039	0.5732	0.5732	0.5732	0.5732	0.5732	0.5732	0.5732
100	100	100	300	1.00	direct	anytime	0.50	0.35	0.40	0.15	no-lift	2000	fn_passes_fp_fails	1	0.00050000	0.00049987	286.818	$23.81-$24.95	$24.90-$26.10 (cap $90.00)	0.0726	0.0726	0.0726	0.0726	0.0726	0.0726	0.0726	0.2006	0.2006	0.2006	0.2006	0.2006	0.2006	0.2006	0.5063	0.5063	0.5063	0.5063	0.5063	0.5063	0.5063
100	100	100	300	1.00	direct	anytime	0.50	0.35	0.40	0.15	no-lift	2000	neither_passes	1859	0.92950000	0.00572406	286.818	$23.81-$24.95	$24.90-$26.10 (cap $90.00)	-0.2300	-0.1423	-0.1046	-0.0577	-0.0087	0.0412	0.1725	-0.4114	-0.2066	-0.1625	-0.1089	-0.0535	-0.0094	0.1376	0.2004	0.2629	0.2992	0.3492	0.3972	0.4439	0.6256
100	100	100	300	1.00	direct	anytime	0.50	0.35	0.40	0.15	no-lift	2000	both_pass	0	0.00000000	0.00000000	286.818	$23.81-$24.95	$24.90-$26.10 (cap $90.00)	NA	NA	NA	NA	NA	NA	NA	NA	NA	NA	NA	NA	NA	NA	NA	NA	NA	NA	NA	NA	NA
75	75	150	300	2.00	union	anytime	0.50	0.35	0.40	0.15	no-lift	2000	fp_passes_fn_fails	0	0.00000000	0.00000000	290.752	$24.13-$25.30	$24.90-$26.10 (cap $90.00)	NA	NA	NA	NA	NA	NA	NA	NA	NA	NA	NA	NA	NA	NA	NA	NA	NA	NA	NA	NA	NA
75	75	150	300	2.00	union	anytime	0.50	0.35	0.40	0.15	no-lift	2000	fn_passes_fp_fails	0	0.00000000	0.00000000	290.752	$24.13-$25.30	$24.90-$26.10 (cap $90.00)	NA	NA	NA	NA	NA	NA	NA	NA	NA	NA	NA	NA	NA	NA	NA	NA	NA	NA	NA	NA	NA
75	75	150	300	2.00	union	anytime	0.50	0.35	0.40	0.15	no-lift	2000	neither_passes	1894	0.94700000	0.00500954	290.752	$24.13-$25.30	$24.90-$26.10 (cap $90.00)	-0.3096	-0.1906	-0.1421	-0.0865	-0.0273	0.0248	0.1787	-0.4510	-0.3280	-0.2854	-0.2278	-0.1750	-0.1302	0.0142	0.2036	0.2710	0.3170	0.3727	0.4298	0.4858	0.6609
75	75	150	300	2.00	union	anytime	0.50	0.35	0.40	0.15	no-lift	2000	both_pass	0	0.00000000	0.00000000	290.752	$24.13-$25.30	$24.90-$26.10 (cap $90.00)	NA	NA	NA	NA	NA	NA	NA	NA	NA	NA	NA	NA	NA	NA	NA	NA	NA	NA	NA	NA	NA
75	75	150	300	2.00	direct	anytime	0.50	0.35	0.40	0.15	no-lift	2000	fp_passes_fn_fails	0	0.00000000	0.00000000	290.752	$24.13-$25.30	$24.90-$26.10 (cap $90.00)	NA	NA	NA	NA	NA	NA	NA	NA	NA	NA	NA	NA	NA	NA	NA	NA	NA	NA	NA	NA	NA
75	75	150	300	2.00	direct	anytime	0.50	0.35	0.40	0.15	no-lift	2000	fn_passes_fp_fails	0	0.00000000	0.00000000	290.752	$24.13-$25.30	$24.90-$26.10 (cap $90.00)	NA	NA	NA	NA	NA	NA	NA	NA	NA	NA	NA	NA	NA	NA	NA	NA	NA	NA	NA	NA	NA
75	75	150	300	2.00	direct	anytime	0.50	0.35	0.40	0.15	no-lift	2000	neither_passes	1894	0.94700000	0.00500954	290.752	$24.13-$25.30	$24.90-$26.10 (cap $90.00)	-0.3096	-0.1906	-0.1421	-0.0865	-0.0273	0.0248	0.1787	-0.3432	-0.2003	-0.1570	-0.1038	-0.0524	-0.0125	0.1363	0.2036	0.2710	0.3170	0.3727	0.4298	0.4858	0.6609
75	75	150	300	2.00	direct	anytime	0.50	0.35	0.40	0.15	no-lift	2000	both_pass	0	0.00000000	0.00000000	290.752	$24.13-$25.30	$24.90-$26.10 (cap $90.00)	NA	NA	NA	NA	NA	NA	NA	NA	NA	NA	NA	NA	NA	NA	NA	NA	NA	NA	NA	NA	NA
480	480	240	1200	0.50	union	anytime	0.50	0.35	0.40	0.15	no-lift	2000	fp_passes_fn_fails	0	0.00000000	0.00000000	1089.936	$90.46-$94.82	$99.60-$104.40 (cap $360.00)	NA	NA	NA	NA	NA	NA	NA	NA	NA	NA	NA	NA	NA	NA	NA	NA	NA	NA	NA	NA	NA
480	480	240	1200	0.50	union	anytime	0.50	0.35	0.40	0.15	no-lift	2000	fn_passes_fp_fails	0	0.00000000	0.00000000	1089.936	$90.46-$94.82	$99.60-$104.40 (cap $360.00)	NA	NA	NA	NA	NA	NA	NA	NA	NA	NA	NA	NA	NA	NA	NA	NA	NA	NA	NA	NA	NA
480	480	240	1200	0.50	union	anytime	0.50	0.35	0.40	0.15	no-lift	2000	neither_passes	1715	0.85750000	0.00781645	1089.936	$90.46-$94.82	$99.60-$104.40 (cap $360.00)	-0.0255	0.0120	0.0285	0.0493	0.0733	0.0964	0.1850	-0.2521	-0.1674	-0.1351	-0.1025	-0.0691	-0.0412	0.0481	0.2007	0.2203	0.2365	0.2585	0.2835	0.3083	0.4122
480	480	240	1200	0.50	union	anytime	0.50	0.35	0.40	0.15	no-lift	2000	both_pass	0	0.00000000	0.00000000	1089.936	$90.46-$94.82	$99.60-$104.40 (cap $360.00)	NA	NA	NA	NA	NA	NA	NA	NA	NA	NA	NA	NA	NA	NA	NA	NA	NA	NA	NA	NA	NA
480	480	240	1200	0.50	direct	anytime	0.50	0.35	0.40	0.15	no-lift	2000	fp_passes_fn_fails	0	0.00000000	0.00000000	1089.936	$90.46-$94.82	$99.60-$104.40 (cap $360.00)	NA	NA	NA	NA	NA	NA	NA	NA	NA	NA	NA	NA	NA	NA	NA	NA	NA	NA	NA	NA	NA
480	480	240	1200	0.50	direct	anytime	0.50	0.35	0.40	0.15	no-lift	2000	fn_passes_fp_fails	0	0.00000000	0.00000000	1089.936	$90.46-$94.82	$99.60-$104.40 (cap $360.00)	NA	NA	NA	NA	NA	NA	NA	NA	NA	NA	NA	NA	NA	NA	NA	NA	NA	NA	NA	NA	NA
480	480	240	1200	0.50	direct	anytime	0.50	0.35	0.40	0.15	no-lift	2000	neither_passes	1715	0.85750000	0.00781645	1089.936	$90.46-$94.82	$99.60-$104.40 (cap $360.00)	-0.0255	0.0120	0.0285	0.0493	0.0733	0.0964	0.1850	-0.2276	-0.1130	-0.0784	-0.0414	-0.0062	0.0250	0.1349	0.2007	0.2203	0.2365	0.2585	0.2835	0.3083	0.4122
480	480	240	1200	0.50	direct	anytime	0.50	0.35	0.40	0.15	no-lift	2000	both_pass	0	0.00000000	0.00000000	1089.936	$90.46-$94.82	$99.60-$104.40 (cap $360.00)	NA	NA	NA	NA	NA	NA	NA	NA	NA	NA	NA	NA	NA	NA	NA	NA	NA	NA	NA	NA	NA
400	400	400	1200	1.00	union	anytime	0.50	0.35	0.40	0.15	no-lift	2000	fp_passes_fn_fails	0	0.00000000	0.00000000	1083.574	$89.94-$94.27	$99.60-$104.40 (cap $360.00)	NA	NA	NA	NA	NA	NA	NA	NA	NA	NA	NA	NA	NA	NA	NA	NA	NA	NA	NA	NA	NA
400	400	400	1200	1.00	union	anytime	0.50	0.35	0.40	0.15	no-lift	2000	fn_passes_fp_fails	0	0.00000000	0.00000000	1083.574	$89.94-$94.27	$99.60-$104.40 (cap $360.00)	NA	NA	NA	NA	NA	NA	NA	NA	NA	NA	NA	NA	NA	NA	NA	NA	NA	NA	NA	NA	NA
400	400	400	1200	1.00	union	anytime	0.50	0.35	0.40	0.15	no-lift	2000	neither_passes	1713	0.85650000	0.00783925	1083.574	$89.94-$94.27	$99.60-$104.40 (cap $360.00)	-0.0429	-0.0012	0.0172	0.0393	0.0659	0.0909	0.1662	-0.2241	-0.1449	-0.1190	-0.0887	-0.0571	-0.0308	0.0798	0.2005	0.2237	0.2418	0.2664	0.2927	0.3184	0.4031
400	400	400	1200	1.00	union	anytime	0.50	0.35	0.40	0.15	no-lift	2000	both_pass	0	0.00000000	0.00000000	1083.574	$89.94-$94.27	$99.60-$104.40 (cap $360.00)	NA	NA	NA	NA	NA	NA	NA	NA	NA	NA	NA	NA	NA	NA	NA	NA	NA	NA	NA	NA	NA
400	400	400	1200	1.00	direct	anytime	0.50	0.35	0.40	0.15	no-lift	2000	fp_passes_fn_fails	0	0.00000000	0.00000000	1083.574	$89.94-$94.27	$99.60-$104.40 (cap $360.00)	NA	NA	NA	NA	NA	NA	NA	NA	NA	NA	NA	NA	NA	NA	NA	NA	NA	NA	NA	NA	NA
400	400	400	1200	1.00	direct	anytime	0.50	0.35	0.40	0.15	no-lift	2000	fn_passes_fp_fails	0	0.00000000	0.00000000	1083.574	$89.94-$94.27	$99.60-$104.40 (cap $360.00)	NA	NA	NA	NA	NA	NA	NA	NA	NA	NA	NA	NA	NA	NA	NA	NA	NA	NA	NA	NA	NA
400	400	400	1200	1.00	direct	anytime	0.50	0.35	0.40	0.15	no-lift	2000	neither_passes	1713	0.85650000	0.00783925	1083.574	$89.94-$94.27	$99.60-$104.40 (cap $360.00)	-0.0429	-0.0012	0.0172	0.0393	0.0659	0.0909	0.1662	-0.1453	-0.0684	-0.0435	-0.0146	0.0158	0.0412	0.1391	0.2005	0.2237	0.2418	0.2664	0.2927	0.3184	0.4031
400	400	400	1200	1.00	direct	anytime	0.50	0.35	0.40	0.15	no-lift	2000	both_pass	0	0.00000000	0.00000000	1083.574	$89.94-$94.27	$99.60-$104.40 (cap $360.00)	NA	NA	NA	NA	NA	NA	NA	NA	NA	NA	NA	NA	NA	NA	NA	NA	NA	NA	NA	NA	NA
300	300	600	1200	2.00	union	anytime	0.50	0.35	0.40	0.15	no-lift	2000	fp_passes_fn_fails	0	0.00000000	0.00000000	1090.682	$90.53-$94.89	$99.60-$104.40 (cap $360.00)	NA	NA	NA	NA	NA	NA	NA	NA	NA	NA	NA	NA	NA	NA	NA	NA	NA	NA	NA	NA	NA
300	300	600	1200	2.00	union	anytime	0.50	0.35	0.40	0.15	no-lift	2000	fn_passes_fp_fails	0	0.00000000	0.00000000	1090.682	$90.53-$94.89	$99.60-$104.40 (cap $360.00)	NA	NA	NA	NA	NA	NA	NA	NA	NA	NA	NA	NA	NA	NA	NA	NA	NA	NA	NA	NA	NA
300	300	600	1200	2.00	union	anytime	0.50	0.35	0.40	0.15	no-lift	2000	neither_passes	1727	0.86350000	0.00767684	1090.682	$90.53-$94.89	$99.60-$104.40 (cap $360.00)	-0.0681	-0.0217	0.0004	0.0276	0.0571	0.0833	0.1518	-0.2181	-0.1357	-0.1130	-0.0842	-0.0569	-0.0297	0.0597	0.2024	0.2318	0.2534	0.2813	0.3115	0.3416	0.4385
300	300	600	1200	2.00	union	anytime	0.50	0.35	0.40	0.15	no-lift	2000	both_pass	0	0.00000000	0.00000000	1090.682	$90.53-$94.89	$99.60-$104.40 (cap $360.00)	NA	NA	NA	NA	NA	NA	NA	NA	NA	NA	NA	NA	NA	NA	NA	NA	NA	NA	NA	NA	NA
300	300	600	1200	2.00	direct	anytime	0.50	0.35	0.40	0.15	no-lift	2000	fp_passes_fn_fails	0	0.00000000	0.00000000	1090.682	$90.53-$94.89	$99.60-$104.40 (cap $360.00)	NA	NA	NA	NA	NA	NA	NA	NA	NA	NA	NA	NA	NA	NA	NA	NA	NA	NA	NA	NA	NA
300	300	600	1200	2.00	direct	anytime	0.50	0.35	0.40	0.15	no-lift	2000	fn_passes_fp_fails	0	0.00000000	0.00000000	1090.682	$90.53-$94.89	$99.60-$104.40 (cap $360.00)	NA	NA	NA	NA	NA	NA	NA	NA	NA	NA	NA	NA	NA	NA	NA	NA	NA	NA	NA	NA	NA
300	300	600	1200	2.00	direct	anytime	0.50	0.35	0.40	0.15	no-lift	2000	neither_passes	1727	0.86350000	0.00767684	1090.682	$90.53-$94.89	$99.60-$104.40 (cap $360.00)	-0.0681	-0.0217	0.0004	0.0276	0.0571	0.0833	0.1518	-0.1455	-0.0544	-0.0329	-0.0079	0.0178	0.0419	0.1314	0.2024	0.2318	0.2534	0.2813	0.3115	0.3416	0.4385
300	300	600	1200	2.00	direct	anytime	0.50	0.35	0.40	0.15	no-lift	2000	both_pass	0	0.00000000	0.00000000	1090.682	$90.53-$94.89	$99.60-$104.40 (cap $360.00)	NA	NA	NA	NA	NA	NA	NA	NA	NA	NA	NA	NA	NA	NA	NA	NA	NA	NA	NA	NA	NA
120	120	60	300	0.50	union	anytime	0.55	0.35	0.40	0.20	calibration	2000	fp_passes_fn_fails	6	0.00300000	0.00122291	294.111	$24.41-$25.59	$24.90-$26.10 (cap $90.00)	0.2010	0.2013	0.2046	0.2225	0.2404	0.2437	0.2439	-0.2121	-0.1740	-0.1329	-0.0892	-0.0341	0.0039	0.0352	0.4873	0.5008	0.5340	0.5947	0.6010	0.6100	0.6173
120	120	60	300	0.50	union	anytime	0.55	0.35	0.40	0.20	calibration	2000	fn_passes_fp_fails	0	0.00000000	0.00000000	294.111	$24.41-$25.59	$24.90-$26.10 (cap $90.00)	NA	NA	NA	NA	NA	NA	NA	NA	NA	NA	NA	NA	NA	NA	NA	NA	NA	NA	NA	NA	NA
120	120	60	300	0.50	union	anytime	0.55	0.35	0.40	0.20	calibration	2000	neither_passes	1940	0.97000000	0.00381445	294.111	$24.41-$25.59	$24.90-$26.10 (cap $90.00)	-0.1825	-0.0798	-0.0426	0.0050	0.0538	0.0998	0.1914	-0.5137	-0.3264	-0.2759	-0.2219	-0.1627	-0.1098	0.0613	0.2102	0.2955	0.3292	0.3786	0.4263	0.4697	0.6392
120	120	60	300	0.50	union	anytime	0.55	0.35	0.40	0.20	calibration	2000	both_pass	0	0.00000000	0.00000000	294.111	$24.41-$25.59	$24.90-$26.10 (cap $90.00)	NA	NA	NA	NA	NA	NA	NA	NA	NA	NA	NA	NA	NA	NA	NA	NA	NA	NA	NA	NA	NA
120	120	60	300	0.50	direct	anytime	0.55	0.35	0.40	0.20	calibration	2000	fp_passes_fn_fails	6	0.00300000	0.00122291	294.111	$24.41-$25.59	$24.90-$26.10 (cap $90.00)	0.2010	0.2013	0.2046	0.2225	0.2404	0.2437	0.2439	-0.0698	-0.0593	-0.0435	0.0403	0.1122	0.1138	0.1139	0.4873	0.5008	0.5340	0.5947	0.6010	0.6100	0.6173
120	120	60	300	0.50	direct	anytime	0.55	0.35	0.40	0.20	calibration	2000	fn_passes_fp_fails	1	0.00050000	0.00049987	294.111	$24.41-$25.59	$24.90-$26.10 (cap $90.00)	0.0610	0.0610	0.0610	0.0610	0.0610	0.0610	0.0610	0.2014	0.2014	0.2014	0.2014	0.2014	0.2014	0.2014	0.4405	0.4405	0.4405	0.4405	0.4405	0.4405	0.4405
120	120	60	300	0.50	direct	anytime	0.55	0.35	0.40	0.20	calibration	2000	neither_passes	1939	0.96950000	0.00384511	294.111	$24.41-$25.59	$24.90-$26.10 (cap $90.00)	-0.1825	-0.0798	-0.0426	0.0050	0.0537	0.0998	0.1914	-0.4353	-0.2474	-0.1922	-0.1249	-0.0580	0.0064	0.1759	0.2102	0.2955	0.3292	0.3786	0.4263	0.4697	0.6392
120	120	60	300	0.50	direct	anytime	0.55	0.35	0.40	0.20	calibration	2000	both_pass	0	0.00000000	0.00000000	294.111	$24.41-$25.59	$24.90-$26.10 (cap $90.00)	NA	NA	NA	NA	NA	NA	NA	NA	NA	NA	NA	NA	NA	NA	NA	NA	NA	NA	NA	NA	NA
100	100	100	300	1.00	union	anytime	0.55	0.35	0.40	0.20	calibration	2000	fp_passes_fn_fails	4	0.00200000	0.00099900	294.609	$24.45-$25.63	$24.90-$26.10 (cap $90.00)	0.2057	0.2083	0.2122	0.2312	0.2545	0.2663	0.2742	-0.1216	-0.1107	-0.0945	-0.0713	-0.0511	-0.0402	-0.0329	0.5341	0.5434	0.5573	0.5705	0.6001	0.6436	0.6725
100	100	100	300	1.00	union	anytime	0.55	0.35	0.40	0.20	calibration	2000	fn_passes_fp_fails	0	0.00000000	0.00000000	294.609	$24.45-$25.63	$24.90-$26.10 (cap $90.00)	NA	NA	NA	NA	NA	NA	NA	NA	NA	NA	NA	NA	NA	NA	NA	NA	NA	NA	NA	NA	NA
100	100	100	300	1.00	union	anytime	0.55	0.35	0.40	0.20	calibration	2000	neither_passes	1946	0.97300000	0.00362429	294.609	$24.45-$25.63	$24.90-$26.10 (cap $90.00)	-0.2288	-0.1050	-0.0605	-0.0076	0.0428	0.0829	0.1916	-0.4606	-0.2859	-0.2395	-0.1881	-0.1363	-0.0866	0.1058	0.2098	0.3001	0.3454	0.3953	0.4475	0.4874	0.6703
100	100	100	300	1.00	union	anytime	0.55	0.35	0.40	0.20	calibration	2000	both_pass	0	0.00000000	0.00000000	294.609	$24.45-$25.63	$24.90-$26.10 (cap $90.00)	NA	NA	NA	NA	NA	NA	NA	NA	NA	NA	NA	NA	NA	NA	NA	NA	NA	NA	NA	NA	NA
100	100	100	300	1.00	direct	anytime	0.55	0.35	0.40	0.20	calibration	2000	fp_passes_fn_fails	4	0.00200000	0.00099900	294.545	$24.45-$25.63	$24.90-$26.10 (cap $90.00)	0.2057	0.2083	0.2122	0.2312	0.2545	0.2663	0.2742	0.0268	0.0312	0.0380	0.0602	0.0837	0.0926	0.0985	0.5341	0.5434	0.5573	0.5705	0.6001	0.6436	0.6725
100	100	100	300	1.00	direct	anytime	0.55	0.35	0.40	0.20	calibration	2000	fn_passes_fp_fails	0	0.00000000	0.00000000	294.545	$24.45-$25.63	$24.90-$26.10 (cap $90.00)	NA	NA	NA	NA	NA	NA	NA	NA	NA	NA	NA	NA	NA	NA	NA	NA	NA	NA	NA	NA	NA
100	100	100	300	1.00	direct	anytime	0.55	0.35	0.40	0.20	calibration	2000	neither_passes	1945	0.97250000	0.00365676	294.545	$24.45-$25.63	$24.90-$26.10 (cap $90.00)	-0.2288	-0.1050	-0.0606	-0.0077	0.0428	0.0828	0.1916	-0.3415	-0.1594	-0.1132	-0.0616	-0.0118	0.0349	0.1851	0.2098	0.3001	0.3454	0.3952	0.4474	0.4874	0.6703
100	100	100	300	1.00	direct	anytime	0.55	0.35	0.40	0.20	calibration	2000	both_pass	0	0.00000000	0.00000000	294.545	$24.45-$25.63	$24.90-$26.10 (cap $90.00)	NA	NA	NA	NA	NA	NA	NA	NA	NA	NA	NA	NA	NA	NA	NA	NA	NA	NA	NA	NA	NA
75	75	150	300	2.00	union	anytime	0.55	0.35	0.40	0.20	calibration	2000	fp_passes_fn_fails	2	0.00100000	0.00070675	295.238	$24.50-$25.69	$24.90-$26.10 (cap $90.00)	0.2085	0.2164	0.2284	0.2483	0.2682	0.2801	0.2881	-0.0508	-0.0492	-0.0469	-0.0431	-0.0392	-0.0369	-0.0354	0.6338	0.6347	0.6361	0.6383	0.6406	0.6420	0.6429
75	75	150	300	2.00	union	anytime	0.55	0.35	0.40	0.20	calibration	2000	fn_passes_fp_fails	0	0.00000000	0.00000000	295.238	$24.50-$25.69	$24.90-$26.10 (cap $90.00)	NA	NA	NA	NA	NA	NA	NA	NA	NA	NA	NA	NA	NA	NA	NA	NA	NA	NA	NA	NA	NA
75	75	150	300	2.00	union	anytime	0.55	0.35	0.40	0.20	calibration	2000	neither_passes	1952	0.97600000	0.00342228	295.238	$24.50-$25.69	$24.90-$26.10 (cap $90.00)	-0.2876	-0.1496	-0.0963	-0.0399	0.0165	0.0701	0.1830	-0.4405	-0.2869	-0.2369	-0.1858	-0.1294	-0.0810	0.0513	0.2010	0.3148	0.3610	0.4214	0.4783	0.5288	0.6737
75	75	150	300	2.00	union	anytime	0.55	0.35	0.40	0.20	calibration	2000	both_pass	0	0.00000000	0.00000000	295.238	$24.50-$25.69	$24.90-$26.10 (cap $90.00)	NA	NA	NA	NA	NA	NA	NA	NA	NA	NA	NA	NA	NA	NA	NA	NA	NA	NA	NA	NA	NA
75	75	150	300	2.00	direct	anytime	0.55	0.35	0.40	0.20	calibration	2000	fp_passes_fn_fails	2	0.00100000	0.00070675	295.238	$24.50-$25.69	$24.90-$26.10 (cap $90.00)	0.2085	0.2164	0.2284	0.2483	0.2682	0.2801	0.2881	0.0606	0.0644	0.0700	0.0794	0.0887	0.0944	0.0981	0.6338	0.6347	0.6361	0.6383	0.6406	0.6420	0.6429
75	75	150	300	2.00	direct	anytime	0.55	0.35	0.40	0.20	calibration	2000	fn_passes_fp_fails	0	0.00000000	0.00000000	295.238	$24.50-$25.69	$24.90-$26.10 (cap $90.00)	NA	NA	NA	NA	NA	NA	NA	NA	NA	NA	NA	NA	NA	NA	NA	NA	NA	NA	NA	NA	NA
75	75	150	300	2.00	direct	anytime	0.55	0.35	0.40	0.20	calibration	2000	neither_passes	1952	0.97600000	0.00342228	295.238	$24.50-$25.69	$24.90-$26.10 (cap $90.00)	-0.2876	-0.1496	-0.0963	-0.0399	0.0165	0.0701	0.1830	-0.3105	-0.1552	-0.1078	-0.0605	-0.0101	0.0327	0.1579	0.2010	0.3148	0.3610	0.4214	0.4783	0.5288	0.6737
75	75	150	300	2.00	direct	anytime	0.55	0.35	0.40	0.20	calibration	2000	both_pass	0	0.00000000	0.00000000	295.238	$24.50-$25.69	$24.90-$26.10 (cap $90.00)	NA	NA	NA	NA	NA	NA	NA	NA	NA	NA	NA	NA	NA	NA	NA	NA	NA	NA	NA	NA	NA
480	480	240	1200	0.50	union	anytime	0.55	0.35	0.40	0.20	calibration	2000	fp_passes_fn_fails	4	0.00200000	0.00099900	1171.696	$97.25-$101.94	$99.60-$104.40 (cap $360.00)	0.2026	0.2035	0.2048	0.2167	0.2302	0.2343	0.2371	-0.0257	-0.0239	-0.0211	0.0055	0.0411	0.0600	0.0726	0.3887	0.3924	0.3980	0.4056	0.4149	0.4236	0.4294
480	480	240	1200	0.50	union	anytime	0.55	0.35	0.40	0.20	calibration	2000	fn_passes_fp_fails	0	0.00000000	0.00000000	1171.696	$97.25-$101.94	$99.60-$104.40 (cap $360.00)	NA	NA	NA	NA	NA	NA	NA	NA	NA	NA	NA	NA	NA	NA	NA	NA	NA	NA	NA	NA	NA
480	480	240	1200	0.50	union	anytime	0.55	0.35	0.40	0.20	calibration	2000	neither_passes	1939	0.96950000	0.00384511	1171.696	$97.25-$101.94	$99.60-$104.40 (cap $360.00)	-0.0063	0.0455	0.0687	0.0963	0.1208	0.1431	0.1964	-0.2247	-0.1172	-0.0906	-0.0565	-0.0251	0.0046	0.1056	0.2034	0.2544	0.2753	0.3036	0.3318	0.3538	0.4294
480	480	240	1200	0.50	union	anytime	0.55	0.35	0.40	0.20	calibration	2000	both_pass	0	0.00000000	0.00000000	1171.696	$97.25-$101.94	$99.60-$104.40 (cap $360.00)	NA	NA	NA	NA	NA	NA	NA	NA	NA	NA	NA	NA	NA	NA	NA	NA	NA	NA	NA	NA	NA
480	480	240	1200	0.50	direct	anytime	0.55	0.35	0.40	0.20	calibration	2000	fp_passes_fn_fails	4	0.00200000	0.00099900	1171.696	$97.25-$101.94	$99.60-$104.40 (cap $360.00)	0.2026	0.2035	0.2048	0.2167	0.2302	0.2343	0.2371	0.0076	0.0093	0.0118	0.0491	0.0951	0.1134	0.1256	0.3887	0.3924	0.3980	0.4056	0.4149	0.4236	0.4294
480	480	240	1200	0.50	direct	anytime	0.55	0.35	0.40	0.20	calibration	2000	fn_passes_fp_fails	0	0.00000000	0.00000000	1171.696	$97.25-$101.94	$99.60-$104.40 (cap $360.00)	NA	NA	NA	NA	NA	NA	NA	NA	NA	NA	NA	NA	NA	NA	NA	NA	NA	NA	NA	NA	NA
480	480	240	1200	0.50	direct	anytime	0.55	0.35	0.40	0.20	calibration	2000	neither_passes	1939	0.96950000	0.00384511	1171.696	$97.25-$101.94	$99.60-$104.40 (cap $360.00)	-0.0063	0.0455	0.0687	0.0963	0.1208	0.1431	0.1964	-0.1845	-0.0621	-0.0319	0.0053	0.0438	0.0738	0.1662	0.2034	0.2544	0.2753	0.3036	0.3318	0.3538	0.4294
480	480	240	1200	0.50	direct	anytime	0.55	0.35	0.40	0.20	calibration	2000	both_pass	0	0.00000000	0.00000000	1171.696	$97.25-$101.94	$99.60-$104.40 (cap $360.00)	NA	NA	NA	NA	NA	NA	NA	NA	NA	NA	NA	NA	NA	NA	NA	NA	NA	NA	NA	NA	NA
400	400	400	1200	1.00	union	anytime	0.55	0.35	0.40	0.20	calibration	2000	fp_passes_fn_fails	1	0.00050000	0.00049987	1174.041	$97.45-$102.14	$99.60-$104.40 (cap $360.00)	0.2438	0.2438	0.2438	0.2438	0.2438	0.2438	0.2438	0.0672	0.0672	0.0672	0.0672	0.0672	0.0672	0.0672	0.4283	0.4283	0.4283	0.4283	0.4283	0.4283	0.4283
400	400	400	1200	1.00	union	anytime	0.55	0.35	0.40	0.20	calibration	2000	fn_passes_fp_fails	0	0.00000000	0.00000000	1174.041	$97.45-$102.14	$99.60-$104.40 (cap $360.00)	NA	NA	NA	NA	NA	NA	NA	NA	NA	NA	NA	NA	NA	NA	NA	NA	NA	NA	NA	NA	NA
400	400	400	1200	1.00	union	anytime	0.55	0.35	0.40	0.20	calibration	2000	neither_passes	1943	0.97150000	0.00372074	1174.041	$97.45-$102.14	$99.60-$104.40 (cap $360.00)	-0.0250	0.0335	0.0592	0.0864	0.1152	0.1419	0.1958	-0.1807	-0.0980	-0.0693	-0.0394	-0.0102	0.0163	0.1009	0.2060	0.2576	0.2831	0.3118	0.3420	0.3681	0.4660
400	400	400	1200	1.00	union	anytime	0.55	0.35	0.40	0.20	calibration	2000	both_pass	0	0.00000000	0.00000000	1174.041	$97.45-$102.14	$99.60-$104.40 (cap $360.00)	NA	NA	NA	NA	NA	NA	NA	NA	NA	NA	NA	NA	NA	NA	NA	NA	NA	NA	NA	NA	NA
400	400	400	1200	1.00	direct	anytime	0.55	0.35	0.40	0.20	calibration	2000	fp_passes_fn_fails	1	0.00050000	0.00049987	1173.521	$97.40-$102.10	$99.60-$104.40 (cap $360.00)	0.2438	0.2438	0.2438	0.2438	0.2438	0.2438	0.2438	0.1443	0.1443	0.1443	0.1443	0.1443	0.1443	0.1443	0.4283	0.4283	0.4283	0.4283	0.4283	0.4283	0.4283
400	400	400	1200	1.00	direct	anytime	0.55	0.35	0.40	0.20	calibration	2000	fn_passes_fp_fails	0	0.00000000	0.00000000	1173.521	$97.40-$102.10	$99.60-$104.40 (cap $360.00)	NA	NA	NA	NA	NA	NA	NA	NA	NA	NA	NA	NA	NA	NA	NA	NA	NA	NA	NA	NA	NA
400	400	400	1200	1.00	direct	anytime	0.55	0.35	0.40	0.20	calibration	2000	neither_passes	1942	0.97100000	0.00375227	1173.521	$97.40-$102.10	$99.60-$104.40 (cap $360.00)	-0.0250	0.0335	0.0592	0.0863	0.1151	0.1416	0.1958	-0.1005	-0.0221	0.0066	0.0359	0.0628	0.0887	0.1776	0.2060	0.2576	0.2831	0.3118	0.3420	0.3680	0.4660
400	400	400	1200	1.00	direct	anytime	0.55	0.35	0.40	0.20	calibration	2000	both_pass	0	0.00000000	0.00000000	1173.521	$97.40-$102.10	$99.60-$104.40 (cap $360.00)	NA	NA	NA	NA	NA	NA	NA	NA	NA	NA	NA	NA	NA	NA	NA	NA	NA	NA	NA	NA	NA
300	300	600	1200	2.00	union	anytime	0.55	0.35	0.40	0.20	calibration	2000	fp_passes_fn_fails	4	0.00200000	0.00099900	1175.688	$97.58-$102.28	$99.60-$104.40 (cap $360.00)	0.2033	0.2043	0.2057	0.2122	0.2228	0.2319	0.2379	-0.0073	-0.0013	0.0077	0.0242	0.0413	0.0514	0.0582	0.4371	0.4417	0.4487	0.4651	0.4872	0.5045	0.5160
300	300	600	1200	2.00	union	anytime	0.55	0.35	0.40	0.20	calibration	2000	fn_passes_fp_fails	0	0.00000000	0.00000000	1175.688	$97.58-$102.28	$99.60-$104.40 (cap $360.00)	NA	NA	NA	NA	NA	NA	NA	NA	NA	NA	NA	NA	NA	NA	NA	NA	NA	NA	NA	NA	NA
300	300	600	1200	2.00	union	anytime	0.55	0.35	0.40	0.20	calibration	2000	neither_passes	1945	0.97250000	0.00365676	1175.688	$97.58-$102.28	$99.60-$104.40 (cap $360.00)	-0.0832	0.0116	0.0394	0.0698	0.1043	0.1324	0.1996	-0.2139	-0.0932	-0.0688	-0.0405	-0.0094	0.0192	0.1014	0.2019	0.2659	0.2931	0.3233	0.3572	0.3865	0.4931
300	300	600	1200	2.00	union	anytime	0.55	0.35	0.40	0.20	calibration	2000	both_pass	0	0.00000000	0.00000000	1175.688	$97.58-$102.28	$99.60-$104.40 (cap $360.00)	NA	NA	NA	NA	NA	NA	NA	NA	NA	NA	NA	NA	NA	NA	NA	NA	NA	NA	NA	NA	NA
300	300	600	1200	2.00	direct	anytime	0.55	0.35	0.40	0.20	calibration	2000	fp_passes_fn_fails	4	0.00200000	0.00099900	1175.164	$97.54-$102.24	$99.60-$104.40 (cap $360.00)	0.2033	0.2043	0.2057	0.2122	0.2228	0.2319	0.2379	0.0810	0.0852	0.0913	0.1026	0.1197	0.1363	0.1474	0.4371	0.4417	0.4487	0.4651	0.4872	0.5045	0.5160
300	300	600	1200	2.00	direct	anytime	0.55	0.35	0.40	0.20	calibration	2000	fn_passes_fp_fails	0	0.00000000	0.00000000	1175.164	$97.54-$102.24	$99.60-$104.40 (cap $360.00)	NA	NA	NA	NA	NA	NA	NA	NA	NA	NA	NA	NA	NA	NA	NA	NA	NA	NA	NA	NA	NA
300	300	600	1200	2.00	direct	anytime	0.55	0.35	0.40	0.20	calibration	2000	neither_passes	1944	0.97200000	0.00368890	1175.164	$97.54-$102.24	$99.60-$104.40 (cap $360.00)	-0.0832	0.0116	0.0394	0.0698	0.1042	0.1323	0.1996	-0.1181	-0.0107	0.0129	0.0384	0.0670	0.0928	0.1654	0.2019	0.2659	0.2931	0.3233	0.3571	0.3864	0.4931
300	300	600	1200	2.00	direct	anytime	0.55	0.35	0.40	0.20	calibration	2000	both_pass	0	0.00000000	0.00000000	1175.164	$97.54-$102.24	$99.60-$104.40 (cap $360.00)	NA	NA	NA	NA	NA	NA	NA	NA	NA	NA	NA	NA	NA	NA	NA	NA	NA	NA	NA	NA	NA
120	120	60	300	0.50	union	anytime	0.60	0.35	0.40	0.25	small real effect	2000	fp_passes_fn_fails	48	0.02400000	0.00342228	297.671	$24.71-$25.90	$24.90-$26.10 (cap $90.00)	0.2001	0.2034	0.2099	0.2193	0.2328	0.2555	0.2920	-0.2436	-0.1933	-0.1201	-0.0727	-0.0182	0.0243	0.1553	0.4954	0.5332	0.5441	0.5694	0.5937	0.6097	0.6782
120	120	60	300	0.50	union	anytime	0.60	0.35	0.40	0.25	small real effect	2000	fn_passes_fp_fails	0	0.00000000	0.00000000	297.671	$24.71-$25.90	$24.90-$26.10 (cap $90.00)	NA	NA	NA	NA	NA	NA	NA	NA	NA	NA	NA	NA	NA	NA	NA	NA	NA	NA	NA	NA	NA
120	120	60	300	0.50	union	anytime	0.60	0.35	0.40	0.25	small real effect	2000	neither_passes	1933	0.96650000	0.00402354	297.671	$24.71-$25.90	$24.90-$26.10 (cap $90.00)	-0.1997	-0.0368	0.0029	0.0519	0.1002	0.1388	0.1999	-0.4552	-0.2787	-0.2266	-0.1677	-0.1126	-0.0574	0.1193	0.2142	0.3363	0.3770	0.4232	0.4712	0.5066	0.6476
120	120	60	300	0.50	union	anytime	0.60	0.35	0.40	0.25	small real effect	2000	both_pass	0	0.00000000	0.00000000	297.671	$24.71-$25.90	$24.90-$26.10 (cap $90.00)	NA	NA	NA	NA	NA	NA	NA	NA	NA	NA	NA	NA	NA	NA	NA	NA	NA	NA	NA	NA	NA
120	120	60	300	0.50	direct	anytime	0.60	0.35	0.40	0.25	small real effect	2000	fp_passes_fn_fails	46	0.02300000	0.00335194	297.500	$24.69-$25.88	$24.90-$26.10 (cap $90.00)	0.2001	0.2033	0.2093	0.2191	0.2319	0.2555	0.2920	-0.2129	-0.0982	-0.0406	0.0343	0.0746	0.1076	0.1443	0.4954	0.5327	0.5435	0.5654	0.5912	0.6076	0.6782
120	120	60	300	0.50	direct	anytime	0.60	0.35	0.40	0.25	small real effect	2000	fn_passes_fp_fails	1	0.00050000	0.00049987	297.500	$24.69-$25.88	$24.90-$26.10 (cap $90.00)	0.0938	0.0938	0.0938	0.0938	0.0938	0.0938	0.0938	0.2407	0.2407	0.2407	0.2407	0.2407	0.2407	0.2407	0.4366	0.4366	0.4366	0.4366	0.4366	0.4366	0.4366
120	120	60	300	0.50	direct	anytime	0.60	0.35	0.40	0.25	small real effect	2000	neither_passes	1931	0.96550000	0.00408104	297.500	$24.69-$25.88	$24.90-$26.10 (cap $90.00)	-0.1997	-0.0369	0.0029	0.0518	0.1001	0.1387	0.1999	-0.4242	-0.2010	-0.1372	-0.0721	-0.0056	0.0519	0.1765	0.2142	0.3363	0.3769	0.4231	0.4711	0.5065	0.6476
120	120	60	300	0.50	direct	anytime	0.60	0.35	0.40	0.25	small real effect	2000	both_pass	0	0.00000000	0.00000000	297.500	$24.69-$25.88	$24.90-$26.10 (cap $90.00)	NA	NA	NA	NA	NA	NA	NA	NA	NA	NA	NA	NA	NA	NA	NA	NA	NA	NA	NA	NA	NA
100	100	100	300	1.00	union	anytime	0.60	0.35	0.40	0.25	small real effect	2000	fp_passes_fn_fails	28	0.01400000	0.00262717	297.673	$24.71-$25.90	$24.90-$26.10 (cap $90.00)	0.2008	0.2021	0.2101	0.2199	0.2385	0.2515	0.3158	-0.2682	-0.1545	-0.1181	-0.0645	-0.0107	0.0451	0.1269	0.5194	0.5581	0.5704	0.5918	0.6196	0.6590	0.7001
100	100	100	300	1.00	union	anytime	0.60	0.35	0.40	0.25	small real effect	2000	fn_passes_fp_fails	0	0.00000000	0.00000000	297.673	$24.71-$25.90	$24.90-$26.10 (cap $90.00)	NA	NA	NA	NA	NA	NA	NA	NA	NA	NA	NA	NA	NA	NA	NA	NA	NA	NA	NA	NA	NA
100	100	100	300	1.00	union	anytime	0.60	0.35	0.40	0.25	small real effect	2000	neither_passes	1951	0.97550000	0.00345686	297.673	$24.71-$25.90	$24.90-$26.10 (cap $90.00)	-0.2176	-0.0584	-0.0162	0.0367	0.0871	0.1298	0.1977	-0.4371	-0.2399	-0.1955	-0.1412	-0.0839	-0.0386	0.1137	0.2068	0.3409	0.3891	0.4383	0.4846	0.5275	0.6688
100	100	100	300	1.00	union	anytime	0.60	0.35	0.40	0.25	small real effect	2000	both_pass	0	0.00000000	0.00000000	297.673	$24.71-$25.90	$24.90-$26.10 (cap $90.00)	NA	NA	NA	NA	NA	NA	NA	NA	NA	NA	NA	NA	NA	NA	NA	NA	NA	NA	NA	NA	NA
100	100	100	300	1.00	direct	anytime	0.60	0.35	0.40	0.25	small real effect	2000	fp_passes_fn_fails	26	0.01300000	0.00253288	297.618	$24.70-$25.89	$24.90-$26.10 (cap $90.00)	0.2008	0.2020	0.2098	0.2184	0.2363	0.2432	0.2582	-0.1644	-0.0202	0.0068	0.0398	0.1092	0.1446	0.1563	0.5194	0.5557	0.5660	0.5892	0.6154	0.6392	0.6769
100	100	100	300	1.00	direct	anytime	0.60	0.35	0.40	0.25	small real effect	2000	fn_passes_fp_fails	3	0.00150000	0.00086538	297.618	$24.70-$25.89	$24.90-$26.10 (cap $90.00)	0.1289	0.1378	0.1513	0.1737	0.1803	0.1843	0.1870	0.2005	0.2007	0.2009	0.2013	0.2241	0.2378	0.2469	0.4894	0.5008	0.5178	0.5463	0.5605	0.5690	0.5746
100	100	100	300	1.00	direct	anytime	0.60	0.35	0.40	0.25	small real effect	2000	neither_passes	1948	0.97400000	0.00355837	297.618	$24.70-$25.89	$24.90-$26.10 (cap $90.00)	-0.2176	-0.0586	-0.0166	0.0366	0.0869	0.1296	0.1977	-0.3008	-0.1125	-0.0677	-0.0144	0.0366	0.0851	0.1982	0.2068	0.3409	0.3891	0.4379	0.4845	0.5275	0.6688
100	100	100	300	1.00	direct	anytime	0.60	0.35	0.40	0.25	small real effect	2000	both_pass	0	0.00000000	0.00000000	297.618	$24.70-$25.89	$24.90-$26.10 (cap $90.00)	NA	NA	NA	NA	NA	NA	NA	NA	NA	NA	NA	NA	NA	NA	NA	NA	NA	NA	NA	NA	NA
75	75	150	300	2.00	union	anytime	0.60	0.35	0.40	0.25	small real effect	2000	fp_passes_fn_fails	21	0.01050000	0.00227923	298.646	$24.79-$25.98	$24.90-$26.10 (cap $90.00)	0.2007	0.2020	0.2022	0.2229	0.2526	0.2582	0.2662	-0.1481	-0.0783	-0.0606	-0.0356	0.0324	0.0604	0.0882	0.6086	0.6159	0.6250	0.6346	0.6642	0.6653	0.6733
75	75	150	300	2.00	union	anytime	0.60	0.35	0.40	0.25	small real effect	2000	fn_passes_fp_fails	0	0.00000000	0.00000000	298.646	$24.79-$25.98	$24.90-$26.10 (cap $90.00)	NA	NA	NA	NA	NA	NA	NA	NA	NA	NA	NA	NA	NA	NA	NA	NA	NA	NA	NA	NA	NA
75	75	150	300	2.00	union	anytime	0.60	0.35	0.40	0.25	small real effect	2000	neither_passes	1964	0.98200000	0.00297288	298.646	$24.79-$25.98	$24.90-$26.10 (cap $90.00)	-0.2846	-0.1083	-0.0544	0.0039	0.0626	0.1125	0.1997	-0.3966	-0.2412	-0.1927	-0.1384	-0.0832	-0.0328	0.1094	0.2249	0.3527	0.3995	0.4589	0.5184	0.5646	0.7228
75	75	150	300	2.00	union	anytime	0.60	0.35	0.40	0.25	small real effect	2000	both_pass	0	0.00000000	0.00000000	298.646	$24.79-$25.98	$24.90-$26.10 (cap $90.00)	NA	NA	NA	NA	NA	NA	NA	NA	NA	NA	NA	NA	NA	NA	NA	NA	NA	NA	NA	NA	NA
75	75	150	300	2.00	direct	anytime	0.60	0.35	0.40	0.25	small real effect	2000	fp_passes_fn_fails	18	0.00900000	0.00211175	298.530	$24.78-$25.97	$24.90-$26.10 (cap $90.00)	0.2018	0.2020	0.2030	0.2154	0.2512	0.2602	0.2662	-0.0341	0.0447	0.0627	0.0843	0.1041	0.1524	0.1707	0.6086	0.6182	0.6252	0.6349	0.6630	0.6654	0.6733
75	75	150	300	2.00	direct	anytime	0.60	0.35	0.40	0.25	small real effect	2000	fn_passes_fp_fails	1	0.00050000	0.00049987	298.530	$24.78-$25.97	$24.90-$26.10 (cap $90.00)	0.0708	0.0708	0.0708	0.0708	0.0708	0.0708	0.0708	0.2102	0.2102	0.2102	0.2102	0.2102	0.2102	0.2102	0.4442	0.4442	0.4442	0.4442	0.4442	0.4442	0.4442
75	75	150	300	2.00	direct	anytime	0.60	0.35	0.40	0.25	small real effect	2000	neither_passes	1963	0.98150000	0.00301312	298.530	$24.78-$25.97	$24.90-$26.10 (cap $90.00)	-0.2846	-0.1083	-0.0544	0.0039	0.0626	0.1125	0.1997	-0.2602	-0.1069	-0.0623	-0.0132	0.0385	0.0807	0.1963	0.2249	0.3527	0.3995	0.4589	0.5185	0.5646	0.7228
75	75	150	300	2.00	direct	anytime	0.60	0.35	0.40	0.25	small real effect	2000	both_pass	0	0.00000000	0.00000000	298.530	$24.78-$25.97	$24.90-$26.10 (cap $90.00)	NA	NA	NA	NA	NA	NA	NA	NA	NA	NA	NA	NA	NA	NA	NA	NA	NA	NA	NA	NA	NA
480	480	240	1200	0.50	union	anytime	0.60	0.35	0.40	0.25	small real effect	2000	fp_passes_fn_fails	161	0.08050000	0.00608357	1188.102	$98.61-$103.36	$99.60-$104.40 (cap $360.00)	0.2000	0.2027	0.2059	0.2140	0.2255	0.2367	0.2594	-0.0661	-0.0222	0.0013	0.0262	0.0540	0.0779	0.1261	0.3810	0.3974	0.4083	0.4211	0.4394	0.4513	0.4749
480	480	240	1200	0.50	union	anytime	0.60	0.35	0.40	0.25	small real effect	2000	fn_passes_fp_fails	0	0.00000000	0.00000000	1188.102	$98.61-$103.36	$99.60-$104.40 (cap $360.00)	NA	NA	NA	NA	NA	NA	NA	NA	NA	NA	NA	NA	NA	NA	NA	NA	NA	NA	NA	NA	NA
480	480	240	1200	0.50	union	anytime	0.60	0.35	0.40	0.25	small real effect	2000	neither_passes	1818	0.90900000	0.00643114	1188.102	$98.61-$103.36	$99.60-$104.40 (cap $360.00)	0.0092	0.0918	0.1152	0.1398	0.1635	0.1812	0.1998	-0.1692	-0.0726	-0.0432	-0.0099	0.0214	0.0496	0.1606	0.2080	0.2954	0.3197	0.3468	0.3710	0.3916	0.4629
480	480	240	1200	0.50	union	anytime	0.60	0.35	0.40	0.25	small real effect	2000	both_pass	0	0.00000000	0.00000000	1188.102	$98.61-$103.36	$99.60-$104.40 (cap $360.00)	NA	NA	NA	NA	NA	NA	NA	NA	NA	NA	NA	NA	NA	NA	NA	NA	NA	NA	NA	NA	NA
480	480	240	1200	0.50	direct	anytime	0.60	0.35	0.40	0.25	small real effect	2000	fp_passes_fn_fails	160	0.08000000	0.00606630	1187.665	$98.58-$103.33	$99.60-$104.40 (cap $360.00)	0.2000	0.2027	0.2059	0.2140	0.2252	0.2361	0.2594	-0.0464	0.0326	0.0577	0.0830	0.1177	0.1410	0.1843	0.3810	0.3973	0.4083	0.4208	0.4393	0.4512	0.4749
480	480	240	1200	0.50	direct	anytime	0.60	0.35	0.40	0.25	small real effect	2000	fn_passes_fp_fails	9	0.00450000	0.00149662	1187.665	$98.58-$103.33	$99.60-$104.40 (cap $360.00)	0.1433	0.1458	0.1652	0.1805	0.1814	0.1874	0.1949	0.2028	0.2046	0.2063	0.2093	0.2147	0.2222	0.2224	0.3473	0.3541	0.3597	0.3758	0.3901	0.4230	0.4364
480	480	240	1200	0.50	direct	anytime	0.60	0.35	0.40	0.25	small real effect	2000	neither_passes	1809	0.90450000	0.00657190	1187.665	$98.58-$103.33	$99.60-$104.40 (cap $360.00)	0.0092	0.0915	0.1151	0.1397	0.1634	0.1811	0.1998	-0.1152	-0.0174	0.0161	0.0526	0.0878	0.1209	0.1970	0.2080	0.2952	0.3196	0.3467	0.3709	0.3915	0.4629
480	480	240	1200	0.50	direct	anytime	0.60	0.35	0.40	0.25	small real effect	2000	both_pass	0	0.00000000	0.00000000	1187.665	$98.58-$103.33	$99.60-$104.40 (cap $360.00)	NA	NA	NA	NA	NA	NA	NA	NA	NA	NA	NA	NA	NA	NA	NA	NA	NA	NA	NA	NA	NA
400	400	400	1200	1.00	union	anytime	0.60	0.35	0.40	0.25	small real effect	2000	fp_passes_fn_fails	125	0.06250000	0.00541266	1192.148	$98.95-$103.72	$99.60-$104.40 (cap $360.00)	0.2000	0.2017	0.2053	0.2109	0.2239	0.2370	0.2744	-0.0249	0.0090	0.0275	0.0543	0.0768	0.1044	0.1674	0.3937	0.4128	0.4241	0.4394	0.4507	0.4690	0.5181
400	400	400	1200	1.00	union	anytime	0.60	0.35	0.40	0.25	small real effect	2000	fn_passes_fp_fails	0	0.00000000	0.00000000	1192.148	$98.95-$103.72	$99.60-$104.40 (cap $360.00)	NA	NA	NA	NA	NA	NA	NA	NA	NA	NA	NA	NA	NA	NA	NA	NA	NA	NA	NA	NA	NA
400	400	400	1200	1.00	union	anytime	0.60	0.35	0.40	0.25	small real effect	2000	neither_passes	1860	0.93000000	0.00570526	1192.148	$98.95-$103.72	$99.60-$104.40 (cap $360.00)	0.0008	0.0819	0.1068	0.1338	0.1611	0.1812	0.2000	-0.1409	-0.0513	-0.0229	0.0065	0.0352	0.0615	0.1425	0.2277	0.3024	0.3303	0.3579	0.3846	0.4070	0.4775
400	400	400	1200	1.00	union	anytime	0.60	0.35	0.40	0.25	small real effect	2000	both_pass	0	0.00000000	0.00000000	1192.148	$98.95-$103.72	$99.60-$104.40 (cap $360.00)	NA	NA	NA	NA	NA	NA	NA	NA	NA	NA	NA	NA	NA	NA	NA	NA	NA	NA	NA	NA	NA
400	400	400	1200	1.00	direct	anytime	0.60	0.35	0.40	0.25	small real effect	2000	fp_passes_fn_fails	121	0.06050000	0.00533103	1190.451	$98.81-$103.57	$99.60-$104.40 (cap $360.00)	0.2000	0.2015	0.2053	0.2108	0.2235	0.2375	0.2744	0.0526	0.0792	0.1002	0.1258	0.1437	0.1631	0.1942	0.3937	0.4133	0.4241	0.4394	0.4511	0.4700	0.5181
400	400	400	1200	1.00	direct	anytime	0.60	0.35	0.40	0.25	small real effect	2000	fn_passes_fp_fails	1	0.00050000	0.00049987	1190.451	$98.81-$103.57	$99.60-$104.40 (cap $360.00)	0.1531	0.1531	0.1531	0.1531	0.1531	0.1531	0.1531	0.2017	0.2017	0.2017	0.2017	0.2017	0.2017	0.2017	0.3685	0.3685	0.3685	0.3685	0.3685	0.3685	0.3685
400	400	400	1200	1.00	direct	anytime	0.60	0.35	0.40	0.25	small real effect	2000	neither_passes	1859	0.92950000	0.00572406	1190.451	$98.81-$103.57	$99.60-$104.40 (cap $360.00)	0.0008	0.0819	0.1068	0.1337	0.1611	0.1812	0.2000	-0.0706	0.0259	0.0526	0.0814	0.1095	0.1335	0.1920	0.2277	0.3024	0.3303	0.3579	0.3846	0.4070	0.4775
400	400	400	1200	1.00	direct	anytime	0.60	0.35	0.40	0.25	small real effect	2000	both_pass	0	0.00000000	0.00000000	1190.451	$98.81-$103.57	$99.60-$104.40 (cap $360.00)	NA	NA	NA	NA	NA	NA	NA	NA	NA	NA	NA	NA	NA	NA	NA	NA	NA	NA	NA	NA	NA
300	300	600	1200	2.00	union	anytime	0.60	0.35	0.40	0.25	small real effect	2000	fp_passes_fn_fails	86	0.04300000	0.00453602	1191.108	$98.86-$103.63	$99.60-$104.40 (cap $360.00)	0.2002	0.2037	0.2070	0.2178	0.2310	0.2414	0.2744	-0.0560	-0.0002	0.0323	0.0630	0.0893	0.1153	0.1441	0.4153	0.4318	0.4519	0.4677	0.4862	0.5026	0.5187
300	300	600	1200	2.00	union	anytime	0.60	0.35	0.40	0.25	small real effect	2000	fn_passes_fp_fails	0	0.00000000	0.00000000	1191.108	$98.86-$103.63	$99.60-$104.40 (cap $360.00)	NA	NA	NA	NA	NA	NA	NA	NA	NA	NA	NA	NA	NA	NA	NA	NA	NA	NA	NA	NA	NA
300	300	600	1200	2.00	union	anytime	0.60	0.35	0.40	0.25	small real effect	2000	neither_passes	1898	0.94900000	0.00491930	1191.108	$98.86-$103.63	$99.60-$104.40 (cap $360.00)	-0.0512	0.0581	0.0875	0.1198	0.1494	0.1719	0.1998	-0.1449	-0.0452	-0.0170	0.0110	0.0391	0.0638	0.1592	0.2144	0.3103	0.3372	0.3698	0.4015	0.4255	0.5038
300	300	600	1200	2.00	union	anytime	0.60	0.35	0.40	0.25	small real effect	2000	both_pass	0	0.00000000	0.00000000	1191.108	$98.86-$103.63	$99.60-$104.40 (cap $360.00)	NA	NA	NA	NA	NA	NA	NA	NA	NA	NA	NA	NA	NA	NA	NA	NA	NA	NA	NA	NA	NA
300	300	600	1200	2.00	direct	anytime	0.60	0.35	0.40	0.25	small real effect	2000	fp_passes_fn_fails	82	0.04100000	0.00443390	1189.374	$98.72-$103.48	$99.60-$104.40 (cap $360.00)	0.2002	0.2034	0.2070	0.2170	0.2309	0.2415	0.2744	0.0424	0.0877	0.1072	0.1313	0.1565	0.1761	0.1947	0.4153	0.4311	0.4510	0.4669	0.4862	0.5028	0.5187
300	300	600	1200	2.00	direct	anytime	0.60	0.35	0.40	0.25	small real effect	2000	fn_passes_fp_fails	1	0.00050000	0.00049987	1189.374	$98.72-$103.48	$99.60-$104.40 (cap $360.00)	0.1801	0.1801	0.1801	0.1801	0.1801	0.1801	0.1801	0.2102	0.2102	0.2102	0.2102	0.2102	0.2102	0.2102	0.4520	0.4520	0.4520	0.4520	0.4520	0.4520	0.4520
300	300	600	1200	2.00	direct	anytime	0.60	0.35	0.40	0.25	small real effect	2000	neither_passes	1896	0.94800000	0.00496468	1189.374	$98.72-$103.48	$99.60-$104.40 (cap $360.00)	-0.0512	0.0581	0.0874	0.1197	0.1494	0.1715	0.1998	-0.0545	0.0379	0.0628	0.0888	0.1145	0.1357	0.1996	0.2144	0.3103	0.3372	0.3697	0.4015	0.4254	0.5038
300	300	600	1200	2.00	direct	anytime	0.60	0.35	0.40	0.25	small real effect	2000	both_pass	0	0.00000000	0.00000000	1189.374	$98.72-$103.48	$99.60-$104.40 (cap $360.00)	NA	NA	NA	NA	NA	NA	NA	NA	NA	NA	NA	NA	NA	NA	NA	NA	NA	NA	NA	NA	NA
120	120	60	300	0.50	union	anytime	0.65	0.35	0.40	0.30	real effect	2000	fp_passes_fn_fails	173	0.08650000	0.00628561	299.060	$24.82-$26.02	$24.90-$26.10 (cap $90.00)	0.2000	0.2029	0.2087	0.2220	0.2389	0.2588	0.3050	-0.3141	-0.1531	-0.1146	-0.0546	-0.0114	0.0341	0.1357	0.4971	0.5348	0.5518	0.5723	0.5909	0.6139	0.6841
120	120	60	300	0.50	union	anytime	0.65	0.35	0.40	0.30	real effect	2000	fn_passes_fp_fails	0	0.00000000	0.00000000	299.060	$24.82-$26.02	$24.90-$26.10 (cap $90.00)	NA	NA	NA	NA	NA	NA	NA	NA	NA	NA	NA	NA	NA	NA	NA	NA	NA	NA	NA	NA	NA
120	120	60	300	0.50	union	anytime	0.65	0.35	0.40	0.30	real effect	2000	neither_passes	1820	0.91000000	0.00639922	299.060	$24.82-$26.02	$24.90-$26.10 (cap $90.00)	-0.1511	0.0101	0.0561	0.1010	0.1427	0.1713	0.2000	-0.4130	-0.2327	-0.1818	-0.1232	-0.0627	-0.0152	0.1663	0.2339	0.3796	0.4228	0.4669	0.5083	0.5384	0.6456
120	120	60	300	0.50	union	anytime	0.65	0.35	0.40	0.30	real effect	2000	both_pass	0	0.00000000	0.00000000	299.060	$24.82-$26.02	$24.90-$26.10 (cap $90.00)	NA	NA	NA	NA	NA	NA	NA	NA	NA	NA	NA	NA	NA	NA	NA	NA	NA	NA	NA	NA	NA
120	120	60	300	0.50	direct	anytime	0.65	0.35	0.40	0.30	real effect	2000	fp_passes_fn_fails	170	0.08500000	0.00623598	298.918	$24.81-$26.01	$24.90-$26.10 (cap $90.00)	0.2000	0.2029	0.2084	0.2225	0.2393	0.2590	0.3050	-0.1913	-0.0822	-0.0380	0.0281	0.0832	0.1310	0.1916	0.4971	0.5343	0.5518	0.5721	0.5904	0.6144	0.6841
120	120	60	300	0.50	direct	anytime	0.65	0.35	0.40	0.30	real effect	2000	fn_passes_fp_fails	11	0.00550000	0.00165375	298.918	$24.81-$26.01	$24.90-$26.10 (cap $90.00)	0.0614	0.0716	0.1166	0.1614	0.1836	0.1864	0.1993	0.2071	0.2100	0.2117	0.2202	0.2370	0.2478	0.2714	0.4290	0.4508	0.4918	0.5103	0.5205	0.5320	0.5801
120	120	60	300	0.50	direct	anytime	0.65	0.35	0.40	0.30	real effect	2000	neither_passes	1807	0.90350000	0.00660257	298.918	$24.81-$26.01	$24.90-$26.10 (cap $90.00)	-0.1511	0.0099	0.0557	0.1008	0.1417	0.1708	0.2000	-0.3397	-0.1538	-0.0919	-0.0258	0.0345	0.0923	0.1988	0.2339	0.3794	0.4222	0.4666	0.5080	0.5382	0.6456
120	120	60	300	0.50	direct	anytime	0.65	0.35	0.40	0.30	real effect	2000	both_pass	0	0.00000000	0.00000000	298.918	$24.81-$26.01	$24.90-$26.10 (cap $90.00)	NA	NA	NA	NA	NA	NA	NA	NA	NA	NA	NA	NA	NA	NA	NA	NA	NA	NA	NA	NA	NA
100	100	100	300	1.00	union	anytime	0.65	0.35	0.40	0.30	real effect	2000	fp_passes_fn_fails	141	0.07050000	0.00572406	298.983	$24.82-$26.01	$24.90-$26.10 (cap $90.00)	0.2004	0.2032	0.2095	0.2274	0.2456	0.2679	0.3455	-0.1431	-0.1084	-0.0687	-0.0196	0.0342	0.0752	0.1586	0.5147	0.5602	0.5742	0.6025	0.6259	0.6596	0.7451
100	100	100	300	1.00	union	anytime	0.65	0.35	0.40	0.30	real effect	2000	fn_passes_fp_fails	0	0.00000000	0.00000000	298.983	$24.82-$26.01	$24.90-$26.10 (cap $90.00)	NA	NA	NA	NA	NA	NA	NA	NA	NA	NA	NA	NA	NA	NA	NA	NA	NA	NA	NA	NA	NA
100	100	100	300	1.00	union	anytime	0.65	0.35	0.40	0.30	real effect	2000	neither_passes	1851	0.92550000	0.00587153	298.983	$24.82-$26.01	$24.90-$26.10 (cap $90.00)	-0.1743	-0.0081	0.0383	0.0869	0.1319	0.1663	0.1997	-0.3683	-0.1969	-0.1492	-0.0949	-0.0403	0.0067	0.1679	0.2364	0.3898	0.4362	0.4830	0.5279	0.5661	0.7016
100	100	100	300	1.00	union	anytime	0.65	0.35	0.40	0.30	real effect	2000	both_pass	0	0.00000000	0.00000000	298.983	$24.82-$26.01	$24.90-$26.10 (cap $90.00)	NA	NA	NA	NA	NA	NA	NA	NA	NA	NA	NA	NA	NA	NA	NA	NA	NA	NA	NA	NA	NA
100	100	100	300	1.00	direct	anytime	0.65	0.35	0.40	0.30	real effect	2000	fp_passes_fn_fails	121	0.06050000	0.00533103	297.623	$24.70-$25.89	$24.90-$26.10 (cap $90.00)	0.2004	0.2029	0.2092	0.2266	0.2455	0.2661	0.3110	-0.0255	0.0079	0.0509	0.0838	0.1262	0.1566	0.1936	0.5147	0.5520	0.5723	0.6025	0.6256	0.6581	0.7451
100	100	100	300	1.00	direct	anytime	0.65	0.35	0.40	0.30	real effect	2000	fn_passes_fp_fails	21	0.01050000	0.00227923	297.623	$24.70-$25.89	$24.90-$26.10 (cap $90.00)	0.0136	0.1047	0.1233	0.1463	0.1780	0.1969	0.1994	0.2024	0.2031	0.2037	0.2124	0.2203	0.2507	0.2812	0.4442	0.4910	0.5090	0.5432	0.5893	0.6170	0.6262
100	100	100	300	1.00	direct	anytime	0.65	0.35	0.40	0.30	real effect	2000	neither_passes	1826	0.91300000	0.00630202	297.623	$24.70-$25.89	$24.90-$26.10 (cap $90.00)	-0.1743	-0.0093	0.0373	0.0864	0.1303	0.1646	0.1997	-0.2346	-0.0664	-0.0219	0.0309	0.0816	0.1235	0.1997	0.2364	0.3892	0.4349	0.4819	0.5269	0.5650	0.7016
100	100	100	300	1.00	direct	anytime	0.65	0.35	0.40	0.30	real effect	2000	both_pass	0	0.00000000	0.00000000	297.623	$24.70-$25.89	$24.90-$26.10 (cap $90.00)	NA	NA	NA	NA	NA	NA	NA	NA	NA	NA	NA	NA	NA	NA	NA	NA	NA	NA	NA	NA	NA
75	75	150	300	2.00	union	anytime	0.65	0.35	0.40	0.30	real effect	2000	fp_passes_fn_fails	109	0.05450000	0.00507591	298.952	$24.81-$26.01	$24.90-$26.10 (cap $90.00)	0.2000	0.2039	0.2110	0.2271	0.2506	0.2782	0.3211	-0.1865	-0.0701	-0.0379	0.0025	0.0496	0.0830	0.1436	0.5615	0.5996	0.6298	0.6514	0.6843	0.7056	0.7622
75	75	150	300	2.00	union	anytime	0.65	0.35	0.40	0.30	real effect	2000	fn_passes_fp_fails	0	0.00000000	0.00000000	298.952	$24.81-$26.01	$24.90-$26.10 (cap $90.00)	NA	NA	NA	NA	NA	NA	NA	NA	NA	NA	NA	NA	NA	NA	NA	NA	NA	NA	NA	NA	NA
75	75	150	300	2.00	union	anytime	0.65	0.35	0.40	0.30	real effect	2000	neither_passes	1880	0.94000000	0.00531037	298.952	$24.81-$26.01	$24.90-$26.10 (cap $90.00)	-0.2476	-0.0635	-0.0025	0.0544	0.1069	0.1504	0.1992	-0.3690	-0.1962	-0.1435	-0.0872	-0.0363	0.0102	0.1722	0.2458	0.3967	0.4490	0.5012	0.5559	0.6031	0.7103
75	75	150	300	2.00	union	anytime	0.65	0.35	0.40	0.30	real effect	2000	both_pass	0	0.00000000	0.00000000	298.952	$24.81-$26.01	$24.90-$26.10 (cap $90.00)	NA	NA	NA	NA	NA	NA	NA	NA	NA	NA	NA	NA	NA	NA	NA	NA	NA	NA	NA	NA	NA
75	75	150	300	2.00	direct	anytime	0.65	0.35	0.40	0.30	real effect	2000	fp_passes_fn_fails	94	0.04700000	0.00473239	298.170	$24.75-$25.94	$24.90-$26.10 (cap $90.00)	0.2000	0.2038	0.2088	0.2264	0.2458	0.2669	0.3035	-0.0554	0.0376	0.0681	0.1081	0.1446	0.1735	0.1931	0.5615	0.5979	0.6262	0.6480	0.6764	0.7012	0.7622
75	75	150	300	2.00	direct	anytime	0.65	0.35	0.40	0.30	real effect	2000	fn_passes_fp_fails	9	0.00450000	0.00149662	298.170	$24.75-$25.94	$24.90-$26.10 (cap $90.00)	0.0462	0.0552	0.1092	0.1452	0.1687	0.1798	0.1867	0.2086	0.2092	0.2123	0.2147	0.2229	0.2292	0.2430	0.4894	0.5218	0.5327	0.5511	0.5926	0.6394	0.6674
75	75	150	300	2.00	direct	anytime	0.65	0.35	0.40	0.30	real effect	2000	neither_passes	1867	0.93350000	0.00557125	298.170	$24.75-$25.94	$24.90-$26.10 (cap $90.00)	-0.2476	-0.0637	-0.0026	0.0539	0.1060	0.1489	0.1992	-0.2247	-0.0611	-0.0123	0.0362	0.0818	0.1225	0.1960	0.2458	0.3965	0.4487	0.5010	0.5550	0.6025	0.7103
75	75	150	300	2.00	direct	anytime	0.65	0.35	0.40	0.30	real effect	2000	both_pass	0	0.00000000	0.00000000	298.170	$24.75-$25.94	$24.90-$26.10 (cap $90.00)	NA	NA	NA	NA	NA	NA	NA	NA	NA	NA	NA	NA	NA	NA	NA	NA	NA	NA	NA	NA	NA
480	480	240	1200	0.50	union	anytime	0.65	0.35	0.40	0.30	real effect	2000	fp_passes_fn_fails	946	0.47300000	0.01116403	1198.065	$99.44-$104.23	$99.60-$104.40 (cap $360.00)	0.2000	0.2039	0.2105	0.2247	0.2402	0.2594	0.3040	-0.0624	0.0005	0.0345	0.0647	0.0965	0.1244	0.1964	0.3610	0.4005	0.4126	0.4281	0.4480	0.4683	0.5195
480	480	240	1200	0.50	union	anytime	0.65	0.35	0.40	0.30	real effect	2000	fn_passes_fp_fails	1	0.00050000	0.00049987	1198.065	$99.44-$104.23	$99.60-$104.40 (cap $360.00)	0.1774	0.1774	0.1774	0.1774	0.1774	0.1774	0.1774	0.2107	0.2107	0.2107	0.2107	0.2107	0.2107	0.2107	0.3860	0.3860	0.3860	0.3860	0.3860	0.3860	0.3860
480	480	240	1200	0.50	union	anytime	0.65	0.35	0.40	0.30	real effect	2000	neither_passes	1047	0.52350000	0.01116798	1198.065	$99.44-$104.23	$99.60-$104.40 (cap $360.00)	0.0682	0.1325	0.1527	0.1738	0.1874	0.1952	0.1999	-0.1365	-0.0298	0.0003	0.0291	0.0621	0.0873	0.1795	0.2746	0.3347	0.3563	0.3765	0.3946	0.4075	0.4626
480	480	240	1200	0.50	union	anytime	0.65	0.35	0.40	0.30	real effect	2000	both_pass	0	0.00000000	0.00000000	1198.065	$99.44-$104.23	$99.60-$104.40 (cap $360.00)	NA	NA	NA	NA	NA	NA	NA	NA	NA	NA	NA	NA	NA	NA	NA	NA	NA	NA	NA	NA	NA
480	480	240	1200	0.50	direct	anytime	0.65	0.35	0.40	0.30	real effect	2000	fp_passes_fn_fails	857	0.42850000	0.01106544	1176.014	$97.61-$102.31	$99.60-$104.40 (cap $360.00)	0.2000	0.2036	0.2101	0.2239	0.2385	0.2569	0.3040	-0.0256	0.0548	0.0849	0.1165	0.1480	0.1696	0.1978	0.3610	0.4003	0.4118	0.4272	0.4459	0.4672	0.5195
480	480	240	1200	0.50	direct	anytime	0.65	0.35	0.40	0.30	real effect	2000	fn_passes_fp_fails	15	0.00750000	0.00192922	1176.014	$97.61-$102.31	$99.60-$104.40 (cap $360.00)	0.1335	0.1348	0.1585	0.1807	0.1867	0.1958	0.1996	0.2007	0.2027	0.2048	0.2108	0.2236	0.2342	0.2347	0.3239	0.3388	0.3674	0.3860	0.4036	0.4187	0.4291
480	480	240	1200	0.50	direct	anytime	0.65	0.35	0.40	0.30	real effect	2000	neither_passes	1032	0.51600000	0.01117461	1176.014	$97.61-$102.31	$99.60-$104.40 (cap $360.00)	0.0682	0.1323	0.1527	0.1737	0.1874	0.1952	0.1999	-0.0808	0.0240	0.0569	0.0938	0.1248	0.1522	0.1990	0.2746	0.3346	0.3562	0.3761	0.3945	0.4074	0.4626
480	480	240	1200	0.50	direct	anytime	0.65	0.35	0.40	0.30	real effect	2000	both_pass	0	0.00000000	0.00000000	1176.014	$97.61-$102.31	$99.60-$104.40 (cap $360.00)	NA	NA	NA	NA	NA	NA	NA	NA	NA	NA	NA	NA	NA	NA	NA	NA	NA	NA	NA	NA	NA
400	400	400	1200	1.00	union	anytime	0.65	0.35	0.40	0.30	real effect	2000	fp_passes_fn_fails	754	0.37700000	0.01083677	1195.962	$99.26-$104.05	$99.60-$104.40 (cap $360.00)	0.2000	0.2039	0.2105	0.2243	0.2425	0.2613	0.3370	-0.0323	0.0310	0.0553	0.0836	0.1106	0.1343	0.1959	0.3746	0.4152	0.4274	0.4447	0.4673	0.4846	0.5413
400	400	400	1200	1.00	union	anytime	0.65	0.35	0.40	0.30	real effect	2000	fn_passes_fp_fails	0	0.00000000	0.00000000	1195.962	$99.26-$104.05	$99.60-$104.40 (cap $360.00)	NA	NA	NA	NA	NA	NA	NA	NA	NA	NA	NA	NA	NA	NA	NA	NA	NA	NA	NA	NA	NA
400	400	400	1200	1.00	union	anytime	0.65	0.35	0.40	0.30	real effect	2000	neither_passes	1237	0.61850000	0.01086181	1195.962	$99.26-$104.05	$99.60-$104.40 (cap $360.00)	0.0355	0.1237	0.1461	0.1661	0.1837	0.1935	0.2000	-0.0873	-0.0044	0.0190	0.0468	0.0729	0.0976	0.1780	0.2688	0.3408	0.3623	0.3850	0.4037	0.4188	0.5059
400	400	400	1200	1.00	union	anytime	0.65	0.35	0.40	0.30	real effect	2000	both_pass	0	0.00000000	0.00000000	1195.962	$99.26-$104.05	$99.60-$104.40 (cap $360.00)	NA	NA	NA	NA	NA	NA	NA	NA	NA	NA	NA	NA	NA	NA	NA	NA	NA	NA	NA	NA	NA
400	400	400	1200	1.00	direct	anytime	0.65	0.35	0.40	0.30	real effect	2000	fp_passes_fn_fails	615	0.30750000	0.01031852	1158.116	$96.12-$100.76	$99.60-$104.40 (cap $360.00)	0.2001	0.2038	0.2092	0.2217	0.2392	0.2567	0.2983	0.0385	0.1038	0.1230	0.1465	0.1672	0.1811	0.1982	0.3746	0.4140	0.4260	0.4427	0.4631	0.4802	0.5306
400	400	400	1200	1.00	direct	anytime	0.65	0.35	0.40	0.30	real effect	2000	fn_passes_fp_fails	18	0.00900000	0.00211175	1158.116	$96.12-$100.76	$99.60-$104.40 (cap $360.00)	0.1344	0.1376	0.1535	0.1801	0.1916	0.1954	0.1968	0.2005	0.2011	0.2036	0.2060	0.2132	0.2252	0.2353	0.3525	0.3692	0.3817	0.4010	0.4084	0.4140	0.4330
400	400	400	1200	1.00	direct	anytime	0.65	0.35	0.40	0.30	real effect	2000	neither_passes	1211	0.60550000	0.01092863	1158.116	$96.12-$100.76	$99.60-$104.40 (cap $360.00)	0.0355	0.1232	0.1458	0.1657	0.1830	0.1930	0.2000	-0.0142	0.0726	0.0949	0.1208	0.1447	0.1651	0.1999	0.2688	0.3404	0.3620	0.3848	0.4033	0.4181	0.4775
400	400	400	1200	1.00	direct	anytime	0.65	0.35	0.40	0.30	real effect	2000	both_pass	0	0.00000000	0.00000000	1158.116	$96.12-$100.76	$99.60-$104.40 (cap $360.00)	NA	NA	NA	NA	NA	NA	NA	NA	NA	NA	NA	NA	NA	NA	NA	NA	NA	NA	NA	NA	NA
300	300	600	1200	2.00	union	anytime	0.65	0.35	0.40	0.30	real effect	2000	fp_passes_fn_fails	546	0.27300000	0.00996170	1195.442	$99.22-$104.00	$99.60-$104.40 (cap $360.00)	0.2000	0.2037	0.2106	0.2235	0.2397	0.2610	0.3230	-0.0350	0.0446	0.0659	0.0926	0.1185	0.1405	0.1894	0.4149	0.4372	0.4532	0.4708	0.4917	0.5182	0.5809
300	300	600	1200	2.00	union	anytime	0.65	0.35	0.40	0.30	real effect	2000	fn_passes_fp_fails	0	0.00000000	0.00000000	1195.442	$99.22-$104.00	$99.60-$104.40 (cap $360.00)	NA	NA	NA	NA	NA	NA	NA	NA	NA	NA	NA	NA	NA	NA	NA	NA	NA	NA	NA	NA	NA
300	300	600	1200	2.00	union	anytime	0.65	0.35	0.40	0.30	real effect	2000	neither_passes	1446	0.72300000	0.01000677	1195.442	$99.22-$104.00	$99.60-$104.40 (cap $360.00)	0.0532	0.1047	0.1283	0.1558	0.1773	0.1906	0.1999	-0.0817	-0.0013	0.0240	0.0516	0.0802	0.1025	0.1792	0.2864	0.3495	0.3746	0.4014	0.4255	0.4446	0.5396
300	300	600	1200	2.00	union	anytime	0.65	0.35	0.40	0.30	real effect	2000	both_pass	0	0.00000000	0.00000000	1195.442	$99.22-$104.00	$99.60-$104.40 (cap $360.00)	NA	NA	NA	NA	NA	NA	NA	NA	NA	NA	NA	NA	NA	NA	NA	NA	NA	NA	NA	NA	NA
300	300	600	1200	2.00	direct	anytime	0.65	0.35	0.40	0.30	real effect	2000	fp_passes_fn_fails	425	0.21250000	0.00914723	1162.190	$96.46-$101.11	$99.60-$104.40 (cap $360.00)	0.2000	0.2032	0.2091	0.2198	0.2361	0.2555	0.3025	0.0758	0.1201	0.1394	0.1587	0.1743	0.1865	0.1994	0.4149	0.4356	0.4507	0.4675	0.4852	0.5115	0.5557
300	300	600	1200	2.00	direct	anytime	0.65	0.35	0.40	0.30	real effect	2000	fn_passes_fp_fails	37	0.01850000	0.00301312	1162.190	$96.46-$101.11	$99.60-$104.40 (cap $360.00)	0.1200	0.1409	0.1619	0.1710	0.1857	0.1909	0.1938	0.2006	0.2033	0.2059	0.2101	0.2139	0.2227	0.2401	0.3664	0.3903	0.3973	0.4143	0.4357	0.4521	0.4654
300	300	600	1200	2.00	direct	anytime	0.65	0.35	0.40	0.30	real effect	2000	neither_passes	1400	0.70000000	0.01024695	1162.190	$96.46-$101.11	$99.60-$104.40 (cap $360.00)	0.0532	0.1036	0.1271	0.1547	0.1769	0.1898	0.1999	0.0075	0.0830	0.1043	0.1278	0.1502	0.1716	0.1993	0.2864	0.3492	0.3736	0.4005	0.4250	0.4440	0.5396
300	300	600	1200	2.00	direct	anytime	0.65	0.35	0.40	0.30	real effect	2000	both_pass	0	0.00000000	0.00000000	1162.190	$96.46-$101.11	$99.60-$104.40 (cap $360.00)	NA	NA	NA	NA	NA	NA	NA	NA	NA	NA	NA	NA	NA	NA	NA	NA	NA	NA	NA	NA	NA
120	120	60	300	0.50	union	anytime	0.75	0.35	0.40	0.40	real effect	2000	fp_passes_fn_fails	1162	0.58100000	0.01103266	299.051	$24.82-$26.02	$24.90-$26.10 (cap $90.00)	0.2002	0.2106	0.2264	0.2505	0.2843	0.3202	0.4351	-0.2750	-0.0902	-0.0367	0.0172	0.0738	0.1143	0.1977	0.4804	0.5431	0.5669	0.5978	0.6336	0.6648	0.7667
120	120	60	300	0.50	union	anytime	0.75	0.35	0.40	0.40	real effect	2000	fn_passes_fp_fails	2	0.00100000	0.00070675	299.051	$24.82-$26.02	$24.90-$26.10 (cap $90.00)	0.1121	0.1184	0.1280	0.1439	0.1598	0.1693	0.1756	0.2439	0.2445	0.2454	0.2468	0.2483	0.2491	0.2497	0.4625	0.4652	0.4694	0.4763	0.4832	0.4873	0.4901
120	120	60	300	0.50	union	anytime	0.75	0.35	0.40	0.40	real effect	2000	neither_passes	814	0.40700000	0.01098524	299.051	$24.82-$26.02	$24.90-$26.10 (cap $90.00)	-0.0172	0.0943	0.1290	0.1594	0.1809	0.1921	0.1999	-0.2855	-0.1474	-0.0953	-0.0405	0.0183	0.0672	0.1765	0.3495	0.4467	0.4774	0.5093	0.5395	0.5639	0.6449
120	120	60	300	0.50	union	anytime	0.75	0.35	0.40	0.40	real effect	2000	both_pass	0	0.00000000	0.00000000	299.051	$24.82-$26.02	$24.90-$26.10 (cap $90.00)	NA	NA	NA	NA	NA	NA	NA	NA	NA	NA	NA	NA	NA	NA	NA	NA	NA	NA	NA	NA	NA
120	120	60	300	0.50	direct	anytime	0.75	0.35	0.40	0.40	real effect	2000	fp_passes_fn_fails	967	0.48350000	0.01117425	290.399	$24.10-$25.26	$24.90-$26.10 (cap $90.00)	0.2002	0.2095	0.2232	0.2466	0.2793	0.3119	0.4351	-0.2195	-0.0156	0.0406	0.0916	0.1351	0.1656	0.1975	0.4804	0.5402	0.5646	0.5951	0.6294	0.6604	0.7320
120	120	60	300	0.50	direct	anytime	0.75	0.35	0.40	0.40	real effect	2000	fn_passes_fp_fails	40	0.02000000	0.00313050	290.399	$24.10-$25.26	$24.90-$26.10 (cap $90.00)	0.0363	0.1159	0.1443	0.1637	0.1828	0.1900	0.1991	0.2011	0.2076	0.2165	0.2288	0.2393	0.2632	0.3203	0.3495	0.4493	0.4789	0.5148	0.5353	0.5699	0.5971
120	120	60	300	0.50	direct	anytime	0.75	0.35	0.40	0.40	real effect	2000	neither_passes	764	0.38200000	0.01086453	290.399	$24.10-$25.26	$24.90-$26.10 (cap $90.00)	-0.0172	0.0939	0.1267	0.1585	0.1797	0.1916	0.1999	-0.2501	-0.0611	-0.0095	0.0541	0.1081	0.1505	0.1995	0.3607	0.4464	0.4771	0.5087	0.5394	0.5636	0.6449
120	120	60	300	0.50	direct	anytime	0.75	0.35	0.40	0.40	real effect	2000	both_pass	0	0.00000000	0.00000000	290.399	$24.10-$25.26	$24.90-$26.10 (cap $90.00)	NA	NA	NA	NA	NA	NA	NA	NA	NA	NA	NA	NA	NA	NA	NA	NA	NA	NA	NA	NA	NA
100	100	100	300	1.00	union	anytime	0.75	0.35	0.40	0.40	real effect	2000	fp_passes_fn_fails	904	0.45200000	0.01112870	298.362	$24.76-$25.96	$24.90-$26.10 (cap $90.00)	0.2001	0.2084	0.2212	0.2488	0.2840	0.3179	0.4054	-0.2026	-0.0388	0.0086	0.0574	0.1017	0.1351	0.1956	0.4777	0.5625	0.5874	0.6215	0.6588	0.6891	0.7700
100	100	100	300	1.00	union	anytime	0.75	0.35	0.40	0.40	real effect	2000	fn_passes_fp_fails	4	0.00200000	0.00099900	298.362	$24.76-$25.96	$24.90-$26.10 (cap $90.00)	0.0466	0.0716	0.1091	0.1500	0.1716	0.1743	0.1761	0.2005	0.2048	0.2112	0.2183	0.2271	0.2364	0.2427	0.4367	0.4598	0.4945	0.5251	0.5445	0.5588	0.5684
100	100	100	300	1.00	union	anytime	0.75	0.35	0.40	0.40	real effect	2000	neither_passes	1062	0.53100000	0.01115883	298.362	$24.76-$25.96	$24.90-$26.10 (cap $90.00)	-0.0626	0.0762	0.1150	0.1495	0.1757	0.1898	0.2000	-0.2889	-0.1012	-0.0553	-0.0029	0.0479	0.0915	0.1911	0.3364	0.4574	0.4909	0.5313	0.5655	0.5934	0.7020
100	100	100	300	1.00	union	anytime	0.75	0.35	0.40	0.40	real effect	2000	both_pass	0	0.00000000	0.00000000	298.362	$24.76-$25.96	$24.90-$26.10 (cap $90.00)	NA	NA	NA	NA	NA	NA	NA	NA	NA	NA	NA	NA	NA	NA	NA	NA	NA	NA	NA	NA	NA
100	100	100	300	1.00	direct	anytime	0.75	0.35	0.40	0.40	real effect	2000	fp_passes_fn_fails	522	0.26100000	0.00982036	279.549	$23.20-$24.32	$24.90-$26.10 (cap $90.00)	0.2004	0.2060	0.2168	0.2420	0.2688	0.3041	0.4054	-0.0696	0.0644	0.1062	0.1400	0.1646	0.1813	0.1988	0.4937	0.5574	0.5808	0.6152	0.6448	0.6793	0.7641
100	100	100	300	1.00	direct	anytime	0.75	0.35	0.40	0.40	real effect	2000	fn_passes_fp_fails	123	0.06150000	0.00537205	279.549	$23.20-$24.32	$24.90-$26.10 (cap $90.00)	0.0075	0.1122	0.1379	0.1606	0.1798	0.1894	0.1985	0.2000	0.2040	0.2074	0.2241	0.2448	0.2706	0.3465	0.4084	0.4758	0.5105	0.5400	0.5689	0.5949	0.6521
100	100	100	300	1.00	direct	anytime	0.75	0.35	0.40	0.40	real effect	2000	neither_passes	922	0.46100000	0.01114628	279.549	$23.20-$24.32	$24.90-$26.10 (cap $90.00)	-0.0626	0.0739	0.1105	0.1463	0.1733	0.1887	0.2000	-0.1632	0.0216	0.0631	0.1094	0.1496	0.1746	0.1999	0.3364	0.4565	0.4885	0.5288	0.5643	0.5920	0.7020
100	100	100	300	1.00	direct	anytime	0.75	0.35	0.40	0.40	real effect	2000	both_pass	0	0.00000000	0.00000000	279.549	$23.20-$24.32	$24.90-$26.10 (cap $90.00)	NA	NA	NA	NA	NA	NA	NA	NA	NA	NA	NA	NA	NA	NA	NA	NA	NA	NA	NA	NA	NA
75	75	150	300	2.00	union	anytime	0.75	0.35	0.40	0.40	real effect	2000	fp_passes_fn_fails	673	0.33650000	0.01056569	299.032	$24.82-$26.02	$24.90-$26.10 (cap $90.00)	0.2004	0.2076	0.2185	0.2415	0.2714	0.3078	0.4216	-0.1066	-0.0141	0.0249	0.0711	0.1154	0.1473	0.1993	0.5187	0.6012	0.6333	0.6619	0.6938	0.7283	0.8322
75	75	150	300	2.00	union	anytime	0.75	0.35	0.40	0.40	real effect	2000	fn_passes_fp_fails	3	0.00150000	0.00086538	299.032	$24.82-$26.02	$24.90-$26.10 (cap $90.00)	0.1436	0.1445	0.1459	0.1483	0.1619	0.1701	0.1755	0.2031	0.2034	0.2039	0.2048	0.2091	0.2116	0.2133	0.5433	0.5546	0.5716	0.5998	0.6008	0.6014	0.6018
75	75	150	300	2.00	union	anytime	0.75	0.35	0.40	0.40	real effect	2000	neither_passes	1294	0.64700000	0.01068623	299.032	$24.82-$26.02	$24.90-$26.10 (cap $90.00)	-0.1377	0.0360	0.0795	0.1238	0.1619	0.1834	0.1998	-0.2644	-0.0916	-0.0439	0.0047	0.0506	0.0965	0.1947	0.3305	0.4730	0.5175	0.5599	0.5992	0.6329	0.7362
75	75	150	300	2.00	union	anytime	0.75	0.35	0.40	0.40	real effect	2000	both_pass	0	0.00000000	0.00000000	299.032	$24.82-$26.02	$24.90-$26.10 (cap $90.00)	NA	NA	NA	NA	NA	NA	NA	NA	NA	NA	NA	NA	NA	NA	NA	NA	NA	NA	NA	NA	NA
75	75	150	300	2.00	direct	anytime	0.75	0.35	0.40	0.40	real effect	2000	fp_passes_fn_fails	346	0.17300000	0.00845787	284.498	$23.61-$24.75	$24.90-$26.10 (cap $90.00)	0.2004	0.2063	0.2154	0.2371	0.2612	0.2879	0.4018	-0.0001	0.0906	0.1183	0.1449	0.1655	0.1854	0.1999	0.5187	0.5989	0.6315	0.6581	0.6847	0.7195	0.7881
75	75	150	300	2.00	direct	anytime	0.75	0.35	0.40	0.40	real effect	2000	fn_passes_fp_fails	139	0.06950000	0.00568638	284.498	$23.61-$24.75	$24.90-$26.10 (cap $90.00)	0.0111	0.0882	0.1246	0.1485	0.1726	0.1875	0.1996	0.2000	0.2054	0.2110	0.2254	0.2429	0.2651	0.3383	0.4516	0.5137	0.5406	0.5761	0.6067	0.6525	0.7125
75	75	150	300	2.00	direct	anytime	0.75	0.35	0.40	0.40	real effect	2000	neither_passes	1124	0.56200000	0.01109405	284.498	$23.61-$24.75	$24.90-$26.10 (cap $90.00)	-0.1377	0.0319	0.0742	0.1176	0.1538	0.1794	0.1998	-0.0990	0.0333	0.0749	0.1155	0.1510	0.1739	0.1997	0.3305	0.4686	0.5136	0.5555	0.5966	0.6289	0.7362
75	75	150	300	2.00	direct	anytime	0.75	0.35	0.40	0.40	real effect	2000	both_pass	0	0.00000000	0.00000000	284.498	$23.61-$24.75	$24.90-$26.10 (cap $90.00)	NA	NA	NA	NA	NA	NA	NA	NA	NA	NA	NA	NA	NA	NA	NA	NA	NA	NA	NA	NA	NA
480	480	240	1200	0.50	union	anytime	0.75	0.35	0.40	0.40	real effect	2000	fp_passes_fn_fails	1644	0.82200000	0.00855324	1128.357	$93.65-$98.17	$99.60-$104.40 (cap $360.00)	0.2011	0.2510	0.2731	0.2985	0.3210	0.3420	0.4302	-0.0001	0.0841	0.1124	0.1415	0.1674	0.1841	0.1991	0.3807	0.4426	0.4646	0.4904	0.5167	0.5408	0.6311
480	480	240	1200	0.50	union	anytime	0.75	0.35	0.40	0.40	real effect	2000	fn_passes_fp_fails	0	0.00000000	0.00000000	1128.357	$93.65-$98.17	$99.60-$104.40 (cap $360.00)	NA	NA	NA	NA	NA	NA	NA	NA	NA	NA	NA	NA	NA	NA	NA	NA	NA	NA	NA	NA	NA
480	480	240	1200	0.50	union	anytime	0.75	0.35	0.40	0.40	real effect	2000	neither_passes	5	0.00250000	0.00111664	1128.357	$93.65-$98.17	$99.60-$104.40 (cap $360.00)	0.1839	0.1840	0.1841	0.1985	0.1985	0.1990	0.1994	0.0728	0.0765	0.0821	0.0864	0.0920	0.0922	0.0923	0.3611	0.3636	0.3673	0.3940	0.3988	0.4087	0.4153
480	480	240	1200	0.50	union	anytime	0.75	0.35	0.40	0.40	real effect	2000	both_pass	0	0.00000000	0.00000000	1128.357	$93.65-$98.17	$99.60-$104.40 (cap $360.00)	NA	NA	NA	NA	NA	NA	NA	NA	NA	NA	NA	NA	NA	NA	NA	NA	NA	NA	NA	NA	NA
480	480	240	1200	0.50	direct	anytime	0.75	0.35	0.40	0.40	real effect	2000	fp_passes_fn_fails	713	0.35650000	0.01070999	832.793	$69.12-$72.45	$99.60-$104.40 (cap $360.00)	0.2018	0.2428	0.2655	0.2922	0.3127	0.3314	0.3845	0.0530	0.1201	0.1464	0.1684	0.1834	0.1920	0.1998	0.3807	0.4374	0.4572	0.4849	0.5097	0.5357	0.6219
480	480	240	1200	0.50	direct	anytime	0.75	0.35	0.40	0.40	real effect	2000	fn_passes_fp_fails	0	0.00000000	0.00000000	832.793	$69.12-$72.45	$99.60-$104.40 (cap $360.00)	NA	NA	NA	NA	NA	NA	NA	NA	NA	NA	NA	NA	NA	NA	NA	NA	NA	NA	NA	NA	NA
480	480	240	1200	0.50	direct	anytime	0.75	0.35	0.40	0.40	real effect	2000	neither_passes	5	0.00250000	0.00111664	832.793	$69.12-$72.45	$99.60-$104.40 (cap $360.00)	0.1839	0.1840	0.1841	0.1985	0.1985	0.1990	0.1994	0.1222	0.1232	0.1248	0.1502	0.1534	0.1542	0.1547	0.3611	0.3636	0.3673	0.3940	0.3988	0.4087	0.4153
480	480	240	1200	0.50	direct	anytime	0.75	0.35	0.40	0.40	real effect	2000	both_pass	0	0.00000000	0.00000000	832.793	$69.12-$72.45	$99.60-$104.40 (cap $360.00)	NA	NA	NA	NA	NA	NA	NA	NA	NA	NA	NA	NA	NA	NA	NA	NA	NA	NA	NA	NA	NA
400	400	400	1200	1.00	union	anytime	0.75	0.35	0.40	0.40	real effect	2000	fp_passes_fn_fails	1476	0.73800000	0.00983250	1098.119	$91.14-$95.54	$99.60-$104.40 (cap $360.00)	0.2005	0.2390	0.2608	0.2862	0.3114	0.3348	0.4209	0.0334	0.1075	0.1289	0.1527	0.1763	0.1889	0.2000	0.3973	0.4466	0.4686	0.4940	0.5223	0.5470	0.6201
400	400	400	1200	1.00	union	anytime	0.75	0.35	0.40	0.40	real effect	2000	fn_passes_fp_fails	0	0.00000000	0.00000000	1098.119	$91.14-$95.54	$99.60-$104.40 (cap $360.00)	NA	NA	NA	NA	NA	NA	NA	NA	NA	NA	NA	NA	NA	NA	NA	NA	NA	NA	NA	NA	NA
400	400	400	1200	1.00	union	anytime	0.75	0.35	0.40	0.40	real effect	2000	neither_passes	17	0.00850000	0.00205277	1098.119	$91.14-$95.54	$99.60-$104.40 (cap $360.00)	0.1497	0.1747	0.1814	0.1872	0.1921	0.1929	0.1932	-0.0116	0.0589	0.0654	0.1099	0.1271	0.1373	0.1600	0.3624	0.3808	0.3864	0.4038	0.4132	0.4167	0.4302
400	400	400	1200	1.00	union	anytime	0.75	0.35	0.40	0.40	real effect	2000	both_pass	0	0.00000000	0.00000000	1098.119	$91.14-$95.54	$99.60-$104.40 (cap $360.00)	NA	NA	NA	NA	NA	NA	NA	NA	NA	NA	NA	NA	NA	NA	NA	NA	NA	NA	NA	NA	NA
400	400	400	1200	1.00	direct	anytime	0.75	0.35	0.40	0.40	real effect	2000	fp_passes_fn_fails	290	0.14500000	0.00787321	652.653	$54.17-$56.78	$99.60-$104.40 (cap $360.00)	0.2005	0.2214	0.2447	0.2679	0.2886	0.3060	0.3569	0.1120	0.1516	0.1683	0.1836	0.1909	0.1953	0.1991	0.3973	0.4351	0.4547	0.4771	0.4990	0.5231	0.5766
400	400	400	1200	1.00	direct	anytime	0.75	0.35	0.40	0.40	real effect	2000	fn_passes_fp_fails	2	0.00100000	0.00070675	652.653	$54.17-$56.78	$99.60-$104.40 (cap $360.00)	0.1814	0.1820	0.1829	0.1843	0.1857	0.1866	0.1872	0.2236	0.2237	0.2237	0.2238	0.2239	0.2239	0.2240	0.3813	0.3848	0.3900	0.3986	0.4073	0.4125	0.4159
400	400	400	1200	1.00	direct	anytime	0.75	0.35	0.40	0.40	real effect	2000	neither_passes	15	0.00750000	0.00192922	652.653	$54.17-$56.78	$99.60-$104.40 (cap $360.00)	0.1497	0.1743	0.1795	0.1891	0.1923	0.1929	0.1932	0.0978	0.1281	0.1445	0.1661	0.1895	0.1966	0.1990	0.3624	0.3822	0.3879	0.4038	0.4104	0.4170	0.4302
400	400	400	1200	1.00	direct	anytime	0.75	0.35	0.40	0.40	real effect	2000	both_pass	0	0.00000000	0.00000000	652.653	$54.17-$56.78	$99.60-$104.40 (cap $360.00)	NA	NA	NA	NA	NA	NA	NA	NA	NA	NA	NA	NA	NA	NA	NA	NA	NA	NA	NA	NA	NA
300	300	600	1200	2.00	union	anytime	0.75	0.35	0.40	0.40	real effect	2000	fp_passes_fn_fails	1329	0.66450000	0.01055793	1075.014	$89.23-$93.53	$99.60-$104.40 (cap $360.00)	0.2002	0.2234	0.2437	0.2723	0.3007	0.3220	0.4194	0.0093	0.1145	0.1376	0.1582	0.1770	0.1897	0.2000	0.4193	0.4579	0.4801	0.5073	0.5369	0.5590	0.6622
300	300	600	1200	2.00	union	anytime	0.75	0.35	0.40	0.40	real effect	2000	fn_passes_fp_fails	2	0.00100000	0.00070675	1075.014	$89.23-$93.53	$99.60-$104.40 (cap $360.00)	0.1944	0.1946	0.1949	0.1954	0.1959	0.1962	0.1964	0.2020	0.2023	0.2028	0.2036	0.2044	0.2049	0.2052	0.4084	0.4093	0.4107	0.4131	0.4154	0.4169	0.4178
300	300	600	1200	2.00	union	anytime	0.75	0.35	0.40	0.40	real effect	2000	neither_passes	63	0.03150000	0.00390562	1075.014	$89.23-$93.53	$99.60-$104.40 (cap $360.00)	0.1302	0.1589	0.1715	0.1825	0.1928	0.1985	0.1997	0.0399	0.0742	0.0964	0.1259	0.1438	0.1695	0.1926	0.3638	0.3856	0.4023	0.4197	0.4378	0.4512	0.4775
300	300	600	1200	2.00	union	anytime	0.75	0.35	0.40	0.40	real effect	2000	both_pass	0	0.00000000	0.00000000	1075.014	$89.23-$93.53	$99.60-$104.40 (cap $360.00)	NA	NA	NA	NA	NA	NA	NA	NA	NA	NA	NA	NA	NA	NA	NA	NA	NA	NA	NA	NA	NA
300	300	600	1200	2.00	direct	anytime	0.75	0.35	0.40	0.40	real effect	2000	fp_passes_fn_fails	153	0.07650000	0.00594339	632.678	$52.51-$55.04	$99.60-$104.40 (cap $360.00)	0.2006	0.2113	0.2199	0.2430	0.2656	0.2852	0.3457	0.1020	0.1583	0.1741	0.1854	0.1917	0.1955	0.1989	0.4193	0.4411	0.4592	0.4807	0.5050	0.5351	0.5859
300	300	600	1200	2.00	direct	anytime	0.75	0.35	0.40	0.40	real effect	2000	fn_passes_fp_fails	26	0.01300000	0.00253288	632.678	$52.51-$55.04	$99.60-$104.40 (cap $360.00)	0.1567	0.1647	0.1716	0.1881	0.1941	0.1968	0.1994	0.2003	0.2011	0.2060	0.2145	0.2366	0.2544	0.2787	0.3638	0.3867	0.3963	0.4074	0.4285	0.4522	0.4693
300	300	600	1200	2.00	direct	anytime	0.75	0.35	0.40	0.40	real effect	2000	neither_passes	32	0.01600000	0.00280571	632.678	$52.51-$55.04	$99.60-$104.40 (cap $360.00)	0.1302	0.1434	0.1685	0.1796	0.1873	0.1924	0.1985	0.1255	0.1421	0.1706	0.1808	0.1894	0.1951	0.1999	0.3712	0.3830	0.4042	0.4197	0.4373	0.4419	0.4513
300	300	600	1200	2.00	direct	anytime	0.75	0.35	0.40	0.40	real effect	2000	both_pass	0	0.00000000	0.00000000	632.678	$52.51-$55.04	$99.60-$104.40 (cap $360.00)	NA	NA	NA	NA	NA	NA	NA	NA	NA	NA	NA	NA	NA	NA	NA	NA	NA	NA	NA	NA	NA
120	120	60	300	0.50	union	anytime	0.40	0.40	0.30	0.00	no-lift	2000	fp_passes_fn_fails	0	0.00000000	0.00000000	195.071	$16.19-$16.97	$24.90-$26.10 (cap $90.00)	NA	NA	NA	NA	NA	NA	NA	NA	NA	NA	NA	NA	NA	NA	NA	NA	NA	NA	NA	NA	NA
120	120	60	300	0.50	union	anytime	0.40	0.40	0.30	0.00	no-lift	2000	fn_passes_fp_fails	0	0.00000000	0.00000000	195.071	$16.19-$16.97	$24.90-$26.10 (cap $90.00)	NA	NA	NA	NA	NA	NA	NA	NA	NA	NA	NA	NA	NA	NA	NA	NA	NA	NA	NA	NA	NA
120	120	60	300	0.50	union	anytime	0.40	0.40	0.30	0.00	no-lift	2000	neither_passes	710	0.35500000	0.01069988	195.071	$16.19-$16.97	$24.90-$26.10 (cap $90.00)	-0.2318	-0.1753	-0.1569	-0.1287	-0.0983	-0.0671	0.0175	-0.4604	-0.3238	-0.2707	-0.2185	-0.1657	-0.1147	0.0394	0.2001	0.2138	0.2254	0.2467	0.2791	0.3127	0.4100
120	120	60	300	0.50	union	anytime	0.40	0.40	0.30	0.00	no-lift	2000	both_pass	0	0.00000000	0.00000000	195.071	$16.19-$16.97	$24.90-$26.10 (cap $90.00)	NA	NA	NA	NA	NA	NA	NA	NA	NA	NA	NA	NA	NA	NA	NA	NA	NA	NA	NA	NA	NA
120	120	60	300	0.50	direct	anytime	0.40	0.40	0.30	0.00	no-lift	2000	fp_passes_fn_fails	0	0.00000000	0.00000000	195.071	$16.19-$16.97	$24.90-$26.10 (cap $90.00)	NA	NA	NA	NA	NA	NA	NA	NA	NA	NA	NA	NA	NA	NA	NA	NA	NA	NA	NA	NA	NA
120	120	60	300	0.50	direct	anytime	0.40	0.40	0.30	0.00	no-lift	2000	fn_passes_fp_fails	0	0.00000000	0.00000000	195.071	$16.19-$16.97	$24.90-$26.10 (cap $90.00)	NA	NA	NA	NA	NA	NA	NA	NA	NA	NA	NA	NA	NA	NA	NA	NA	NA	NA	NA	NA	NA
120	120	60	300	0.50	direct	anytime	0.40	0.40	0.30	0.00	no-lift	2000	neither_passes	710	0.35500000	0.01069988	195.071	$16.19-$16.97	$24.90-$26.10 (cap $90.00)	-0.2318	-0.1753	-0.1569	-0.1287	-0.0983	-0.0671	0.0175	-0.4471	-0.2427	-0.1887	-0.1308	-0.0676	-0.0098	0.1477	0.2001	0.2138	0.2254	0.2467	0.2791	0.3127	0.4100
120	120	60	300	0.50	direct	anytime	0.40	0.40	0.30	0.00	no-lift	2000	both_pass	0	0.00000000	0.00000000	195.071	$16.19-$16.97	$24.90-$26.10 (cap $90.00)	NA	NA	NA	NA	NA	NA	NA	NA	NA	NA	NA	NA	NA	NA	NA	NA	NA	NA	NA	NA	NA
100	100	100	300	1.00	union	anytime	0.40	0.40	0.30	0.00	no-lift	2000	fp_passes_fn_fails	0	0.00000000	0.00000000	203.357	$16.88-$17.69	$24.90-$26.10 (cap $90.00)	NA	NA	NA	NA	NA	NA	NA	NA	NA	NA	NA	NA	NA	NA	NA	NA	NA	NA	NA	NA	NA
100	100	100	300	1.00	union	anytime	0.40	0.40	0.30	0.00	no-lift	2000	fn_passes_fp_fails	0	0.00000000	0.00000000	203.357	$16.88-$17.69	$24.90-$26.10 (cap $90.00)	NA	NA	NA	NA	NA	NA	NA	NA	NA	NA	NA	NA	NA	NA	NA	NA	NA	NA	NA	NA	NA
100	100	100	300	1.00	union	anytime	0.40	0.40	0.30	0.00	no-lift	2000	neither_passes	813	0.40650000	0.01098312	203.357	$16.88-$17.69	$24.90-$26.10 (cap $90.00)	-0.2674	-0.2076	-0.1821	-0.1550	-0.1163	-0.0820	0.0374	-0.3866	-0.2838	-0.2419	-0.1908	-0.1451	-0.0978	0.0358	0.2002	0.2134	0.2282	0.2552	0.2916	0.3284	0.4799
100	100	100	300	1.00	union	anytime	0.40	0.40	0.30	0.00	no-lift	2000	both_pass	0	0.00000000	0.00000000	203.357	$16.88-$17.69	$24.90-$26.10 (cap $90.00)	NA	NA	NA	NA	NA	NA	NA	NA	NA	NA	NA	NA	NA	NA	NA	NA	NA	NA	NA	NA	NA
100	100	100	300	1.00	direct	anytime	0.40	0.40	0.30	0.00	no-lift	2000	fp_passes_fn_fails	0	0.00000000	0.00000000	203.357	$16.88-$17.69	$24.90-$26.10 (cap $90.00)	NA	NA	NA	NA	NA	NA	NA	NA	NA	NA	NA	NA	NA	NA	NA	NA	NA	NA	NA	NA	NA
100	100	100	300	1.00	direct	anytime	0.40	0.40	0.30	0.00	no-lift	2000	fn_passes_fp_fails	0	0.00000000	0.00000000	203.357	$16.88-$17.69	$24.90-$26.10 (cap $90.00)	NA	NA	NA	NA	NA	NA	NA	NA	NA	NA	NA	NA	NA	NA	NA	NA	NA	NA	NA	NA	NA
100	100	100	300	1.00	direct	anytime	0.40	0.40	0.30	0.00	no-lift	2000	neither_passes	813	0.40650000	0.01098312	203.357	$16.88-$17.69	$24.90-$26.10 (cap $90.00)	-0.2674	-0.2076	-0.1821	-0.1550	-0.1163	-0.0820	0.0374	-0.2703	-0.1636	-0.1223	-0.0770	-0.0278	0.0135	0.1363	0.2002	0.2134	0.2282	0.2552	0.2916	0.3284	0.4799
100	100	100	300	1.00	direct	anytime	0.40	0.40	0.30	0.00	no-lift	2000	both_pass	0	0.00000000	0.00000000	203.357	$16.88-$17.69	$24.90-$26.10 (cap $90.00)	NA	NA	NA	NA	NA	NA	NA	NA	NA	NA	NA	NA	NA	NA	NA	NA	NA	NA	NA	NA	NA
75	75	150	300	2.00	union	anytime	0.40	0.40	0.30	0.00	no-lift	2000	fp_passes_fn_fails	0	0.00000000	0.00000000	219.718	$18.24-$19.12	$24.90-$26.10 (cap $90.00)	NA	NA	NA	NA	NA	NA	NA	NA	NA	NA	NA	NA	NA	NA	NA	NA	NA	NA	NA	NA	NA
75	75	150	300	2.00	union	anytime	0.40	0.40	0.30	0.00	no-lift	2000	fn_passes_fp_fails	0	0.00000000	0.00000000	219.718	$18.24-$19.12	$24.90-$26.10 (cap $90.00)	NA	NA	NA	NA	NA	NA	NA	NA	NA	NA	NA	NA	NA	NA	NA	NA	NA	NA	NA	NA	NA
75	75	150	300	2.00	union	anytime	0.40	0.40	0.30	0.00	no-lift	2000	neither_passes	977	0.48850000	0.01117738	219.718	$18.24-$19.12	$24.90-$26.10 (cap $90.00)	-0.3454	-0.2548	-0.2238	-0.1843	-0.1409	-0.1012	0.0490	-0.4013	-0.2771	-0.2366	-0.1944	-0.1472	-0.0977	0.0711	0.2002	0.2202	0.2404	0.2728	0.3175	0.3633	0.5385
75	75	150	300	2.00	union	anytime	0.40	0.40	0.30	0.00	no-lift	2000	both_pass	0	0.00000000	0.00000000	219.718	$18.24-$19.12	$24.90-$26.10 (cap $90.00)	NA	NA	NA	NA	NA	NA	NA	NA	NA	NA	NA	NA	NA	NA	NA	NA	NA	NA	NA	NA	NA
75	75	150	300	2.00	direct	anytime	0.40	0.40	0.30	0.00	no-lift	2000	fp_passes_fn_fails	0	0.00000000	0.00000000	219.718	$18.24-$19.12	$24.90-$26.10 (cap $90.00)	NA	NA	NA	NA	NA	NA	NA	NA	NA	NA	NA	NA	NA	NA	NA	NA	NA	NA	NA	NA	NA
75	75	150	300	2.00	direct	anytime	0.40	0.40	0.30	0.00	no-lift	2000	fn_passes_fp_fails	0	0.00000000	0.00000000	219.718	$18.24-$19.12	$24.90-$26.10 (cap $90.00)	NA	NA	NA	NA	NA	NA	NA	NA	NA	NA	NA	NA	NA	NA	NA	NA	NA	NA	NA	NA	NA
75	75	150	300	2.00	direct	anytime	0.40	0.40	0.30	0.00	no-lift	2000	neither_passes	977	0.48850000	0.01117738	219.718	$18.24-$19.12	$24.90-$26.10 (cap $90.00)	-0.3454	-0.2548	-0.2238	-0.1843	-0.1409	-0.1012	0.0490	-0.3044	-0.1535	-0.1179	-0.0737	-0.0355	0.0079	0.1590	0.2002	0.2202	0.2404	0.2728	0.3175	0.3633	0.5385
75	75	150	300	2.00	direct	anytime	0.40	0.40	0.30	0.00	no-lift	2000	both_pass	0	0.00000000	0.00000000	219.718	$18.24-$19.12	$24.90-$26.10 (cap $90.00)	NA	NA	NA	NA	NA	NA	NA	NA	NA	NA	NA	NA	NA	NA	NA	NA	NA	NA	NA	NA	NA
480	480	240	1200	0.50	union	anytime	0.40	0.40	0.30	0.00	no-lift	2000	fp_passes_fn_fails	0	0.00000000	0.00000000	271.764	$22.56-$23.64	$99.60-$104.40 (cap $360.00)	NA	NA	NA	NA	NA	NA	NA	NA	NA	NA	NA	NA	NA	NA	NA	NA	NA	NA	NA	NA	NA
480	480	240	1200	0.50	union	anytime	0.40	0.40	0.30	0.00	no-lift	2000	fn_passes_fp_fails	0	0.00000000	0.00000000	271.764	$22.56-$23.64	$99.60-$104.40 (cap $360.00)	NA	NA	NA	NA	NA	NA	NA	NA	NA	NA	NA	NA	NA	NA	NA	NA	NA	NA	NA	NA	NA
480	480	240	1200	0.50	union	anytime	0.40	0.40	0.30	0.00	no-lift	2000	neither_passes	11	0.00550000	0.00165375	271.764	$22.56-$23.64	$99.60-$104.40 (cap $360.00)	-0.0504	-0.0340	-0.0235	-0.0144	-0.0091	0.0041	0.0073	-0.0960	-0.0860	-0.0716	-0.0529	-0.0337	0.0442	0.0527	0.2009	0.2024	0.2052	0.2060	0.2108	0.2164	0.2235
480	480	240	1200	0.50	union	anytime	0.40	0.40	0.30	0.00	no-lift	2000	both_pass	0	0.00000000	0.00000000	271.764	$22.56-$23.64	$99.60-$104.40 (cap $360.00)	NA	NA	NA	NA	NA	NA	NA	NA	NA	NA	NA	NA	NA	NA	NA	NA	NA	NA	NA	NA	NA
480	480	240	1200	0.50	direct	anytime	0.40	0.40	0.30	0.00	no-lift	2000	fp_passes_fn_fails	0	0.00000000	0.00000000	271.764	$22.56-$23.64	$99.60-$104.40 (cap $360.00)	NA	NA	NA	NA	NA	NA	NA	NA	NA	NA	NA	NA	NA	NA	NA	NA	NA	NA	NA	NA	NA
480	480	240	1200	0.50	direct	anytime	0.40	0.40	0.30	0.00	no-lift	2000	fn_passes_fp_fails	0	0.00000000	0.00000000	271.764	$22.56-$23.64	$99.60-$104.40 (cap $360.00)	NA	NA	NA	NA	NA	NA	NA	NA	NA	NA	NA	NA	NA	NA	NA	NA	NA	NA	NA	NA	NA
480	480	240	1200	0.50	direct	anytime	0.40	0.40	0.30	0.00	no-lift	2000	neither_passes	11	0.00550000	0.00165375	271.764	$22.56-$23.64	$99.60-$104.40 (cap $360.00)	-0.0504	-0.0340	-0.0235	-0.0144	-0.0091	0.0041	0.0073	-0.0699	-0.0251	-0.0135	-0.0004	0.0374	0.0503	0.1157	0.2009	0.2024	0.2052	0.2060	0.2108	0.2164	0.2235
480	480	240	1200	0.50	direct	anytime	0.40	0.40	0.30	0.00	no-lift	2000	both_pass	0	0.00000000	0.00000000	271.764	$22.56-$23.64	$99.60-$104.40 (cap $360.00)	NA	NA	NA	NA	NA	NA	NA	NA	NA	NA	NA	NA	NA	NA	NA	NA	NA	NA	NA	NA	NA
400	400	400	1200	1.00	union	anytime	0.40	0.40	0.30	0.00	no-lift	2000	fp_passes_fn_fails	0	0.00000000	0.00000000	318.525	$26.44-$27.71	$99.60-$104.40 (cap $360.00)	NA	NA	NA	NA	NA	NA	NA	NA	NA	NA	NA	NA	NA	NA	NA	NA	NA	NA	NA	NA	NA
400	400	400	1200	1.00	union	anytime	0.40	0.40	0.30	0.00	no-lift	2000	fn_passes_fp_fails	0	0.00000000	0.00000000	318.525	$26.44-$27.71	$99.60-$104.40 (cap $360.00)	NA	NA	NA	NA	NA	NA	NA	NA	NA	NA	NA	NA	NA	NA	NA	NA	NA	NA	NA	NA	NA
400	400	400	1200	1.00	union	anytime	0.40	0.40	0.30	0.00	no-lift	2000	neither_passes	40	0.02000000	0.00313050	318.525	$26.44-$27.71	$99.60-$104.40 (cap $360.00)	-0.0777	-0.0525	-0.0395	-0.0278	-0.0212	-0.0035	0.0393	-0.1064	-0.0657	-0.0403	-0.0225	-0.0065	0.0110	0.0495	0.2004	0.2037	0.2049	0.2092	0.2181	0.2294	0.2722
400	400	400	1200	1.00	union	anytime	0.40	0.40	0.30	0.00	no-lift	2000	both_pass	0	0.00000000	0.00000000	318.525	$26.44-$27.71	$99.60-$104.40 (cap $360.00)	NA	NA	NA	NA	NA	NA	NA	NA	NA	NA	NA	NA	NA	NA	NA	NA	NA	NA	NA	NA	NA
400	400	400	1200	1.00	direct	anytime	0.40	0.40	0.30	0.00	no-lift	2000	fp_passes_fn_fails	0	0.00000000	0.00000000	318.525	$26.44-$27.71	$99.60-$104.40 (cap $360.00)	NA	NA	NA	NA	NA	NA	NA	NA	NA	NA	NA	NA	NA	NA	NA	NA	NA	NA	NA	NA	NA
400	400	400	1200	1.00	direct	anytime	0.40	0.40	0.30	0.00	no-lift	2000	fn_passes_fp_fails	0	0.00000000	0.00000000	318.525	$26.44-$27.71	$99.60-$104.40 (cap $360.00)	NA	NA	NA	NA	NA	NA	NA	NA	NA	NA	NA	NA	NA	NA	NA	NA	NA	NA	NA	NA	NA
400	400	400	1200	1.00	direct	anytime	0.40	0.40	0.30	0.00	no-lift	2000	neither_passes	40	0.02000000	0.00313050	318.525	$26.44-$27.71	$99.60-$104.40 (cap $360.00)	-0.0777	-0.0525	-0.0395	-0.0278	-0.0212	-0.0035	0.0393	-0.0442	0.0036	0.0225	0.0400	0.0617	0.0791	0.1082	0.2004	0.2037	0.2049	0.2092	0.2181	0.2294	0.2722
400	400	400	1200	1.00	direct	anytime	0.40	0.40	0.30	0.00	no-lift	2000	both_pass	0	0.00000000	0.00000000	318.525	$26.44-$27.71	$99.60-$104.40 (cap $360.00)	NA	NA	NA	NA	NA	NA	NA	NA	NA	NA	NA	NA	NA	NA	NA	NA	NA	NA	NA	NA	NA
300	300	600	1200	2.00	union	anytime	0.40	0.40	0.30	0.00	no-lift	2000	fp_passes_fn_fails	0	0.00000000	0.00000000	420.270	$34.88-$36.56	$99.60-$104.40 (cap $360.00)	NA	NA	NA	NA	NA	NA	NA	NA	NA	NA	NA	NA	NA	NA	NA	NA	NA	NA	NA	NA	NA
300	300	600	1200	2.00	union	anytime	0.40	0.40	0.30	0.00	no-lift	2000	fn_passes_fp_fails	0	0.00000000	0.00000000	420.270	$34.88-$36.56	$99.60-$104.40 (cap $360.00)	NA	NA	NA	NA	NA	NA	NA	NA	NA	NA	NA	NA	NA	NA	NA	NA	NA	NA	NA	NA	NA
300	300	600	1200	2.00	union	anytime	0.40	0.40	0.30	0.00	no-lift	2000	neither_passes	120	0.06000000	0.00531037	420.270	$34.88-$36.56	$99.60-$104.40 (cap $360.00)	-0.0795	-0.0620	-0.0531	-0.0432	-0.0280	-0.0123	0.0595	-0.1190	-0.0695	-0.0546	-0.0249	-0.0068	0.0137	0.0452	0.2001	0.2036	0.2072	0.2178	0.2329	0.2561	0.3011
300	300	600	1200	2.00	union	anytime	0.40	0.40	0.30	0.00	no-lift	2000	both_pass	0	0.00000000	0.00000000	420.270	$34.88-$36.56	$99.60-$104.40 (cap $360.00)	NA	NA	NA	NA	NA	NA	NA	NA	NA	NA	NA	NA	NA	NA	NA	NA	NA	NA	NA	NA	NA
300	300	600	1200	2.00	direct	anytime	0.40	0.40	0.30	0.00	no-lift	2000	fp_passes_fn_fails	0	0.00000000	0.00000000	420.270	$34.88-$36.56	$99.60-$104.40 (cap $360.00)	NA	NA	NA	NA	NA	NA	NA	NA	NA	NA	NA	NA	NA	NA	NA	NA	NA	NA	NA	NA	NA
300	300	600	1200	2.00	direct	anytime	0.40	0.40	0.30	0.00	no-lift	2000	fn_passes_fp_fails	0	0.00000000	0.00000000	420.270	$34.88-$36.56	$99.60-$104.40 (cap $360.00)	NA	NA	NA	NA	NA	NA	NA	NA	NA	NA	NA	NA	NA	NA	NA	NA	NA	NA	NA	NA	NA
300	300	600	1200	2.00	direct	anytime	0.40	0.40	0.30	0.00	no-lift	2000	neither_passes	120	0.06000000	0.00531037	420.270	$34.88-$36.56	$99.60-$104.40 (cap $360.00)	-0.0795	-0.0620	-0.0531	-0.0432	-0.0280	-0.0123	0.0595	-0.0484	-0.0024	0.0156	0.0392	0.0572	0.0804	0.1106	0.2001	0.2036	0.2072	0.2178	0.2329	0.2561	0.3011
300	300	600	1200	2.00	direct	anytime	0.40	0.40	0.30	0.00	no-lift	2000	both_pass	0	0.00000000	0.00000000	420.270	$34.88-$36.56	$99.60-$104.40 (cap $360.00)	NA	NA	NA	NA	NA	NA	NA	NA	NA	NA	NA	NA	NA	NA	NA	NA	NA	NA	NA	NA	NA
120	120	60	300	0.50	union	anytime	0.50	0.40	0.30	0.10	no-lift	2000	fp_passes_fn_fails	0	0.00000000	0.00000000	268.860	$22.32-$23.39	$24.90-$26.10 (cap $90.00)	NA	NA	NA	NA	NA	NA	NA	NA	NA	NA	NA	NA	NA	NA	NA	NA	NA	NA	NA	NA	NA
120	120	60	300	0.50	union	anytime	0.50	0.40	0.30	0.10	no-lift	2000	fn_passes_fp_fails	0	0.00000000	0.00000000	268.860	$22.32-$23.39	$24.90-$26.10 (cap $90.00)	NA	NA	NA	NA	NA	NA	NA	NA	NA	NA	NA	NA	NA	NA	NA	NA	NA	NA	NA	NA	NA
120	120	60	300	0.50	union	anytime	0.50	0.40	0.30	0.10	no-lift	2000	neither_passes	1633	0.81650000	0.00865528	268.860	$22.32-$23.39	$24.90-$26.10 (cap $90.00)	-0.2226	-0.1514	-0.1200	-0.0814	-0.0386	0.0041	0.1592	-0.4148	-0.2652	-0.2136	-0.1540	-0.0922	-0.0396	0.1069	0.2004	0.2306	0.2602	0.2998	0.3443	0.3829	0.5347
120	120	60	300	0.50	union	anytime	0.50	0.40	0.30	0.10	no-lift	2000	both_pass	0	0.00000000	0.00000000	268.860	$22.32-$23.39	$24.90-$26.10 (cap $90.00)	NA	NA	NA	NA	NA	NA	NA	NA	NA	NA	NA	NA	NA	NA	NA	NA	NA	NA	NA	NA	NA
120	120	60	300	0.50	direct	anytime	0.50	0.40	0.30	0.10	no-lift	2000	fp_passes_fn_fails	0	0.00000000	0.00000000	268.860	$22.32-$23.39	$24.90-$26.10 (cap $90.00)	NA	NA	NA	NA	NA	NA	NA	NA	NA	NA	NA	NA	NA	NA	NA	NA	NA	NA	NA	NA	NA
120	120	60	300	0.50	direct	anytime	0.50	0.40	0.30	0.10	no-lift	2000	fn_passes_fp_fails	3	0.00150000	0.00086538	268.860	$22.32-$23.39	$24.90-$26.10 (cap $90.00)	-0.0887	-0.0825	-0.0731	-0.0576	0.0127	0.0548	0.0829	0.2017	0.2023	0.2033	0.2048	0.2120	0.2162	0.2191	0.2919	0.3056	0.3260	0.3600	0.4147	0.4475	0.4694
120	120	60	300	0.50	direct	anytime	0.50	0.40	0.30	0.10	no-lift	2000	neither_passes	1630	0.81500000	0.00868260	268.860	$22.32-$23.39	$24.90-$26.10 (cap $90.00)	-0.2226	-0.1515	-0.1200	-0.0814	-0.0386	0.0040	0.1592	-0.4031	-0.1870	-0.1233	-0.0566	0.0078	0.0670	0.1953	0.2004	0.2306	0.2602	0.2998	0.3442	0.3829	0.5347
120	120	60	300	0.50	direct	anytime	0.50	0.40	0.30	0.10	no-lift	2000	both_pass	0	0.00000000	0.00000000	268.860	$22.32-$23.39	$24.90-$26.10 (cap $90.00)	NA	NA	NA	NA	NA	NA	NA	NA	NA	NA	NA	NA	NA	NA	NA	NA	NA	NA	NA	NA	NA
100	100	100	300	1.00	union	anytime	0.50	0.40	0.30	0.10	no-lift	2000	fp_passes_fn_fails	0	0.00000000	0.00000000	271.329	$22.52-$23.61	$24.90-$26.10 (cap $90.00)	NA	NA	NA	NA	NA	NA	NA	NA	NA	NA	NA	NA	NA	NA	NA	NA	NA	NA	NA	NA	NA
100	100	100	300	1.00	union	anytime	0.50	0.40	0.30	0.10	no-lift	2000	fn_passes_fp_fails	0	0.00000000	0.00000000	271.329	$22.52-$23.61	$24.90-$26.10 (cap $90.00)	NA	NA	NA	NA	NA	NA	NA	NA	NA	NA	NA	NA	NA	NA	NA	NA	NA	NA	NA	NA	NA
100	100	100	300	1.00	union	anytime	0.50	0.40	0.30	0.10	no-lift	2000	neither_passes	1647	0.82350000	0.00852490	271.329	$22.52-$23.61	$24.90-$26.10 (cap $90.00)	-0.2535	-0.1747	-0.1418	-0.0969	-0.0521	-0.0109	0.1419	-0.4573	-0.2225	-0.1767	-0.1246	-0.0744	-0.0286	0.1519	0.2000	0.2370	0.2683	0.3104	0.3578	0.3994	0.5419
100	100	100	300	1.00	union	anytime	0.50	0.40	0.30	0.10	no-lift	2000	both_pass	0	0.00000000	0.00000000	271.329	$22.52-$23.61	$24.90-$26.10 (cap $90.00)	NA	NA	NA	NA	NA	NA	NA	NA	NA	NA	NA	NA	NA	NA	NA	NA	NA	NA	NA	NA	NA
100	100	100	300	1.00	direct	anytime	0.50	0.40	0.30	0.10	no-lift	2000	fp_passes_fn_fails	0	0.00000000	0.00000000	271.329	$22.52-$23.61	$24.90-$26.10 (cap $90.00)	NA	NA	NA	NA	NA	NA	NA	NA	NA	NA	NA	NA	NA	NA	NA	NA	NA	NA	NA	NA	NA
100	100	100	300	1.00	direct	anytime	0.50	0.40	0.30	0.10	no-lift	2000	fn_passes_fp_fails	4	0.00200000	0.00099900	271.329	$22.52-$23.61	$24.90-$26.10 (cap $90.00)	-0.0628	-0.0575	-0.0496	-0.0399	0.0095	0.0890	0.1419	0.2037	0.2042	0.2048	0.2097	0.2288	0.2552	0.2728	0.3283	0.3307	0.3343	0.3514	0.4057	0.4764	0.5235
100	100	100	300	1.00	direct	anytime	0.50	0.40	0.30	0.10	no-lift	2000	neither_passes	1643	0.82150000	0.00856264	271.329	$22.52-$23.61	$24.90-$26.10 (cap $90.00)	-0.2535	-0.1747	-0.1419	-0.0972	-0.0522	-0.0111	0.1285	-0.3308	-0.0948	-0.0496	-0.0023	0.0485	0.0907	0.1971	0.2000	0.2369	0.2682	0.3103	0.3577	0.3990	0.5419
100	100	100	300	1.00	direct	anytime	0.50	0.40	0.30	0.10	no-lift	2000	both_pass	0	0.00000000	0.00000000	271.329	$22.52-$23.61	$24.90-$26.10 (cap $90.00)	NA	NA	NA	NA	NA	NA	NA	NA	NA	NA	NA	NA	NA	NA	NA	NA	NA	NA	NA	NA	NA
75	75	150	300	2.00	union	anytime	0.50	0.40	0.30	0.10	no-lift	2000	fp_passes_fn_fails	0	0.00000000	0.00000000	276.356	$22.94-$24.04	$24.90-$26.10 (cap $90.00)	NA	NA	NA	NA	NA	NA	NA	NA	NA	NA	NA	NA	NA	NA	NA	NA	NA	NA	NA	NA	NA
75	75	150	300	2.00	union	anytime	0.50	0.40	0.30	0.10	no-lift	2000	fn_passes_fp_fails	0	0.00000000	0.00000000	276.356	$22.94-$24.04	$24.90-$26.10 (cap $90.00)	NA	NA	NA	NA	NA	NA	NA	NA	NA	NA	NA	NA	NA	NA	NA	NA	NA	NA	NA	NA	NA
75	75	150	300	2.00	union	anytime	0.50	0.40	0.30	0.10	no-lift	2000	neither_passes	1711	0.85550000	0.00786193	276.356	$22.94-$24.04	$24.90-$26.10 (cap $90.00)	-0.3163	-0.2203	-0.1824	-0.1288	-0.0741	-0.0242	0.1418	-0.3523	-0.2131	-0.1672	-0.1173	-0.0649	-0.0214	0.1405	0.2008	0.2487	0.2854	0.3365	0.3895	0.4435	0.6165
75	75	150	300	2.00	union	anytime	0.50	0.40	0.30	0.10	no-lift	2000	both_pass	0	0.00000000	0.00000000	276.356	$22.94-$24.04	$24.90-$26.10 (cap $90.00)	NA	NA	NA	NA	NA	NA	NA	NA	NA	NA	NA	NA	NA	NA	NA	NA	NA	NA	NA	NA	NA
75	75	150	300	2.00	direct	anytime	0.50	0.40	0.30	0.10	no-lift	2000	fp_passes_fn_fails	0	0.00000000	0.00000000	276.356	$22.94-$24.04	$24.90-$26.10 (cap $90.00)	NA	NA	NA	NA	NA	NA	NA	NA	NA	NA	NA	NA	NA	NA	NA	NA	NA	NA	NA	NA	NA
75	75	150	300	2.00	direct	anytime	0.50	0.40	0.30	0.10	no-lift	2000	fn_passes_fp_fails	1	0.00050000	0.00049987	276.356	$22.94-$24.04	$24.90-$26.10 (cap $90.00)	0.0920	0.0920	0.0920	0.0920	0.0920	0.0920	0.0920	0.2191	0.2191	0.2191	0.2191	0.2191	0.2191	0.2191	0.4685	0.4685	0.4685	0.4685	0.4685	0.4685	0.4685
75	75	150	300	2.00	direct	anytime	0.50	0.40	0.30	0.10	no-lift	2000	neither_passes	1710	0.85500000	0.00787321	276.356	$22.94-$24.04	$24.90-$26.10 (cap $90.00)	-0.3163	-0.2203	-0.1824	-0.1288	-0.0741	-0.0250	0.1418	-0.2333	-0.0890	-0.0456	0.0015	0.0473	0.0892	0.1905	0.2008	0.2487	0.2853	0.3364	0.3894	0.4430	0.6165
75	75	150	300	2.00	direct	anytime	0.50	0.40	0.30	0.10	no-lift	2000	both_pass	0	0.00000000	0.00000000	276.356	$22.94-$24.04	$24.90-$26.10 (cap $90.00)	NA	NA	NA	NA	NA	NA	NA	NA	NA	NA	NA	NA	NA	NA	NA	NA	NA	NA	NA	NA	NA
480	480	240	1200	0.50	union	anytime	0.50	0.40	0.30	0.10	no-lift	2000	fp_passes_fn_fails	0	0.00000000	0.00000000	832.560	$69.10-$72.43	$99.60-$104.40 (cap $360.00)	NA	NA	NA	NA	NA	NA	NA	NA	NA	NA	NA	NA	NA	NA	NA	NA	NA	NA	NA	NA	NA
480	480	240	1200	0.50	union	anytime	0.50	0.40	0.30	0.10	no-lift	2000	fn_passes_fp_fails	0	0.00000000	0.00000000	832.560	$69.10-$72.43	$99.60-$104.40 (cap $360.00)	NA	NA	NA	NA	NA	NA	NA	NA	NA	NA	NA	NA	NA	NA	NA	NA	NA	NA	NA	NA	NA
480	480	240	1200	0.50	union	anytime	0.50	0.40	0.30	0.10	no-lift	2000	neither_passes	971	0.48550000	0.01117564	832.560	$69.10-$72.43	$99.60-$104.40 (cap $360.00)	-0.0367	-0.0087	0.0028	0.0192	0.0388	0.0568	0.1098	-0.1107	-0.0418	-0.0154	0.0154	0.0452	0.0710	0.1447	0.2000	0.2074	0.2163	0.2323	0.2531	0.2737	0.3340
480	480	240	1200	0.50	union	anytime	0.50	0.40	0.30	0.10	no-lift	2000	both_pass	0	0.00000000	0.00000000	832.560	$69.10-$72.43	$99.60-$104.40 (cap $360.00)	NA	NA	NA	NA	NA	NA	NA	NA	NA	NA	NA	NA	NA	NA	NA	NA	NA	NA	NA	NA	NA
480	480	240	1200	0.50	direct	anytime	0.50	0.40	0.30	0.10	no-lift	2000	fp_passes_fn_fails	0	0.00000000	0.00000000	832.560	$69.10-$72.43	$99.60-$104.40 (cap $360.00)	NA	NA	NA	NA	NA	NA	NA	NA	NA	NA	NA	NA	NA	NA	NA	NA	NA	NA	NA	NA	NA
480	480	240	1200	0.50	direct	anytime	0.50	0.40	0.30	0.10	no-lift	2000	fn_passes_fp_fails	1	0.00050000	0.00049987	832.560	$69.10-$72.43	$99.60-$104.40 (cap $360.00)	0.0439	0.0439	0.0439	0.0439	0.0439	0.0439	0.0439	0.2018	0.2018	0.2018	0.2018	0.2018	0.2018	0.2018	0.2436	0.2436	0.2436	0.2436	0.2436	0.2436	0.2436
480	480	240	1200	0.50	direct	anytime	0.50	0.40	0.30	0.10	no-lift	2000	neither_passes	970	0.48500000	0.01117531	832.560	$69.10-$72.43	$99.60-$104.40 (cap $360.00)	-0.0367	-0.0087	0.0027	0.0192	0.0387	0.0568	0.1098	-0.1033	0.0058	0.0358	0.0686	0.1045	0.1331	0.1976	0.2000	0.2074	0.2163	0.2323	0.2532	0.2737	0.3340
480	480	240	1200	0.50	direct	anytime	0.50	0.40	0.30	0.10	no-lift	2000	both_pass	0	0.00000000	0.00000000	832.560	$69.10-$72.43	$99.60-$104.40 (cap $360.00)	NA	NA	NA	NA	NA	NA	NA	NA	NA	NA	NA	NA	NA	NA	NA	NA	NA	NA	NA	NA	NA
400	400	400	1200	1.00	union	anytime	0.50	0.40	0.30	0.10	no-lift	2000	fp_passes_fn_fails	0	0.00000000	0.00000000	882.021	$73.21-$76.74	$99.60-$104.40 (cap $360.00)	NA	NA	NA	NA	NA	NA	NA	NA	NA	NA	NA	NA	NA	NA	NA	NA	NA	NA	NA	NA	NA
400	400	400	1200	1.00	union	anytime	0.50	0.40	0.30	0.10	no-lift	2000	fn_passes_fp_fails	0	0.00000000	0.00000000	882.021	$73.21-$76.74	$99.60-$104.40 (cap $360.00)	NA	NA	NA	NA	NA	NA	NA	NA	NA	NA	NA	NA	NA	NA	NA	NA	NA	NA	NA	NA	NA
400	400	400	1200	1.00	union	anytime	0.50	0.40	0.30	0.10	no-lift	2000	neither_passes	1095	0.54750000	0.01112977	882.021	$73.21-$76.74	$99.60-$104.40 (cap $360.00)	-0.0556	-0.0228	-0.0101	0.0072	0.0265	0.0483	0.1069	-0.1017	-0.0211	0.0027	0.0275	0.0588	0.0830	0.1674	0.2001	0.2095	0.2200	0.2361	0.2570	0.2808	0.3446
400	400	400	1200	1.00	union	anytime	0.50	0.40	0.30	0.10	no-lift	2000	both_pass	0	0.00000000	0.00000000	882.021	$73.21-$76.74	$99.60-$104.40 (cap $360.00)	NA	NA	NA	NA	NA	NA	NA	NA	NA	NA	NA	NA	NA	NA	NA	NA	NA	NA	NA	NA	NA
400	400	400	1200	1.00	direct	anytime	0.50	0.40	0.30	0.10	no-lift	2000	fp_passes_fn_fails	0	0.00000000	0.00000000	882.021	$73.21-$76.74	$99.60-$104.40 (cap $360.00)	NA	NA	NA	NA	NA	NA	NA	NA	NA	NA	NA	NA	NA	NA	NA	NA	NA	NA	NA	NA	NA
400	400	400	1200	1.00	direct	anytime	0.50	0.40	0.30	0.10	no-lift	2000	fn_passes_fp_fails	7	0.00350000	0.00132056	882.021	$73.21-$76.74	$99.60-$104.40 (cap $360.00)	-0.0066	0.0069	0.0244	0.0371	0.0466	0.0586	0.0628	0.2079	0.2086	0.2110	0.2166	0.2209	0.2261	0.2294	0.2330	0.2379	0.2449	0.2604	0.2718	0.2763	0.2791
400	400	400	1200	1.00	direct	anytime	0.50	0.40	0.30	0.10	no-lift	2000	neither_passes	1088	0.54400000	0.01113697	882.021	$73.21-$76.74	$99.60-$104.40 (cap $360.00)	-0.0556	-0.0229	-0.0103	0.0072	0.0263	0.0477	0.1069	-0.0296	0.0528	0.0747	0.1002	0.1269	0.1484	0.1937	0.2001	0.2094	0.2199	0.2360	0.2569	0.2811	0.3446
400	400	400	1200	1.00	direct	anytime	0.50	0.40	0.30	0.10	no-lift	2000	both_pass	0	0.00000000	0.00000000	882.021	$73.21-$76.74	$99.60-$104.40 (cap $360.00)	NA	NA	NA	NA	NA	NA	NA	NA	NA	NA	NA	NA	NA	NA	NA	NA	NA	NA	NA	NA	NA
300	300	600	1200	2.00	union	anytime	0.50	0.40	0.30	0.10	no-lift	2000	fp_passes_fn_fails	0	0.00000000	0.00000000	931.436	$77.31-$81.03	$99.60-$104.40 (cap $360.00)	NA	NA	NA	NA	NA	NA	NA	NA	NA	NA	NA	NA	NA	NA	NA	NA	NA	NA	NA	NA	NA
300	300	600	1200	2.00	union	anytime	0.50	0.40	0.30	0.10	no-lift	2000	fn_passes_fp_fails	0	0.00000000	0.00000000	931.436	$77.31-$81.03	$99.60-$104.40 (cap $360.00)	NA	NA	NA	NA	NA	NA	NA	NA	NA	NA	NA	NA	NA	NA	NA	NA	NA	NA	NA	NA	NA
300	300	600	1200	2.00	union	anytime	0.50	0.40	0.30	0.10	no-lift	2000	neither_passes	1235	0.61750000	0.01086724	931.436	$77.31-$81.03	$99.60-$104.40 (cap $360.00)	-0.0873	-0.0484	-0.0319	-0.0096	0.0175	0.0421	0.1289	-0.0890	-0.0209	0.0032	0.0296	0.0564	0.0805	0.1459	0.2003	0.2138	0.2255	0.2465	0.2728	0.3046	0.3947
300	300	600	1200	2.00	union	anytime	0.50	0.40	0.30	0.10	no-lift	2000	both_pass	0	0.00000000	0.00000000	931.436	$77.31-$81.03	$99.60-$104.40 (cap $360.00)	NA	NA	NA	NA	NA	NA	NA	NA	NA	NA	NA	NA	NA	NA	NA	NA	NA	NA	NA	NA	NA
300	300	600	1200	2.00	direct	anytime	0.50	0.40	0.30	0.10	no-lift	2000	fp_passes_fn_fails	0	0.00000000	0.00000000	931.436	$77.31-$81.03	$99.60-$104.40 (cap $360.00)	NA	NA	NA	NA	NA	NA	NA	NA	NA	NA	NA	NA	NA	NA	NA	NA	NA	NA	NA	NA	NA
300	300	600	1200	2.00	direct	anytime	0.50	0.40	0.30	0.10	no-lift	2000	fn_passes_fp_fails	6	0.00300000	0.00122291	931.436	$77.31-$81.03	$99.60-$104.40 (cap $360.00)	0.0207	0.0288	0.0421	0.0694	0.0823	0.1058	0.1289	0.2000	0.2008	0.2016	0.2030	0.2038	0.2088	0.2137	0.2928	0.3021	0.3118	0.3191	0.3359	0.3524	0.3655
300	300	600	1200	2.00	direct	anytime	0.50	0.40	0.30	0.10	no-lift	2000	neither_passes	1229	0.61450000	0.01088324	931.436	$77.31-$81.03	$99.60-$104.40 (cap $360.00)	-0.0873	-0.0484	-0.0320	-0.0096	0.0170	0.0412	0.1204	-0.0101	0.0586	0.0804	0.1037	0.1276	0.1494	0.1976	0.2003	0.2138	0.2253	0.2462	0.2722	0.3031	0.3947
300	300	600	1200	2.00	direct	anytime	0.50	0.40	0.30	0.10	no-lift	2000	both_pass	0	0.00000000	0.00000000	931.436	$77.31-$81.03	$99.60-$104.40 (cap $360.00)	NA	NA	NA	NA	NA	NA	NA	NA	NA	NA	NA	NA	NA	NA	NA	NA	NA	NA	NA	NA	NA
120	120	60	300	0.50	union	anytime	0.55	0.40	0.30	0.15	no-lift	2000	fp_passes_fn_fails	0	0.00000000	0.00000000	285.388	$23.69-$24.83	$24.90-$26.10 (cap $90.00)	NA	NA	NA	NA	NA	NA	NA	NA	NA	NA	NA	NA	NA	NA	NA	NA	NA	NA	NA	NA	NA
120	120	60	300	0.50	union	anytime	0.55	0.40	0.30	0.15	no-lift	2000	fn_passes_fp_fails	0	0.00000000	0.00000000	285.388	$23.69-$24.83	$24.90-$26.10 (cap $90.00)	NA	NA	NA	NA	NA	NA	NA	NA	NA	NA	NA	NA	NA	NA	NA	NA	NA	NA	NA	NA	NA
120	120	60	300	0.50	union	anytime	0.55	0.40	0.30	0.15	no-lift	2000	neither_passes	1849	0.92450000	0.00590761	285.388	$23.69-$24.83	$24.90-$26.10 (cap $90.00)	-0.2167	-0.1203	-0.0848	-0.0403	0.0073	0.0520	0.1503	-0.4095	-0.2188	-0.1664	-0.1090	-0.0483	0.0062	0.1678	0.2056	0.2586	0.2937	0.3372	0.3849	0.4292	0.5425
120	120	60	300	0.50	union	anytime	0.55	0.40	0.30	0.15	no-lift	2000	both_pass	0	0.00000000	0.00000000	285.388	$23.69-$24.83	$24.90-$26.10 (cap $90.00)	NA	NA	NA	NA	NA	NA	NA	NA	NA	NA	NA	NA	NA	NA	NA	NA	NA	NA	NA	NA	NA
120	120	60	300	0.50	direct	anytime	0.55	0.40	0.30	0.15	no-lift	2000	fp_passes_fn_fails	0	0.00000000	0.00000000	285.380	$23.69-$24.83	$24.90-$26.10 (cap $90.00)	NA	NA	NA	NA	NA	NA	NA	NA	NA	NA	NA	NA	NA	NA	NA	NA	NA	NA	NA	NA	NA
120	120	60	300	0.50	direct	anytime	0.55	0.40	0.30	0.15	no-lift	2000	fn_passes_fp_fails	19	0.00950000	0.00216907	285.380	$23.69-$24.83	$24.90-$26.10 (cap $90.00)	-0.1298	-0.0894	-0.0346	0.0299	0.0412	0.0466	0.1246	0.2009	0.2042	0.2067	0.2121	0.2238	0.2711	0.3122	0.2468	0.2795	0.3376	0.3876	0.4116	0.4469	0.4807
120	120	60	300	0.50	direct	anytime	0.55	0.40	0.30	0.15	no-lift	2000	neither_passes	1830	0.91500000	0.00623598	285.380	$23.69-$24.83	$24.90-$26.10 (cap $90.00)	-0.2167	-0.1205	-0.0850	-0.0406	0.0062	0.0528	0.1503	-0.3562	-0.1333	-0.0789	-0.0176	0.0502	0.1028	0.1991	0.2056	0.2586	0.2936	0.3368	0.3844	0.4286	0.5425
120	120	60	300	0.50	direct	anytime	0.55	0.40	0.30	0.15	no-lift	2000	both_pass	0	0.00000000	0.00000000	285.380	$23.69-$24.83	$24.90-$26.10 (cap $90.00)	NA	NA	NA	NA	NA	NA	NA	NA	NA	NA	NA	NA	NA	NA	NA	NA	NA	NA	NA	NA	NA
100	100	100	300	1.00	union	anytime	0.55	0.40	0.30	0.15	no-lift	2000	fp_passes_fn_fails	0	0.00000000	0.00000000	283.803	$23.56-$24.69	$24.90-$26.10 (cap $90.00)	NA	NA	NA	NA	NA	NA	NA	NA	NA	NA	NA	NA	NA	NA	NA	NA	NA	NA	NA	NA	NA
100	100	100	300	1.00	union	anytime	0.55	0.40	0.30	0.15	no-lift	2000	fn_passes_fp_fails	1	0.00050000	0.00049987	283.803	$23.56-$24.69	$24.90-$26.10 (cap $90.00)	0.1644	0.1644	0.1644	0.1644	0.1644	0.1644	0.1644	0.2016	0.2016	0.2016	0.2016	0.2016	0.2016	0.2016	0.6052	0.6052	0.6052	0.6052	0.6052	0.6052	0.6052
100	100	100	300	1.00	union	anytime	0.55	0.40	0.30	0.15	no-lift	2000	neither_passes	1829	0.91450000	0.00625259	283.803	$23.56-$24.69	$24.90-$26.10 (cap $90.00)	-0.2432	-0.1479	-0.1032	-0.0550	-0.0027	0.0417	0.1713	-0.3544	-0.1722	-0.1271	-0.0775	-0.0200	0.0282	0.1750	0.2052	0.2629	0.3029	0.3555	0.4057	0.4519	0.5789
100	100	100	300	1.00	union	anytime	0.55	0.40	0.30	0.15	no-lift	2000	both_pass	0	0.00000000	0.00000000	283.803	$23.56-$24.69	$24.90-$26.10 (cap $90.00)	NA	NA	NA	NA	NA	NA	NA	NA	NA	NA	NA	NA	NA	NA	NA	NA	NA	NA	NA	NA	NA
100	100	100	300	1.00	direct	anytime	0.55	0.40	0.30	0.15	no-lift	2000	fp_passes_fn_fails	0	0.00000000	0.00000000	283.803	$23.56-$24.69	$24.90-$26.10 (cap $90.00)	NA	NA	NA	NA	NA	NA	NA	NA	NA	NA	NA	NA	NA	NA	NA	NA	NA	NA	NA	NA	NA
100	100	100	300	1.00	direct	anytime	0.55	0.40	0.30	0.15	no-lift	2000	fn_passes_fp_fails	35	0.01750000	0.00293204	283.803	$23.56-$24.69	$24.90-$26.10 (cap $90.00)	-0.1462	-0.0776	-0.0479	0.0139	0.0344	0.0739	0.1644	0.2004	0.2059	0.2102	0.2209	0.2393	0.2644	0.3045	0.2531	0.3055	0.3489	0.4071	0.4566	0.4902	0.6052
100	100	100	300	1.00	direct	anytime	0.55	0.40	0.30	0.15	no-lift	2000	neither_passes	1795	0.89750000	0.00678210	283.803	$23.56-$24.69	$24.90-$26.10 (cap $90.00)	-0.2432	-0.1481	-0.1039	-0.0556	-0.0040	0.0408	0.1713	-0.2085	-0.0464	-0.0024	0.0436	0.0956	0.1410	0.1987	0.2052	0.2624	0.3024	0.3549	0.4047	0.4508	0.5789
100	100	100	300	1.00	direct	anytime	0.55	0.40	0.30	0.15	no-lift	2000	both_pass	0	0.00000000	0.00000000	283.803	$23.56-$24.69	$24.90-$26.10 (cap $90.00)	NA	NA	NA	NA	NA	NA	NA	NA	NA	NA	NA	NA	NA	NA	NA	NA	NA	NA	NA	NA	NA
75	75	150	300	2.00	union	anytime	0.55	0.40	0.30	0.15	no-lift	2000	fp_passes_fn_fails	1	0.00050000	0.00049987	288.322	$23.93-$25.08	$24.90-$26.10 (cap $90.00)	0.2130	0.2130	0.2130	0.2130	0.2130	0.2130	0.2130	0.1292	0.1292	0.1292	0.1292	0.1292	0.1292	0.1292	0.6369	0.6369	0.6369	0.6369	0.6369	0.6369	0.6369
75	75	150	300	2.00	union	anytime	0.55	0.40	0.30	0.15	no-lift	2000	fn_passes_fp_fails	0	0.00000000	0.00000000	288.322	$23.93-$25.08	$24.90-$26.10 (cap $90.00)	NA	NA	NA	NA	NA	NA	NA	NA	NA	NA	NA	NA	NA	NA	NA	NA	NA	NA	NA	NA	NA
75	75	150	300	2.00	union	anytime	0.55	0.40	0.30	0.15	no-lift	2000	neither_passes	1869	0.93450000	0.00553217	288.322	$23.93-$25.08	$24.90-$26.10 (cap $90.00)	-0.3352	-0.1933	-0.1509	-0.0943	-0.0335	0.0170	0.1883	-0.2947	-0.1735	-0.1259	-0.0732	-0.0208	0.0257	0.1724	0.2049	0.2738	0.3151	0.3732	0.4308	0.4826	0.6376
75	75	150	300	2.00	union	anytime	0.55	0.40	0.30	0.15	no-lift	2000	both_pass	0	0.00000000	0.00000000	288.322	$23.93-$25.08	$24.90-$26.10 (cap $90.00)	NA	NA	NA	NA	NA	NA	NA	NA	NA	NA	NA	NA	NA	NA	NA	NA	NA	NA	NA	NA	NA
75	75	150	300	2.00	direct	anytime	0.55	0.40	0.30	0.15	no-lift	2000	fp_passes_fn_fails	0	0.00000000	0.00000000	288.314	$23.93-$25.08	$24.90-$26.10 (cap $90.00)	NA	NA	NA	NA	NA	NA	NA	NA	NA	NA	NA	NA	NA	NA	NA	NA	NA	NA	NA	NA	NA
75	75	150	300	2.00	direct	anytime	0.55	0.40	0.30	0.15	no-lift	2000	fn_passes_fp_fails	28	0.01400000	0.00262717	288.314	$23.93-$25.08	$24.90-$26.10 (cap $90.00)	-0.1713	-0.0910	-0.0446	-0.0046	0.0288	0.1099	0.1204	0.2005	0.2012	0.2058	0.2201	0.2315	0.2394	0.2685	0.3230	0.3637	0.4154	0.4535	0.4866	0.5421	0.6196
75	75	150	300	2.00	direct	anytime	0.55	0.40	0.30	0.15	no-lift	2000	neither_passes	1841	0.92050000	0.00604896	288.314	$23.93-$25.08	$24.90-$26.10 (cap $90.00)	-0.3352	-0.1939	-0.1514	-0.0956	-0.0354	0.0153	0.1883	-0.1713	-0.0459	-0.0014	0.0444	0.0885	0.1317	0.1971	0.2049	0.2737	0.3138	0.3722	0.4279	0.4811	0.6376
75	75	150	300	2.00	direct	anytime	0.55	0.40	0.30	0.15	no-lift	2000	both_pass	0	0.00000000	0.00000000	288.314	$23.93-$25.08	$24.90-$26.10 (cap $90.00)	NA	NA	NA	NA	NA	NA	NA	NA	NA	NA	NA	NA	NA	NA	NA	NA	NA	NA	NA	NA	NA
480	480	240	1200	0.50	union	anytime	0.55	0.40	0.30	0.15	no-lift	2000	fp_passes_fn_fails	0	0.00000000	0.00000000	1081.132	$89.73-$94.06	$99.60-$104.40 (cap $360.00)	NA	NA	NA	NA	NA	NA	NA	NA	NA	NA	NA	NA	NA	NA	NA	NA	NA	NA	NA	NA	NA
480	480	240	1200	0.50	union	anytime	0.55	0.40	0.30	0.15	no-lift	2000	fn_passes_fp_fails	1	0.00050000	0.00049987	1081.132	$89.73-$94.06	$99.60-$104.40 (cap $360.00)	0.0763	0.0763	0.0763	0.0763	0.0763	0.0763	0.0763	0.2029	0.2029	0.2029	0.2029	0.2029	0.2029	0.2029	0.2822	0.2822	0.2822	0.2822	0.2822	0.2822	0.2822
480	480	240	1200	0.50	union	anytime	0.55	0.40	0.30	0.15	no-lift	2000	neither_passes	1695	0.84750000	0.00803877	1081.132	$89.73-$94.06	$99.60-$104.40 (cap $360.00)	-0.0328	0.0087	0.0256	0.0463	0.0705	0.0925	0.1829	-0.1069	-0.0070	0.0219	0.0544	0.0845	0.1142	0.1867	0.2013	0.2200	0.2353	0.2583	0.2832	0.3071	0.4166
480	480	240	1200	0.50	union	anytime	0.55	0.40	0.30	0.15	no-lift	2000	both_pass	0	0.00000000	0.00000000	1081.132	$89.73-$94.06	$99.60-$104.40 (cap $360.00)	NA	NA	NA	NA	NA	NA	NA	NA	NA	NA	NA	NA	NA	NA	NA	NA	NA	NA	NA	NA	NA
480	480	240	1200	0.50	direct	anytime	0.55	0.40	0.30	0.15	no-lift	2000	fp_passes_fn_fails	0	0.00000000	0.00000000	1080.592	$89.69-$94.01	$99.60-$104.40 (cap $360.00)	NA	NA	NA	NA	NA	NA	NA	NA	NA	NA	NA	NA	NA	NA	NA	NA	NA	NA	NA	NA	NA
480	480	240	1200	0.50	direct	anytime	0.55	0.40	0.30	0.15	no-lift	2000	fn_passes_fp_fails	80	0.04000000	0.00438178	1080.592	$89.69-$94.01	$99.60-$104.40 (cap $360.00)	-0.0019	0.0340	0.0432	0.0684	0.0873	0.1069	0.1453	0.2001	0.2025	0.2079	0.2167	0.2293	0.2463	0.2828	0.2078	0.2422	0.2544	0.2779	0.3025	0.3226	0.3807
480	480	240	1200	0.50	direct	anytime	0.55	0.40	0.30	0.15	no-lift	2000	neither_passes	1615	0.80750000	0.00881600	1080.592	$89.69-$94.01	$99.60-$104.40 (cap $360.00)	-0.0328	0.0084	0.0247	0.0454	0.0692	0.0907	0.1829	-0.0584	0.0454	0.0774	0.1120	0.1420	0.1678	0.1994	0.2013	0.2195	0.2344	0.2578	0.2827	0.3059	0.4166
480	480	240	1200	0.50	direct	anytime	0.55	0.40	0.30	0.15	no-lift	2000	both_pass	0	0.00000000	0.00000000	1080.592	$89.69-$94.01	$99.60-$104.40 (cap $360.00)	NA	NA	NA	NA	NA	NA	NA	NA	NA	NA	NA	NA	NA	NA	NA	NA	NA	NA	NA	NA	NA
400	400	400	1200	1.00	union	anytime	0.55	0.40	0.30	0.15	no-lift	2000	fp_passes_fn_fails	0	0.00000000	0.00000000	1097.121	$91.06-$95.45	$99.60-$104.40 (cap $360.00)	NA	NA	NA	NA	NA	NA	NA	NA	NA	NA	NA	NA	NA	NA	NA	NA	NA	NA	NA	NA	NA
400	400	400	1200	1.00	union	anytime	0.55	0.40	0.30	0.15	no-lift	2000	fn_passes_fp_fails	1	0.00050000	0.00049987	1097.121	$91.06-$95.45	$99.60-$104.40 (cap $360.00)	0.1810	0.1810	0.1810	0.1810	0.1810	0.1810	0.1810	0.2069	0.2069	0.2069	0.2069	0.2069	0.2069	0.2069	0.4070	0.4070	0.4070	0.4070	0.4070	0.4070	0.4070
400	400	400	1200	1.00	union	anytime	0.55	0.40	0.30	0.15	no-lift	2000	neither_passes	1726	0.86300000	0.00768866	1097.121	$91.06-$95.45	$99.60-$104.40 (cap $360.00)	-0.0626	-0.0044	0.0129	0.0379	0.0646	0.0882	0.1982	-0.0705	0.0152	0.0409	0.0697	0.0973	0.1236	0.1978	0.2001	0.2246	0.2421	0.2663	0.2942	0.3202	0.4193
400	400	400	1200	1.00	union	anytime	0.55	0.40	0.30	0.15	no-lift	2000	both_pass	0	0.00000000	0.00000000	1097.121	$91.06-$95.45	$99.60-$104.40 (cap $360.00)	NA	NA	NA	NA	NA	NA	NA	NA	NA	NA	NA	NA	NA	NA	NA	NA	NA	NA	NA	NA	NA
400	400	400	1200	1.00	direct	anytime	0.55	0.40	0.30	0.15	no-lift	2000	fp_passes_fn_fails	0	0.00000000	0.00000000	1096.098	$90.98-$95.36	$99.60-$104.40 (cap $360.00)	NA	NA	NA	NA	NA	NA	NA	NA	NA	NA	NA	NA	NA	NA	NA	NA	NA	NA	NA	NA	NA
400	400	400	1200	1.00	direct	anytime	0.55	0.40	0.30	0.15	no-lift	2000	fn_passes_fp_fails	130	0.06500000	0.00551249	1096.098	$90.98-$95.36	$99.60-$104.40 (cap $360.00)	-0.0135	0.0333	0.0494	0.0688	0.0904	0.1185	0.1810	0.2000	0.2017	0.2063	0.2138	0.2262	0.2411	0.2706	0.2121	0.2597	0.2722	0.2971	0.3273	0.3444	0.4070
400	400	400	1200	1.00	direct	anytime	0.55	0.40	0.30	0.15	no-lift	2000	neither_passes	1595	0.79750000	0.00898593	1096.098	$90.98-$95.36	$99.60-$104.40 (cap $360.00)	-0.0626	-0.0055	0.0114	0.0352	0.0618	0.0837	0.1576	0.0076	0.0897	0.1125	0.1382	0.1620	0.1811	0.2000	0.2001	0.2238	0.2406	0.2639	0.2906	0.3166	0.4020
400	400	400	1200	1.00	direct	anytime	0.55	0.40	0.30	0.15	no-lift	2000	both_pass	0	0.00000000	0.00000000	1096.098	$90.98-$95.36	$99.60-$104.40 (cap $360.00)	NA	NA	NA	NA	NA	NA	NA	NA	NA	NA	NA	NA	NA	NA	NA	NA	NA	NA	NA	NA	NA
300	300	600	1200	2.00	union	anytime	0.55	0.40	0.30	0.15	no-lift	2000	fp_passes_fn_fails	0	0.00000000	0.00000000	1095.054	$90.89-$95.27	$99.60-$104.40 (cap $360.00)	NA	NA	NA	NA	NA	NA	NA	NA	NA	NA	NA	NA	NA	NA	NA	NA	NA	NA	NA	NA	NA
300	300	600	1200	2.00	union	anytime	0.55	0.40	0.30	0.15	no-lift	2000	fn_passes_fp_fails	2	0.00100000	0.00070675	1095.054	$90.89-$95.27	$99.60-$104.40 (cap $360.00)	0.0879	0.0918	0.0976	0.1074	0.1171	0.1229	0.1268	0.2011	0.2012	0.2013	0.2014	0.2015	0.2016	0.2016	0.3643	0.3643	0.3643	0.3644	0.3644	0.3644	0.3644
300	300	600	1200	2.00	union	anytime	0.55	0.40	0.30	0.15	no-lift	2000	neither_passes	1746	0.87300000	0.00744550	1095.054	$90.89-$95.27	$99.60-$104.40 (cap $360.00)	-0.0811	-0.0282	-0.0056	0.0230	0.0531	0.0853	0.1766	-0.0804	0.0140	0.0412	0.0697	0.1008	0.1254	0.1991	0.2007	0.2302	0.2524	0.2801	0.3105	0.3433	0.4454
300	300	600	1200	2.00	union	anytime	0.55	0.40	0.30	0.15	no-lift	2000	both_pass	0	0.00000000	0.00000000	1095.054	$90.89-$95.27	$99.60-$104.40 (cap $360.00)	NA	NA	NA	NA	NA	NA	NA	NA	NA	NA	NA	NA	NA	NA	NA	NA	NA	NA	NA	NA	NA
300	300	600	1200	2.00	direct	anytime	0.55	0.40	0.30	0.15	no-lift	2000	fp_passes_fn_fails	0	0.00000000	0.00000000	1095.054	$90.89-$95.27	$99.60-$104.40 (cap $360.00)	NA	NA	NA	NA	NA	NA	NA	NA	NA	NA	NA	NA	NA	NA	NA	NA	NA	NA	NA	NA	NA
300	300	600	1200	2.00	direct	anytime	0.55	0.40	0.30	0.15	no-lift	2000	fn_passes_fp_fails	137	0.06850000	0.00564835	1095.054	$90.89-$95.27	$99.60-$104.40 (cap $360.00)	-0.0165	0.0223	0.0413	0.0768	0.1041	0.1379	0.1766	0.2001	0.2029	0.2061	0.2122	0.2219	0.2339	0.2753	0.2401	0.2716	0.2937	0.3293	0.3644	0.3931	0.4378
300	300	600	1200	2.00	direct	anytime	0.55	0.40	0.30	0.15	no-lift	2000	neither_passes	1611	0.80550000	0.00885070	1095.054	$90.89-$95.27	$99.60-$104.40 (cap $360.00)	-0.0811	-0.0300	-0.0080	0.0202	0.0470	0.0765	0.1665	0.0025	0.0949	0.1162	0.1424	0.1657	0.1817	0.1997	0.2007	0.2289	0.2502	0.2771	0.3064	0.3368	0.4454
300	300	600	1200	2.00	direct	anytime	0.55	0.40	0.30	0.15	no-lift	2000	both_pass	0	0.00000000	0.00000000	1095.054	$90.89-$95.27	$99.60-$104.40 (cap $360.00)	NA	NA	NA	NA	NA	NA	NA	NA	NA	NA	NA	NA	NA	NA	NA	NA	NA	NA	NA	NA	NA
120	120	60	300	0.50	union	anytime	0.60	0.40	0.30	0.20	calibration	2000	fp_passes_fn_fails	1	0.00050000	0.00049987	295.196	$24.50-$25.68	$24.90-$26.10 (cap $90.00)	0.2071	0.2071	0.2071	0.2071	0.2071	0.2071	0.2071	-0.0303	-0.0303	-0.0303	-0.0303	-0.0303	-0.0303	-0.0303	0.5104	0.5104	0.5104	0.5104	0.5104	0.5104	0.5104
120	120	60	300	0.50	union	anytime	0.60	0.40	0.30	0.20	calibration	2000	fn_passes_fp_fails	2	0.00100000	0.00070675	295.196	$24.50-$25.68	$24.90-$26.10 (cap $90.00)	-0.0669	-0.0463	-0.0152	0.0365	0.0882	0.1192	0.1399	0.2404	0.2428	0.2464	0.2524	0.2585	0.2621	0.2645	0.3012	0.3221	0.3533	0.4055	0.4576	0.4889	0.5098
120	120	60	300	0.50	union	anytime	0.60	0.40	0.30	0.20	calibration	2000	neither_passes	1951	0.97550000	0.00345686	295.196	$24.50-$25.68	$24.90-$26.10 (cap $90.00)	-0.2038	-0.0769	-0.0394	0.0051	0.0532	0.0963	0.1953	-0.3500	-0.1702	-0.1170	-0.0558	-0.0039	0.0504	0.1932	0.2013	0.2993	0.3363	0.3812	0.4263	0.4718	0.6265
120	120	60	300	0.50	union	anytime	0.60	0.40	0.30	0.20	calibration	2000	both_pass	0	0.00000000	0.00000000	295.196	$24.50-$25.68	$24.90-$26.10 (cap $90.00)	NA	NA	NA	NA	NA	NA	NA	NA	NA	NA	NA	NA	NA	NA	NA	NA	NA	NA	NA	NA	NA
120	120	60	300	0.50	direct	anytime	0.60	0.40	0.30	0.20	calibration	2000	fp_passes_fn_fails	1	0.00050000	0.00049987	295.196	$24.50-$25.68	$24.90-$26.10 (cap $90.00)	0.2071	0.2071	0.2071	0.2071	0.2071	0.2071	0.2071	0.0372	0.0372	0.0372	0.0372	0.0372	0.0372	0.0372	0.5104	0.5104	0.5104	0.5104	0.5104	0.5104	0.5104
120	120	60	300	0.50	direct	anytime	0.60	0.40	0.30	0.20	calibration	2000	fn_passes_fp_fails	71	0.03550000	0.00413762	295.196	$24.50-$25.68	$24.90-$26.10 (cap $90.00)	-0.1160	-0.0348	0.0084	0.0514	0.1041	0.1383	0.1918	0.2008	0.2063	0.2105	0.2230	0.2448	0.2675	0.3884	0.2727	0.3181	0.3696	0.4193	0.4623	0.5073	0.5966
120	120	60	300	0.50	direct	anytime	0.60	0.40	0.30	0.20	calibration	2000	neither_passes	1882	0.94100000	0.00526873	295.196	$24.50-$25.68	$24.90-$26.10 (cap $90.00)	-0.2038	-0.0775	-0.0406	0.0036	0.0514	0.0933	0.1953	-0.2885	-0.0889	-0.0345	0.0335	0.0931	0.1401	0.1994	0.2013	0.2989	0.3356	0.3799	0.4249	0.4696	0.6265
120	120	60	300	0.50	direct	anytime	0.60	0.40	0.30	0.20	calibration	2000	both_pass	0	0.00000000	0.00000000	295.196	$24.50-$25.68	$24.90-$26.10 (cap $90.00)	NA	NA	NA	NA	NA	NA	NA	NA	NA	NA	NA	NA	NA	NA	NA	NA	NA	NA	NA	NA	NA
100	100	100	300	1.00	union	anytime	0.60	0.40	0.30	0.20	calibration	2000	fp_passes_fn_fails	6	0.00300000	0.00122291	294.123	$24.41-$25.59	$24.90-$26.10 (cap $90.00)	0.2012	0.2022	0.2036	0.2082	0.2315	0.2432	0.2480	-0.0564	-0.0191	0.0329	0.0972	0.1197	0.1378	0.1552	0.4964	0.5163	0.5392	0.5492	0.5933	0.6211	0.6347
100	100	100	300	1.00	union	anytime	0.60	0.40	0.30	0.20	calibration	2000	fn_passes_fp_fails	1	0.00050000	0.00049987	294.123	$24.41-$25.59	$24.90-$26.10 (cap $90.00)	0.0752	0.0752	0.0752	0.0752	0.0752	0.0752	0.0752	0.2481	0.2481	0.2481	0.2481	0.2481	0.2481	0.2481	0.4774	0.4774	0.4774	0.4774	0.4774	0.4774	0.4774
100	100	100	300	1.00	union	anytime	0.60	0.40	0.30	0.20	calibration	2000	neither_passes	1939	0.96950000	0.00384511	294.123	$24.41-$25.59	$24.90-$26.10 (cap $90.00)	-0.2311	-0.1106	-0.0635	-0.0098	0.0423	0.0871	0.1995	-0.3093	-0.1386	-0.0849	-0.0305	0.0243	0.0687	0.1966	0.2066	0.2994	0.3457	0.3962	0.4475	0.4931	0.6257
100	100	100	300	1.00	union	anytime	0.60	0.40	0.30	0.20	calibration	2000	both_pass	0	0.00000000	0.00000000	294.123	$24.41-$25.59	$24.90-$26.10 (cap $90.00)	NA	NA	NA	NA	NA	NA	NA	NA	NA	NA	NA	NA	NA	NA	NA	NA	NA	NA	NA	NA	NA
100	100	100	300	1.00	direct	anytime	0.60	0.40	0.30	0.20	calibration	2000	fp_passes_fn_fails	2	0.00100000	0.00070675	293.709	$24.38-$25.55	$24.90-$26.10 (cap $90.00)	0.2051	0.2057	0.2066	0.2082	0.2097	0.2106	0.2113	0.0863	0.0940	0.1056	0.1249	0.1441	0.1557	0.1634	0.5363	0.5374	0.5392	0.5421	0.5450	0.5467	0.5479
100	100	100	300	1.00	direct	anytime	0.60	0.40	0.30	0.20	calibration	2000	fn_passes_fp_fails	145	0.07250000	0.00579844	293.709	$24.38-$25.55	$24.90-$26.10 (cap $90.00)	-0.0960	-0.0246	0.0136	0.0583	0.1006	0.1434	0.1761	0.2001	0.2037	0.2098	0.2187	0.2403	0.2576	0.3279	0.3218	0.3768	0.4182	0.4657	0.5058	0.5432	0.5790
100	100	100	300	1.00	direct	anytime	0.60	0.40	0.30	0.20	calibration	2000	neither_passes	1791	0.89550000	0.00684031	293.709	$24.38-$25.55	$24.90-$26.10 (cap $90.00)	-0.2311	-0.1124	-0.0681	-0.0142	0.0342	0.0782	0.1911	-0.2047	-0.0128	0.0363	0.0860	0.1321	0.1646	0.1996	0.2066	0.2972	0.3418	0.3908	0.4419	0.4839	0.6257
100	100	100	300	1.00	direct	anytime	0.60	0.40	0.30	0.20	calibration	2000	both_pass	0	0.00000000	0.00000000	293.709	$24.38-$25.55	$24.90-$26.10 (cap $90.00)	NA	NA	NA	NA	NA	NA	NA	NA	NA	NA	NA	NA	NA	NA	NA	NA	NA	NA	NA	NA	NA
75	75	150	300	2.00	union	anytime	0.60	0.40	0.30	0.20	calibration	2000	fp_passes_fn_fails	2	0.00100000	0.00070675	295.256	$24.51-$25.69	$24.90-$26.10 (cap $90.00)	0.2138	0.2147	0.2160	0.2183	0.2205	0.2219	0.2228	0.0064	0.0187	0.0372	0.0680	0.0987	0.1172	0.1295	0.5710	0.5775	0.5873	0.6035	0.6198	0.6296	0.6361
75	75	150	300	2.00	union	anytime	0.60	0.40	0.30	0.20	calibration	2000	fn_passes_fp_fails	2	0.00100000	0.00070675	295.256	$24.51-$25.69	$24.90-$26.10 (cap $90.00)	0.0733	0.0741	0.0753	0.0774	0.0795	0.0808	0.0816	0.2101	0.2124	0.2159	0.2217	0.2275	0.2310	0.2333	0.4981	0.5009	0.5051	0.5120	0.5190	0.5231	0.5259
75	75	150	300	2.00	union	anytime	0.60	0.40	0.30	0.20	calibration	2000	neither_passes	1947	0.97350000	0.00359150	295.256	$24.51-$25.69	$24.90-$26.10 (cap $90.00)	-0.3076	-0.1496	-0.0957	-0.0364	0.0203	0.0693	0.1980	-0.2620	-0.1220	-0.0760	-0.0261	0.0293	0.0750	0.1907	0.2055	0.3179	0.3653	0.4247	0.4809	0.5350	0.6773
75	75	150	300	2.00	union	anytime	0.60	0.40	0.30	0.20	calibration	2000	both_pass	0	0.00000000	0.00000000	295.256	$24.51-$25.69	$24.90-$26.10 (cap $90.00)	NA	NA	NA	NA	NA	NA	NA	NA	NA	NA	NA	NA	NA	NA	NA	NA	NA	NA	NA	NA	NA
75	75	150	300	2.00	direct	anytime	0.60	0.40	0.30	0.20	calibration	2000	fp_passes_fn_fails	1	0.00050000	0.00049987	294.990	$24.48-$25.66	$24.90-$26.10 (cap $90.00)	0.2138	0.2138	0.2138	0.2138	0.2138	0.2138	0.2138	0.1459	0.1459	0.1459	0.1459	0.1459	0.1459	0.1459	0.5710	0.5710	0.5710	0.5710	0.5710	0.5710	0.5710
75	75	150	300	2.00	direct	anytime	0.60	0.40	0.30	0.20	calibration	2000	fn_passes_fp_fails	125	0.06250000	0.00541266	294.990	$24.48-$25.66	$24.90-$26.10 (cap $90.00)	-0.2065	-0.0378	-0.0024	0.0436	0.0860	0.1396	0.1883	0.2004	0.2046	0.2093	0.2218	0.2383	0.2561	0.2964	0.2755	0.4015	0.4566	0.4962	0.5447	0.5841	0.6686
75	75	150	300	2.00	direct	anytime	0.60	0.40	0.30	0.20	calibration	2000	neither_passes	1820	0.91000000	0.00639922	294.990	$24.48-$25.66	$24.90-$26.10 (cap $90.00)	-0.3076	-0.1526	-0.0991	-0.0413	0.0143	0.0615	0.1980	-0.0988	0.0056	0.0428	0.0878	0.1306	0.1614	0.1990	0.2055	0.3148	0.3622	0.4196	0.4762	0.5267	0.6773
75	75	150	300	2.00	direct	anytime	0.60	0.40	0.30	0.20	calibration	2000	both_pass	0	0.00000000	0.00000000	294.990	$24.48-$25.66	$24.90-$26.10 (cap $90.00)	NA	NA	NA	NA	NA	NA	NA	NA	NA	NA	NA	NA	NA	NA	NA	NA	NA	NA	NA	NA	NA
480	480	240	1200	0.50	union	anytime	0.60	0.40	0.30	0.20	calibration	2000	fp_passes_fn_fails	5	0.00250000	0.00111664	1168.247	$96.96-$101.64	$99.60-$104.40 (cap $360.00)	0.2020	0.2025	0.2032	0.2138	0.2158	0.2213	0.2250	0.1338	0.1502	0.1747	0.1791	0.1792	0.1858	0.1901	0.3980	0.3988	0.4000	0.4248	0.4380	0.4429	0.4462
480	480	240	1200	0.50	union	anytime	0.60	0.40	0.30	0.20	calibration	2000	fn_passes_fp_fails	24	0.01200000	0.00243475	1168.247	$96.96-$101.64	$99.60-$104.40 (cap $360.00)	0.0917	0.1127	0.1256	0.1437	0.1548	0.1738	0.1830	0.2009	0.2015	0.2059	0.2148	0.2268	0.2451	0.2490	0.2844	0.3154	0.3376	0.3464	0.3715	0.3855	0.3870
480	480	240	1200	0.50	union	anytime	0.60	0.40	0.30	0.20	calibration	2000	neither_passes	1905	0.95250000	0.00475625	1168.247	$96.96-$101.64	$99.60-$104.40 (cap $360.00)	-0.0081	0.0440	0.0662	0.0933	0.1195	0.1423	0.1980	-0.1273	0.0424	0.0715	0.1035	0.1310	0.1580	0.2000	0.2000	0.2538	0.2749	0.3040	0.3321	0.3553	0.4223
480	480	240	1200	0.50	union	anytime	0.60	0.40	0.30	0.20	calibration	2000	both_pass	0	0.00000000	0.00000000	1168.247	$96.96-$101.64	$99.60-$104.40 (cap $360.00)	NA	NA	NA	NA	NA	NA	NA	NA	NA	NA	NA	NA	NA	NA	NA	NA	NA	NA	NA	NA	NA
480	480	240	1200	0.50	direct	anytime	0.60	0.40	0.30	0.20	calibration	2000	fp_passes_fn_fails	0	0.00000000	0.00000000	1164.159	$96.63-$101.28	$99.60-$104.40 (cap $360.00)	NA	NA	NA	NA	NA	NA	NA	NA	NA	NA	NA	NA	NA	NA	NA	NA	NA	NA	NA	NA	NA
480	480	240	1200	0.50	direct	anytime	0.60	0.40	0.30	0.20	calibration	2000	fn_passes_fp_fails	423	0.21150000	0.00913148	1164.159	$96.63-$101.28	$99.60-$104.40 (cap $360.00)	0.0094	0.0632	0.0875	0.1099	0.1340	0.1545	0.1861	0.2002	0.2043	0.2106	0.2213	0.2398	0.2566	0.3280	0.2275	0.2739	0.2934	0.3199	0.3425	0.3659	0.4144
480	480	240	1200	0.50	direct	anytime	0.60	0.40	0.30	0.20	calibration	2000	neither_passes	1499	0.74950000	0.00968890	1164.159	$96.63-$101.28	$99.60-$104.40 (cap $360.00)	-0.0081	0.0408	0.0624	0.0886	0.1152	0.1378	0.1952	-0.0706	0.0877	0.1182	0.1480	0.1730	0.1885	0.1999	0.2000	0.2515	0.2704	0.2993	0.3279	0.3514	0.4197
480	480	240	1200	0.50	direct	anytime	0.60	0.40	0.30	0.20	calibration	2000	both_pass	0	0.00000000	0.00000000	1164.159	$96.63-$101.28	$99.60-$104.40 (cap $360.00)	NA	NA	NA	NA	NA	NA	NA	NA	NA	NA	NA	NA	NA	NA	NA	NA	NA	NA	NA	NA	NA
400	400	400	1200	1.00	union	anytime	0.60	0.40	0.30	0.20	calibration	2000	fp_passes_fn_fails	5	0.00250000	0.00111664	1175.405	$97.56-$102.26	$99.60-$104.40 (cap $360.00)	0.2008	0.2012	0.2019	0.2023	0.2156	0.2163	0.2168	0.1245	0.1278	0.1328	0.1476	0.1876	0.1941	0.1984	0.4087	0.4094	0.4103	0.4130	0.4410	0.4440	0.4461
400	400	400	1200	1.00	union	anytime	0.60	0.40	0.30	0.20	calibration	2000	fn_passes_fp_fails	48	0.02400000	0.00342228	1175.405	$97.56-$102.26	$99.60-$104.40 (cap $360.00)	0.0651	0.0766	0.1011	0.1240	0.1540	0.1703	0.1850	0.2006	0.2023	0.2040	0.2111	0.2220	0.2379	0.2609	0.2849	0.3132	0.3329	0.3531	0.3776	0.3942	0.4338
400	400	400	1200	1.00	union	anytime	0.60	0.40	0.30	0.20	calibration	2000	neither_passes	1901	0.95050000	0.00485024	1175.405	$97.56-$102.26	$99.60-$104.40 (cap $360.00)	-0.0231	0.0334	0.0563	0.0850	0.1114	0.1338	0.1993	-0.0237	0.0613	0.0856	0.1144	0.1424	0.1657	0.1996	0.2123	0.2602	0.2827	0.3108	0.3388	0.3623	0.4605
400	400	400	1200	1.00	union	anytime	0.60	0.40	0.30	0.20	calibration	2000	both_pass	0	0.00000000	0.00000000	1175.405	$97.56-$102.26	$99.60-$104.40 (cap $360.00)	NA	NA	NA	NA	NA	NA	NA	NA	NA	NA	NA	NA	NA	NA	NA	NA	NA	NA	NA	NA	NA
400	400	400	1200	1.00	direct	anytime	0.60	0.40	0.30	0.20	calibration	2000	fp_passes_fn_fails	1	0.00050000	0.00049987	1172.582	$97.32-$102.01	$99.60-$104.40 (cap $360.00)	0.2019	0.2019	0.2019	0.2019	0.2019	0.2019	0.2019	0.1910	0.1910	0.1910	0.1910	0.1910	0.1910	0.1910	0.4103	0.4103	0.4103	0.4103	0.4103	0.4103	0.4103
400	400	400	1200	1.00	direct	anytime	0.60	0.40	0.30	0.20	calibration	2000	fn_passes_fp_fails	781	0.39050000	0.01090894	1172.582	$97.32-$102.01	$99.60-$104.40 (cap $360.00)	-0.0163	0.0551	0.0794	0.1023	0.1262	0.1462	0.1925	0.2000	0.2037	0.2098	0.2225	0.2401	0.2595	0.3206	0.2248	0.2799	0.3029	0.3289	0.3549	0.3780	0.4605
400	400	400	1200	1.00	direct	anytime	0.60	0.40	0.30	0.20	calibration	2000	neither_passes	1165	0.58250000	0.01102710	1172.582	$97.32-$102.01	$99.60-$104.40 (cap $360.00)	-0.0231	0.0277	0.0468	0.0748	0.0985	0.1220	0.1993	0.0525	0.1265	0.1473	0.1674	0.1840	0.1933	0.1999	0.2123	0.2534	0.2732	0.2997	0.3275	0.3498	0.4396
400	400	400	1200	1.00	direct	anytime	0.60	0.40	0.30	0.20	calibration	2000	both_pass	0	0.00000000	0.00000000	1172.582	$97.32-$102.01	$99.60-$104.40 (cap $360.00)	NA	NA	NA	NA	NA	NA	NA	NA	NA	NA	NA	NA	NA	NA	NA	NA	NA	NA	NA	NA	NA
300	300	600	1200	2.00	union	anytime	0.60	0.40	0.30	0.20	calibration	2000	fp_passes_fn_fails	5	0.00250000	0.00111664	1174.790	$97.51-$102.21	$99.60-$104.40 (cap $360.00)	0.2025	0.2045	0.2075	0.2080	0.2149	0.2296	0.2394	0.1516	0.1605	0.1739	0.1749	0.1771	0.1796	0.1813	0.4261	0.4315	0.4396	0.4747	0.4773	0.4790	0.4802
300	300	600	1200	2.00	union	anytime	0.60	0.40	0.30	0.20	calibration	2000	fn_passes_fp_fails	49	0.02450000	0.00345686	1174.790	$97.51-$102.21	$99.60-$104.40 (cap $360.00)	0.0614	0.0858	0.1033	0.1323	0.1471	0.1748	0.1933	0.2009	0.2029	0.2046	0.2112	0.2203	0.2290	0.2518	0.3245	0.3421	0.3571	0.3883	0.4074	0.4313	0.4645
300	300	600	1200	2.00	union	anytime	0.60	0.40	0.30	0.20	calibration	2000	neither_passes	1893	0.94650000	0.00503179	1174.790	$97.51-$102.21	$99.60-$104.40 (cap $360.00)	-0.0597	0.0098	0.0377	0.0688	0.0980	0.1251	0.1986	-0.0152	0.0615	0.0897	0.1166	0.1447	0.1679	0.1994	0.2067	0.2637	0.2909	0.3235	0.3542	0.3816	0.4596
300	300	600	1200	2.00	union	anytime	0.60	0.40	0.30	0.20	calibration	2000	both_pass	0	0.00000000	0.00000000	1174.790	$97.51-$102.21	$99.60-$104.40 (cap $360.00)	NA	NA	NA	NA	NA	NA	NA	NA	NA	NA	NA	NA	NA	NA	NA	NA	NA	NA	NA	NA	NA
300	300	600	1200	2.00	direct	anytime	0.60	0.40	0.30	0.20	calibration	2000	fp_passes_fn_fails	0	0.00000000	0.00000000	1171.134	$97.20-$101.89	$99.60-$104.40 (cap $360.00)	NA	NA	NA	NA	NA	NA	NA	NA	NA	NA	NA	NA	NA	NA	NA	NA	NA	NA	NA	NA	NA
300	300	600	1200	2.00	direct	anytime	0.60	0.40	0.30	0.20	calibration	2000	fn_passes_fp_fails	827	0.41350000	0.01101176	1171.134	$97.20-$101.89	$99.60-$104.40 (cap $360.00)	-0.0292	0.0415	0.0650	0.0909	0.1192	0.1404	0.1946	0.2000	0.2040	0.2108	0.2240	0.2396	0.2566	0.3181	0.2147	0.2892	0.3176	0.3453	0.3743	0.4003	0.4645
300	300	600	1200	2.00	direct	anytime	0.60	0.40	0.30	0.20	calibration	2000	neither_passes	1109	0.55450000	0.01111372	1171.134	$97.20-$101.89	$99.60-$104.40 (cap $360.00)	-0.0597	-0.0010	0.0240	0.0543	0.0829	0.1047	0.1834	0.0789	0.1307	0.1519	0.1726	0.1865	0.1944	0.2000	0.2067	0.2546	0.2784	0.3076	0.3374	0.3639	0.4351
300	300	600	1200	2.00	direct	anytime	0.60	0.40	0.30	0.20	calibration	2000	both_pass	0	0.00000000	0.00000000	1171.134	$97.20-$101.89	$99.60-$104.40 (cap $360.00)	NA	NA	NA	NA	NA	NA	NA	NA	NA	NA	NA	NA	NA	NA	NA	NA	NA	NA	NA	NA	NA
120	120	60	300	0.50	union	anytime	0.65	0.40	0.30	0.25	small real effect	2000	fp_passes_fn_fails	33	0.01650000	0.00284849	297.431	$24.69-$25.88	$24.90-$26.10 (cap $90.00)	0.2011	0.2067	0.2109	0.2162	0.2258	0.2652	0.3029	-0.0067	0.0014	0.0545	0.0875	0.1196	0.1340	0.1889	0.5103	0.5205	0.5366	0.5744	0.5838	0.6114	0.6902
120	120	60	300	0.50	union	anytime	0.65	0.40	0.30	0.25	small real effect	2000	fn_passes_fp_fails	10	0.00500000	0.00157718	297.431	$24.69-$25.88	$24.90-$26.10 (cap $90.00)	0.0594	0.0700	0.1156	0.1407	0.1518	0.1578	0.1876	0.2017	0.2018	0.2027	0.2123	0.2311	0.2622	0.3148	0.4139	0.4609	0.4881	0.5111	0.5273	0.5518	0.5833
120	120	60	300	0.50	union	anytime	0.65	0.40	0.30	0.25	small real effect	2000	neither_passes	1933	0.96650000	0.00402354	297.431	$24.69-$25.88	$24.90-$26.10 (cap $90.00)	-0.1570	-0.0362	0.0073	0.0515	0.0977	0.1396	0.1987	-0.3189	-0.1211	-0.0727	-0.0118	0.0460	0.0943	0.1966	0.2254	0.3380	0.3760	0.4225	0.4676	0.5081	0.6120
120	120	60	300	0.50	union	anytime	0.65	0.40	0.30	0.25	small real effect	2000	both_pass	0	0.00000000	0.00000000	297.431	$24.69-$25.88	$24.90-$26.10 (cap $90.00)	NA	NA	NA	NA	NA	NA	NA	NA	NA	NA	NA	NA	NA	NA	NA	NA	NA	NA	NA	NA	NA
120	120	60	300	0.50	direct	anytime	0.65	0.40	0.30	0.25	small real effect	2000	fp_passes_fn_fails	20	0.01000000	0.00222486	296.573	$24.62-$25.80	$24.90-$26.10 (cap $90.00)	0.2011	0.2063	0.2082	0.2157	0.2257	0.2407	0.2811	0.0496	0.0673	0.0973	0.1355	0.1567	0.1739	0.1812	0.5103	0.5193	0.5282	0.5626	0.5834	0.5926	0.6353
120	120	60	300	0.50	direct	anytime	0.65	0.40	0.30	0.25	small real effect	2000	fn_passes_fp_fails	188	0.09400000	0.00652549	296.573	$24.62-$25.80	$24.90-$26.10 (cap $90.00)	-0.0907	0.0145	0.0442	0.0825	0.1200	0.1588	0.1937	0.2002	0.2057	0.2144	0.2288	0.2522	0.2776	0.4365	0.2987	0.3791	0.4123	0.4500	0.4898	0.5245	0.5909
120	120	60	300	0.50	direct	anytime	0.65	0.40	0.30	0.25	small real effect	2000	neither_passes	1748	0.87400000	0.00742038	296.573	$24.62-$25.80	$24.90-$26.10 (cap $90.00)	-0.1570	-0.0390	0.0026	0.0480	0.0948	0.1352	0.1987	-0.2682	-0.0415	0.0114	0.0731	0.1267	0.1629	0.1998	0.2254	0.3357	0.3729	0.4185	0.4656	0.5059	0.6120
120	120	60	300	0.50	direct	anytime	0.65	0.40	0.30	0.25	small real effect	2000	both_pass	0	0.00000000	0.00000000	296.573	$24.62-$25.80	$24.90-$26.10 (cap $90.00)	NA	NA	NA	NA	NA	NA	NA	NA	NA	NA	NA	NA	NA	NA	NA	NA	NA	NA	NA	NA	NA
100	100	100	300	1.00	union	anytime	0.65	0.40	0.30	0.25	small real effect	2000	fp_passes_fn_fails	28	0.01400000	0.00262717	298.002	$24.73-$25.93	$24.90-$26.10 (cap $90.00)	0.2004	0.2018	0.2053	0.2171	0.2257	0.2488	0.2803	-0.0348	0.0168	0.0457	0.1033	0.1530	0.1659	0.1974	0.5204	0.5472	0.5559	0.5879	0.6119	0.6367	0.6639
100	100	100	300	1.00	union	anytime	0.65	0.40	0.30	0.25	small real effect	2000	fn_passes_fp_fails	8	0.00400000	0.00141138	298.002	$24.73-$25.93	$24.90-$26.10 (cap $90.00)	0.0650	0.0846	0.1000	0.1371	0.1451	0.1555	0.1610	0.2037	0.2104	0.2249	0.2362	0.2473	0.2635	0.2726	0.4689	0.4691	0.4980	0.5221	0.5577	0.5847	0.5921
100	100	100	300	1.00	union	anytime	0.65	0.40	0.30	0.25	small real effect	2000	neither_passes	1941	0.97050000	0.00378350	298.002	$24.73-$25.93	$24.90-$26.10 (cap $90.00)	-0.2041	-0.0654	-0.0195	0.0366	0.0883	0.1332	0.1986	-0.2358	-0.0865	-0.0363	0.0210	0.0716	0.1171	0.1997	0.2261	0.3368	0.3840	0.4362	0.4890	0.5304	0.6627
100	100	100	300	1.00	union	anytime	0.65	0.40	0.30	0.25	small real effect	2000	both_pass	0	0.00000000	0.00000000	298.002	$24.73-$25.93	$24.90-$26.10 (cap $90.00)	NA	NA	NA	NA	NA	NA	NA	NA	NA	NA	NA	NA	NA	NA	NA	NA	NA	NA	NA	NA	NA
100	100	100	300	1.00	direct	anytime	0.65	0.40	0.30	0.25	small real effect	2000	fp_passes_fn_fails	9	0.00450000	0.00149662	296.411	$24.60-$25.79	$24.90-$26.10 (cap $90.00)	0.2004	0.2006	0.2011	0.2037	0.2429	0.2516	0.2529	0.1279	0.1321	0.1415	0.1521	0.1773	0.1856	0.1996	0.5204	0.5423	0.5517	0.5584	0.6043	0.6212	0.6598
100	100	100	300	1.00	direct	anytime	0.65	0.40	0.30	0.25	small real effect	2000	fn_passes_fp_fails	444	0.22200000	0.00929290	296.411	$24.60-$25.79	$24.90-$26.10 (cap $90.00)	-0.1120	-0.0082	0.0386	0.0877	0.1253	0.1568	0.1983	0.2002	0.2040	0.2133	0.2304	0.2528	0.2791	0.3696	0.2893	0.3918	0.4340	0.4828	0.5183	0.5561	0.6518
100	100	100	300	1.00	direct	anytime	0.65	0.40	0.30	0.25	small real effect	2000	neither_passes	1494	0.74700000	0.00972088	296.411	$24.60-$25.79	$24.90-$26.10 (cap $90.00)	-0.2041	-0.0724	-0.0319	0.0220	0.0713	0.1171	0.1986	-0.1060	0.0300	0.0757	0.1226	0.1585	0.1822	0.2000	0.2261	0.3292	0.3734	0.4234	0.4737	0.5184	0.6292
100	100	100	300	1.00	direct	anytime	0.65	0.40	0.30	0.25	small real effect	2000	both_pass	0	0.00000000	0.00000000	296.411	$24.60-$25.79	$24.90-$26.10 (cap $90.00)	NA	NA	NA	NA	NA	NA	NA	NA	NA	NA	NA	NA	NA	NA	NA	NA	NA	NA	NA	NA	NA
75	75	150	300	2.00	union	anytime	0.65	0.40	0.30	0.25	small real effect	2000	fp_passes_fn_fails	22	0.01100000	0.00233227	298.016	$24.74-$25.93	$24.90-$26.10 (cap $90.00)	0.2005	0.2031	0.2066	0.2191	0.2296	0.2343	0.2473	0.0375	0.0394	0.0929	0.1181	0.1558	0.1655	0.1755	0.5664	0.5711	0.5827	0.6122	0.6395	0.6644	0.6884
75	75	150	300	2.00	union	anytime	0.65	0.40	0.30	0.25	small real effect	2000	fn_passes_fp_fails	20	0.01000000	0.00222486	298.016	$24.74-$25.93	$24.90-$26.10 (cap $90.00)	-0.0154	0.0448	0.0643	0.0847	0.1076	0.1490	0.1564	0.2009	0.2042	0.2077	0.2156	0.2287	0.2361	0.2635	0.3698	0.4711	0.4988	0.5252	0.5480	0.5992	0.6466
75	75	150	300	2.00	union	anytime	0.65	0.40	0.30	0.25	small real effect	2000	neither_passes	1931	0.96550000	0.00408104	298.016	$24.74-$25.93	$24.90-$26.10 (cap $90.00)	-0.2786	-0.1068	-0.0502	0.0073	0.0654	0.1107	0.1967	-0.2198	-0.0764	-0.0284	0.0246	0.0769	0.1188	0.1995	0.2196	0.3514	0.4071	0.4603	0.5192	0.5659	0.6912
75	75	150	300	2.00	union	anytime	0.65	0.40	0.30	0.25	small real effect	2000	both_pass	0	0.00000000	0.00000000	298.016	$24.74-$25.93	$24.90-$26.10 (cap $90.00)	NA	NA	NA	NA	NA	NA	NA	NA	NA	NA	NA	NA	NA	NA	NA	NA	NA	NA	NA	NA	NA
75	75	150	300	2.00	direct	anytime	0.65	0.40	0.30	0.25	small real effect	2000	fp_passes_fn_fails	7	0.00350000	0.00132056	296.884	$24.64-$25.83	$24.90-$26.10 (cap $90.00)	0.2031	0.2031	0.2053	0.2112	0.2201	0.2244	0.2306	0.1504	0.1518	0.1568	0.1710	0.1794	0.1822	0.1854	0.5703	0.5752	0.5801	0.5824	0.6138	0.6460	0.6776
75	75	150	300	2.00	direct	anytime	0.65	0.40	0.30	0.25	small real effect	2000	fn_passes_fp_fails	388	0.19400000	0.00884206	296.884	$24.64-$25.83	$24.90-$26.10 (cap $90.00)	-0.1683	-0.0142	0.0209	0.0643	0.1102	0.1418	0.1959	0.2000	0.2059	0.2135	0.2297	0.2541	0.2750	0.3486	0.2910	0.4170	0.4580	0.5098	0.5531	0.5881	0.6841
75	75	150	300	2.00	direct	anytime	0.65	0.40	0.30	0.25	small real effect	2000	neither_passes	1555	0.77750000	0.00930037	296.884	$24.64-$25.83	$24.90-$26.10 (cap $90.00)	-0.2786	-0.1189	-0.0626	-0.0057	0.0488	0.0930	0.1967	-0.0935	0.0413	0.0808	0.1237	0.1606	0.1828	0.1997	0.2196	0.3424	0.3956	0.4478	0.5041	0.5543	0.6912
75	75	150	300	2.00	direct	anytime	0.65	0.40	0.30	0.25	small real effect	2000	both_pass	0	0.00000000	0.00000000	296.884	$24.64-$25.83	$24.90-$26.10 (cap $90.00)	NA	NA	NA	NA	NA	NA	NA	NA	NA	NA	NA	NA	NA	NA	NA	NA	NA	NA	NA	NA	NA
480	480	240	1200	0.50	union	anytime	0.65	0.40	0.30	0.25	small real effect	2000	fp_passes_fn_fails	80	0.04000000	0.00438178	1169.906	$97.10-$101.78	$99.60-$104.40 (cap $360.00)	0.2001	0.2017	0.2040	0.2103	0.2192	0.2254	0.2609	0.0705	0.1258	0.1411	0.1690	0.1833	0.1887	0.1963	0.3865	0.3955	0.4074	0.4158	0.4313	0.4430	0.4867
480	480	240	1200	0.50	union	anytime	0.65	0.40	0.30	0.25	small real effect	2000	fn_passes_fp_fails	255	0.12750000	0.00745801	1169.906	$97.10-$101.78	$99.60-$104.40 (cap $360.00)	0.0633	0.1209	0.1414	0.1582	0.1739	0.1844	0.1962	0.2001	0.2023	0.2068	0.2163	0.2276	0.2484	0.2786	0.2533	0.3244	0.3436	0.3648	0.3826	0.3990	0.4331
480	480	240	1200	0.50	union	anytime	0.65	0.40	0.30	0.25	small real effect	2000	neither_passes	1557	0.77850000	0.00928541	1169.906	$97.10-$101.78	$99.60-$104.40 (cap $360.00)	0.0113	0.0903	0.1113	0.1354	0.1591	0.1780	0.1998	-0.0606	0.0826	0.1122	0.1426	0.1666	0.1852	0.1997	0.2254	0.2964	0.3174	0.3438	0.3672	0.3879	0.4491
480	480	240	1200	0.50	union	anytime	0.65	0.40	0.30	0.25	small real effect	2000	both_pass	0	0.00000000	0.00000000	1169.906	$97.10-$101.78	$99.60-$104.40 (cap $360.00)	NA	NA	NA	NA	NA	NA	NA	NA	NA	NA	NA	NA	NA	NA	NA	NA	NA	NA	NA	NA	NA
480	480	240	1200	0.50	direct	anytime	0.65	0.40	0.30	0.25	small real effect	2000	fp_passes_fn_fails	28	0.01400000	0.00262717	1145.814	$95.10-$99.69	$99.60-$104.40 (cap $360.00)	0.2001	0.2003	0.2048	0.2110	0.2207	0.2330	0.2492	0.1239	0.1406	0.1561	0.1737	0.1897	0.1936	0.1947	0.3877	0.3973	0.4112	0.4199	0.4327	0.4492	0.4720
480	480	240	1200	0.50	direct	anytime	0.65	0.40	0.30	0.25	small real effect	2000	fn_passes_fp_fails	1017	0.50850000	0.01117872	1145.814	$95.10-$99.69	$99.60-$104.40 (cap $360.00)	0.0451	0.1053	0.1234	0.1469	0.1664	0.1799	0.1990	0.2000	0.2069	0.2176	0.2356	0.2625	0.2863	0.3560	0.2533	0.3091	0.3293	0.3527	0.3732	0.3905	0.4491
480	480	240	1200	0.50	direct	anytime	0.65	0.40	0.30	0.25	small real effect	2000	neither_passes	774	0.38700000	0.01089107	1145.814	$95.10-$99.69	$99.60-$104.40 (cap $360.00)	0.0113	0.0810	0.1041	0.1279	0.1531	0.1731	0.1997	0.0227	0.1203	0.1467	0.1675	0.1848	0.1931	0.2000	0.2254	0.2876	0.3098	0.3367	0.3615	0.3854	0.4368
480	480	240	1200	0.50	direct	anytime	0.65	0.40	0.30	0.25	small real effect	2000	both_pass	0	0.00000000	0.00000000	1145.814	$95.10-$99.69	$99.60-$104.40 (cap $360.00)	NA	NA	NA	NA	NA	NA	NA	NA	NA	NA	NA	NA	NA	NA	NA	NA	NA	NA	NA	NA	NA
400	400	400	1200	1.00	union	anytime	0.65	0.40	0.30	0.25	small real effect	2000	fp_passes_fn_fails	40	0.02000000	0.00313050	1171.006	$97.19-$101.88	$99.60-$104.40 (cap $360.00)	0.2002	0.2017	0.2058	0.2116	0.2193	0.2355	0.2552	0.1390	0.1528	0.1646	0.1744	0.1863	0.1944	0.1968	0.3943	0.4122	0.4218	0.4383	0.4508	0.4644	0.5077
400	400	400	1200	1.00	union	anytime	0.65	0.40	0.30	0.25	small real effect	2000	fn_passes_fp_fails	371	0.18550000	0.00869166	1171.006	$97.19-$101.88	$99.60-$104.40 (cap $360.00)	0.0607	0.1128	0.1310	0.1490	0.1693	0.1833	0.1988	0.2000	0.2031	0.2072	0.2163	0.2311	0.2472	0.2928	0.2840	0.3308	0.3525	0.3751	0.3952	0.4118	0.4924
400	400	400	1200	1.00	union	anytime	0.65	0.40	0.30	0.25	small real effect	2000	neither_passes	1487	0.74350000	0.00976493	1171.006	$97.19-$101.88	$99.60-$104.40 (cap $360.00)	0.0005	0.0726	0.0983	0.1245	0.1513	0.1725	0.1996	0.0197	0.1020	0.1266	0.1529	0.1772	0.1901	0.1999	0.2224	0.2956	0.3202	0.3487	0.3738	0.4002	0.4786
400	400	400	1200	1.00	union	anytime	0.65	0.40	0.30	0.25	small real effect	2000	both_pass	0	0.00000000	0.00000000	1171.006	$97.19-$101.88	$99.60-$104.40 (cap $360.00)	NA	NA	NA	NA	NA	NA	NA	NA	NA	NA	NA	NA	NA	NA	NA	NA	NA	NA	NA	NA	NA
400	400	400	1200	1.00	direct	anytime	0.65	0.40	0.30	0.25	small real effect	2000	fp_passes_fn_fails	0	0.00000000	0.00000000	1142.328	$94.81-$99.38	$99.60-$104.40 (cap $360.00)	NA	NA	NA	NA	NA	NA	NA	NA	NA	NA	NA	NA	NA	NA	NA	NA	NA	NA	NA	NA	NA
400	400	400	1200	1.00	direct	anytime	0.65	0.40	0.30	0.25	small real effect	2000	fn_passes_fp_fails	1473	0.73650000	0.00985058	1142.328	$94.81-$99.38	$99.60-$104.40 (cap $360.00)	0.0166	0.0894	0.1100	0.1350	0.1587	0.1760	0.1994	0.2001	0.2109	0.2266	0.2472	0.2700	0.2910	0.3511	0.2346	0.3103	0.3310	0.3579	0.3828	0.4042	0.4728
400	400	400	1200	1.00	direct	anytime	0.65	0.40	0.30	0.25	small real effect	2000	neither_passes	353	0.17650000	0.00852490	1142.328	$94.81-$99.38	$99.60-$104.40 (cap $360.00)	0.0005	0.0522	0.0764	0.1051	0.1320	0.1547	0.1949	0.0989	0.1518	0.1676	0.1819	0.1923	0.1970	0.1999	0.2224	0.2750	0.2984	0.3259	0.3579	0.3767	0.4279
400	400	400	1200	1.00	direct	anytime	0.65	0.40	0.30	0.25	small real effect	2000	both_pass	0	0.00000000	0.00000000	1142.328	$94.81-$99.38	$99.60-$104.40 (cap $360.00)	NA	NA	NA	NA	NA	NA	NA	NA	NA	NA	NA	NA	NA	NA	NA	NA	NA	NA	NA	NA	NA
300	300	600	1200	2.00	union	anytime	0.65	0.40	0.30	0.25	small real effect	2000	fp_passes_fn_fails	34	0.01700000	0.00289059	1170.636	$97.16-$101.85	$99.60-$104.40 (cap $360.00)	0.2006	0.2031	0.2075	0.2118	0.2182	0.2357	0.2805	0.0980	0.1511	0.1573	0.1738	0.1888	0.1931	0.1970	0.4252	0.4325	0.4433	0.4567	0.4771	0.5047	0.5313
300	300	600	1200	2.00	union	anytime	0.65	0.40	0.30	0.25	small real effect	2000	fn_passes_fp_fails	401	0.20050000	0.00895265	1170.636	$97.16-$101.85	$99.60-$104.40 (cap $360.00)	0.0281	0.0982	0.1206	0.1440	0.1699	0.1818	0.1958	0.2000	0.2029	0.2078	0.2171	0.2341	0.2514	0.3001	0.2738	0.3459	0.3694	0.3942	0.4216	0.4376	0.4709
300	300	600	1200	2.00	union	anytime	0.65	0.40	0.30	0.25	small real effect	2000	neither_passes	1465	0.73250000	0.00989807	1170.636	$97.16-$101.85	$99.60-$104.40 (cap $360.00)	-0.0147	0.0526	0.0809	0.1078	0.1360	0.1614	0.1990	-0.0104	0.1071	0.1309	0.1562	0.1771	0.1894	0.2000	0.2398	0.3012	0.3300	0.3596	0.3869	0.4141	0.4914
300	300	600	1200	2.00	union	anytime	0.65	0.40	0.30	0.25	small real effect	2000	both_pass	0	0.00000000	0.00000000	1170.636	$97.16-$101.85	$99.60-$104.40 (cap $360.00)	NA	NA	NA	NA	NA	NA	NA	NA	NA	NA	NA	NA	NA	NA	NA	NA	NA	NA	NA	NA	NA
300	300	600	1200	2.00	direct	anytime	0.65	0.40	0.30	0.25	small real effect	2000	fp_passes_fn_fails	1	0.00050000	0.00049987	1145.038	$95.04-$99.62	$99.60-$104.40 (cap $360.00)	0.2006	0.2006	0.2006	0.2006	0.2006	0.2006	0.2006	0.1800	0.1800	0.1800	0.1800	0.1800	0.1800	0.1800	0.4381	0.4381	0.4381	0.4381	0.4381	0.4381	0.4381
300	300	600	1200	2.00	direct	anytime	0.65	0.40	0.30	0.25	small real effect	2000	fn_passes_fp_fails	1605	0.80250000	0.00890207	1145.038	$95.04-$99.62	$99.60-$104.40 (cap $360.00)	-0.0025	0.0670	0.0930	0.1201	0.1480	0.1706	0.1980	0.2000	0.2123	0.2261	0.2482	0.2702	0.2915	0.3621	0.2398	0.3179	0.3427	0.3709	0.3992	0.4233	0.4914
300	300	600	1200	2.00	direct	anytime	0.65	0.40	0.30	0.25	small real effect	2000	neither_passes	232	0.11600000	0.00716045	1145.038	$95.04-$99.62	$99.60-$104.40 (cap $360.00)	-0.0147	0.0341	0.0489	0.0772	0.1030	0.1300	0.1951	0.1145	0.1516	0.1706	0.1850	0.1928	0.1977	0.1999	0.2406	0.2786	0.2973	0.3290	0.3580	0.3868	0.4733
300	300	600	1200	2.00	direct	anytime	0.65	0.40	0.30	0.25	small real effect	2000	both_pass	0	0.00000000	0.00000000	1145.038	$95.04-$99.62	$99.60-$104.40 (cap $360.00)	NA	NA	NA	NA	NA	NA	NA	NA	NA	NA	NA	NA	NA	NA	NA	NA	NA	NA	NA	NA	NA
120	120	60	300	0.50	union	anytime	0.70	0.40	0.30	0.30	real effect	2000	fp_passes_fn_fails	155	0.07750000	0.00597887	298.256	$24.76-$25.95	$24.90-$26.10 (cap $90.00)	0.2000	0.2028	0.2073	0.2192	0.2348	0.2531	0.2893	-0.1232	-0.0102	0.0334	0.0859	0.1336	0.1589	0.1876	0.5055	0.5282	0.5458	0.5680	0.5934	0.6236	0.6568
120	120	60	300	0.50	union	anytime	0.70	0.40	0.30	0.30	real effect	2000	fn_passes_fp_fails	38	0.01900000	0.00305279	298.256	$24.76-$25.95	$24.90-$26.10 (cap $90.00)	0.0071	0.0675	0.1103	0.1430	0.1623	0.1815	0.1969	0.2005	0.2033	0.2113	0.2246	0.2422	0.2653	0.3129	0.3498	0.4537	0.4806	0.4942	0.5180	0.5516	0.6110
120	120	60	300	0.50	union	anytime	0.70	0.40	0.30	0.30	real effect	2000	neither_passes	1781	0.89050000	0.00698247	298.256	$24.76-$25.95	$24.90-$26.10 (cap $90.00)	-0.1450	0.0150	0.0545	0.0972	0.1395	0.1668	0.2000	-0.2219	-0.0706	-0.0186	0.0381	0.0896	0.1312	0.1996	0.2408	0.3779	0.4183	0.4614	0.5026	0.5366	0.6519
120	120	60	300	0.50	union	anytime	0.70	0.40	0.30	0.30	real effect	2000	both_pass	0	0.00000000	0.00000000	298.256	$24.76-$25.95	$24.90-$26.10 (cap $90.00)	NA	NA	NA	NA	NA	NA	NA	NA	NA	NA	NA	NA	NA	NA	NA	NA	NA	NA	NA	NA	NA
120	120	60	300	0.50	direct	anytime	0.70	0.40	0.30	0.30	real effect	2000	fp_passes_fn_fails	89	0.04450000	0.00461084	295.603	$24.54-$25.72	$24.90-$26.10 (cap $90.00)	0.2008	0.2027	0.2070	0.2164	0.2330	0.2500	0.2893	-0.0500	0.0584	0.0954	0.1247	0.1553	0.1733	0.1999	0.5055	0.5302	0.5491	0.5679	0.6014	0.6275	0.6568
120	120	60	300	0.50	direct	anytime	0.70	0.40	0.30	0.30	real effect	2000	fn_passes_fp_fails	386	0.19300000	0.00882471	295.603	$24.54-$25.72	$24.90-$26.10 (cap $90.00)	-0.1299	0.0415	0.0794	0.1174	0.1524	0.1726	0.1985	0.2000	0.2061	0.2153	0.2355	0.2621	0.2935	0.3756	0.2632	0.4041	0.4430	0.4785	0.5129	0.5487	0.6162
120	120	60	300	0.50	direct	anytime	0.70	0.40	0.30	0.30	real effect	2000	neither_passes	1421	0.71050000	0.01014125	295.603	$24.54-$25.72	$24.90-$26.10 (cap $90.00)	-0.1450	0.0072	0.0500	0.0927	0.1341	0.1632	0.2000	-0.1988	-0.0014	0.0547	0.1070	0.1518	0.1770	0.1995	0.2408	0.3736	0.4139	0.4574	0.4987	0.5313	0.6519
120	120	60	300	0.50	direct	anytime	0.70	0.40	0.30	0.30	real effect	2000	both_pass	0	0.00000000	0.00000000	295.603	$24.54-$25.72	$24.90-$26.10 (cap $90.00)	NA	NA	NA	NA	NA	NA	NA	NA	NA	NA	NA	NA	NA	NA	NA	NA	NA	NA	NA	NA	NA
100	100	100	300	1.00	union	anytime	0.70	0.40	0.30	0.30	real effect	2000	fp_passes_fn_fails	108	0.05400000	0.00505391	297.589	$24.70-$25.89	$24.90-$26.10 (cap $90.00)	0.2007	0.2030	0.2091	0.2189	0.2365	0.2586	0.3233	-0.0612	0.0381	0.0797	0.1242	0.1574	0.1765	0.1981	0.4650	0.5474	0.5586	0.5924	0.6175	0.6502	0.6832
100	100	100	300	1.00	union	anytime	0.70	0.40	0.30	0.30	real effect	2000	fn_passes_fp_fails	73	0.03650000	0.00419331	297.589	$24.70-$25.89	$24.90-$26.10 (cap $90.00)	-0.0113	0.0851	0.1051	0.1292	0.1641	0.1824	0.1942	0.2001	0.2052	0.2106	0.2244	0.2351	0.2494	0.2888	0.3768	0.4675	0.4995	0.5285	0.5533	0.5758	0.6289
100	100	100	300	1.00	union	anytime	0.70	0.40	0.30	0.30	real effect	2000	neither_passes	1770	0.88500000	0.00713355	297.589	$24.70-$25.89	$24.90-$26.10 (cap $90.00)	-0.1660	-0.0139	0.0323	0.0802	0.1251	0.1592	0.1997	-0.2269	-0.0338	0.0162	0.0648	0.1163	0.1504	0.1996	0.2440	0.3824	0.4269	0.4725	0.5188	0.5557	0.6785
100	100	100	300	1.00	union	anytime	0.70	0.40	0.30	0.30	real effect	2000	both_pass	0	0.00000000	0.00000000	297.589	$24.70-$25.89	$24.90-$26.10 (cap $90.00)	NA	NA	NA	NA	NA	NA	NA	NA	NA	NA	NA	NA	NA	NA	NA	NA	NA	NA	NA	NA	NA
100	100	100	300	1.00	direct	anytime	0.70	0.40	0.30	0.30	real effect	2000	fp_passes_fn_fails	25	0.01250000	0.00248433	291.615	$24.20-$25.37	$24.90-$26.10 (cap $90.00)	0.2007	0.2033	0.2079	0.2115	0.2187	0.2474	0.2971	0.0566	0.1025	0.1548	0.1703	0.1787	0.1940	0.1986	0.5265	0.5500	0.5563	0.5791	0.6014	0.6209	0.6832
100	100	100	300	1.00	direct	anytime	0.70	0.40	0.30	0.30	real effect	2000	fn_passes_fp_fails	827	0.41350000	0.01101176	291.615	$24.20-$25.37	$24.90-$26.10 (cap $90.00)	-0.1217	0.0250	0.0647	0.1049	0.1413	0.1654	0.1978	0.2002	0.2089	0.2206	0.2436	0.2784	0.3043	0.4020	0.2897	0.4146	0.4520	0.4967	0.5347	0.5644	0.6691
100	100	100	300	1.00	direct	anytime	0.70	0.40	0.30	0.30	real effect	2000	neither_passes	994	0.49700000	0.01118014	291.615	$24.20-$25.37	$24.90-$26.10 (cap $90.00)	-0.1660	-0.0323	0.0123	0.0595	0.1034	0.1462	0.1997	-0.0600	0.0771	0.1119	0.1483	0.1732	0.1894	0.2000	0.2440	0.3667	0.4093	0.4564	0.5037	0.5432	0.6086
100	100	100	300	1.00	direct	anytime	0.70	0.40	0.30	0.30	real effect	2000	both_pass	0	0.00000000	0.00000000	291.615	$24.20-$25.37	$24.90-$26.10 (cap $90.00)	NA	NA	NA	NA	NA	NA	NA	NA	NA	NA	NA	NA	NA	NA	NA	NA	NA	NA	NA	NA	NA
75	75	150	300	2.00	union	anytime	0.70	0.40	0.30	0.30	real effect	2000	fp_passes_fn_fails	63	0.03150000	0.00390562	297.604	$24.70-$25.89	$24.90-$26.10 (cap $90.00)	0.2005	0.2019	0.2070	0.2197	0.2530	0.2861	0.3347	-0.0778	0.0741	0.1022	0.1515	0.1666	0.1891	0.1994	0.5583	0.5885	0.6215	0.6402	0.6727	0.7057	0.7703
75	75	150	300	2.00	union	anytime	0.70	0.40	0.30	0.30	real effect	2000	fn_passes_fp_fails	82	0.04100000	0.00443390	297.604	$24.70-$25.89	$24.90-$26.10 (cap $90.00)	0.0028	0.0543	0.0883	0.1318	0.1630	0.1828	0.1999	0.2002	0.2033	0.2090	0.2236	0.2401	0.2583	0.3502	0.4504	0.4948	0.5274	0.5686	0.6033	0.6377	0.7339
75	75	150	300	2.00	union	anytime	0.70	0.40	0.30	0.30	real effect	2000	neither_passes	1809	0.90450000	0.00657190	297.604	$24.70-$25.89	$24.90-$26.10 (cap $90.00)	-0.2095	-0.0563	-0.0084	0.0495	0.1011	0.1426	0.1984	-0.1942	-0.0317	0.0226	0.0715	0.1146	0.1475	0.1993	0.2273	0.3932	0.4449	0.4955	0.5508	0.5940	0.7375
75	75	150	300	2.00	union	anytime	0.70	0.40	0.30	0.30	real effect	2000	both_pass	0	0.00000000	0.00000000	297.604	$24.70-$25.89	$24.90-$26.10 (cap $90.00)	NA	NA	NA	NA	NA	NA	NA	NA	NA	NA	NA	NA	NA	NA	NA	NA	NA	NA	NA	NA	NA
75	75	150	300	2.00	direct	anytime	0.70	0.40	0.30	0.30	real effect	2000	fp_passes_fn_fails	8	0.00400000	0.00141138	293.778	$24.38-$25.56	$24.90-$26.10 (cap $90.00)	0.2005	0.2010	0.2012	0.2084	0.2250	0.2418	0.2744	0.0981	0.1272	0.1488	0.1721	0.1844	0.1928	0.1953	0.5849	0.5967	0.6126	0.6489	0.6727	0.6926	0.6945
75	75	150	300	2.00	direct	anytime	0.70	0.40	0.30	0.30	real effect	2000	fn_passes_fp_fails	807	0.40350000	0.01097014	293.778	$24.38-$25.56	$24.90-$26.10 (cap $90.00)	-0.1204	-0.0074	0.0360	0.0801	0.1292	0.1572	0.1999	0.2002	0.2065	0.2171	0.2375	0.2637	0.2944	0.4237	0.2956	0.4379	0.4771	0.5278	0.5748	0.6125	0.7362
75	75	150	300	2.00	direct	anytime	0.70	0.40	0.30	0.30	real effect	2000	neither_passes	1060	0.53000000	0.01116020	293.778	$24.38-$25.56	$24.90-$26.10 (cap $90.00)	-0.2095	-0.0743	-0.0332	0.0242	0.0779	0.1217	0.1984	-0.0547	0.0734	0.1158	0.1523	0.1775	0.1915	0.1999	0.2273	0.3761	0.4185	0.4772	0.5276	0.5735	0.7375
75	75	150	300	2.00	direct	anytime	0.70	0.40	0.30	0.30	real effect	2000	both_pass	0	0.00000000	0.00000000	293.778	$24.38-$25.56	$24.90-$26.10 (cap $90.00)	NA	NA	NA	NA	NA	NA	NA	NA	NA	NA	NA	NA	NA	NA	NA	NA	NA	NA	NA	NA	NA
480	480	240	1200	0.50	union	anytime	0.70	0.40	0.30	0.30	real effect	2000	fp_passes_fn_fails	278	0.13900000	0.00773560	1062.216	$88.16-$92.41	$99.60-$104.40 (cap $360.00)	0.2001	0.2035	0.2088	0.2176	0.2316	0.2463	0.2821	0.0893	0.1391	0.1556	0.1769	0.1880	0.1950	0.1998	0.3768	0.3974	0.4071	0.4216	0.4381	0.4547	0.4922
480	480	240	1200	0.50	union	anytime	0.70	0.40	0.30	0.30	real effect	2000	fn_passes_fp_fails	438	0.21900000	0.00924768	1062.216	$88.16-$92.41	$99.60-$104.40 (cap $360.00)	0.0941	0.1436	0.1609	0.1755	0.1876	0.1941	0.1995	0.2000	0.2038	0.2128	0.2295	0.2516	0.2679	0.3269	0.3032	0.3455	0.3608	0.3789	0.3932	0.4043	0.4377
480	480	240	1200	0.50	union	anytime	0.70	0.40	0.30	0.30	real effect	2000	neither_passes	602	0.30100000	0.01025668	1062.216	$88.16-$92.41	$99.60-$104.40 (cap $360.00)	0.0280	0.1288	0.1470	0.1668	0.1825	0.1908	0.2000	0.0266	0.1217	0.1437	0.1658	0.1811	0.1919	0.2000	0.2574	0.3292	0.3483	0.3679	0.3850	0.3977	0.4451
480	480	240	1200	0.50	union	anytime	0.70	0.40	0.30	0.30	real effect	2000	both_pass	0	0.00000000	0.00000000	1062.216	$88.16-$92.41	$99.60-$104.40 (cap $360.00)	NA	NA	NA	NA	NA	NA	NA	NA	NA	NA	NA	NA	NA	NA	NA	NA	NA	NA	NA	NA	NA
480	480	240	1200	0.50	direct	anytime	0.70	0.40	0.30	0.30	real effect	2000	fp_passes_fn_fails	37	0.01850000	0.00301312	956.342	$79.38-$83.20	$99.60-$104.40 (cap $360.00)	0.2021	0.2034	0.2089	0.2209	0.2387	0.2469	0.2688	0.1458	0.1682	0.1809	0.1877	0.1918	0.1971	0.1983	0.3893	0.4016	0.4127	0.4248	0.4382	0.4596	0.4880
480	480	240	1200	0.50	direct	anytime	0.70	0.40	0.30	0.30	real effect	2000	fn_passes_fp_fails	873	0.43650000	0.01108981	956.342	$79.38-$83.20	$99.60-$104.40 (cap $360.00)	0.0859	0.1373	0.1544	0.1717	0.1855	0.1926	0.1995	0.2001	0.2168	0.2352	0.2625	0.2925	0.3213	0.3974	0.2849	0.3349	0.3551	0.3732	0.3891	0.4010	0.4377
480	480	240	1200	0.50	direct	anytime	0.70	0.40	0.30	0.30	real effect	2000	neither_passes	151	0.07550000	0.00590761	956.342	$79.38-$83.20	$99.60-$104.40 (cap $360.00)	0.0280	0.1212	0.1442	0.1623	0.1757	0.1890	0.1996	0.1069	0.1472	0.1640	0.1786	0.1901	0.1956	0.1996	0.2574	0.3308	0.3444	0.3651	0.3823	0.3924	0.4197
480	480	240	1200	0.50	direct	anytime	0.70	0.40	0.30	0.30	real effect	2000	both_pass	0	0.00000000	0.00000000	956.342	$79.38-$83.20	$99.60-$104.40 (cap $360.00)	NA	NA	NA	NA	NA	NA	NA	NA	NA	NA	NA	NA	NA	NA	NA	NA	NA	NA	NA	NA	NA
400	400	400	1200	1.00	union	anytime	0.70	0.40	0.30	0.30	real effect	2000	fp_passes_fn_fails	108	0.05400000	0.00505391	1040.118	$86.33-$90.49	$99.60-$104.40 (cap $360.00)	0.2001	0.2021	0.2065	0.2145	0.2265	0.2388	0.2652	0.1045	0.1452	0.1704	0.1817	0.1908	0.1957	0.1998	0.3916	0.4075	0.4184	0.4332	0.4490	0.4630	0.5018
400	400	400	1200	1.00	union	anytime	0.70	0.40	0.30	0.30	real effect	2000	fn_passes_fp_fails	676	0.33800000	0.01057724	1040.118	$86.33-$90.49	$99.60-$104.40 (cap $360.00)	0.0749	0.1360	0.1542	0.1724	0.1854	0.1921	0.2000	0.2001	0.2052	0.2151	0.2303	0.2497	0.2707	0.3153	0.2832	0.3501	0.3703	0.3872	0.4063	0.4188	0.4651
400	400	400	1200	1.00	union	anytime	0.70	0.40	0.30	0.30	real effect	2000	neither_passes	518	0.25900000	0.00979589	1040.118	$86.33-$90.49	$99.60-$104.40 (cap $360.00)	0.0338	0.1086	0.1324	0.1567	0.1765	0.1912	0.1999	0.0454	0.1401	0.1595	0.1765	0.1883	0.1956	0.1999	0.2658	0.3261	0.3491	0.3749	0.3982	0.4130	0.4632
400	400	400	1200	1.00	union	anytime	0.70	0.40	0.30	0.30	real effect	2000	both_pass	0	0.00000000	0.00000000	1040.118	$86.33-$90.49	$99.60-$104.40 (cap $360.00)	NA	NA	NA	NA	NA	NA	NA	NA	NA	NA	NA	NA	NA	NA	NA	NA	NA	NA	NA	NA	NA
400	400	400	1200	1.00	direct	anytime	0.70	0.40	0.30	0.30	real effect	2000	fp_passes_fn_fails	0	0.00000000	0.00000000	951.197	$78.95-$82.75	$99.60-$104.40 (cap $360.00)	NA	NA	NA	NA	NA	NA	NA	NA	NA	NA	NA	NA	NA	NA	NA	NA	NA	NA	NA	NA	NA
400	400	400	1200	1.00	direct	anytime	0.70	0.40	0.30	0.30	real effect	2000	fn_passes_fp_fails	1129	0.56450000	0.01108692	951.197	$78.95-$82.75	$99.60-$104.40 (cap $360.00)	0.0683	0.1234	0.1461	0.1663	0.1811	0.1906	0.2000	0.2018	0.2383	0.2572	0.2812	0.3064	0.3287	0.3794	0.2832	0.3411	0.3619	0.3827	0.4009	0.4165	0.4651
400	400	400	1200	1.00	direct	anytime	0.70	0.40	0.30	0.30	real effect	2000	neither_passes	30	0.01500000	0.00271800	951.197	$78.95-$82.75	$99.60-$104.40 (cap $360.00)	0.0338	0.0815	0.0955	0.1185	0.1364	0.1622	0.1809	0.1303	0.1695	0.1733	0.1855	0.1939	0.1972	0.1997	0.2658	0.2982	0.3058	0.3344	0.3544	0.3846	0.3959
400	400	400	1200	1.00	direct	anytime	0.70	0.40	0.30	0.30	real effect	2000	both_pass	0	0.00000000	0.00000000	951.197	$78.95-$82.75	$99.60-$104.40 (cap $360.00)	NA	NA	NA	NA	NA	NA	NA	NA	NA	NA	NA	NA	NA	NA	NA	NA	NA	NA	NA	NA	NA
300	300	600	1200	2.00	union	anytime	0.70	0.40	0.30	0.30	real effect	2000	fp_passes_fn_fails	35	0.01750000	0.00293204	1068.206	$88.66-$92.93	$99.60-$104.40 (cap $360.00)	0.2003	0.2050	0.2090	0.2159	0.2302	0.2477	0.2800	0.1282	0.1563	0.1728	0.1822	0.1903	0.1953	0.1993	0.3981	0.4450	0.4550	0.4648	0.4822	0.4932	0.5367
300	300	600	1200	2.00	union	anytime	0.70	0.40	0.30	0.30	real effect	2000	fn_passes_fp_fails	827	0.41350000	0.01101176	1068.206	$88.66-$92.93	$99.60-$104.40 (cap $360.00)	0.0529	0.1219	0.1426	0.1634	0.1794	0.1892	0.1992	0.2000	0.2077	0.2156	0.2308	0.2518	0.2730	0.3328	0.3041	0.3629	0.3856	0.4063	0.4251	0.4423	0.4824
300	300	600	1200	2.00	union	anytime	0.70	0.40	0.30	0.30	real effect	2000	neither_passes	535	0.26750000	0.00989807	1068.206	$88.66-$92.93	$99.60-$104.40 (cap $360.00)	-0.0146	0.0847	0.1130	0.1413	0.1621	0.1787	0.1999	0.0886	0.1380	0.1585	0.1768	0.1887	0.1958	0.2000	0.2568	0.3315	0.3583	0.3857	0.4100	0.4306	0.4850
300	300	600	1200	2.00	union	anytime	0.70	0.40	0.30	0.30	real effect	2000	both_pass	0	0.00000000	0.00000000	1068.206	$88.66-$92.93	$99.60-$104.40 (cap $360.00)	NA	NA	NA	NA	NA	NA	NA	NA	NA	NA	NA	NA	NA	NA	NA	NA	NA	NA	NA	NA	NA
300	300	600	1200	2.00	direct	anytime	0.70	0.40	0.30	0.30	real effect	2000	fp_passes_fn_fails	0	0.00000000	0.00000000	1014.908	$84.24-$88.30	$99.60-$104.40 (cap $360.00)	NA	NA	NA	NA	NA	NA	NA	NA	NA	NA	NA	NA	NA	NA	NA	NA	NA	NA	NA	NA	NA
300	300	600	1200	2.00	direct	anytime	0.70	0.40	0.30	0.30	real effect	2000	fn_passes_fp_fails	1330	0.66500000	0.01055403	1014.908	$84.24-$88.30	$99.60-$104.40 (cap $360.00)	-0.0146	0.1070	0.1312	0.1559	0.1747	0.1872	0.1999	0.2007	0.2406	0.2621	0.2859	0.3097	0.3302	0.3882	0.2568	0.3508	0.3742	0.4000	0.4204	0.4380	0.4850
300	300	600	1200	2.00	direct	anytime	0.70	0.40	0.30	0.30	real effect	2000	neither_passes	18	0.00900000	0.00211175	1014.908	$84.24-$88.30	$99.60-$104.40 (cap $360.00)	0.0172	0.0317	0.0545	0.0808	0.1153	0.1339	0.1553	0.1730	0.1811	0.1905	0.1952	0.1986	0.1991	0.1999	0.2816	0.2861	0.3036	0.3232	0.3551	0.3819	0.4162
300	300	600	1200	2.00	direct	anytime	0.70	0.40	0.30	0.30	real effect	2000	both_pass	0	0.00000000	0.00000000	1014.908	$84.24-$88.30	$99.60-$104.40 (cap $360.00)	NA	NA	NA	NA	NA	NA	NA	NA	NA	NA	NA	NA	NA	NA	NA	NA	NA	NA	NA	NA	NA
120	120	60	300	0.50	union	anytime	0.80	0.40	0.30	0.40	real effect	2000	fp_passes_fn_fails	661	0.33050000	0.01051831	275.475	$22.86-$23.97	$24.90-$26.10 (cap $90.00)	0.2000	0.2076	0.2208	0.2424	0.2711	0.3004	0.4127	-0.1136	0.0479	0.0925	0.1351	0.1671	0.1840	0.1995	0.4753	0.5350	0.5594	0.5858	0.6174	0.6480	0.7309
120	120	60	300	0.50	union	anytime	0.80	0.40	0.30	0.40	real effect	2000	fn_passes_fp_fails	127	0.06350000	0.00545288	275.475	$22.86-$23.97	$24.90-$26.10 (cap $90.00)	0.0892	0.1250	0.1435	0.1658	0.1852	0.1918	0.1987	0.2004	0.2064	0.2207	0.2358	0.2593	0.2799	0.3575	0.4290	0.4708	0.4873	0.5146	0.5435	0.5636	0.6842
120	120	60	300	0.50	union	anytime	0.80	0.40	0.30	0.40	real effect	2000	neither_passes	630	0.31500000	0.01038689	275.475	$22.86-$23.97	$24.90-$26.10 (cap $90.00)	-0.0301	0.0989	0.1271	0.1561	0.1789	0.1912	0.2000	-0.1389	0.0168	0.0546	0.1085	0.1486	0.1774	0.1999	0.3213	0.4468	0.4737	0.5034	0.5341	0.5566	0.6428
120	120	60	300	0.50	union	anytime	0.80	0.40	0.30	0.40	real effect	2000	both_pass	0	0.00000000	0.00000000	275.475	$22.86-$23.97	$24.90-$26.10 (cap $90.00)	NA	NA	NA	NA	NA	NA	NA	NA	NA	NA	NA	NA	NA	NA	NA	NA	NA	NA	NA	NA	NA
120	120	60	300	0.50	direct	anytime	0.80	0.40	0.30	0.40	real effect	2000	fp_passes_fn_fails	245	0.12250000	0.00733123	250.615	$20.80-$21.80	$24.90-$26.10 (cap $90.00)	0.2004	0.2066	0.2164	0.2373	0.2626	0.2854	0.4127	-0.0814	0.0746	0.1172	0.1505	0.1732	0.1886	0.1996	0.4950	0.5389	0.5607	0.5841	0.6083	0.6427	0.7054
120	120	60	300	0.50	direct	anytime	0.80	0.40	0.30	0.40	real effect	2000	fn_passes_fp_fails	393	0.19650000	0.00888504	250.615	$20.80-$21.80	$24.90-$26.10 (cap $90.00)	-0.0009	0.1053	0.1338	0.1583	0.1799	0.1908	0.2000	0.2001	0.2128	0.2290	0.2619	0.2982	0.3495	0.4522	0.3623	0.4559	0.4797	0.5036	0.5308	0.5572	0.6842
120	120	60	300	0.50	direct	anytime	0.80	0.40	0.30	0.40	real effect	2000	neither_passes	335	0.16750000	0.00834996	250.615	$20.80-$21.80	$24.90-$26.10 (cap $90.00)	-0.0301	0.0951	0.1237	0.1523	0.1727	0.1877	0.1992	-0.0455	0.0634	0.1055	0.1441	0.1764	0.1903	0.1999	0.3213	0.4449	0.4708	0.5027	0.5343	0.5549	0.6167
120	120	60	300	0.50	direct	anytime	0.80	0.40	0.30	0.40	real effect	2000	both_pass	0	0.00000000	0.00000000	250.615	$20.80-$21.80	$24.90-$26.10 (cap $90.00)	NA	NA	NA	NA	NA	NA	NA	NA	NA	NA	NA	NA	NA	NA	NA	NA	NA	NA	NA	NA	NA
100	100	100	300	1.00	union	anytime	0.80	0.40	0.30	0.40	real effect	2000	fp_passes_fn_fails	394	0.19700000	0.00889357	271.486	$22.53-$23.62	$24.90-$26.10 (cap $90.00)	0.2002	0.2077	0.2164	0.2359	0.2641	0.2892	0.3868	-0.0022	0.0929	0.1287	0.1586	0.1785	0.1888	0.1999	0.4958	0.5561	0.5773	0.6058	0.6374	0.6626	0.7442
100	100	100	300	1.00	union	anytime	0.80	0.40	0.30	0.40	real effect	2000	fn_passes_fp_fails	271	0.13550000	0.00765310	271.486	$22.53-$23.62	$24.90-$26.10 (cap $90.00)	0.0428	0.1088	0.1343	0.1600	0.1795	0.1913	0.1998	0.2005	0.2074	0.2199	0.2345	0.2624	0.2864	0.3492	0.3981	0.4732	0.4987	0.5319	0.5596	0.5859	0.6329
100	100	100	300	1.00	union	anytime	0.80	0.40	0.30	0.40	real effect	2000	neither_passes	679	0.33950000	0.01058867	271.486	$22.53-$23.62	$24.90-$26.10 (cap $90.00)	-0.0643	0.0642	0.1068	0.1462	0.1754	0.1894	0.1997	-0.1120	0.0514	0.0954	0.1333	0.1690	0.1885	0.1999	0.3619	0.4434	0.4835	0.5250	0.5583	0.5857	0.6431
100	100	100	300	1.00	union	anytime	0.80	0.40	0.30	0.40	real effect	2000	both_pass	0	0.00000000	0.00000000	271.486	$22.53-$23.62	$24.90-$26.10 (cap $90.00)	NA	NA	NA	NA	NA	NA	NA	NA	NA	NA	NA	NA	NA	NA	NA	NA	NA	NA	NA	NA	NA
100	100	100	300	1.00	direct	anytime	0.80	0.40	0.30	0.40	real effect	2000	fp_passes_fn_fails	19	0.00950000	0.00216907	238.411	$19.79-$20.74	$24.90-$26.10 (cap $90.00)	0.2016	0.2112	0.2166	0.2212	0.2337	0.2541	0.2670	0.1118	0.1385	0.1596	0.1814	0.1858	0.1881	0.1991	0.5591	0.5609	0.5676	0.5873	0.6265	0.6476	0.6828
100	100	100	300	1.00	direct	anytime	0.80	0.40	0.30	0.40	real effect	2000	fn_passes_fp_fails	786	0.39300000	0.01092133	238.411	$19.79-$20.74	$24.90-$26.10 (cap $90.00)	-0.0638	0.0839	0.1198	0.1504	0.1760	0.1879	0.1998	0.2001	0.2225	0.2508	0.2927	0.3325	0.3654	0.4676	0.3619	0.4535	0.4902	0.5272	0.5573	0.5850	0.6397
100	100	100	300	1.00	direct	anytime	0.80	0.40	0.30	0.40	real effect	2000	neither_passes	108	0.05400000	0.00505391	238.411	$19.79-$20.74	$24.90-$26.10 (cap $90.00)	-0.0643	0.0211	0.0660	0.1165	0.1551	0.1788	0.1993	0.0491	0.1187	0.1488	0.1746	0.1893	0.1948	0.1996	0.3772	0.4213	0.4592	0.4938	0.5353	0.5685	0.6309
100	100	100	300	1.00	direct	anytime	0.80	0.40	0.30	0.40	real effect	2000	both_pass	0	0.00000000	0.00000000	238.411	$19.79-$20.74	$24.90-$26.10 (cap $90.00)	NA	NA	NA	NA	NA	NA	NA	NA	NA	NA	NA	NA	NA	NA	NA	NA	NA	NA	NA	NA	NA
75	75	150	300	2.00	union	anytime	0.80	0.40	0.30	0.40	real effect	2000	fp_passes_fn_fails	196	0.09800000	0.00664816	277.770	$23.05-$24.17	$24.90-$26.10 (cap $90.00)	0.2000	0.2057	0.2150	0.2349	0.2624	0.2874	0.3753	0.0193	0.1197	0.1405	0.1674	0.1842	0.1938	0.1991	0.5363	0.5973	0.6184	0.6482	0.6785	0.7148	0.7809
75	75	150	300	2.00	union	anytime	0.80	0.40	0.30	0.40	real effect	2000	fn_passes_fp_fails	404	0.20200000	0.00897764	277.770	$23.05-$24.17	$24.90-$26.10 (cap $90.00)	-0.0039	0.0785	0.1167	0.1488	0.1700	0.1833	0.1983	0.2004	0.2066	0.2182	0.2368	0.2648	0.2964	0.3982	0.4314	0.5018	0.5356	0.5708	0.6035	0.6349	0.7197
75	75	150	300	2.00	union	anytime	0.80	0.40	0.30	0.40	real effect	2000	neither_passes	838	0.41900000	0.01103266	277.770	$23.05-$24.17	$24.90-$26.10 (cap $90.00)	-0.1535	0.0310	0.0748	0.1212	0.1559	0.1798	0.1997	-0.1120	0.0646	0.1066	0.1395	0.1712	0.1867	0.1998	0.3103	0.4676	0.5080	0.5520	0.5916	0.6241	0.7183
75	75	150	300	2.00	union	anytime	0.80	0.40	0.30	0.40	real effect	2000	both_pass	0	0.00000000	0.00000000	277.770	$23.05-$24.17	$24.90-$26.10 (cap $90.00)	NA	NA	NA	NA	NA	NA	NA	NA	NA	NA	NA	NA	NA	NA	NA	NA	NA	NA	NA	NA	NA
75	75	150	300	2.00	direct	anytime	0.80	0.40	0.30	0.40	real effect	2000	fp_passes_fn_fails	3	0.00150000	0.00086538	261.304	$21.69-$22.73	$24.90-$26.10 (cap $90.00)	0.2282	0.2282	0.2283	0.2283	0.2620	0.2822	0.2957	0.1503	0.1537	0.1587	0.1670	0.1777	0.1841	0.1884	0.6090	0.6217	0.6407	0.6724	0.6760	0.6781	0.6796
75	75	150	300	2.00	direct	anytime	0.80	0.40	0.30	0.40	real effect	2000	fn_passes_fp_fails	1071	0.53550000	0.01115212	261.304	$21.69-$22.73	$24.90-$26.10 (cap $90.00)	-0.0766	0.0519	0.0938	0.1323	0.1604	0.1788	0.1987	0.2003	0.2272	0.2554	0.2873	0.3252	0.3586	0.4558	0.3743	0.4801	0.5204	0.5595	0.5974	0.6257	0.7197
75	75	150	300	2.00	direct	anytime	0.80	0.40	0.30	0.40	real effect	2000	neither_passes	116	0.05800000	0.00522666	261.304	$21.69-$22.73	$24.90-$26.10 (cap $90.00)	-0.1535	-0.0174	0.0223	0.0800	0.1191	0.1565	0.1909	0.0645	0.1252	0.1556	0.1715	0.1863	0.1946	0.2000	0.3103	0.4293	0.4752	0.5190	0.5607	0.5887	0.6632
75	75	150	300	2.00	direct	anytime	0.80	0.40	0.30	0.40	real effect	2000	both_pass	0	0.00000000	0.00000000	261.304	$21.69-$22.73	$24.90-$26.10 (cap $90.00)	NA	NA	NA	NA	NA	NA	NA	NA	NA	NA	NA	NA	NA	NA	NA	NA	NA	NA	NA	NA	NA
480	480	240	1200	0.50	union	anytime	0.80	0.40	0.30	0.40	real effect	2000	fp_passes_fn_fails	15	0.00750000	0.00192922	456.882	$37.92-$39.75	$99.60-$104.40 (cap $360.00)	0.2154	0.2228	0.2486	0.2667	0.2844	0.2974	0.3192	0.1681	0.1719	0.1790	0.1872	0.1933	0.1962	0.1983	0.3983	0.4158	0.4428	0.4568	0.4886	0.5202	0.5435
480	480	240	1200	0.50	union	anytime	0.80	0.40	0.30	0.40	real effect	2000	fn_passes_fp_fails	0	0.00000000	0.00000000	456.882	$37.92-$39.75	$99.60-$104.40 (cap $360.00)	NA	NA	NA	NA	NA	NA	NA	NA	NA	NA	NA	NA	NA	NA	NA	NA	NA	NA	NA	NA	NA
480	480	240	1200	0.50	union	anytime	0.80	0.40	0.30	0.40	real effect	2000	neither_passes	0	0.00000000	0.00000000	456.882	$37.92-$39.75	$99.60-$104.40 (cap $360.00)	NA	NA	NA	NA	NA	NA	NA	NA	NA	NA	NA	NA	NA	NA	NA	NA	NA	NA	NA	NA	NA
480	480	240	1200	0.50	union	anytime	0.80	0.40	0.30	0.40	real effect	2000	both_pass	0	0.00000000	0.00000000	456.882	$37.92-$39.75	$99.60-$104.40 (cap $360.00)	NA	NA	NA	NA	NA	NA	NA	NA	NA	NA	NA	NA	NA	NA	NA	NA	NA	NA	NA	NA	NA
480	480	240	1200	0.50	direct	anytime	0.80	0.40	0.30	0.40	real effect	2000	fp_passes_fn_fails	0	0.00000000	0.00000000	342.416	$28.42-$29.79	$99.60-$104.40 (cap $360.00)	NA	NA	NA	NA	NA	NA	NA	NA	NA	NA	NA	NA	NA	NA	NA	NA	NA	NA	NA	NA	NA
480	480	240	1200	0.50	direct	anytime	0.80	0.40	0.30	0.40	real effect	2000	fn_passes_fp_fails	0	0.00000000	0.00000000	342.416	$28.42-$29.79	$99.60-$104.40 (cap $360.00)	NA	NA	NA	NA	NA	NA	NA	NA	NA	NA	NA	NA	NA	NA	NA	NA	NA	NA	NA	NA	NA
480	480	240	1200	0.50	direct	anytime	0.80	0.40	0.30	0.40	real effect	2000	neither_passes	0	0.00000000	0.00000000	342.416	$28.42-$29.79	$99.60-$104.40 (cap $360.00)	NA	NA	NA	NA	NA	NA	NA	NA	NA	NA	NA	NA	NA	NA	NA	NA	NA	NA	NA	NA	NA
480	480	240	1200	0.50	direct	anytime	0.80	0.40	0.30	0.40	real effect	2000	both_pass	0	0.00000000	0.00000000	342.416	$28.42-$29.79	$99.60-$104.40 (cap $360.00)	NA	NA	NA	NA	NA	NA	NA	NA	NA	NA	NA	NA	NA	NA	NA	NA	NA	NA	NA	NA	NA
400	400	400	1200	1.00	union	anytime	0.80	0.40	0.30	0.40	real effect	2000	fp_passes_fn_fails	2	0.00100000	0.00070675	415.841	$34.51-$36.18	$99.60-$104.40 (cap $360.00)	0.2226	0.2244	0.2271	0.2316	0.2360	0.2387	0.2405	0.1759	0.1765	0.1775	0.1792	0.1809	0.1819	0.1826	0.4334	0.4357	0.4390	0.4446	0.4502	0.4536	0.4558
400	400	400	1200	1.00	union	anytime	0.80	0.40	0.30	0.40	real effect	2000	fn_passes_fp_fails	15	0.00750000	0.00192922	415.841	$34.51-$36.18	$99.60-$104.40 (cap $360.00)	0.1454	0.1667	0.1765	0.1835	0.1955	0.1977	0.1991	0.2144	0.2206	0.2422	0.2782	0.3026	0.3380	0.3498	0.3336	0.3634	0.3732	0.3887	0.4082	0.4230	0.4311
400	400	400	1200	1.00	union	anytime	0.80	0.40	0.30	0.40	real effect	2000	neither_passes	0	0.00000000	0.00000000	415.841	$34.51-$36.18	$99.60-$104.40 (cap $360.00)	NA	NA	NA	NA	NA	NA	NA	NA	NA	NA	NA	NA	NA	NA	NA	NA	NA	NA	NA	NA	NA
400	400	400	1200	1.00	union	anytime	0.80	0.40	0.30	0.40	real effect	2000	both_pass	0	0.00000000	0.00000000	415.841	$34.51-$36.18	$99.60-$104.40 (cap $360.00)	NA	NA	NA	NA	NA	NA	NA	NA	NA	NA	NA	NA	NA	NA	NA	NA	NA	NA	NA	NA	NA
400	400	400	1200	1.00	direct	anytime	0.80	0.40	0.30	0.40	real effect	2000	fp_passes_fn_fails	0	0.00000000	0.00000000	340.584	$28.27-$29.63	$99.60-$104.40 (cap $360.00)	NA	NA	NA	NA	NA	NA	NA	NA	NA	NA	NA	NA	NA	NA	NA	NA	NA	NA	NA	NA	NA
400	400	400	1200	1.00	direct	anytime	0.80	0.40	0.30	0.40	real effect	2000	fn_passes_fp_fails	15	0.00750000	0.00192922	340.584	$28.27-$29.63	$99.60-$104.40 (cap $360.00)	0.1454	0.1667	0.1765	0.1835	0.1955	0.1977	0.1991	0.2974	0.3068	0.3125	0.3375	0.3595	0.4022	0.4193	0.3336	0.3634	0.3732	0.3887	0.4082	0.4230	0.4311
400	400	400	1200	1.00	direct	anytime	0.80	0.40	0.30	0.40	real effect	2000	neither_passes	0	0.00000000	0.00000000	340.584	$28.27-$29.63	$99.60-$104.40 (cap $360.00)	NA	NA	NA	NA	NA	NA	NA	NA	NA	NA	NA	NA	NA	NA	NA	NA	NA	NA	NA	NA	NA
400	400	400	1200	1.00	direct	anytime	0.80	0.40	0.30	0.40	real effect	2000	both_pass	0	0.00000000	0.00000000	340.584	$28.27-$29.63	$99.60-$104.40 (cap $360.00)	NA	NA	NA	NA	NA	NA	NA	NA	NA	NA	NA	NA	NA	NA	NA	NA	NA	NA	NA	NA	NA
300	300	600	1200	2.00	union	anytime	0.80	0.40	0.30	0.40	real effect	2000	fp_passes_fn_fails	0	0.00000000	0.00000000	477.086	$39.60-$41.51	$99.60-$104.40 (cap $360.00)	NA	NA	NA	NA	NA	NA	NA	NA	NA	NA	NA	NA	NA	NA	NA	NA	NA	NA	NA	NA	NA
300	300	600	1200	2.00	union	anytime	0.80	0.40	0.30	0.40	real effect	2000	fn_passes_fp_fails	60	0.03000000	0.00381445	477.086	$39.60-$41.51	$99.60-$104.40 (cap $360.00)	0.1168	0.1553	0.1705	0.1819	0.1908	0.1958	0.1994	0.2212	0.2599	0.2716	0.2927	0.3137	0.3428	0.3744	0.3470	0.3907	0.4049	0.4156	0.4373	0.4568	0.5027
300	300	600	1200	2.00	union	anytime	0.80	0.40	0.30	0.40	real effect	2000	neither_passes	1	0.00050000	0.00049987	477.086	$39.60-$41.51	$99.60-$104.40 (cap $360.00)	0.1933	0.1933	0.1933	0.1933	0.1933	0.1933	0.1933	0.1929	0.1929	0.1929	0.1929	0.1929	0.1929	0.1929	0.4273	0.4273	0.4273	0.4273	0.4273	0.4273	0.4273
300	300	600	1200	2.00	union	anytime	0.80	0.40	0.30	0.40	real effect	2000	both_pass	0	0.00000000	0.00000000	477.086	$39.60-$41.51	$99.60-$104.40 (cap $360.00)	NA	NA	NA	NA	NA	NA	NA	NA	NA	NA	NA	NA	NA	NA	NA	NA	NA	NA	NA	NA	NA
300	300	600	1200	2.00	direct	anytime	0.80	0.40	0.30	0.40	real effect	2000	fp_passes_fn_fails	0	0.00000000	0.00000000	433.102	$35.95-$37.68	$99.60-$104.40 (cap $360.00)	NA	NA	NA	NA	NA	NA	NA	NA	NA	NA	NA	NA	NA	NA	NA	NA	NA	NA	NA	NA	NA
300	300	600	1200	2.00	direct	anytime	0.80	0.40	0.30	0.40	real effect	2000	fn_passes_fp_fails	61	0.03050000	0.00384511	433.102	$35.95-$37.68	$99.60-$104.40 (cap $360.00)	0.1168	0.1553	0.1707	0.1822	0.1913	0.1958	0.1994	0.2887	0.3290	0.3451	0.3651	0.3840	0.4150	0.4375	0.3470	0.3910	0.4053	0.4159	0.4363	0.4567	0.5027
300	300	600	1200	2.00	direct	anytime	0.80	0.40	0.30	0.40	real effect	2000	neither_passes	0	0.00000000	0.00000000	433.102	$35.95-$37.68	$99.60-$104.40 (cap $360.00)	NA	NA	NA	NA	NA	NA	NA	NA	NA	NA	NA	NA	NA	NA	NA	NA	NA	NA	NA	NA	NA
300	300	600	1200	2.00	direct	anytime	0.80	0.40	0.30	0.40	real effect	2000	both_pass	0	0.00000000	0.00000000	433.102	$35.95-$37.68	$99.60-$104.40 (cap $360.00)	NA	NA	NA	NA	NA	NA	NA	NA	NA	NA	NA	NA	NA	NA	NA	NA	NA	NA	NA	NA	NA
120	120	60	300	0.50	union	anytime	0.40	0.40	0.35	0.00	no-lift	2000	fp_passes_fn_fails	0	0.00000000	0.00000000	186.142	$15.45-$16.19	$24.90-$26.10 (cap $90.00)	NA	NA	NA	NA	NA	NA	NA	NA	NA	NA	NA	NA	NA	NA	NA	NA	NA	NA	NA	NA	NA
120	120	60	300	0.50	union	anytime	0.40	0.40	0.35	0.00	no-lift	2000	fn_passes_fp_fails	0	0.00000000	0.00000000	186.142	$15.45-$16.19	$24.90-$26.10 (cap $90.00)	NA	NA	NA	NA	NA	NA	NA	NA	NA	NA	NA	NA	NA	NA	NA	NA	NA	NA	NA	NA	NA
120	120	60	300	0.50	union	anytime	0.40	0.40	0.35	0.00	no-lift	2000	neither_passes	682	0.34100000	0.01059998	186.142	$15.45-$16.19	$24.90-$26.10 (cap $90.00)	-0.2313	-0.1803	-0.1587	-0.1293	-0.0985	-0.0666	0.0379	-0.5338	-0.3705	-0.3277	-0.2741	-0.2172	-0.1644	-0.0340	0.2003	0.2129	0.2244	0.2443	0.2779	0.3132	0.4464
120	120	60	300	0.50	union	anytime	0.40	0.40	0.35	0.00	no-lift	2000	both_pass	0	0.00000000	0.00000000	186.142	$15.45-$16.19	$24.90-$26.10 (cap $90.00)	NA	NA	NA	NA	NA	NA	NA	NA	NA	NA	NA	NA	NA	NA	NA	NA	NA	NA	NA	NA	NA
120	120	60	300	0.50	direct	anytime	0.40	0.40	0.35	0.00	no-lift	2000	fp_passes_fn_fails	0	0.00000000	0.00000000	186.142	$15.45-$16.19	$24.90-$26.10 (cap $90.00)	NA	NA	NA	NA	NA	NA	NA	NA	NA	NA	NA	NA	NA	NA	NA	NA	NA	NA	NA	NA	NA
120	120	60	300	0.50	direct	anytime	0.40	0.40	0.35	0.00	no-lift	2000	fn_passes_fp_fails	0	0.00000000	0.00000000	186.142	$15.45-$16.19	$24.90-$26.10 (cap $90.00)	NA	NA	NA	NA	NA	NA	NA	NA	NA	NA	NA	NA	NA	NA	NA	NA	NA	NA	NA	NA	NA
120	120	60	300	0.50	direct	anytime	0.40	0.40	0.35	0.00	no-lift	2000	neither_passes	682	0.34100000	0.01059998	186.142	$15.45-$16.19	$24.90-$26.10 (cap $90.00)	-0.2313	-0.1803	-0.1587	-0.1293	-0.0985	-0.0666	0.0379	-0.4467	-0.2997	-0.2415	-0.1810	-0.1207	-0.0672	0.1092	0.2003	0.2129	0.2244	0.2443	0.2779	0.3132	0.4464
120	120	60	300	0.50	direct	anytime	0.40	0.40	0.35	0.00	no-lift	2000	both_pass	0	0.00000000	0.00000000	186.142	$15.45-$16.19	$24.90-$26.10 (cap $90.00)	NA	NA	NA	NA	NA	NA	NA	NA	NA	NA	NA	NA	NA	NA	NA	NA	NA	NA	NA	NA	NA
100	100	100	300	1.00	union	anytime	0.40	0.40	0.35	0.00	no-lift	2000	fp_passes_fn_fails	0	0.00000000	0.00000000	206.873	$17.17-$18.00	$24.90-$26.10 (cap $90.00)	NA	NA	NA	NA	NA	NA	NA	NA	NA	NA	NA	NA	NA	NA	NA	NA	NA	NA	NA	NA	NA
100	100	100	300	1.00	union	anytime	0.40	0.40	0.35	0.00	no-lift	2000	fn_passes_fp_fails	0	0.00000000	0.00000000	206.873	$17.17-$18.00	$24.90-$26.10 (cap $90.00)	NA	NA	NA	NA	NA	NA	NA	NA	NA	NA	NA	NA	NA	NA	NA	NA	NA	NA	NA	NA	NA
100	100	100	300	1.00	union	anytime	0.40	0.40	0.35	0.00	no-lift	2000	neither_passes	853	0.42650000	0.01105888	206.873	$17.17-$18.00	$24.90-$26.10 (cap $90.00)	-0.2629	-0.2063	-0.1858	-0.1540	-0.1182	-0.0797	0.0126	-0.4509	-0.3382	-0.2949	-0.2438	-0.1956	-0.1565	-0.0017	0.2002	0.2152	0.2290	0.2567	0.2906	0.3264	0.4278
100	100	100	300	1.00	union	anytime	0.40	0.40	0.35	0.00	no-lift	2000	both_pass	0	0.00000000	0.00000000	206.873	$17.17-$18.00	$24.90-$26.10 (cap $90.00)	NA	NA	NA	NA	NA	NA	NA	NA	NA	NA	NA	NA	NA	NA	NA	NA	NA	NA	NA	NA	NA
100	100	100	300	1.00	direct	anytime	0.40	0.40	0.35	0.00	no-lift	2000	fp_passes_fn_fails	0	0.00000000	0.00000000	206.873	$17.17-$18.00	$24.90-$26.10 (cap $90.00)	NA	NA	NA	NA	NA	NA	NA	NA	NA	NA	NA	NA	NA	NA	NA	NA	NA	NA	NA	NA	NA
100	100	100	300	1.00	direct	anytime	0.40	0.40	0.35	0.00	no-lift	2000	fn_passes_fp_fails	0	0.00000000	0.00000000	206.873	$17.17-$18.00	$24.90-$26.10 (cap $90.00)	NA	NA	NA	NA	NA	NA	NA	NA	NA	NA	NA	NA	NA	NA	NA	NA	NA	NA	NA	NA	NA
100	100	100	300	1.00	direct	anytime	0.40	0.40	0.35	0.00	no-lift	2000	neither_passes	853	0.42650000	0.01105888	206.873	$17.17-$18.00	$24.90-$26.10 (cap $90.00)	-0.2629	-0.2063	-0.1858	-0.1540	-0.1182	-0.0797	0.0126	-0.3429	-0.2144	-0.1730	-0.1252	-0.0792	-0.0371	0.0950	0.2002	0.2152	0.2290	0.2567	0.2906	0.3264	0.4278
100	100	100	300	1.00	direct	anytime	0.40	0.40	0.35	0.00	no-lift	2000	both_pass	0	0.00000000	0.00000000	206.873	$17.17-$18.00	$24.90-$26.10 (cap $90.00)	NA	NA	NA	NA	NA	NA	NA	NA	NA	NA	NA	NA	NA	NA	NA	NA	NA	NA	NA	NA	NA
75	75	150	300	2.00	union	anytime	0.40	0.40	0.35	0.00	no-lift	2000	fp_passes_fn_fails	0	0.00000000	0.00000000	224.516	$18.63-$19.53	$24.90-$26.10 (cap $90.00)	NA	NA	NA	NA	NA	NA	NA	NA	NA	NA	NA	NA	NA	NA	NA	NA	NA	NA	NA	NA	NA
75	75	150	300	2.00	union	anytime	0.40	0.40	0.35	0.00	no-lift	2000	fn_passes_fp_fails	0	0.00000000	0.00000000	224.516	$18.63-$19.53	$24.90-$26.10 (cap $90.00)	NA	NA	NA	NA	NA	NA	NA	NA	NA	NA	NA	NA	NA	NA	NA	NA	NA	NA	NA	NA	NA
75	75	150	300	2.00	union	anytime	0.40	0.40	0.35	0.00	no-lift	2000	neither_passes	1027	0.51350000	0.01117626	224.516	$18.63-$19.53	$24.90-$26.10 (cap $90.00)	-0.3261	-0.2554	-0.2246	-0.1860	-0.1434	-0.1019	0.0279	-0.4797	-0.3313	-0.2898	-0.2423	-0.1932	-0.1549	-0.0108	0.2009	0.2210	0.2394	0.2739	0.3142	0.3612	0.5108
75	75	150	300	2.00	union	anytime	0.40	0.40	0.35	0.00	no-lift	2000	both_pass	0	0.00000000	0.00000000	224.516	$18.63-$19.53	$24.90-$26.10 (cap $90.00)	NA	NA	NA	NA	NA	NA	NA	NA	NA	NA	NA	NA	NA	NA	NA	NA	NA	NA	NA	NA	NA
75	75	150	300	2.00	direct	anytime	0.40	0.40	0.35	0.00	no-lift	2000	fp_passes_fn_fails	0	0.00000000	0.00000000	224.516	$18.63-$19.53	$24.90-$26.10 (cap $90.00)	NA	NA	NA	NA	NA	NA	NA	NA	NA	NA	NA	NA	NA	NA	NA	NA	NA	NA	NA	NA	NA
75	75	150	300	2.00	direct	anytime	0.40	0.40	0.35	0.00	no-lift	2000	fn_passes_fp_fails	0	0.00000000	0.00000000	224.516	$18.63-$19.53	$24.90-$26.10 (cap $90.00)	NA	NA	NA	NA	NA	NA	NA	NA	NA	NA	NA	NA	NA	NA	NA	NA	NA	NA	NA	NA	NA
75	75	150	300	2.00	direct	anytime	0.40	0.40	0.35	0.00	no-lift	2000	neither_passes	1027	0.51350000	0.01117626	224.516	$18.63-$19.53	$24.90-$26.10 (cap $90.00)	-0.3261	-0.2554	-0.2246	-0.1860	-0.1434	-0.1019	0.0279	-0.3589	-0.2062	-0.1706	-0.1269	-0.0817	-0.0449	0.0992	0.2009	0.2210	0.2394	0.2739	0.3142	0.3612	0.5108
75	75	150	300	2.00	direct	anytime	0.40	0.40	0.35	0.00	no-lift	2000	both_pass	0	0.00000000	0.00000000	224.516	$18.63-$19.53	$24.90-$26.10 (cap $90.00)	NA	NA	NA	NA	NA	NA	NA	NA	NA	NA	NA	NA	NA	NA	NA	NA	NA	NA	NA	NA	NA
480	480	240	1200	0.50	union	anytime	0.40	0.40	0.35	0.00	no-lift	2000	fp_passes_fn_fails	0	0.00000000	0.00000000	276.446	$22.95-$24.05	$99.60-$104.40 (cap $360.00)	NA	NA	NA	NA	NA	NA	NA	NA	NA	NA	NA	NA	NA	NA	NA	NA	NA	NA	NA	NA	NA
480	480	240	1200	0.50	union	anytime	0.40	0.40	0.35	0.00	no-lift	2000	fn_passes_fp_fails	0	0.00000000	0.00000000	276.446	$22.95-$24.05	$99.60-$104.40 (cap $360.00)	NA	NA	NA	NA	NA	NA	NA	NA	NA	NA	NA	NA	NA	NA	NA	NA	NA	NA	NA	NA	NA
480	480	240	1200	0.50	union	anytime	0.40	0.40	0.35	0.00	no-lift	2000	neither_passes	17	0.00850000	0.00205277	276.446	$22.95-$24.05	$99.60-$104.40 (cap $360.00)	-0.0374	-0.0267	-0.0156	-0.0108	-0.0019	0.0047	0.0309	-0.1652	-0.1430	-0.1331	-0.0894	-0.0516	-0.0412	-0.0059	0.2011	0.2042	0.2062	0.2094	0.2233	0.2323	0.2618
480	480	240	1200	0.50	union	anytime	0.40	0.40	0.35	0.00	no-lift	2000	both_pass	0	0.00000000	0.00000000	276.446	$22.95-$24.05	$99.60-$104.40 (cap $360.00)	NA	NA	NA	NA	NA	NA	NA	NA	NA	NA	NA	NA	NA	NA	NA	NA	NA	NA	NA	NA	NA
480	480	240	1200	0.50	direct	anytime	0.40	0.40	0.35	0.00	no-lift	2000	fp_passes_fn_fails	0	0.00000000	0.00000000	276.446	$22.95-$24.05	$99.60-$104.40 (cap $360.00)	NA	NA	NA	NA	NA	NA	NA	NA	NA	NA	NA	NA	NA	NA	NA	NA	NA	NA	NA	NA	NA
480	480	240	1200	0.50	direct	anytime	0.40	0.40	0.35	0.00	no-lift	2000	fn_passes_fp_fails	0	0.00000000	0.00000000	276.446	$22.95-$24.05	$99.60-$104.40 (cap $360.00)	NA	NA	NA	NA	NA	NA	NA	NA	NA	NA	NA	NA	NA	NA	NA	NA	NA	NA	NA	NA	NA
480	480	240	1200	0.50	direct	anytime	0.40	0.40	0.35	0.00	no-lift	2000	neither_passes	17	0.00850000	0.00205277	276.446	$22.95-$24.05	$99.60-$104.40 (cap $360.00)	-0.0374	-0.0267	-0.0156	-0.0108	-0.0019	0.0047	0.0309	-0.1461	-0.1087	-0.0811	-0.0300	-0.0127	0.0040	0.0334	0.2011	0.2042	0.2062	0.2094	0.2233	0.2323	0.2618
480	480	240	1200	0.50	direct	anytime	0.40	0.40	0.35	0.00	no-lift	2000	both_pass	0	0.00000000	0.00000000	276.446	$22.95-$24.05	$99.60-$104.40 (cap $360.00)	NA	NA	NA	NA	NA	NA	NA	NA	NA	NA	NA	NA	NA	NA	NA	NA	NA	NA	NA	NA	NA
400	400	400	1200	1.00	union	anytime	0.40	0.40	0.35	0.00	no-lift	2000	fp_passes_fn_fails	0	0.00000000	0.00000000	317.529	$26.35-$27.63	$99.60-$104.40 (cap $360.00)	NA	NA	NA	NA	NA	NA	NA	NA	NA	NA	NA	NA	NA	NA	NA	NA	NA	NA	NA	NA	NA
400	400	400	1200	1.00	union	anytime	0.40	0.40	0.35	0.00	no-lift	2000	fn_passes_fp_fails	0	0.00000000	0.00000000	317.529	$26.35-$27.63	$99.60-$104.40 (cap $360.00)	NA	NA	NA	NA	NA	NA	NA	NA	NA	NA	NA	NA	NA	NA	NA	NA	NA	NA	NA	NA	NA
400	400	400	1200	1.00	union	anytime	0.40	0.40	0.35	0.00	no-lift	2000	neither_passes	37	0.01850000	0.00301312	317.529	$26.35-$27.63	$99.60-$104.40 (cap $360.00)	-0.0597	-0.0457	-0.0361	-0.0227	-0.0133	-0.0011	0.0187	-0.2012	-0.1315	-0.1122	-0.0766	-0.0599	-0.0394	-0.0038	0.2006	0.2027	0.2037	0.2108	0.2170	0.2344	0.2464
400	400	400	1200	1.00	union	anytime	0.40	0.40	0.35	0.00	no-lift	2000	both_pass	0	0.00000000	0.00000000	317.529	$26.35-$27.63	$99.60-$104.40 (cap $360.00)	NA	NA	NA	NA	NA	NA	NA	NA	NA	NA	NA	NA	NA	NA	NA	NA	NA	NA	NA	NA	NA
400	400	400	1200	1.00	direct	anytime	0.40	0.40	0.35	0.00	no-lift	2000	fp_passes_fn_fails	0	0.00000000	0.00000000	317.529	$26.35-$27.63	$99.60-$104.40 (cap $360.00)	NA	NA	NA	NA	NA	NA	NA	NA	NA	NA	NA	NA	NA	NA	NA	NA	NA	NA	NA	NA	NA
400	400	400	1200	1.00	direct	anytime	0.40	0.40	0.35	0.00	no-lift	2000	fn_passes_fp_fails	0	0.00000000	0.00000000	317.529	$26.35-$27.63	$99.60-$104.40 (cap $360.00)	NA	NA	NA	NA	NA	NA	NA	NA	NA	NA	NA	NA	NA	NA	NA	NA	NA	NA	NA	NA	NA
400	400	400	1200	1.00	direct	anytime	0.40	0.40	0.35	0.00	no-lift	2000	neither_passes	37	0.01850000	0.00301312	317.529	$26.35-$27.63	$99.60-$104.40 (cap $360.00)	-0.0597	-0.0457	-0.0361	-0.0227	-0.0133	-0.0011	0.0187	-0.1223	-0.0634	-0.0379	-0.0148	0.0046	0.0349	0.0516	0.2006	0.2027	0.2037	0.2108	0.2170	0.2344	0.2464
400	400	400	1200	1.00	direct	anytime	0.40	0.40	0.35	0.00	no-lift	2000	both_pass	0	0.00000000	0.00000000	317.529	$26.35-$27.63	$99.60-$104.40 (cap $360.00)	NA	NA	NA	NA	NA	NA	NA	NA	NA	NA	NA	NA	NA	NA	NA	NA	NA	NA	NA	NA	NA
300	300	600	1200	2.00	union	anytime	0.40	0.40	0.35	0.00	no-lift	2000	fp_passes_fn_fails	0	0.00000000	0.00000000	420.326	$34.89-$36.57	$99.60-$104.40 (cap $360.00)	NA	NA	NA	NA	NA	NA	NA	NA	NA	NA	NA	NA	NA	NA	NA	NA	NA	NA	NA	NA	NA
300	300	600	1200	2.00	union	anytime	0.40	0.40	0.35	0.00	no-lift	2000	fn_passes_fp_fails	0	0.00000000	0.00000000	420.326	$34.89-$36.57	$99.60-$104.40 (cap $360.00)	NA	NA	NA	NA	NA	NA	NA	NA	NA	NA	NA	NA	NA	NA	NA	NA	NA	NA	NA	NA	NA
300	300	600	1200	2.00	union	anytime	0.40	0.40	0.35	0.00	no-lift	2000	neither_passes	108	0.05400000	0.00505391	420.326	$34.89-$36.57	$99.60-$104.40 (cap $360.00)	-0.0914	-0.0649	-0.0572	-0.0429	-0.0299	-0.0172	0.0107	-0.1666	-0.1260	-0.1005	-0.0849	-0.0638	-0.0412	-0.0010	0.2005	0.2050	0.2083	0.2167	0.2312	0.2464	0.3057
300	300	600	1200	2.00	union	anytime	0.40	0.40	0.35	0.00	no-lift	2000	both_pass	0	0.00000000	0.00000000	420.326	$34.89-$36.57	$99.60-$104.40 (cap $360.00)	NA	NA	NA	NA	NA	NA	NA	NA	NA	NA	NA	NA	NA	NA	NA	NA	NA	NA	NA	NA	NA
300	300	600	1200	2.00	direct	anytime	0.40	0.40	0.35	0.00	no-lift	2000	fp_passes_fn_fails	0	0.00000000	0.00000000	420.326	$34.89-$36.57	$99.60-$104.40 (cap $360.00)	NA	NA	NA	NA	NA	NA	NA	NA	NA	NA	NA	NA	NA	NA	NA	NA	NA	NA	NA	NA	NA
300	300	600	1200	2.00	direct	anytime	0.40	0.40	0.35	0.00	no-lift	2000	fn_passes_fp_fails	0	0.00000000	0.00000000	420.326	$34.89-$36.57	$99.60-$104.40 (cap $360.00)	NA	NA	NA	NA	NA	NA	NA	NA	NA	NA	NA	NA	NA	NA	NA	NA	NA	NA	NA	NA	NA
300	300	600	1200	2.00	direct	anytime	0.40	0.40	0.35	0.00	no-lift	2000	neither_passes	108	0.05400000	0.00505391	420.326	$34.89-$36.57	$99.60-$104.40 (cap $360.00)	-0.0914	-0.0649	-0.0572	-0.0429	-0.0299	-0.0172	0.0107	-0.0917	-0.0560	-0.0362	-0.0156	0.0030	0.0253	0.0661	0.2005	0.2050	0.2083	0.2167	0.2312	0.2464	0.3057
300	300	600	1200	2.00	direct	anytime	0.40	0.40	0.35	0.00	no-lift	2000	both_pass	0	0.00000000	0.00000000	420.326	$34.89-$36.57	$99.60-$104.40 (cap $360.00)	NA	NA	NA	NA	NA	NA	NA	NA	NA	NA	NA	NA	NA	NA	NA	NA	NA	NA	NA	NA	NA
120	120	60	300	0.50	union	anytime	0.50	0.40	0.35	0.10	no-lift	2000	fp_passes_fn_fails	0	0.00000000	0.00000000	268.478	$22.28-$23.36	$24.90-$26.10 (cap $90.00)	NA	NA	NA	NA	NA	NA	NA	NA	NA	NA	NA	NA	NA	NA	NA	NA	NA	NA	NA	NA	NA
120	120	60	300	0.50	union	anytime	0.50	0.40	0.35	0.10	no-lift	2000	fn_passes_fp_fails	0	0.00000000	0.00000000	268.478	$22.28-$23.36	$24.90-$26.10 (cap $90.00)	NA	NA	NA	NA	NA	NA	NA	NA	NA	NA	NA	NA	NA	NA	NA	NA	NA	NA	NA	NA	NA
120	120	60	300	0.50	union	anytime	0.50	0.40	0.35	0.10	no-lift	2000	neither_passes	1634	0.81700000	0.00864613	268.478	$22.28-$23.36	$24.90-$26.10 (cap $90.00)	-0.2158	-0.1500	-0.1235	-0.0833	-0.0406	-0.0020	0.1269	-0.4853	-0.3155	-0.2669	-0.2078	-0.1485	-0.0968	0.1305	0.2005	0.2308	0.2558	0.2937	0.3367	0.3778	0.5408
120	120	60	300	0.50	union	anytime	0.50	0.40	0.35	0.10	no-lift	2000	both_pass	0	0.00000000	0.00000000	268.478	$22.28-$23.36	$24.90-$26.10 (cap $90.00)	NA	NA	NA	NA	NA	NA	NA	NA	NA	NA	NA	NA	NA	NA	NA	NA	NA	NA	NA	NA	NA
120	120	60	300	0.50	direct	anytime	0.50	0.40	0.35	0.10	no-lift	2000	fp_passes_fn_fails	0	0.00000000	0.00000000	268.478	$22.28-$23.36	$24.90-$26.10 (cap $90.00)	NA	NA	NA	NA	NA	NA	NA	NA	NA	NA	NA	NA	NA	NA	NA	NA	NA	NA	NA	NA	NA
120	120	60	300	0.50	direct	anytime	0.50	0.40	0.35	0.10	no-lift	2000	fn_passes_fp_fails	1	0.00050000	0.00049987	268.478	$22.28-$23.36	$24.90-$26.10 (cap $90.00)	-0.0577	-0.0577	-0.0577	-0.0577	-0.0577	-0.0577	-0.0577	0.2335	0.2335	0.2335	0.2335	0.2335	0.2335	0.2335	0.3277	0.3277	0.3277	0.3277	0.3277	0.3277	0.3277
120	120	60	300	0.50	direct	anytime	0.50	0.40	0.35	0.10	no-lift	2000	neither_passes	1633	0.81650000	0.00865528	268.478	$22.28-$23.36	$24.90-$26.10 (cap $90.00)	-0.2158	-0.1500	-0.1236	-0.0834	-0.0406	-0.0020	0.1269	-0.4502	-0.2340	-0.1783	-0.1134	-0.0477	0.0122	0.1973	0.2005	0.2308	0.2557	0.2937	0.3367	0.3778	0.5408
120	120	60	300	0.50	direct	anytime	0.50	0.40	0.35	0.10	no-lift	2000	both_pass	0	0.00000000	0.00000000	268.478	$22.28-$23.36	$24.90-$26.10 (cap $90.00)	NA	NA	NA	NA	NA	NA	NA	NA	NA	NA	NA	NA	NA	NA	NA	NA	NA	NA	NA	NA	NA
100	100	100	300	1.00	union	anytime	0.50	0.40	0.35	0.10	no-lift	2000	fp_passes_fn_fails	0	0.00000000	0.00000000	270.639	$22.46-$23.55	$24.90-$26.10 (cap $90.00)	NA	NA	NA	NA	NA	NA	NA	NA	NA	NA	NA	NA	NA	NA	NA	NA	NA	NA	NA	NA	NA
100	100	100	300	1.00	union	anytime	0.50	0.40	0.35	0.10	no-lift	2000	fn_passes_fp_fails	0	0.00000000	0.00000000	270.639	$22.46-$23.55	$24.90-$26.10 (cap $90.00)	NA	NA	NA	NA	NA	NA	NA	NA	NA	NA	NA	NA	NA	NA	NA	NA	NA	NA	NA	NA	NA
100	100	100	300	1.00	union	anytime	0.50	0.40	0.35	0.10	no-lift	2000	neither_passes	1647	0.82350000	0.00852490	270.639	$22.46-$23.55	$24.90-$26.10 (cap $90.00)	-0.2692	-0.1744	-0.1428	-0.1001	-0.0534	-0.0120	0.1503	-0.4250	-0.2772	-0.2320	-0.1798	-0.1308	-0.0808	0.0667	0.2013	0.2400	0.2686	0.3108	0.3549	0.3993	0.6037
100	100	100	300	1.00	union	anytime	0.50	0.40	0.35	0.10	no-lift	2000	both_pass	0	0.00000000	0.00000000	270.639	$22.46-$23.55	$24.90-$26.10 (cap $90.00)	NA	NA	NA	NA	NA	NA	NA	NA	NA	NA	NA	NA	NA	NA	NA	NA	NA	NA	NA	NA	NA
100	100	100	300	1.00	direct	anytime	0.50	0.40	0.35	0.10	no-lift	2000	fp_passes_fn_fails	0	0.00000000	0.00000000	270.639	$22.46-$23.55	$24.90-$26.10 (cap $90.00)	NA	NA	NA	NA	NA	NA	NA	NA	NA	NA	NA	NA	NA	NA	NA	NA	NA	NA	NA	NA	NA
100	100	100	300	1.00	direct	anytime	0.50	0.40	0.35	0.10	no-lift	2000	fn_passes_fp_fails	0	0.00000000	0.00000000	270.639	$22.46-$23.55	$24.90-$26.10 (cap $90.00)	NA	NA	NA	NA	NA	NA	NA	NA	NA	NA	NA	NA	NA	NA	NA	NA	NA	NA	NA	NA	NA
100	100	100	300	1.00	direct	anytime	0.50	0.40	0.35	0.10	no-lift	2000	neither_passes	1647	0.82350000	0.00852490	270.639	$22.46-$23.55	$24.90-$26.10 (cap $90.00)	-0.2692	-0.1744	-0.1428	-0.1001	-0.0534	-0.0120	0.1503	-0.3183	-0.1506	-0.1049	-0.0566	-0.0071	0.0364	0.1700	0.2013	0.2400	0.2686	0.3108	0.3549	0.3993	0.6037
100	100	100	300	1.00	direct	anytime	0.50	0.40	0.35	0.10	no-lift	2000	both_pass	0	0.00000000	0.00000000	270.639	$22.46-$23.55	$24.90-$26.10 (cap $90.00)	NA	NA	NA	NA	NA	NA	NA	NA	NA	NA	NA	NA	NA	NA	NA	NA	NA	NA	NA	NA	NA
75	75	150	300	2.00	union	anytime	0.50	0.40	0.35	0.10	no-lift	2000	fp_passes_fn_fails	0	0.00000000	0.00000000	276.654	$22.96-$24.07	$24.90-$26.10 (cap $90.00)	NA	NA	NA	NA	NA	NA	NA	NA	NA	NA	NA	NA	NA	NA	NA	NA	NA	NA	NA	NA	NA
75	75	150	300	2.00	union	anytime	0.50	0.40	0.35	0.10	no-lift	2000	fn_passes_fp_fails	0	0.00000000	0.00000000	276.654	$22.96-$24.07	$24.90-$26.10 (cap $90.00)	NA	NA	NA	NA	NA	NA	NA	NA	NA	NA	NA	NA	NA	NA	NA	NA	NA	NA	NA	NA	NA
75	75	150	300	2.00	union	anytime	0.50	0.40	0.35	0.10	no-lift	2000	neither_passes	1716	0.85800000	0.00780500	276.654	$22.96-$24.07	$24.90-$26.10 (cap $90.00)	-0.3495	-0.2280	-0.1846	-0.1320	-0.0780	-0.0262	0.1037	-0.4335	-0.2655	-0.2233	-0.1744	-0.1228	-0.0750	0.0797	0.2049	0.2476	0.2813	0.3310	0.3892	0.4376	0.5902
75	75	150	300	2.00	union	anytime	0.50	0.40	0.35	0.10	no-lift	2000	both_pass	0	0.00000000	0.00000000	276.654	$22.96-$24.07	$24.90-$26.10 (cap $90.00)	NA	NA	NA	NA	NA	NA	NA	NA	NA	NA	NA	NA	NA	NA	NA	NA	NA	NA	NA	NA	NA
75	75	150	300	2.00	direct	anytime	0.50	0.40	0.35	0.10	no-lift	2000	fp_passes_fn_fails	0	0.00000000	0.00000000	276.654	$22.96-$24.07	$24.90-$26.10 (cap $90.00)	NA	NA	NA	NA	NA	NA	NA	NA	NA	NA	NA	NA	NA	NA	NA	NA	NA	NA	NA	NA	NA
75	75	150	300	2.00	direct	anytime	0.50	0.40	0.35	0.10	no-lift	2000	fn_passes_fp_fails	1	0.00050000	0.00049987	276.654	$22.96-$24.07	$24.90-$26.10 (cap $90.00)	-0.0647	-0.0647	-0.0647	-0.0647	-0.0647	-0.0647	-0.0647	0.2042	0.2042	0.2042	0.2042	0.2042	0.2042	0.2042	0.4273	0.4273	0.4273	0.4273	0.4273	0.4273	0.4273
75	75	150	300	2.00	direct	anytime	0.50	0.40	0.35	0.10	no-lift	2000	neither_passes	1715	0.85750000	0.00781645	276.654	$22.96-$24.07	$24.90-$26.10 (cap $90.00)	-0.3495	-0.2280	-0.1847	-0.1321	-0.0780	-0.0262	0.1037	-0.2998	-0.1393	-0.0970	-0.0529	-0.0073	0.0317	0.1717	0.2049	0.2476	0.2813	0.3309	0.3892	0.4376	0.5902
75	75	150	300	2.00	direct	anytime	0.50	0.40	0.35	0.10	no-lift	2000	both_pass	0	0.00000000	0.00000000	276.654	$22.96-$24.07	$24.90-$26.10 (cap $90.00)	NA	NA	NA	NA	NA	NA	NA	NA	NA	NA	NA	NA	NA	NA	NA	NA	NA	NA	NA	NA	NA
480	480	240	1200	0.50	union	anytime	0.50	0.40	0.35	0.10	no-lift	2000	fp_passes_fn_fails	0	0.00000000	0.00000000	854.962	$70.96-$74.38	$99.60-$104.40 (cap $360.00)	NA	NA	NA	NA	NA	NA	NA	NA	NA	NA	NA	NA	NA	NA	NA	NA	NA	NA	NA	NA	NA
480	480	240	1200	0.50	union	anytime	0.50	0.40	0.35	0.10	no-lift	2000	fn_passes_fp_fails	0	0.00000000	0.00000000	854.962	$70.96-$74.38	$99.60-$104.40 (cap $360.00)	NA	NA	NA	NA	NA	NA	NA	NA	NA	NA	NA	NA	NA	NA	NA	NA	NA	NA	NA	NA	NA
480	480	240	1200	0.50	union	anytime	0.50	0.40	0.35	0.10	no-lift	2000	neither_passes	998	0.49900000	0.01118032	854.962	$70.96-$74.38	$99.60-$104.40 (cap $360.00)	-0.0383	-0.0078	0.0018	0.0162	0.0354	0.0554	0.1211	-0.1870	-0.0995	-0.0710	-0.0405	-0.0112	0.0215	0.1109	0.2001	0.2076	0.2155	0.2307	0.2516	0.2704	0.3427
480	480	240	1200	0.50	union	anytime	0.50	0.40	0.35	0.10	no-lift	2000	both_pass	0	0.00000000	0.00000000	854.962	$70.96-$74.38	$99.60-$104.40 (cap $360.00)	NA	NA	NA	NA	NA	NA	NA	NA	NA	NA	NA	NA	NA	NA	NA	NA	NA	NA	NA	NA	NA
480	480	240	1200	0.50	direct	anytime	0.50	0.40	0.35	0.10	no-lift	2000	fp_passes_fn_fails	0	0.00000000	0.00000000	854.962	$70.96-$74.38	$99.60-$104.40 (cap $360.00)	NA	NA	NA	NA	NA	NA	NA	NA	NA	NA	NA	NA	NA	NA	NA	NA	NA	NA	NA	NA	NA
480	480	240	1200	0.50	direct	anytime	0.50	0.40	0.35	0.10	no-lift	2000	fn_passes_fp_fails	0	0.00000000	0.00000000	854.962	$70.96-$74.38	$99.60-$104.40 (cap $360.00)	NA	NA	NA	NA	NA	NA	NA	NA	NA	NA	NA	NA	NA	NA	NA	NA	NA	NA	NA	NA	NA
480	480	240	1200	0.50	direct	anytime	0.50	0.40	0.35	0.10	no-lift	2000	neither_passes	998	0.49900000	0.01118032	854.962	$70.96-$74.38	$99.60-$104.40 (cap $360.00)	-0.0383	-0.0078	0.0018	0.0162	0.0354	0.0554	0.1211	-0.1320	-0.0452	-0.0157	0.0159	0.0512	0.0822	0.1975	0.2001	0.2076	0.2155	0.2307	0.2516	0.2704	0.3427
480	480	240	1200	0.50	direct	anytime	0.50	0.40	0.35	0.10	no-lift	2000	both_pass	0	0.00000000	0.00000000	854.962	$70.96-$74.38	$99.60-$104.40 (cap $360.00)	NA	NA	NA	NA	NA	NA	NA	NA	NA	NA	NA	NA	NA	NA	NA	NA	NA	NA	NA	NA	NA
400	400	400	1200	1.00	union	anytime	0.50	0.40	0.35	0.10	no-lift	2000	fp_passes_fn_fails	0	0.00000000	0.00000000	906.616	$75.25-$78.88	$99.60-$104.40 (cap $360.00)	NA	NA	NA	NA	NA	NA	NA	NA	NA	NA	NA	NA	NA	NA	NA	NA	NA	NA	NA	NA	NA
400	400	400	1200	1.00	union	anytime	0.50	0.40	0.35	0.10	no-lift	2000	fn_passes_fp_fails	0	0.00000000	0.00000000	906.616	$75.25-$78.88	$99.60-$104.40 (cap $360.00)	NA	NA	NA	NA	NA	NA	NA	NA	NA	NA	NA	NA	NA	NA	NA	NA	NA	NA	NA	NA	NA
400	400	400	1200	1.00	union	anytime	0.50	0.40	0.35	0.10	no-lift	2000	neither_passes	1130	0.56500000	0.01108546	906.616	$75.25-$78.88	$99.60-$104.40 (cap $360.00)	-0.0508	-0.0224	-0.0107	0.0068	0.0260	0.0464	0.1246	-0.1552	-0.0777	-0.0540	-0.0278	0.0022	0.0238	0.1209	0.2008	0.2087	0.2189	0.2356	0.2571	0.2793	0.3498
400	400	400	1200	1.00	union	anytime	0.50	0.40	0.35	0.10	no-lift	2000	both_pass	0	0.00000000	0.00000000	906.616	$75.25-$78.88	$99.60-$104.40 (cap $360.00)	NA	NA	NA	NA	NA	NA	NA	NA	NA	NA	NA	NA	NA	NA	NA	NA	NA	NA	NA	NA	NA
400	400	400	1200	1.00	direct	anytime	0.50	0.40	0.35	0.10	no-lift	2000	fp_passes_fn_fails	0	0.00000000	0.00000000	906.616	$75.25-$78.88	$99.60-$104.40 (cap $360.00)	NA	NA	NA	NA	NA	NA	NA	NA	NA	NA	NA	NA	NA	NA	NA	NA	NA	NA	NA	NA	NA
400	400	400	1200	1.00	direct	anytime	0.50	0.40	0.35	0.10	no-lift	2000	fn_passes_fp_fails	0	0.00000000	0.00000000	906.616	$75.25-$78.88	$99.60-$104.40 (cap $360.00)	NA	NA	NA	NA	NA	NA	NA	NA	NA	NA	NA	NA	NA	NA	NA	NA	NA	NA	NA	NA	NA
400	400	400	1200	1.00	direct	anytime	0.50	0.40	0.35	0.10	no-lift	2000	neither_passes	1130	0.56500000	0.01108546	906.616	$75.25-$78.88	$99.60-$104.40 (cap $360.00)	-0.0508	-0.0224	-0.0107	0.0068	0.0260	0.0464	0.1246	-0.0727	-0.0032	0.0191	0.0449	0.0730	0.0940	0.1700	0.2008	0.2087	0.2189	0.2356	0.2571	0.2793	0.3498
400	400	400	1200	1.00	direct	anytime	0.50	0.40	0.35	0.10	no-lift	2000	both_pass	0	0.00000000	0.00000000	906.616	$75.25-$78.88	$99.60-$104.40 (cap $360.00)	NA	NA	NA	NA	NA	NA	NA	NA	NA	NA	NA	NA	NA	NA	NA	NA	NA	NA	NA	NA	NA
300	300	600	1200	2.00	union	anytime	0.50	0.40	0.35	0.10	no-lift	2000	fp_passes_fn_fails	0	0.00000000	0.00000000	951.236	$78.95-$82.76	$99.60-$104.40 (cap $360.00)	NA	NA	NA	NA	NA	NA	NA	NA	NA	NA	NA	NA	NA	NA	NA	NA	NA	NA	NA	NA	NA
300	300	600	1200	2.00	union	anytime	0.50	0.40	0.35	0.10	no-lift	2000	fn_passes_fp_fails	0	0.00000000	0.00000000	951.236	$78.95-$82.76	$99.60-$104.40 (cap $360.00)	NA	NA	NA	NA	NA	NA	NA	NA	NA	NA	NA	NA	NA	NA	NA	NA	NA	NA	NA	NA	NA
300	300	600	1200	2.00	union	anytime	0.50	0.40	0.35	0.10	no-lift	2000	neither_passes	1279	0.63950000	0.01073638	951.236	$78.95-$82.76	$99.60-$104.40 (cap $360.00)	-0.0911	-0.0481	-0.0322	-0.0108	0.0146	0.0395	0.1373	-0.1599	-0.0756	-0.0507	-0.0235	0.0039	0.0265	0.1320	0.2002	0.2123	0.2259	0.2470	0.2736	0.3017	0.4093
300	300	600	1200	2.00	union	anytime	0.50	0.40	0.35	0.10	no-lift	2000	both_pass	0	0.00000000	0.00000000	951.236	$78.95-$82.76	$99.60-$104.40 (cap $360.00)	NA	NA	NA	NA	NA	NA	NA	NA	NA	NA	NA	NA	NA	NA	NA	NA	NA	NA	NA	NA	NA
300	300	600	1200	2.00	direct	anytime	0.50	0.40	0.35	0.10	no-lift	2000	fp_passes_fn_fails	0	0.00000000	0.00000000	951.236	$78.95-$82.76	$99.60-$104.40 (cap $360.00)	NA	NA	NA	NA	NA	NA	NA	NA	NA	NA	NA	NA	NA	NA	NA	NA	NA	NA	NA	NA	NA
300	300	600	1200	2.00	direct	anytime	0.50	0.40	0.35	0.10	no-lift	2000	fn_passes_fp_fails	0	0.00000000	0.00000000	951.236	$78.95-$82.76	$99.60-$104.40 (cap $360.00)	NA	NA	NA	NA	NA	NA	NA	NA	NA	NA	NA	NA	NA	NA	NA	NA	NA	NA	NA	NA	NA
300	300	600	1200	2.00	direct	anytime	0.50	0.40	0.35	0.10	no-lift	2000	neither_passes	1279	0.63950000	0.01073638	951.236	$78.95-$82.76	$99.60-$104.40 (cap $360.00)	-0.0911	-0.0481	-0.0322	-0.0108	0.0146	0.0395	0.1373	-0.0762	0.0048	0.0270	0.0521	0.0762	0.0973	0.1903	0.2002	0.2123	0.2259	0.2470	0.2736	0.3017	0.4093
300	300	600	1200	2.00	direct	anytime	0.50	0.40	0.35	0.10	no-lift	2000	both_pass	0	0.00000000	0.00000000	951.236	$78.95-$82.76	$99.60-$104.40 (cap $360.00)	NA	NA	NA	NA	NA	NA	NA	NA	NA	NA	NA	NA	NA	NA	NA	NA	NA	NA	NA	NA	NA
120	120	60	300	0.50	union	anytime	0.55	0.40	0.35	0.15	no-lift	2000	fp_passes_fn_fails	0	0.00000000	0.00000000	284.717	$23.63-$24.77	$24.90-$26.10 (cap $90.00)	NA	NA	NA	NA	NA	NA	NA	NA	NA	NA	NA	NA	NA	NA	NA	NA	NA	NA	NA	NA	NA
120	120	60	300	0.50	union	anytime	0.55	0.40	0.35	0.15	no-lift	2000	fn_passes_fp_fails	0	0.00000000	0.00000000	284.717	$23.63-$24.77	$24.90-$26.10 (cap $90.00)	NA	NA	NA	NA	NA	NA	NA	NA	NA	NA	NA	NA	NA	NA	NA	NA	NA	NA	NA	NA	NA
120	120	60	300	0.50	union	anytime	0.55	0.40	0.35	0.15	no-lift	2000	neither_passes	1839	0.91950000	0.00608357	284.717	$23.63-$24.77	$24.90-$26.10 (cap $90.00)	-0.2114	-0.1266	-0.0916	-0.0442	0.0024	0.0440	0.1714	-0.4936	-0.2803	-0.2279	-0.1676	-0.1085	-0.0548	0.1277	0.2028	0.2533	0.2863	0.3317	0.3788	0.4260	0.5941
120	120	60	300	0.50	union	anytime	0.55	0.40	0.35	0.15	no-lift	2000	both_pass	0	0.00000000	0.00000000	284.717	$23.63-$24.77	$24.90-$26.10 (cap $90.00)	NA	NA	NA	NA	NA	NA	NA	NA	NA	NA	NA	NA	NA	NA	NA	NA	NA	NA	NA	NA	NA
120	120	60	300	0.50	direct	anytime	0.55	0.40	0.35	0.15	no-lift	2000	fp_passes_fn_fails	0	0.00000000	0.00000000	284.717	$23.63-$24.77	$24.90-$26.10 (cap $90.00)	NA	NA	NA	NA	NA	NA	NA	NA	NA	NA	NA	NA	NA	NA	NA	NA	NA	NA	NA	NA	NA
120	120	60	300	0.50	direct	anytime	0.55	0.40	0.35	0.15	no-lift	2000	fn_passes_fp_fails	6	0.00300000	0.00122291	284.717	$23.63-$24.77	$24.90-$26.10 (cap $90.00)	-0.0752	-0.0620	-0.0361	0.0039	0.0340	0.0715	0.0997	0.2024	0.2057	0.2095	0.2118	0.2237	0.2324	0.2374	0.3213	0.3274	0.3363	0.3604	0.3840	0.4130	0.4393
120	120	60	300	0.50	direct	anytime	0.55	0.40	0.35	0.15	no-lift	2000	neither_passes	1833	0.91650000	0.00618578	284.717	$23.63-$24.77	$24.90-$26.10 (cap $90.00)	-0.2114	-0.1266	-0.0919	-0.0443	0.0023	0.0439	0.1714	-0.3821	-0.1983	-0.1362	-0.0719	-0.0051	0.0450	0.1872	0.2028	0.2532	0.2863	0.3316	0.3788	0.4259	0.5941
120	120	60	300	0.50	direct	anytime	0.55	0.40	0.35	0.15	no-lift	2000	both_pass	0	0.00000000	0.00000000	284.717	$23.63-$24.77	$24.90-$26.10 (cap $90.00)	NA	NA	NA	NA	NA	NA	NA	NA	NA	NA	NA	NA	NA	NA	NA	NA	NA	NA	NA	NA	NA
100	100	100	300	1.00	union	anytime	0.55	0.40	0.35	0.15	no-lift	2000	fp_passes_fn_fails	1	0.00050000	0.00049987	287.539	$23.87-$25.02	$24.90-$26.10 (cap $90.00)	0.2007	0.2007	0.2007	0.2007	0.2007	0.2007	0.2007	0.0661	0.0661	0.0661	0.0661	0.0661	0.0661	0.0661	0.5544	0.5544	0.5544	0.5544	0.5544	0.5544	0.5544
100	100	100	300	1.00	union	anytime	0.55	0.40	0.35	0.15	no-lift	2000	fn_passes_fp_fails	0	0.00000000	0.00000000	287.539	$23.87-$25.02	$24.90-$26.10 (cap $90.00)	NA	NA	NA	NA	NA	NA	NA	NA	NA	NA	NA	NA	NA	NA	NA	NA	NA	NA	NA	NA	NA
100	100	100	300	1.00	union	anytime	0.55	0.40	0.35	0.15	no-lift	2000	neither_passes	1861	0.93050000	0.00568638	287.539	$23.87-$25.02	$24.90-$26.10 (cap $90.00)	-0.2680	-0.1523	-0.1109	-0.0602	-0.0134	0.0349	0.1605	-0.3566	-0.2416	-0.1899	-0.1373	-0.0845	-0.0355	0.1175	0.2037	0.2614	0.2986	0.3451	0.3975	0.4406	0.5805
100	100	100	300	1.00	union	anytime	0.55	0.40	0.35	0.15	no-lift	2000	both_pass	0	0.00000000	0.00000000	287.539	$23.87-$25.02	$24.90-$26.10 (cap $90.00)	NA	NA	NA	NA	NA	NA	NA	NA	NA	NA	NA	NA	NA	NA	NA	NA	NA	NA	NA	NA	NA
100	100	100	300	1.00	direct	anytime	0.55	0.40	0.35	0.15	no-lift	2000	fp_passes_fn_fails	0	0.00000000	0.00000000	287.484	$23.86-$25.01	$24.90-$26.10 (cap $90.00)	NA	NA	NA	NA	NA	NA	NA	NA	NA	NA	NA	NA	NA	NA	NA	NA	NA	NA	NA	NA	NA
100	100	100	300	1.00	direct	anytime	0.55	0.40	0.35	0.15	no-lift	2000	fn_passes_fp_fails	2	0.00100000	0.00070675	287.484	$23.86-$25.01	$24.90-$26.10 (cap $90.00)	0.0098	0.0224	0.0414	0.0730	0.1046	0.1236	0.1362	0.2068	0.2079	0.2095	0.2123	0.2151	0.2167	0.2178	0.3942	0.4013	0.4120	0.4298	0.4477	0.4584	0.4655
100	100	100	300	1.00	direct	anytime	0.55	0.40	0.35	0.15	no-lift	2000	neither_passes	1859	0.92950000	0.00572406	287.484	$23.86-$25.01	$24.90-$26.10 (cap $90.00)	-0.2680	-0.1524	-0.1109	-0.0602	-0.0135	0.0348	0.1605	-0.2337	-0.1086	-0.0656	-0.0097	0.0372	0.0833	0.1997	0.2037	0.2614	0.2986	0.3451	0.3975	0.4400	0.5805
100	100	100	300	1.00	direct	anytime	0.55	0.40	0.35	0.15	no-lift	2000	both_pass	0	0.00000000	0.00000000	287.484	$23.86-$25.01	$24.90-$26.10 (cap $90.00)	NA	NA	NA	NA	NA	NA	NA	NA	NA	NA	NA	NA	NA	NA	NA	NA	NA	NA	NA	NA	NA
75	75	150	300	2.00	union	anytime	0.55	0.40	0.35	0.15	no-lift	2000	fp_passes_fn_fails	0	0.00000000	0.00000000	288.594	$23.95-$25.11	$24.90-$26.10 (cap $90.00)	NA	NA	NA	NA	NA	NA	NA	NA	NA	NA	NA	NA	NA	NA	NA	NA	NA	NA	NA	NA	NA
75	75	150	300	2.00	union	anytime	0.55	0.40	0.35	0.15	no-lift	2000	fn_passes_fp_fails	0	0.00000000	0.00000000	288.594	$23.95-$25.11	$24.90-$26.10 (cap $90.00)	NA	NA	NA	NA	NA	NA	NA	NA	NA	NA	NA	NA	NA	NA	NA	NA	NA	NA	NA	NA	NA
75	75	150	300	2.00	union	anytime	0.55	0.40	0.35	0.15	no-lift	2000	neither_passes	1877	0.93850000	0.00537205	288.594	$23.95-$25.11	$24.90-$26.10 (cap $90.00)	-0.3346	-0.1953	-0.1503	-0.0934	-0.0373	0.0155	0.1701	-0.3910	-0.2293	-0.1873	-0.1330	-0.0782	-0.0366	0.1150	0.2031	0.2724	0.3141	0.3706	0.4265	0.4797	0.6428
75	75	150	300	2.00	union	anytime	0.55	0.40	0.35	0.15	no-lift	2000	both_pass	0	0.00000000	0.00000000	288.594	$23.95-$25.11	$24.90-$26.10 (cap $90.00)	NA	NA	NA	NA	NA	NA	NA	NA	NA	NA	NA	NA	NA	NA	NA	NA	NA	NA	NA	NA	NA
75	75	150	300	2.00	direct	anytime	0.55	0.40	0.35	0.15	no-lift	2000	fp_passes_fn_fails	0	0.00000000	0.00000000	288.594	$23.95-$25.11	$24.90-$26.10 (cap $90.00)	NA	NA	NA	NA	NA	NA	NA	NA	NA	NA	NA	NA	NA	NA	NA	NA	NA	NA	NA	NA	NA
75	75	150	300	2.00	direct	anytime	0.55	0.40	0.35	0.15	no-lift	2000	fn_passes_fp_fails	1	0.00050000	0.00049987	288.594	$23.95-$25.11	$24.90-$26.10 (cap $90.00)	0.1066	0.1066	0.1066	0.1066	0.1066	0.1066	0.1066	0.2105	0.2105	0.2105	0.2105	0.2105	0.2105	0.2105	0.5865	0.5865	0.5865	0.5865	0.5865	0.5865	0.5865
75	75	150	300	2.00	direct	anytime	0.55	0.40	0.35	0.15	no-lift	2000	neither_passes	1876	0.93800000	0.00539240	288.594	$23.95-$25.11	$24.90-$26.10 (cap $90.00)	-0.3346	-0.1953	-0.1504	-0.0934	-0.0373	0.0149	0.1701	-0.2816	-0.1037	-0.0593	-0.0094	0.0387	0.0792	0.1935	0.2031	0.2723	0.3140	0.3706	0.4264	0.4795	0.6428
75	75	150	300	2.00	direct	anytime	0.55	0.40	0.35	0.15	no-lift	2000	both_pass	0	0.00000000	0.00000000	288.594	$23.95-$25.11	$24.90-$26.10 (cap $90.00)	NA	NA	NA	NA	NA	NA	NA	NA	NA	NA	NA	NA	NA	NA	NA	NA	NA	NA	NA	NA	NA
480	480	240	1200	0.50	union	anytime	0.55	0.40	0.35	0.15	no-lift	2000	fp_passes_fn_fails	0	0.00000000	0.00000000	1073.911	$89.13-$93.43	$99.60-$104.40 (cap $360.00)	NA	NA	NA	NA	NA	NA	NA	NA	NA	NA	NA	NA	NA	NA	NA	NA	NA	NA	NA	NA	NA
480	480	240	1200	0.50	union	anytime	0.55	0.40	0.35	0.15	no-lift	2000	fn_passes_fp_fails	0	0.00000000	0.00000000	1073.911	$89.13-$93.43	$99.60-$104.40 (cap $360.00)	NA	NA	NA	NA	NA	NA	NA	NA	NA	NA	NA	NA	NA	NA	NA	NA	NA	NA	NA	NA	NA
480	480	240	1200	0.50	union	anytime	0.55	0.40	0.35	0.15	no-lift	2000	neither_passes	1680	0.84000000	0.00819756	1073.911	$89.13-$93.43	$99.60-$104.40 (cap $360.00)	-0.0331	0.0091	0.0263	0.0495	0.0726	0.0950	0.1536	-0.1866	-0.0627	-0.0339	-0.0018	0.0318	0.0623	0.1566	0.2001	0.2214	0.2374	0.2618	0.2867	0.3084	0.3787
480	480	240	1200	0.50	union	anytime	0.55	0.40	0.35	0.15	no-lift	2000	both_pass	0	0.00000000	0.00000000	1073.911	$89.13-$93.43	$99.60-$104.40 (cap $360.00)	NA	NA	NA	NA	NA	NA	NA	NA	NA	NA	NA	NA	NA	NA	NA	NA	NA	NA	NA	NA	NA
480	480	240	1200	0.50	direct	anytime	0.55	0.40	0.35	0.15	no-lift	2000	fp_passes_fn_fails	0	0.00000000	0.00000000	1073.911	$89.13-$93.43	$99.60-$104.40 (cap $360.00)	NA	NA	NA	NA	NA	NA	NA	NA	NA	NA	NA	NA	NA	NA	NA	NA	NA	NA	NA	NA	NA
480	480	240	1200	0.50	direct	anytime	0.55	0.40	0.35	0.15	no-lift	2000	fn_passes_fp_fails	5	0.00250000	0.00111664	1073.911	$89.13-$93.43	$99.60-$104.40 (cap $360.00)	0.0271	0.0372	0.0523	0.0610	0.0791	0.0859	0.0905	0.2052	0.2064	0.2082	0.2142	0.2173	0.2276	0.2344	0.2459	0.2511	0.2589	0.2756	0.3092	0.3147	0.3183
480	480	240	1200	0.50	direct	anytime	0.55	0.40	0.35	0.15	no-lift	2000	neither_passes	1675	0.83750000	0.00824905	1073.911	$89.13-$93.43	$99.60-$104.40 (cap $360.00)	-0.0331	0.0091	0.0262	0.0494	0.0725	0.0951	0.1536	-0.1436	-0.0116	0.0210	0.0596	0.0937	0.1246	0.1983	0.2001	0.2214	0.2374	0.2618	0.2866	0.3082	0.3787
480	480	240	1200	0.50	direct	anytime	0.55	0.40	0.35	0.15	no-lift	2000	both_pass	0	0.00000000	0.00000000	1073.911	$89.13-$93.43	$99.60-$104.40 (cap $360.00)	NA	NA	NA	NA	NA	NA	NA	NA	NA	NA	NA	NA	NA	NA	NA	NA	NA	NA	NA	NA	NA
400	400	400	1200	1.00	union	anytime	0.55	0.40	0.35	0.15	no-lift	2000	fp_passes_fn_fails	0	0.00000000	0.00000000	1094.047	$90.81-$95.18	$99.60-$104.40 (cap $360.00)	NA	NA	NA	NA	NA	NA	NA	NA	NA	NA	NA	NA	NA	NA	NA	NA	NA	NA	NA	NA	NA
400	400	400	1200	1.00	union	anytime	0.55	0.40	0.35	0.15	no-lift	2000	fn_passes_fp_fails	0	0.00000000	0.00000000	1094.047	$90.81-$95.18	$99.60-$104.40 (cap $360.00)	NA	NA	NA	NA	NA	NA	NA	NA	NA	NA	NA	NA	NA	NA	NA	NA	NA	NA	NA	NA	NA
400	400	400	1200	1.00	union	anytime	0.55	0.40	0.35	0.15	no-lift	2000	neither_passes	1743	0.87150000	0.00748291	1094.047	$90.81-$95.18	$99.60-$104.40 (cap $360.00)	-0.0482	-0.0048	0.0142	0.0382	0.0652	0.0883	0.1860	-0.1478	-0.0413	-0.0152	0.0135	0.0430	0.0712	0.1498	0.2002	0.2232	0.2417	0.2657	0.2932	0.3207	0.4365
400	400	400	1200	1.00	union	anytime	0.55	0.40	0.35	0.15	no-lift	2000	both_pass	0	0.00000000	0.00000000	1094.047	$90.81-$95.18	$99.60-$104.40 (cap $360.00)	NA	NA	NA	NA	NA	NA	NA	NA	NA	NA	NA	NA	NA	NA	NA	NA	NA	NA	NA	NA	NA
400	400	400	1200	1.00	direct	anytime	0.55	0.40	0.35	0.15	no-lift	2000	fp_passes_fn_fails	0	0.00000000	0.00000000	1093.520	$90.76-$95.14	$99.60-$104.40 (cap $360.00)	NA	NA	NA	NA	NA	NA	NA	NA	NA	NA	NA	NA	NA	NA	NA	NA	NA	NA	NA	NA	NA
400	400	400	1200	1.00	direct	anytime	0.55	0.40	0.35	0.15	no-lift	2000	fn_passes_fp_fails	3	0.00150000	0.00086538	1093.520	$90.76-$95.14	$99.60-$104.40 (cap $360.00)	0.0292	0.0401	0.0565	0.0839	0.0969	0.1047	0.1099	0.2016	0.2020	0.2027	0.2039	0.2045	0.2049	0.2051	0.2446	0.2589	0.2803	0.3160	0.3337	0.3444	0.3515
400	400	400	1200	1.00	direct	anytime	0.55	0.40	0.35	0.15	no-lift	2000	neither_passes	1739	0.86950000	0.00753226	1093.520	$90.76-$95.14	$99.60-$104.40 (cap $360.00)	-0.0482	-0.0049	0.0141	0.0381	0.0651	0.0879	0.1819	-0.0678	0.0345	0.0585	0.0878	0.1140	0.1403	0.1981	0.2002	0.2232	0.2417	0.2657	0.2932	0.3200	0.4274
400	400	400	1200	1.00	direct	anytime	0.55	0.40	0.35	0.15	no-lift	2000	both_pass	0	0.00000000	0.00000000	1093.520	$90.76-$95.14	$99.60-$104.40 (cap $360.00)	NA	NA	NA	NA	NA	NA	NA	NA	NA	NA	NA	NA	NA	NA	NA	NA	NA	NA	NA	NA	NA
300	300	600	1200	2.00	union	anytime	0.55	0.40	0.35	0.15	no-lift	2000	fp_passes_fn_fails	0	0.00000000	0.00000000	1104.508	$91.67-$96.09	$99.60-$104.40 (cap $360.00)	NA	NA	NA	NA	NA	NA	NA	NA	NA	NA	NA	NA	NA	NA	NA	NA	NA	NA	NA	NA	NA
300	300	600	1200	2.00	union	anytime	0.55	0.40	0.35	0.15	no-lift	2000	fn_passes_fp_fails	0	0.00000000	0.00000000	1104.508	$91.67-$96.09	$99.60-$104.40 (cap $360.00)	NA	NA	NA	NA	NA	NA	NA	NA	NA	NA	NA	NA	NA	NA	NA	NA	NA	NA	NA	NA	NA
300	300	600	1200	2.00	union	anytime	0.55	0.40	0.35	0.15	no-lift	2000	neither_passes	1760	0.88000000	0.00726636	1104.508	$91.67-$96.09	$99.60-$104.40 (cap $360.00)	-0.0851	-0.0296	-0.0066	0.0246	0.0538	0.0817	0.1989	-0.1363	-0.0418	-0.0109	0.0173	0.0468	0.0724	0.1528	0.2009	0.2286	0.2510	0.2822	0.3123	0.3408	0.4717
300	300	600	1200	2.00	union	anytime	0.55	0.40	0.35	0.15	no-lift	2000	both_pass	0	0.00000000	0.00000000	1104.508	$91.67-$96.09	$99.60-$104.40 (cap $360.00)	NA	NA	NA	NA	NA	NA	NA	NA	NA	NA	NA	NA	NA	NA	NA	NA	NA	NA	NA	NA	NA
300	300	600	1200	2.00	direct	anytime	0.55	0.40	0.35	0.15	no-lift	2000	fp_passes_fn_fails	0	0.00000000	0.00000000	1104.508	$91.67-$96.09	$99.60-$104.40 (cap $360.00)	NA	NA	NA	NA	NA	NA	NA	NA	NA	NA	NA	NA	NA	NA	NA	NA	NA	NA	NA	NA	NA
300	300	600	1200	2.00	direct	anytime	0.55	0.40	0.35	0.15	no-lift	2000	fn_passes_fp_fails	3	0.00150000	0.00086538	1104.508	$91.67-$96.09	$99.60-$104.40 (cap $360.00)	0.0381	0.0511	0.0707	0.1033	0.1105	0.1148	0.1177	0.2013	0.2023	0.2037	0.2062	0.2096	0.2116	0.2129	0.3137	0.3203	0.3302	0.3467	0.3701	0.3842	0.3936
300	300	600	1200	2.00	direct	anytime	0.55	0.40	0.35	0.15	no-lift	2000	neither_passes	1757	0.87850000	0.00730540	1104.508	$91.67-$96.09	$99.60-$104.40 (cap $360.00)	-0.0851	-0.0296	-0.0066	0.0245	0.0537	0.0814	0.1989	-0.0300	0.0414	0.0684	0.0923	0.1194	0.1427	0.1984	0.2009	0.2285	0.2510	0.2818	0.3121	0.3407	0.4717
300	300	600	1200	2.00	direct	anytime	0.55	0.40	0.35	0.15	no-lift	2000	both_pass	0	0.00000000	0.00000000	1104.508	$91.67-$96.09	$99.60-$104.40 (cap $360.00)	NA	NA	NA	NA	NA	NA	NA	NA	NA	NA	NA	NA	NA	NA	NA	NA	NA	NA	NA	NA	NA
120	120	60	300	0.50	union	anytime	0.60	0.40	0.35	0.20	calibration	2000	fp_passes_fn_fails	3	0.00150000	0.00086538	294.328	$24.43-$25.61	$24.90-$26.10 (cap $90.00)	0.2072	0.2091	0.2118	0.2165	0.2289	0.2364	0.2414	-0.1224	-0.1122	-0.0969	-0.0714	0.0034	0.0483	0.0782	0.5447	0.5562	0.5735	0.6023	0.6172	0.6261	0.6320
120	120	60	300	0.50	union	anytime	0.60	0.40	0.35	0.20	calibration	2000	fn_passes_fp_fails	0	0.00000000	0.00000000	294.328	$24.43-$25.61	$24.90-$26.10 (cap $90.00)	NA	NA	NA	NA	NA	NA	NA	NA	NA	NA	NA	NA	NA	NA	NA	NA	NA	NA	NA	NA	NA
120	120	60	300	0.50	union	anytime	0.60	0.40	0.35	0.20	calibration	2000	neither_passes	1945	0.97250000	0.00365676	294.328	$24.43-$25.61	$24.90-$26.10 (cap $90.00)	-0.1913	-0.0808	-0.0408	0.0055	0.0509	0.0925	0.1998	-0.4373	-0.2260	-0.1739	-0.1144	-0.0540	-0.0006	0.1812	0.2044	0.2952	0.3342	0.3793	0.4284	0.4679	0.6498
120	120	60	300	0.50	union	anytime	0.60	0.40	0.35	0.20	calibration	2000	both_pass	0	0.00000000	0.00000000	294.328	$24.43-$25.61	$24.90-$26.10 (cap $90.00)	NA	NA	NA	NA	NA	NA	NA	NA	NA	NA	NA	NA	NA	NA	NA	NA	NA	NA	NA	NA	NA
120	120	60	300	0.50	direct	anytime	0.60	0.40	0.35	0.20	calibration	2000	fp_passes_fn_fails	2	0.00100000	0.00070675	294.268	$24.42-$25.60	$24.90-$26.10 (cap $90.00)	0.2072	0.2081	0.2095	0.2118	0.2142	0.2155	0.2165	-0.0275	-0.0226	-0.0152	-0.0030	0.0093	0.0166	0.0215	0.5447	0.5505	0.5591	0.5735	0.5879	0.5966	0.6023
120	120	60	300	0.50	direct	anytime	0.60	0.40	0.35	0.20	calibration	2000	fn_passes_fp_fails	18	0.00900000	0.00211175	294.268	$24.42-$25.60	$24.90-$26.10 (cap $90.00)	-0.0500	-0.0222	0.0007	0.0536	0.0917	0.1014	0.1365	0.2002	0.2110	0.2145	0.2229	0.2320	0.2435	0.2561	0.3078	0.3371	0.3837	0.4245	0.4601	0.4765	0.4998
120	120	60	300	0.50	direct	anytime	0.60	0.40	0.35	0.20	calibration	2000	neither_passes	1927	0.96350000	0.00419331	294.268	$24.42-$25.60	$24.90-$26.10 (cap $90.00)	-0.1913	-0.0811	-0.0411	0.0054	0.0504	0.0923	0.1998	-0.3402	-0.1443	-0.0864	-0.0201	0.0428	0.0955	0.1983	0.2044	0.2950	0.3340	0.3791	0.4282	0.4676	0.6498
120	120	60	300	0.50	direct	anytime	0.60	0.40	0.35	0.20	calibration	2000	both_pass	0	0.00000000	0.00000000	294.268	$24.42-$25.60	$24.90-$26.10 (cap $90.00)	NA	NA	NA	NA	NA	NA	NA	NA	NA	NA	NA	NA	NA	NA	NA	NA	NA	NA	NA	NA	NA
100	100	100	300	1.00	union	anytime	0.60	0.40	0.35	0.20	calibration	2000	fp_passes_fn_fails	4	0.00200000	0.00099900	294.017	$24.40-$25.58	$24.90-$26.10 (cap $90.00)	0.2030	0.2044	0.2064	0.2093	0.2113	0.2116	0.2117	-0.0359	-0.0115	0.0252	0.0735	0.1135	0.1350	0.1494	0.5767	0.5798	0.5846	0.5884	0.5910	0.5937	0.5954
100	100	100	300	1.00	union	anytime	0.60	0.40	0.35	0.20	calibration	2000	fn_passes_fp_fails	0	0.00000000	0.00000000	294.017	$24.40-$25.58	$24.90-$26.10 (cap $90.00)	NA	NA	NA	NA	NA	NA	NA	NA	NA	NA	NA	NA	NA	NA	NA	NA	NA	NA	NA	NA	NA
100	100	100	300	1.00	union	anytime	0.60	0.40	0.35	0.20	calibration	2000	neither_passes	1940	0.97000000	0.00381445	294.017	$24.40-$25.58	$24.90-$26.10 (cap $90.00)	-0.2470	-0.1109	-0.0641	-0.0132	0.0407	0.0820	0.1955	-0.3418	-0.1868	-0.1405	-0.0829	-0.0282	0.0195	0.1875	0.2056	0.2951	0.3418	0.3914	0.4444	0.4920	0.6469
100	100	100	300	1.00	union	anytime	0.60	0.40	0.35	0.20	calibration	2000	both_pass	0	0.00000000	0.00000000	294.017	$24.40-$25.58	$24.90-$26.10 (cap $90.00)	NA	NA	NA	NA	NA	NA	NA	NA	NA	NA	NA	NA	NA	NA	NA	NA	NA	NA	NA	NA	NA
100	100	100	300	1.00	direct	anytime	0.60	0.40	0.35	0.20	calibration	2000	fp_passes_fn_fails	2	0.00100000	0.00070675	293.759	$24.38-$25.56	$24.90-$26.10 (cap $90.00)	0.2075	0.2079	0.2084	0.2093	0.2102	0.2108	0.2111	0.1253	0.1268	0.1289	0.1326	0.1362	0.1384	0.1399	0.5872	0.5875	0.5878	0.5884	0.5890	0.5893	0.5896
100	100	100	300	1.00	direct	anytime	0.60	0.40	0.35	0.20	calibration	2000	fn_passes_fp_fails	34	0.01700000	0.00289059	293.759	$24.38-$25.56	$24.90-$26.10 (cap $90.00)	-0.0447	-0.0122	0.0489	0.0675	0.0942	0.1493	0.1635	0.2009	0.2039	0.2095	0.2176	0.2318	0.2421	0.2697	0.3684	0.3763	0.4227	0.4720	0.5031	0.5314	0.5685
100	100	100	300	1.00	direct	anytime	0.60	0.40	0.35	0.20	calibration	2000	neither_passes	1903	0.95150000	0.00480353	293.759	$24.38-$25.56	$24.90-$26.10 (cap $90.00)	-0.2470	-0.1115	-0.0653	-0.0141	0.0380	0.0799	0.1955	-0.2255	-0.0573	-0.0131	0.0415	0.0926	0.1358	0.1992	0.2056	0.2934	0.3408	0.3903	0.4427	0.4893	0.6469
100	100	100	300	1.00	direct	anytime	0.60	0.40	0.35	0.20	calibration	2000	both_pass	0	0.00000000	0.00000000	293.759	$24.38-$25.56	$24.90-$26.10 (cap $90.00)	NA	NA	NA	NA	NA	NA	NA	NA	NA	NA	NA	NA	NA	NA	NA	NA	NA	NA	NA	NA	NA
75	75	150	300	2.00	union	anytime	0.60	0.40	0.35	0.20	calibration	2000	fp_passes_fn_fails	4	0.00200000	0.00099900	295.958	$24.56-$25.75	$24.90-$26.10 (cap $90.00)	0.2137	0.2142	0.2150	0.2244	0.2376	0.2456	0.2508	-0.1159	-0.0899	-0.0510	-0.0272	0.0096	0.0716	0.1130	0.5451	0.5671	0.6001	0.6208	0.6261	0.6318	0.6355
75	75	150	300	2.00	union	anytime	0.60	0.40	0.35	0.20	calibration	2000	fn_passes_fp_fails	2	0.00100000	0.00070675	295.958	$24.56-$25.75	$24.90-$26.10 (cap $90.00)	0.1099	0.1168	0.1271	0.1443	0.1615	0.1718	0.1787	0.2133	0.2161	0.2203	0.2272	0.2341	0.2383	0.2410	0.5394	0.5416	0.5448	0.5502	0.5556	0.5589	0.5610
75	75	150	300	2.00	union	anytime	0.60	0.40	0.35	0.20	calibration	2000	neither_passes	1951	0.97550000	0.00345686	295.958	$24.56-$25.75	$24.90-$26.10 (cap $90.00)	-0.2790	-0.1529	-0.1027	-0.0437	0.0139	0.0641	0.1960	-0.3459	-0.1860	-0.1334	-0.0819	-0.0275	0.0194	0.1958	0.2150	0.3094	0.3586	0.4150	0.4748	0.5252	0.7062
75	75	150	300	2.00	union	anytime	0.60	0.40	0.35	0.20	calibration	2000	both_pass	0	0.00000000	0.00000000	295.958	$24.56-$25.75	$24.90-$26.10 (cap $90.00)	NA	NA	NA	NA	NA	NA	NA	NA	NA	NA	NA	NA	NA	NA	NA	NA	NA	NA	NA	NA	NA
75	75	150	300	2.00	direct	anytime	0.60	0.40	0.35	0.20	calibration	2000	fp_passes_fn_fails	3	0.00150000	0.00086538	295.836	$24.55-$25.74	$24.90-$26.10 (cap $90.00)	0.2137	0.2140	0.2146	0.2155	0.2244	0.2297	0.2332	0.0036	0.0182	0.0400	0.0764	0.0923	0.1018	0.1081	0.5451	0.5607	0.5841	0.6230	0.6293	0.6330	0.6355
75	75	150	300	2.00	direct	anytime	0.60	0.40	0.35	0.20	calibration	2000	fn_passes_fp_fails	26	0.01300000	0.00253288	295.836	$24.55-$25.74	$24.90-$26.10 (cap $90.00)	-0.0132	0.0045	0.0221	0.0607	0.1124	0.1479	0.1800	0.2018	0.2077	0.2130	0.2248	0.2416	0.2678	0.2947	0.4192	0.4626	0.4864	0.5243	0.5615	0.5734	0.6057
75	75	150	300	2.00	direct	anytime	0.60	0.40	0.35	0.20	calibration	2000	neither_passes	1926	0.96300000	0.00422084	295.836	$24.55-$25.74	$24.90-$26.10 (cap $90.00)	-0.2790	-0.1534	-0.1034	-0.0452	0.0128	0.0632	0.1939	-0.1938	-0.0556	-0.0079	0.0407	0.0865	0.1259	0.2000	0.2150	0.3086	0.3577	0.4139	0.4721	0.5237	0.6924
75	75	150	300	2.00	direct	anytime	0.60	0.40	0.35	0.20	calibration	2000	both_pass	0	0.00000000	0.00000000	295.836	$24.55-$25.74	$24.90-$26.10 (cap $90.00)	NA	NA	NA	NA	NA	NA	NA	NA	NA	NA	NA	NA	NA	NA	NA	NA	NA	NA	NA	NA	NA
480	480	240	1200	0.50	union	anytime	0.60	0.40	0.35	0.20	calibration	2000	fp_passes_fn_fails	7	0.00350000	0.00132056	1171.059	$97.20-$101.88	$99.60-$104.40 (cap $360.00)	0.2003	0.2007	0.2019	0.2061	0.2162	0.2179	0.2195	0.0324	0.0652	0.0899	0.1186	0.1358	0.1447	0.1567	0.3981	0.3997	0.4041	0.4123	0.4175	0.4245	0.4333
480	480	240	1200	0.50	union	anytime	0.60	0.40	0.35	0.20	calibration	2000	fn_passes_fp_fails	1	0.00050000	0.00049987	1171.059	$97.20-$101.88	$99.60-$104.40 (cap $360.00)	0.1533	0.1533	0.1533	0.1533	0.1533	0.1533	0.1533	0.2046	0.2046	0.2046	0.2046	0.2046	0.2046	0.2046	0.3755	0.3755	0.3755	0.3755	0.3755	0.3755	0.3755
480	480	240	1200	0.50	union	anytime	0.60	0.40	0.35	0.20	calibration	2000	neither_passes	1936	0.96800000	0.00393548	1171.059	$97.20-$101.88	$99.60-$104.40 (cap $360.00)	-0.0255	0.0460	0.0668	0.0934	0.1181	0.1433	0.1973	-0.1151	-0.0168	0.0125	0.0463	0.0794	0.1075	0.1942	0.2019	0.2550	0.2775	0.3027	0.3304	0.3571	0.4429
480	480	240	1200	0.50	union	anytime	0.60	0.40	0.35	0.20	calibration	2000	both_pass	0	0.00000000	0.00000000	1171.059	$97.20-$101.88	$99.60-$104.40 (cap $360.00)	NA	NA	NA	NA	NA	NA	NA	NA	NA	NA	NA	NA	NA	NA	NA	NA	NA	NA	NA	NA	NA
480	480	240	1200	0.50	direct	anytime	0.60	0.40	0.35	0.20	calibration	2000	fp_passes_fn_fails	6	0.00300000	0.00122291	1170.397	$97.14-$101.82	$99.60-$104.40 (cap $360.00)	0.2003	0.2006	0.2014	0.2044	0.2141	0.2181	0.2195	0.0952	0.1149	0.1349	0.1367	0.1753	0.1914	0.1948	0.3981	0.4027	0.4086	0.4143	0.4181	0.4260	0.4333
480	480	240	1200	0.50	direct	anytime	0.60	0.40	0.35	0.20	calibration	2000	fn_passes_fp_fails	62	0.03100000	0.00387550	1170.397	$97.14-$101.82	$99.60-$104.40 (cap $360.00)	0.0500	0.0770	0.0969	0.1256	0.1514	0.1762	0.1933	0.2002	0.2026	0.2083	0.2150	0.2271	0.2498	0.2721	0.2552	0.2817	0.3052	0.3341	0.3571	0.3761	0.4278
480	480	240	1200	0.50	direct	anytime	0.60	0.40	0.35	0.20	calibration	2000	neither_passes	1874	0.93700000	0.00543282	1170.397	$97.14-$101.82	$99.60-$104.40 (cap $360.00)	-0.0255	0.0455	0.0660	0.0928	0.1166	0.1418	0.1973	-0.0791	0.0359	0.0686	0.1027	0.1374	0.1656	0.1996	0.2019	0.2543	0.2770	0.3016	0.3294	0.3558	0.4429
480	480	240	1200	0.50	direct	anytime	0.60	0.40	0.35	0.20	calibration	2000	both_pass	0	0.00000000	0.00000000	1170.397	$97.14-$101.82	$99.60-$104.40 (cap $360.00)	NA	NA	NA	NA	NA	NA	NA	NA	NA	NA	NA	NA	NA	NA	NA	NA	NA	NA	NA	NA	NA
400	400	400	1200	1.00	union	anytime	0.60	0.40	0.35	0.20	calibration	2000	fp_passes_fn_fails	9	0.00450000	0.00149662	1168.869	$97.02-$101.69	$99.60-$104.40 (cap $360.00)	0.2002	0.2002	0.2020	0.2035	0.2082	0.2121	0.2235	0.0749	0.0912	0.1075	0.1264	0.1299	0.1384	0.1425	0.4019	0.4064	0.4131	0.4242	0.4310	0.4362	0.4393
400	400	400	1200	1.00	union	anytime	0.60	0.40	0.35	0.20	calibration	2000	fn_passes_fp_fails	1	0.00050000	0.00049987	1168.869	$97.02-$101.69	$99.60-$104.40 (cap $360.00)	0.1713	0.1713	0.1713	0.1713	0.1713	0.1713	0.1713	0.2144	0.2144	0.2144	0.2144	0.2144	0.2144	0.2144	0.3956	0.3956	0.3956	0.3956	0.3956	0.3956	0.3956
400	400	400	1200	1.00	union	anytime	0.60	0.40	0.35	0.20	calibration	2000	neither_passes	1927	0.96350000	0.00419331	1168.869	$97.02-$101.69	$99.60-$104.40 (cap $360.00)	-0.0386	0.0304	0.0552	0.0825	0.1128	0.1386	0.1985	-0.1095	0.0035	0.0317	0.0622	0.0894	0.1181	0.1982	0.2023	0.2560	0.2801	0.3097	0.3404	0.3663	0.4548
400	400	400	1200	1.00	union	anytime	0.60	0.40	0.35	0.20	calibration	2000	both_pass	0	0.00000000	0.00000000	1168.869	$97.02-$101.69	$99.60-$104.40 (cap $360.00)	NA	NA	NA	NA	NA	NA	NA	NA	NA	NA	NA	NA	NA	NA	NA	NA	NA	NA	NA	NA	NA
400	400	400	1200	1.00	direct	anytime	0.60	0.40	0.35	0.20	calibration	2000	fp_passes_fn_fails	3	0.00150000	0.00086538	1167.057	$96.87-$101.53	$99.60-$104.40 (cap $360.00)	0.2002	0.2002	0.2002	0.2002	0.2011	0.2017	0.2020	0.1538	0.1572	0.1623	0.1709	0.1798	0.1852	0.1887	0.4019	0.4063	0.4131	0.4242	0.4276	0.4296	0.4310
400	400	400	1200	1.00	direct	anytime	0.60	0.40	0.35	0.20	calibration	2000	fn_passes_fp_fails	114	0.05700000	0.00518416	1167.057	$96.87-$101.53	$99.60-$104.40 (cap $360.00)	0.0407	0.0737	0.0952	0.1205	0.1469	0.1656	0.1985	0.2003	0.2018	0.2051	0.2112	0.2205	0.2345	0.2643	0.2621	0.3070	0.3211	0.3435	0.3783	0.3947	0.4279
400	400	400	1200	1.00	direct	anytime	0.60	0.40	0.35	0.20	calibration	2000	neither_passes	1811	0.90550000	0.00654101	1167.057	$96.87-$101.53	$99.60-$104.40 (cap $360.00)	-0.0386	0.0285	0.0532	0.0807	0.1108	0.1345	0.1974	-0.0256	0.0799	0.1052	0.1334	0.1581	0.1765	0.1997	0.2023	0.2545	0.2777	0.3070	0.3375	0.3632	0.4548
400	400	400	1200	1.00	direct	anytime	0.60	0.40	0.35	0.20	calibration	2000	both_pass	0	0.00000000	0.00000000	1167.057	$96.87-$101.53	$99.60-$104.40 (cap $360.00)	NA	NA	NA	NA	NA	NA	NA	NA	NA	NA	NA	NA	NA	NA	NA	NA	NA	NA	NA	NA	NA
300	300	600	1200	2.00	union	anytime	0.60	0.40	0.35	0.20	calibration	2000	fp_passes_fn_fails	7	0.00350000	0.00132056	1169.646	$97.08-$101.76	$99.60-$104.40 (cap $360.00)	0.2030	0.2046	0.2072	0.2103	0.2175	0.2221	0.2263	0.0981	0.1112	0.1221	0.1359	0.1437	0.1510	0.1515	0.4237	0.4300	0.4413	0.4495	0.4701	0.4827	0.4910
300	300	600	1200	2.00	union	anytime	0.60	0.40	0.35	0.20	calibration	2000	fn_passes_fp_fails	2	0.00100000	0.00070675	1169.646	$97.08-$101.76	$99.60-$104.40 (cap $360.00)	0.1802	0.1806	0.1813	0.1824	0.1835	0.1842	0.1847	0.2055	0.2072	0.2098	0.2141	0.2184	0.2210	0.2227	0.3996	0.4058	0.4151	0.4305	0.4459	0.4552	0.4614
300	300	600	1200	2.00	union	anytime	0.60	0.40	0.35	0.20	calibration	2000	neither_passes	1928	0.96400000	0.00416557	1169.646	$97.08-$101.76	$99.60-$104.40 (cap $360.00)	-0.0589	0.0107	0.0372	0.0699	0.1031	0.1309	0.1986	-0.0946	0.0072	0.0331	0.0642	0.0932	0.1184	0.1958	0.2076	0.2664	0.2917	0.3237	0.3580	0.3880	0.4836
300	300	600	1200	2.00	union	anytime	0.60	0.40	0.35	0.20	calibration	2000	both_pass	0	0.00000000	0.00000000	1169.646	$97.08-$101.76	$99.60-$104.40 (cap $360.00)	NA	NA	NA	NA	NA	NA	NA	NA	NA	NA	NA	NA	NA	NA	NA	NA	NA	NA	NA	NA	NA
300	300	600	1200	2.00	direct	anytime	0.60	0.40	0.35	0.20	calibration	2000	fp_passes_fn_fails	3	0.00150000	0.00086538	1165.554	$96.74-$101.40	$99.60-$104.40 (cap $360.00)	0.2030	0.2035	0.2043	0.2056	0.2107	0.2137	0.2158	0.1848	0.1852	0.1859	0.1870	0.1903	0.1922	0.1935	0.4237	0.4287	0.4361	0.4485	0.4697	0.4825	0.4910
300	300	600	1200	2.00	direct	anytime	0.60	0.40	0.35	0.20	calibration	2000	fn_passes_fp_fails	99	0.04950000	0.00485024	1165.554	$96.74-$101.40	$99.60-$104.40 (cap $360.00)	0.0220	0.0730	0.0963	0.1142	0.1439	0.1649	0.1881	0.2001	0.2026	0.2051	0.2118	0.2256	0.2351	0.2927	0.2799	0.3249	0.3435	0.3720	0.3996	0.4241	0.4660
300	300	600	1200	2.00	direct	anytime	0.60	0.40	0.35	0.20	calibration	2000	neither_passes	1822	0.91100000	0.00636706	1165.554	$96.74-$101.40	$99.60-$104.40 (cap $360.00)	-0.0589	0.0096	0.0350	0.0673	0.0998	0.1264	0.1942	0.0086	0.0885	0.1131	0.1380	0.1617	0.1806	0.2000	0.2076	0.2650	0.2903	0.3213	0.3547	0.3821	0.4836
300	300	600	1200	2.00	direct	anytime	0.60	0.40	0.35	0.20	calibration	2000	both_pass	0	0.00000000	0.00000000	1165.554	$96.74-$101.40	$99.60-$104.40 (cap $360.00)	NA	NA	NA	NA	NA	NA	NA	NA	NA	NA	NA	NA	NA	NA	NA	NA	NA	NA	NA	NA	NA
120	120	60	300	0.50	union	anytime	0.65	0.40	0.35	0.25	small real effect	2000	fp_passes_fn_fails	29	0.01450000	0.00267299	297.822	$24.72-$25.91	$24.90-$26.10 (cap $90.00)	0.2011	0.2032	0.2046	0.2142	0.2294	0.2375	0.2444	-0.2042	-0.0745	-0.0054	0.0175	0.0527	0.0971	0.1308	0.4980	0.5159	0.5429	0.5675	0.5920	0.6055	0.6251
120	120	60	300	0.50	union	anytime	0.65	0.40	0.35	0.25	small real effect	2000	fn_passes_fp_fails	3	0.00150000	0.00086538	297.822	$24.72-$25.91	$24.90-$26.10 (cap $90.00)	0.1116	0.1142	0.1181	0.1246	0.1426	0.1533	0.1605	0.2159	0.2159	0.2160	0.2160	0.2189	0.2205	0.2217	0.4334	0.4400	0.4499	0.4664	0.5090	0.5345	0.5515
120	120	60	300	0.50	union	anytime	0.65	0.40	0.35	0.25	small real effect	2000	neither_passes	1948	0.97400000	0.00355837	297.822	$24.72-$25.91	$24.90-$26.10 (cap $90.00)	-0.1913	-0.0380	0.0032	0.0507	0.1020	0.1421	0.1999	-0.3691	-0.1781	-0.1224	-0.0635	-0.0030	0.0465	0.1774	0.2057	0.3331	0.3767	0.4216	0.4700	0.5109	0.6625
120	120	60	300	0.50	union	anytime	0.65	0.40	0.35	0.25	small real effect	2000	both_pass	0	0.00000000	0.00000000	297.822	$24.72-$25.91	$24.90-$26.10 (cap $90.00)	NA	NA	NA	NA	NA	NA	NA	NA	NA	NA	NA	NA	NA	NA	NA	NA	NA	NA	NA	NA	NA
120	120	60	300	0.50	direct	anytime	0.65	0.40	0.35	0.25	small real effect	2000	fp_passes_fn_fails	25	0.01250000	0.00248433	297.484	$24.69-$25.88	$24.90-$26.10 (cap $90.00)	0.2011	0.2026	0.2043	0.2134	0.2297	0.2387	0.2444	-0.1196	-0.0327	0.0591	0.1105	0.1314	0.1631	0.1957	0.4980	0.5203	0.5429	0.5726	0.5955	0.6079	0.6251
120	120	60	300	0.50	direct	anytime	0.65	0.40	0.35	0.25	small real effect	2000	fn_passes_fp_fails	65	0.03250000	0.00396508	297.484	$24.69-$25.88	$24.90-$26.10 (cap $90.00)	-0.0715	-0.0020	0.0545	0.1039	0.1382	0.1744	0.1946	0.2000	0.2058	0.2128	0.2252	0.2555	0.2882	0.3800	0.3098	0.3789	0.4111	0.4563	0.4973	0.5397	0.5864
120	120	60	300	0.50	direct	anytime	0.65	0.40	0.35	0.25	small real effect	2000	neither_passes	1881	0.94050000	0.00528960	297.484	$24.69-$25.88	$24.90-$26.10 (cap $90.00)	-0.1913	-0.0387	0.0017	0.0488	0.0997	0.1399	0.1999	-0.2969	-0.0968	-0.0403	0.0251	0.0857	0.1396	0.1988	0.2057	0.3318	0.3759	0.4199	0.4689	0.5103	0.6625
120	120	60	300	0.50	direct	anytime	0.65	0.40	0.35	0.25	small real effect	2000	both_pass	0	0.00000000	0.00000000	297.484	$24.69-$25.88	$24.90-$26.10 (cap $90.00)	NA	NA	NA	NA	NA	NA	NA	NA	NA	NA	NA	NA	NA	NA	NA	NA	NA	NA	NA	NA	NA
100	100	100	300	1.00	union	anytime	0.65	0.40	0.35	0.25	small real effect	2000	fp_passes_fn_fails	31	0.01550000	0.00276222	298.139	$24.75-$25.94	$24.90-$26.10 (cap $90.00)	0.2000	0.2021	0.2122	0.2212	0.2396	0.2626	0.2685	-0.0554	-0.0121	0.0126	0.0711	0.1071	0.1434	0.1889	0.5334	0.5496	0.5651	0.6048	0.6279	0.6515	0.6902
100	100	100	300	1.00	union	anytime	0.65	0.40	0.35	0.25	small real effect	2000	fn_passes_fp_fails	2	0.00100000	0.00070675	298.139	$24.75-$25.94	$24.90-$26.10 (cap $90.00)	0.0946	0.1043	0.1187	0.1429	0.1670	0.1815	0.1911	0.2092	0.2100	0.2113	0.2134	0.2155	0.2168	0.2176	0.5291	0.5339	0.5411	0.5531	0.5651	0.5723	0.5771
100	100	100	300	1.00	union	anytime	0.65	0.40	0.35	0.25	small real effect	2000	neither_passes	1949	0.97450000	0.00352489	298.139	$24.75-$25.94	$24.90-$26.10 (cap $90.00)	-0.1968	-0.0589	-0.0134	0.0343	0.0864	0.1305	0.1992	-0.3073	-0.1356	-0.0871	-0.0313	0.0202	0.0664	0.1989	0.2255	0.3463	0.3901	0.4391	0.4854	0.5309	0.6372
100	100	100	300	1.00	union	anytime	0.65	0.40	0.35	0.25	small real effect	2000	both_pass	0	0.00000000	0.00000000	298.139	$24.75-$25.94	$24.90-$26.10 (cap $90.00)	NA	NA	NA	NA	NA	NA	NA	NA	NA	NA	NA	NA	NA	NA	NA	NA	NA	NA	NA	NA	NA
100	100	100	300	1.00	direct	anytime	0.65	0.40	0.35	0.25	small real effect	2000	fp_passes_fn_fails	16	0.00800000	0.00199198	297.006	$24.65-$25.84	$24.90-$26.10 (cap $90.00)	0.2008	0.2017	0.2092	0.2163	0.2305	0.2427	0.2633	0.0510	0.0940	0.1153	0.1428	0.1724	0.1859	0.1947	0.5459	0.5501	0.5543	0.5836	0.6238	0.6400	0.6516
100	100	100	300	1.00	direct	anytime	0.65	0.40	0.35	0.25	small real effect	2000	fn_passes_fp_fails	127	0.06350000	0.00545288	297.006	$24.65-$25.84	$24.90-$26.10 (cap $90.00)	-0.0810	0.0118	0.0594	0.1035	0.1374	0.1613	0.1927	0.2005	0.2039	0.2106	0.2252	0.2473	0.2673	0.3323	0.3204	0.4061	0.4466	0.4936	0.5308	0.5640	0.6372
100	100	100	300	1.00	direct	anytime	0.65	0.40	0.35	0.25	small real effect	2000	neither_passes	1817	0.90850000	0.00644701	297.006	$24.65-$25.84	$24.90-$26.10 (cap $90.00)	-0.1968	-0.0605	-0.0157	0.0306	0.0774	0.1232	0.1941	-0.1628	-0.0068	0.0370	0.0858	0.1327	0.1643	0.1999	0.2255	0.3445	0.3867	0.4348	0.4803	0.5259	0.6333
100	100	100	300	1.00	direct	anytime	0.65	0.40	0.35	0.25	small real effect	2000	both_pass	0	0.00000000	0.00000000	297.006	$24.65-$25.84	$24.90-$26.10 (cap $90.00)	NA	NA	NA	NA	NA	NA	NA	NA	NA	NA	NA	NA	NA	NA	NA	NA	NA	NA	NA	NA	NA
75	75	150	300	2.00	union	anytime	0.65	0.40	0.35	0.25	small real effect	2000	fp_passes_fn_fails	25	0.01250000	0.00248433	298.630	$24.79-$25.98	$24.90-$26.10 (cap $90.00)	0.2003	0.2013	0.2059	0.2112	0.2254	0.2631	0.2817	-0.0344	0.0061	0.0370	0.0715	0.0934	0.1225	0.1538	0.5557	0.5802	0.6115	0.6471	0.6566	0.6941	0.7435
75	75	150	300	2.00	union	anytime	0.65	0.40	0.35	0.25	small real effect	2000	fn_passes_fp_fails	3	0.00150000	0.00086538	298.630	$24.79-$25.98	$24.90-$26.10 (cap $90.00)	0.0190	0.0504	0.0975	0.1760	0.1843	0.1894	0.1927	0.2027	0.2034	0.2044	0.2060	0.2072	0.2079	0.2083	0.4733	0.5035	0.5488	0.6243	0.6313	0.6354	0.6382
75	75	150	300	2.00	union	anytime	0.65	0.40	0.35	0.25	small real effect	2000	neither_passes	1959	0.97950000	0.00316858	298.630	$24.79-$25.98	$24.90-$26.10 (cap $90.00)	-0.3317	-0.1039	-0.0502	0.0099	0.0651	0.1155	0.1997	-0.3086	-0.1337	-0.0860	-0.0312	0.0210	0.0667	0.1991	0.2192	0.3509	0.4045	0.4634	0.5224	0.5723	0.7033
75	75	150	300	2.00	union	anytime	0.65	0.40	0.35	0.25	small real effect	2000	both_pass	0	0.00000000	0.00000000	298.630	$24.79-$25.98	$24.90-$26.10 (cap $90.00)	NA	NA	NA	NA	NA	NA	NA	NA	NA	NA	NA	NA	NA	NA	NA	NA	NA	NA	NA	NA	NA
75	75	150	300	2.00	direct	anytime	0.65	0.40	0.35	0.25	small real effect	2000	fp_passes_fn_fails	15	0.00750000	0.00192922	297.674	$24.71-$25.90	$24.90-$26.10 (cap $90.00)	0.2010	0.2027	0.2064	0.2110	0.2191	0.2453	0.2662	0.0792	0.1117	0.1403	0.1596	0.1719	0.1792	0.1894	0.5557	0.6079	0.6147	0.6433	0.6544	0.6709	0.6980
75	75	150	300	2.00	direct	anytime	0.65	0.40	0.35	0.25	small real effect	2000	fn_passes_fp_fails	107	0.05350000	0.00503179	297.674	$24.71-$25.90	$24.90-$26.10 (cap $90.00)	-0.1104	0.0150	0.0506	0.1040	0.1356	0.1634	0.1997	0.2002	0.2033	0.2088	0.2203	0.2427	0.2654	0.3080	0.3825	0.4592	0.5001	0.5405	0.5752	0.6081	0.6489
75	75	150	300	2.00	direct	anytime	0.65	0.40	0.35	0.25	small real effect	2000	neither_passes	1840	0.92000000	0.00606630	297.674	$24.71-$25.90	$24.90-$26.10 (cap $90.00)	-0.3317	-0.1078	-0.0546	0.0032	0.0581	0.1057	0.1961	-0.1567	-0.0065	0.0357	0.0827	0.1294	0.1581	0.1979	0.2192	0.3482	0.4009	0.4579	0.5159	0.5626	0.7033
75	75	150	300	2.00	direct	anytime	0.65	0.40	0.35	0.25	small real effect	2000	both_pass	0	0.00000000	0.00000000	297.674	$24.71-$25.90	$24.90-$26.10 (cap $90.00)	NA	NA	NA	NA	NA	NA	NA	NA	NA	NA	NA	NA	NA	NA	NA	NA	NA	NA	NA	NA	NA
480	480	240	1200	0.50	union	anytime	0.65	0.40	0.35	0.25	small real effect	2000	fp_passes_fn_fails	135	0.06750000	0.00560998	1180.727	$98.00-$102.72	$99.60-$104.40 (cap $360.00)	0.2000	0.2023	0.2055	0.2134	0.2240	0.2366	0.2611	-0.0114	0.0750	0.1053	0.1333	0.1553	0.1766	0.1948	0.3825	0.3993	0.4105	0.4227	0.4343	0.4504	0.5451
480	480	240	1200	0.50	union	anytime	0.65	0.40	0.35	0.25	small real effect	2000	fn_passes_fp_fails	20	0.01000000	0.00222486	1180.727	$98.00-$102.72	$99.60-$104.40 (cap $360.00)	0.1008	0.1389	0.1567	0.1684	0.1813	0.1947	0.1951	0.2017	0.2041	0.2056	0.2094	0.2151	0.2247	0.2412	0.3287	0.3502	0.3627	0.3799	0.3908	0.3933	0.4074
480	480	240	1200	0.50	union	anytime	0.65	0.40	0.35	0.25	small real effect	2000	neither_passes	1803	0.90150000	0.00666325	1180.727	$98.00-$102.72	$99.60-$104.40 (cap $360.00)	0.0196	0.0903	0.1140	0.1398	0.1632	0.1804	0.1999	-0.0787	0.0332	0.0646	0.0968	0.1276	0.1541	0.1999	0.2319	0.2967	0.3194	0.3458	0.3708	0.3888	0.4472
480	480	240	1200	0.50	union	anytime	0.65	0.40	0.35	0.25	small real effect	2000	both_pass	0	0.00000000	0.00000000	1180.727	$98.00-$102.72	$99.60-$104.40 (cap $360.00)	NA	NA	NA	NA	NA	NA	NA	NA	NA	NA	NA	NA	NA	NA	NA	NA	NA	NA	NA	NA	NA
480	480	240	1200	0.50	direct	anytime	0.65	0.40	0.35	0.25	small real effect	2000	fp_passes_fn_fails	69	0.03450000	0.00408104	1163.093	$96.54-$101.19	$99.60-$104.40 (cap $360.00)	0.2001	0.2018	0.2041	0.2109	0.2234	0.2334	0.2611	-0.0157	0.1097	0.1395	0.1607	0.1763	0.1879	0.1946	0.3847	0.3993	0.4116	0.4211	0.4311	0.4449	0.4807
480	480	240	1200	0.50	direct	anytime	0.65	0.40	0.35	0.25	small real effect	2000	fn_passes_fp_fails	363	0.18150000	0.00861852	1163.093	$96.54-$101.19	$99.60-$104.40 (cap $360.00)	0.0367	0.1066	0.1301	0.1540	0.1721	0.1848	0.1987	0.2001	0.2038	0.2095	0.2238	0.2410	0.2577	0.3417	0.2395	0.3099	0.3353	0.3590	0.3794	0.3936	0.4472
480	480	240	1200	0.50	direct	anytime	0.65	0.40	0.35	0.25	small real effect	2000	neither_passes	1449	0.72450000	0.00998999	1163.093	$96.54-$101.19	$99.60-$104.40 (cap $360.00)	0.0196	0.0870	0.1106	0.1363	0.1601	0.1781	0.1999	-0.0133	0.0783	0.1136	0.1449	0.1696	0.1873	0.2000	0.2319	0.2942	0.3163	0.3429	0.3677	0.3862	0.4362
480	480	240	1200	0.50	direct	anytime	0.65	0.40	0.35	0.25	small real effect	2000	both_pass	0	0.00000000	0.00000000	1163.093	$96.54-$101.19	$99.60-$104.40 (cap $360.00)	NA	NA	NA	NA	NA	NA	NA	NA	NA	NA	NA	NA	NA	NA	NA	NA	NA	NA	NA	NA	NA
400	400	400	1200	1.00	union	anytime	0.65	0.40	0.35	0.25	small real effect	2000	fp_passes_fn_fails	110	0.05500000	0.00509779	1188.786	$98.67-$103.42	$99.60-$104.40 (cap $360.00)	0.2001	0.2030	0.2069	0.2150	0.2263	0.2400	0.2836	0.0656	0.1074	0.1229	0.1454	0.1709	0.1882	0.1959	0.3929	0.4088	0.4224	0.4398	0.4583	0.4700	0.5047
400	400	400	1200	1.00	union	anytime	0.65	0.40	0.35	0.25	small real effect	2000	fn_passes_fp_fails	36	0.01800000	0.00297288	1188.786	$98.67-$103.42	$99.60-$104.40 (cap $360.00)	0.0943	0.1295	0.1478	0.1723	0.1858	0.1875	0.1922	0.2000	0.2014	0.2031	0.2100	0.2183	0.2337	0.2592	0.3198	0.3454	0.3707	0.3963	0.4107	0.4343	0.4546
400	400	400	1200	1.00	union	anytime	0.65	0.40	0.35	0.25	small real effect	2000	neither_passes	1816	0.90800000	0.00646282	1188.786	$98.67-$103.42	$99.60-$104.40 (cap $360.00)	0.0093	0.0798	0.1036	0.1310	0.1570	0.1781	0.1998	-0.0299	0.0521	0.0800	0.1103	0.1375	0.1626	0.1999	0.2300	0.2999	0.3264	0.3544	0.3818	0.4046	0.4666
400	400	400	1200	1.00	union	anytime	0.65	0.40	0.35	0.25	small real effect	2000	both_pass	0	0.00000000	0.00000000	1188.786	$98.67-$103.42	$99.60-$104.40 (cap $360.00)	NA	NA	NA	NA	NA	NA	NA	NA	NA	NA	NA	NA	NA	NA	NA	NA	NA	NA	NA	NA	NA
400	400	400	1200	1.00	direct	anytime	0.65	0.40	0.35	0.25	small real effect	2000	fp_passes_fn_fails	27	0.01350000	0.00258048	1154.383	$95.81-$100.43	$99.60-$104.40 (cap $360.00)	0.2004	0.2025	0.2045	0.2128	0.2182	0.2297	0.2585	0.1473	0.1520	0.1724	0.1853	0.1908	0.1954	0.1987	0.4072	0.4095	0.4140	0.4346	0.4538	0.4710	0.4933
400	400	400	1200	1.00	direct	anytime	0.65	0.40	0.35	0.25	small real effect	2000	fn_passes_fp_fails	619	0.30950000	0.01033706	1154.383	$95.81-$100.43	$99.60-$104.40 (cap $360.00)	0.0419	0.1000	0.1243	0.1476	0.1685	0.1845	0.1977	0.2000	0.2041	0.2106	0.2214	0.2372	0.2577	0.3260	0.2414	0.3209	0.3438	0.3722	0.3924	0.4110	0.4560
400	400	400	1200	1.00	direct	anytime	0.65	0.40	0.35	0.25	small real effect	2000	neither_passes	1206	0.60300000	0.01094054	1154.383	$95.81-$100.43	$99.60-$104.40 (cap $360.00)	0.0093	0.0710	0.0956	0.1214	0.1481	0.1684	0.1998	0.0372	0.1200	0.1433	0.1657	0.1834	0.1930	0.1999	0.2300	0.2927	0.3194	0.3442	0.3733	0.3964	0.4549
400	400	400	1200	1.00	direct	anytime	0.65	0.40	0.35	0.25	small real effect	2000	both_pass	0	0.00000000	0.00000000	1154.383	$95.81-$100.43	$99.60-$104.40 (cap $360.00)	NA	NA	NA	NA	NA	NA	NA	NA	NA	NA	NA	NA	NA	NA	NA	NA	NA	NA	NA	NA	NA
300	300	600	1200	2.00	union	anytime	0.65	0.40	0.35	0.25	small real effect	2000	fp_passes_fn_fails	72	0.03600000	0.00416557	1178.286	$97.80-$102.51	$99.60-$104.40 (cap $360.00)	0.2002	0.2020	0.2053	0.2149	0.2261	0.2400	0.2827	0.0881	0.1245	0.1393	0.1689	0.1780	0.1913	0.1987	0.4062	0.4340	0.4478	0.4618	0.4819	0.5017	0.5729
300	300	600	1200	2.00	union	anytime	0.65	0.40	0.35	0.25	small real effect	2000	fn_passes_fp_fails	34	0.01700000	0.00289059	1178.286	$97.80-$102.51	$99.60-$104.40 (cap $360.00)	0.1172	0.1320	0.1424	0.1596	0.1848	0.1918	0.1986	0.2000	0.2010	0.2037	0.2062	0.2190	0.2226	0.2484	0.3485	0.3702	0.3889	0.4030	0.4287	0.4444	0.4560
300	300	600	1200	2.00	union	anytime	0.65	0.40	0.35	0.25	small real effect	2000	neither_passes	1839	0.91950000	0.00608357	1178.286	$97.80-$102.51	$99.60-$104.40 (cap $360.00)	-0.0186	0.0599	0.0871	0.1196	0.1491	0.1710	0.1999	-0.0437	0.0561	0.0835	0.1148	0.1426	0.1659	0.1992	0.2229	0.3096	0.3379	0.3707	0.3998	0.4263	0.5094
300	300	600	1200	2.00	union	anytime	0.65	0.40	0.35	0.25	small real effect	2000	both_pass	0	0.00000000	0.00000000	1178.286	$97.80-$102.51	$99.60-$104.40 (cap $360.00)	NA	NA	NA	NA	NA	NA	NA	NA	NA	NA	NA	NA	NA	NA	NA	NA	NA	NA	NA	NA	NA
300	300	600	1200	2.00	direct	anytime	0.65	0.40	0.35	0.25	small real effect	2000	fp_passes_fn_fails	8	0.00400000	0.00141138	1146.736	$95.18-$99.77	$99.60-$104.40 (cap $360.00)	0.2010	0.2021	0.2044	0.2096	0.2163	0.2259	0.2260	0.1739	0.1748	0.1846	0.1896	0.1944	0.1963	0.1985	0.4391	0.4433	0.4470	0.4596	0.4817	0.4901	0.5059
300	300	600	1200	2.00	direct	anytime	0.65	0.40	0.35	0.25	small real effect	2000	fn_passes_fp_fails	729	0.36450000	0.01076196	1146.736	$95.18-$99.77	$99.60-$104.40 (cap $360.00)	0.0177	0.0905	0.1138	0.1391	0.1616	0.1798	0.1986	0.2000	0.2042	0.2100	0.2217	0.2385	0.2552	0.2948	0.2611	0.3365	0.3628	0.3879	0.4127	0.4327	0.4894
300	300	600	1200	2.00	direct	anytime	0.65	0.40	0.35	0.25	small real effect	2000	neither_passes	1109	0.55450000	0.01111372	1146.736	$95.18-$99.77	$99.60-$104.40 (cap $360.00)	-0.0186	0.0469	0.0747	0.1032	0.1324	0.1583	0.1978	0.0503	0.1273	0.1489	0.1690	0.1848	0.1937	0.2000	0.2229	0.2988	0.3253	0.3556	0.3867	0.4099	0.5094
300	300	600	1200	2.00	direct	anytime	0.65	0.40	0.35	0.25	small real effect	2000	both_pass	0	0.00000000	0.00000000	1146.736	$95.18-$99.77	$99.60-$104.40 (cap $360.00)	NA	NA	NA	NA	NA	NA	NA	NA	NA	NA	NA	NA	NA	NA	NA	NA	NA	NA	NA	NA	NA
120	120	60	300	0.50	union	anytime	0.70	0.40	0.35	0.30	real effect	2000	fp_passes_fn_fails	150	0.07500000	0.00588961	298.738	$24.80-$25.99	$24.90-$26.10 (cap $90.00)	0.2000	0.2038	0.2084	0.2268	0.2496	0.2654	0.3270	-0.1939	-0.0658	-0.0102	0.0322	0.0952	0.1313	0.1996	0.4777	0.5295	0.5513	0.5756	0.6018	0.6322	0.7077
120	120	60	300	0.50	union	anytime	0.70	0.40	0.35	0.30	real effect	2000	fn_passes_fp_fails	9	0.00450000	0.00149662	298.738	$24.80-$25.99	$24.90-$26.10 (cap $90.00)	0.1057	0.1341	0.1485	0.1515	0.1692	0.1761	0.1956	0.2028	0.2041	0.2220	0.2317	0.2364	0.2558	0.3169	0.4283	0.4837	0.4998	0.5125	0.5249	0.5443	0.5784
120	120	60	300	0.50	union	anytime	0.70	0.40	0.35	0.30	real effect	2000	neither_passes	1824	0.91200000	0.00633467	298.738	$24.80-$25.99	$24.90-$26.10 (cap $90.00)	-0.1351	0.0102	0.0576	0.0981	0.1399	0.1699	0.2000	-0.3609	-0.1256	-0.0784	-0.0140	0.0405	0.0885	0.1998	0.2424	0.3780	0.4199	0.4651	0.5028	0.5373	0.6267
120	120	60	300	0.50	union	anytime	0.70	0.40	0.35	0.30	real effect	2000	both_pass	0	0.00000000	0.00000000	298.738	$24.80-$25.99	$24.90-$26.10 (cap $90.00)	NA	NA	NA	NA	NA	NA	NA	NA	NA	NA	NA	NA	NA	NA	NA	NA	NA	NA	NA	NA	NA
120	120	60	300	0.50	direct	anytime	0.70	0.40	0.35	0.30	real effect	2000	fp_passes_fn_fails	115	0.05750000	0.00520547	297.474	$24.69-$25.88	$24.90-$26.10 (cap $90.00)	0.2000	0.2035	0.2085	0.2231	0.2466	0.2632	0.3270	-0.0861	-0.0081	0.0401	0.0844	0.1323	0.1709	0.1974	0.4777	0.5311	0.5507	0.5755	0.5999	0.6192	0.7077
120	120	60	300	0.50	direct	anytime	0.70	0.40	0.35	0.30	real effect	2000	fn_passes_fp_fails	138	0.06900000	0.00566741	297.474	$24.69-$25.88	$24.90-$26.10 (cap $90.00)	-0.0357	0.0642	0.0941	0.1358	0.1640	0.1817	0.1956	0.2010	0.2064	0.2148	0.2301	0.2547	0.2823	0.4199	0.3038	0.4190	0.4466	0.4943	0.5191	0.5560	0.6267
120	120	60	300	0.50	direct	anytime	0.70	0.40	0.35	0.30	real effect	2000	neither_passes	1689	0.84450000	0.00810308	297.474	$24.69-$25.88	$24.90-$26.10 (cap $90.00)	-0.1351	0.0074	0.0539	0.0960	0.1362	0.1663	0.2000	-0.3409	-0.0557	0.0113	0.0697	0.1206	0.1648	0.2000	0.2424	0.3754	0.4168	0.4630	0.4998	0.5338	0.6062
120	120	60	300	0.50	direct	anytime	0.70	0.40	0.35	0.30	real effect	2000	both_pass	0	0.00000000	0.00000000	297.474	$24.69-$25.88	$24.90-$26.10 (cap $90.00)	NA	NA	NA	NA	NA	NA	NA	NA	NA	NA	NA	NA	NA	NA	NA	NA	NA	NA	NA	NA	NA
100	100	100	300	1.00	union	anytime	0.70	0.40	0.35	0.30	real effect	2000	fp_passes_fn_fails	115	0.05750000	0.00520547	299.667	$24.87-$26.07	$24.90-$26.10 (cap $90.00)	0.2007	0.2036	0.2103	0.2214	0.2423	0.2638	0.3312	-0.0896	-0.0069	0.0414	0.0872	0.1278	0.1668	0.1856	0.5086	0.5529	0.5809	0.6025	0.6309	0.6537	0.7150
100	100	100	300	1.00	union	anytime	0.70	0.40	0.35	0.30	real effect	2000	fn_passes_fp_fails	20	0.01000000	0.00222486	299.667	$24.87-$26.07	$24.90-$26.10 (cap $90.00)	0.0671	0.0947	0.1029	0.1339	0.1600	0.1667	0.1869	0.2009	0.2018	0.2039	0.2250	0.2394	0.2463	0.2741	0.4410	0.4619	0.4772	0.5136	0.5623	0.5891	0.6214
100	100	100	300	1.00	union	anytime	0.70	0.40	0.35	0.30	real effect	2000	neither_passes	1857	0.92850000	0.00576141	299.667	$24.87-$26.07	$24.90-$26.10 (cap $90.00)	-0.1823	-0.0133	0.0358	0.0842	0.1297	0.1655	0.2000	-0.2840	-0.0915	-0.0424	0.0145	0.0644	0.1065	0.1947	0.2525	0.3863	0.4290	0.4779	0.5221	0.5570	0.6690
100	100	100	300	1.00	union	anytime	0.70	0.40	0.35	0.30	real effect	2000	both_pass	0	0.00000000	0.00000000	299.667	$24.87-$26.07	$24.90-$26.10 (cap $90.00)	NA	NA	NA	NA	NA	NA	NA	NA	NA	NA	NA	NA	NA	NA	NA	NA	NA	NA	NA	NA	NA
100	100	100	300	1.00	direct	anytime	0.70	0.40	0.35	0.30	real effect	2000	fp_passes_fn_fails	50	0.02500000	0.00349106	295.498	$24.53-$25.71	$24.90-$26.10 (cap $90.00)	0.2010	0.2047	0.2084	0.2170	0.2327	0.2588	0.3312	0.0330	0.0823	0.1252	0.1570	0.1811	0.1880	0.1966	0.5086	0.5518	0.5834	0.6057	0.6369	0.6545	0.7150
100	100	100	300	1.00	direct	anytime	0.70	0.40	0.35	0.30	real effect	2000	fn_passes_fp_fails	361	0.18050000	0.00859999	295.498	$24.53-$25.71	$24.90-$26.10 (cap $90.00)	-0.0905	0.0485	0.0859	0.1219	0.1550	0.1767	0.1992	0.2000	0.2048	0.2127	0.2299	0.2530	0.2888	0.3534	0.3268	0.4381	0.4679	0.5075	0.5391	0.5663	0.6690
100	100	100	300	1.00	direct	anytime	0.70	0.40	0.35	0.30	real effect	2000	neither_passes	1490	0.74500000	0.00974615	295.498	$24.53-$25.71	$24.90-$26.10 (cap $90.00)	-0.1823	-0.0208	0.0237	0.0736	0.1180	0.1548	0.2000	-0.1502	0.0278	0.0729	0.1187	0.1587	0.1814	0.1999	0.2525	0.3789	0.4221	0.4683	0.5124	0.5511	0.6575
100	100	100	300	1.00	direct	anytime	0.70	0.40	0.35	0.30	real effect	2000	both_pass	0	0.00000000	0.00000000	295.498	$24.53-$25.71	$24.90-$26.10 (cap $90.00)	NA	NA	NA	NA	NA	NA	NA	NA	NA	NA	NA	NA	NA	NA	NA	NA	NA	NA	NA	NA	NA
75	75	150	300	2.00	union	anytime	0.70	0.40	0.35	0.30	real effect	2000	fp_passes_fn_fails	86	0.04300000	0.00453602	299.040	$24.82-$26.02	$24.90-$26.10 (cap $90.00)	0.2004	0.2022	0.2066	0.2254	0.2429	0.2580	0.3011	-0.0374	0.0262	0.0721	0.1104	0.1511	0.1685	0.1970	0.5242	0.6020	0.6178	0.6397	0.6602	0.7060	0.7577
75	75	150	300	2.00	union	anytime	0.70	0.40	0.35	0.30	real effect	2000	fn_passes_fp_fails	10	0.00500000	0.00157718	299.040	$24.82-$26.02	$24.90-$26.10 (cap $90.00)	0.0847	0.0877	0.0917	0.0983	0.1531	0.1626	0.1640	0.2030	0.2081	0.2115	0.2209	0.2365	0.2544	0.2940	0.4659	0.4760	0.4901	0.5278	0.5351	0.5877	0.5963
75	75	150	300	2.00	union	anytime	0.70	0.40	0.35	0.30	real effect	2000	neither_passes	1881	0.94050000	0.00528960	299.040	$24.82-$26.02	$24.90-$26.10 (cap $90.00)	-0.2562	-0.0558	-0.0031	0.0529	0.1047	0.1509	0.1990	-0.3213	-0.0844	-0.0367	0.0171	0.0644	0.1118	0.1994	0.2371	0.3967	0.4454	0.4983	0.5549	0.5971	0.7211
75	75	150	300	2.00	union	anytime	0.70	0.40	0.35	0.30	real effect	2000	both_pass	0	0.00000000	0.00000000	299.040	$24.82-$26.02	$24.90-$26.10 (cap $90.00)	NA	NA	NA	NA	NA	NA	NA	NA	NA	NA	NA	NA	NA	NA	NA	NA	NA	NA	NA	NA	NA
75	75	150	300	2.00	direct	anytime	0.70	0.40	0.35	0.30	real effect	2000	fp_passes_fn_fails	22	0.01100000	0.00233227	295.388	$24.52-$25.70	$24.90-$26.10 (cap $90.00)	0.2009	0.2024	0.2086	0.2248	0.2466	0.2593	0.2759	0.0804	0.1056	0.1421	0.1578	0.1784	0.1885	0.1942	0.5874	0.6025	0.6154	0.6400	0.6598	0.6916	0.7577
75	75	150	300	2.00	direct	anytime	0.70	0.40	0.35	0.30	real effect	2000	fn_passes_fp_fails	309	0.15450000	0.00808176	295.388	$24.52-$25.70	$24.90-$26.10 (cap $90.00)	-0.0692	0.0393	0.0679	0.1064	0.1436	0.1703	0.1982	0.2004	0.2053	0.2113	0.2254	0.2459	0.2713	0.3688	0.3790	0.4688	0.5038	0.5484	0.5875	0.6231	0.6845
75	75	150	300	2.00	direct	anytime	0.70	0.40	0.35	0.30	real effect	2000	neither_passes	1561	0.78050000	0.00925526	295.388	$24.52-$25.70	$24.90-$26.10 (cap $90.00)	-0.2562	-0.0675	-0.0103	0.0397	0.0902	0.1337	0.1990	-0.2233	0.0350	0.0773	0.1197	0.1550	0.1791	0.2000	0.2371	0.3890	0.4372	0.4870	0.5426	0.5851	0.7211
75	75	150	300	2.00	direct	anytime	0.70	0.40	0.35	0.30	real effect	2000	both_pass	0	0.00000000	0.00000000	295.388	$24.52-$25.70	$24.90-$26.10 (cap $90.00)	NA	NA	NA	NA	NA	NA	NA	NA	NA	NA	NA	NA	NA	NA	NA	NA	NA	NA	NA	NA	NA
480	480	240	1200	0.50	union	anytime	0.70	0.40	0.35	0.30	real effect	2000	fp_passes_fn_fails	648	0.32400000	0.01046480	1149.511	$95.41-$100.01	$99.60-$104.40 (cap $360.00)	0.2001	0.2043	0.2104	0.2230	0.2401	0.2586	0.3102	0.0110	0.1047	0.1303	0.1541	0.1741	0.1855	0.1986	0.3716	0.3991	0.4115	0.4270	0.4466	0.4638	0.5246
480	480	240	1200	0.50	union	anytime	0.70	0.40	0.35	0.30	real effect	2000	fn_passes_fp_fails	78	0.03900000	0.00432891	1149.511	$95.41-$100.01	$99.60-$104.40 (cap $360.00)	0.1130	0.1447	0.1617	0.1792	0.1899	0.1943	0.1974	0.2004	0.2029	0.2074	0.2153	0.2236	0.2358	0.3024	0.3128	0.3445	0.3616	0.3813	0.3934	0.4053	0.4196
480	480	240	1200	0.50	union	anytime	0.70	0.40	0.35	0.30	real effect	2000	neither_passes	1009	0.50450000	0.01117989	1149.511	$95.41-$100.01	$99.60-$104.40 (cap $360.00)	0.0678	0.1277	0.1511	0.1696	0.1860	0.1941	0.2000	-0.0330	0.0777	0.1029	0.1315	0.1581	0.1787	0.1995	0.2701	0.3293	0.3516	0.3737	0.3907	0.4052	0.4543
480	480	240	1200	0.50	union	anytime	0.70	0.40	0.35	0.30	real effect	2000	both_pass	0	0.00000000	0.00000000	1149.511	$95.41-$100.01	$99.60-$104.40 (cap $360.00)	NA	NA	NA	NA	NA	NA	NA	NA	NA	NA	NA	NA	NA	NA	NA	NA	NA	NA	NA	NA	NA
480	480	240	1200	0.50	direct	anytime	0.70	0.40	0.35	0.30	real effect	2000	fp_passes_fn_fails	215	0.10750000	0.00692617	1027.208	$85.26-$89.37	$99.60-$104.40 (cap $360.00)	0.2001	0.2035	0.2104	0.2216	0.2370	0.2581	0.2904	0.0661	0.1274	0.1527	0.1721	0.1859	0.1930	0.1999	0.3716	0.3976	0.4119	0.4250	0.4414	0.4630	0.5246
480	480	240	1200	0.50	direct	anytime	0.70	0.40	0.35	0.30	real effect	2000	fn_passes_fp_fails	497	0.24850000	0.00966302	1027.208	$85.26-$89.37	$99.60-$104.40 (cap $360.00)	0.0857	0.1347	0.1572	0.1745	0.1865	0.1934	0.1989	0.2000	0.2073	0.2162	0.2330	0.2537	0.2786	0.3970	0.2754	0.3347	0.3582	0.3769	0.3921	0.4058	0.4450
480	480	240	1200	0.50	direct	anytime	0.70	0.40	0.35	0.30	real effect	2000	neither_passes	563	0.28150000	0.01005629	1027.208	$85.26-$89.37	$99.60-$104.40 (cap $360.00)	0.0678	0.1251	0.1444	0.1638	0.1830	0.1936	0.1999	0.0346	0.1201	0.1438	0.1673	0.1835	0.1931	0.1997	0.2701	0.3263	0.3462	0.3688	0.3881	0.4022	0.4543
480	480	240	1200	0.50	direct	anytime	0.70	0.40	0.35	0.30	real effect	2000	both_pass	0	0.00000000	0.00000000	1027.208	$85.26-$89.37	$99.60-$104.40 (cap $360.00)	NA	NA	NA	NA	NA	NA	NA	NA	NA	NA	NA	NA	NA	NA	NA	NA	NA	NA	NA	NA	NA
400	400	400	1200	1.00	union	anytime	0.70	0.40	0.35	0.30	real effect	2000	fp_passes_fn_fails	434	0.21700000	0.00921713	1139.358	$94.57-$99.12	$99.60-$104.40 (cap $360.00)	0.2004	0.2035	0.2099	0.2209	0.2363	0.2538	0.3312	0.0703	0.1227	0.1447	0.1646	0.1820	0.1900	0.1991	0.3849	0.4104	0.4234	0.4403	0.4563	0.4761	0.5530
400	400	400	1200	1.00	union	anytime	0.70	0.40	0.35	0.30	real effect	2000	fn_passes_fp_fails	142	0.07100000	0.00574278	1139.358	$94.57-$99.12	$99.60-$104.40 (cap $360.00)	0.0898	0.1391	0.1630	0.1784	0.1888	0.1941	0.1996	0.2001	0.2028	0.2081	0.2150	0.2297	0.2443	0.2721	0.3084	0.3552	0.3794	0.3939	0.4116	0.4268	0.4507
400	400	400	1200	1.00	union	anytime	0.70	0.40	0.35	0.30	real effect	2000	neither_passes	1083	0.54150000	0.01114176	1139.358	$94.57-$99.12	$99.60-$104.40 (cap $360.00)	0.0550	0.1200	0.1421	0.1638	0.1821	0.1915	0.1999	0.0052	0.0983	0.1196	0.1462	0.1701	0.1856	0.1998	0.2730	0.3382	0.3603	0.3825	0.4019	0.4169	0.4660
400	400	400	1200	1.00	union	anytime	0.70	0.40	0.35	0.30	real effect	2000	both_pass	0	0.00000000	0.00000000	1139.358	$94.57-$99.12	$99.60-$104.40 (cap $360.00)	NA	NA	NA	NA	NA	NA	NA	NA	NA	NA	NA	NA	NA	NA	NA	NA	NA	NA	NA	NA	NA
400	400	400	1200	1.00	direct	anytime	0.70	0.40	0.35	0.30	real effect	2000	fp_passes_fn_fails	36	0.01800000	0.00297288	995.499	$82.63-$86.61	$99.60-$104.40 (cap $360.00)	0.2005	0.2024	0.2058	0.2112	0.2282	0.2478	0.2601	0.1538	0.1599	0.1754	0.1880	0.1945	0.1968	0.1998	0.3920	0.4097	0.4168	0.4344	0.4569	0.4671	0.4850
400	400	400	1200	1.00	direct	anytime	0.70	0.40	0.35	0.30	real effect	2000	fn_passes_fp_fails	867	0.43350000	0.01108101	995.499	$82.63-$86.61	$99.60-$104.40 (cap $360.00)	0.0726	0.1267	0.1477	0.1686	0.1829	0.1914	0.1996	0.2000	0.2069	0.2187	0.2383	0.2592	0.2816	0.3409	0.2922	0.3469	0.3657	0.3871	0.4038	0.4189	0.4532
400	400	400	1200	1.00	direct	anytime	0.70	0.40	0.35	0.30	real effect	2000	neither_passes	317	0.15850000	0.00816633	995.499	$82.63-$86.61	$99.60-$104.40 (cap $360.00)	0.0550	0.1094	0.1307	0.1522	0.1730	0.1859	0.1999	0.0903	0.1525	0.1686	0.1849	0.1925	0.1965	0.1999	0.2730	0.3245	0.3480	0.3721	0.3947	0.4106	0.4415
400	400	400	1200	1.00	direct	anytime	0.70	0.40	0.35	0.30	real effect	2000	both_pass	0	0.00000000	0.00000000	995.499	$82.63-$86.61	$99.60-$104.40 (cap $360.00)	NA	NA	NA	NA	NA	NA	NA	NA	NA	NA	NA	NA	NA	NA	NA	NA	NA	NA	NA	NA	NA
300	300	600	1200	2.00	union	anytime	0.70	0.40	0.35	0.30	real effect	2000	fp_passes_fn_fails	290	0.14500000	0.00787321	1142.754	$94.85-$99.42	$99.60-$104.40 (cap $360.00)	0.2000	0.2025	0.2082	0.2197	0.2333	0.2535	0.2786	0.1030	0.1376	0.1551	0.1711	0.1862	0.1927	0.1984	0.4064	0.4297	0.4477	0.4662	0.4842	0.4987	0.5442
300	300	600	1200	2.00	union	anytime	0.70	0.40	0.35	0.30	real effect	2000	fn_passes_fp_fails	211	0.10550000	0.00686912	1142.754	$94.85-$99.42	$99.60-$104.40 (cap $360.00)	0.0958	0.1424	0.1569	0.1724	0.1874	0.1931	0.1993	0.2000	0.2025	0.2070	0.2132	0.2256	0.2411	0.2773	0.3336	0.3817	0.3993	0.4157	0.4354	0.4492	0.4755
300	300	600	1200	2.00	union	anytime	0.70	0.40	0.35	0.30	real effect	2000	neither_passes	1182	0.59100000	0.01099361	1142.754	$94.85-$99.42	$99.60-$104.40 (cap $360.00)	0.0325	0.0984	0.1252	0.1523	0.1750	0.1892	0.1998	0.0132	0.1060	0.1273	0.1509	0.1715	0.1861	0.1998	0.2787	0.3461	0.3698	0.3988	0.4233	0.4420	0.5092
300	300	600	1200	2.00	union	anytime	0.70	0.40	0.35	0.30	real effect	2000	both_pass	0	0.00000000	0.00000000	1142.754	$94.85-$99.42	$99.60-$104.40 (cap $360.00)	NA	NA	NA	NA	NA	NA	NA	NA	NA	NA	NA	NA	NA	NA	NA	NA	NA	NA	NA	NA	NA
300	300	600	1200	2.00	direct	anytime	0.70	0.40	0.35	0.30	real effect	2000	fp_passes_fn_fails	10	0.00500000	0.00157718	1024.750	$85.05-$89.15	$99.60-$104.40 (cap $360.00)	0.2013	0.2019	0.2060	0.2182	0.2224	0.2325	0.2578	0.1749	0.1811	0.1831	0.1850	0.1943	0.1968	0.1971	0.4207	0.4208	0.4320	0.4622	0.4658	0.4918	0.5253
300	300	600	1200	2.00	direct	anytime	0.70	0.40	0.35	0.30	real effect	2000	fn_passes_fp_fails	1101	0.55050000	0.01112317	1024.750	$85.05-$89.15	$99.60-$104.40 (cap $360.00)	0.0326	0.1117	0.1361	0.1584	0.1769	0.1889	0.1993	0.2000	0.2099	0.2217	0.2411	0.2605	0.2804	0.3343	0.2787	0.3543	0.3788	0.4031	0.4256	0.4433	0.5092
300	300	600	1200	2.00	direct	anytime	0.70	0.40	0.35	0.30	real effect	2000	neither_passes	225	0.11250000	0.00706554	1024.750	$85.05-$89.15	$99.60-$104.40 (cap $360.00)	0.0325	0.0792	0.0991	0.1236	0.1516	0.1756	0.1994	0.0960	0.1594	0.1722	0.1852	0.1933	0.1974	0.1999	0.2799	0.3216	0.3525	0.3747	0.4062	0.4287	0.4552
300	300	600	1200	2.00	direct	anytime	0.70	0.40	0.35	0.30	real effect	2000	both_pass	0	0.00000000	0.00000000	1024.750	$85.05-$89.15	$99.60-$104.40 (cap $360.00)	NA	NA	NA	NA	NA	NA	NA	NA	NA	NA	NA	NA	NA	NA	NA	NA	NA	NA	NA	NA	NA
120	120	60	300	0.50	union	anytime	0.80	0.40	0.35	0.40	real effect	2000	fp_passes_fn_fails	1009	0.50450000	0.01117989	291.281	$24.18-$25.34	$24.90-$26.10 (cap $90.00)	0.2002	0.2098	0.2240	0.2486	0.2781	0.3140	0.4309	-0.1184	0.0069	0.0577	0.1033	0.1423	0.1696	0.1977	0.4588	0.5379	0.5611	0.5908	0.6238	0.6545	0.7617
120	120	60	300	0.50	union	anytime	0.80	0.40	0.35	0.40	real effect	2000	fn_passes_fp_fails	32	0.01600000	0.00280571	291.281	$24.18-$25.34	$24.90-$26.10 (cap $90.00)	0.0891	0.1199	0.1415	0.1618	0.1862	0.1935	0.1996	0.2003	0.2048	0.2165	0.2347	0.2642	0.2830	0.3168	0.4172	0.4622	0.4942	0.5127	0.5347	0.5626	0.5999
120	120	60	300	0.50	union	anytime	0.80	0.40	0.35	0.40	real effect	2000	neither_passes	734	0.36700000	0.01077755	291.281	$24.18-$25.34	$24.90-$26.10 (cap $90.00)	-0.0360	0.1040	0.1347	0.1635	0.1824	0.1939	0.2000	-0.1666	-0.0342	0.0124	0.0668	0.1201	0.1564	0.1997	0.3370	0.4463	0.4767	0.5092	0.5361	0.5605	0.6521
120	120	60	300	0.50	union	anytime	0.80	0.40	0.35	0.40	real effect	2000	both_pass	0	0.00000000	0.00000000	291.281	$24.18-$25.34	$24.90-$26.10 (cap $90.00)	NA	NA	NA	NA	NA	NA	NA	NA	NA	NA	NA	NA	NA	NA	NA	NA	NA	NA	NA	NA	NA
120	120	60	300	0.50	direct	anytime	0.80	0.40	0.35	0.40	real effect	2000	fp_passes_fn_fails	509	0.25450000	0.00973986	267.632	$22.21-$23.28	$24.90-$26.10 (cap $90.00)	0.2003	0.2079	0.2185	0.2425	0.2713	0.3009	0.3947	-0.0919	0.0495	0.1020	0.1368	0.1647	0.1815	0.1994	0.4588	0.5356	0.5598	0.5871	0.6199	0.6484	0.7293
120	120	60	300	0.50	direct	anytime	0.80	0.40	0.35	0.40	real effect	2000	fn_passes_fp_fails	228	0.11400000	0.00710648	267.632	$22.21-$23.28	$24.90-$26.10 (cap $90.00)	0.0305	0.1108	0.1395	0.1620	0.1798	0.1908	0.1996	0.2009	0.2094	0.2235	0.2461	0.2807	0.3097	0.4272	0.3786	0.4566	0.4736	0.5044	0.5321	0.5571	0.6249
120	120	60	300	0.50	direct	anytime	0.80	0.40	0.35	0.40	real effect	2000	neither_passes	506	0.25300000	0.00972088	267.632	$22.21-$23.28	$24.90-$26.10 (cap $90.00)	-0.0360	0.0979	0.1317	0.1615	0.1808	0.1928	0.2000	-0.1962	0.0237	0.0748	0.1255	0.1623	0.1850	0.1999	0.3370	0.4427	0.4766	0.5096	0.5367	0.5596	0.6215
120	120	60	300	0.50	direct	anytime	0.80	0.40	0.35	0.40	real effect	2000	both_pass	0	0.00000000	0.00000000	267.632	$22.21-$23.28	$24.90-$26.10 (cap $90.00)	NA	NA	NA	NA	NA	NA	NA	NA	NA	NA	NA	NA	NA	NA	NA	NA	NA	NA	NA	NA	NA
100	100	100	300	1.00	union	anytime	0.80	0.40	0.35	0.40	real effect	2000	fp_passes_fn_fails	693	0.34650000	0.01064044	286.207	$23.76-$24.90	$24.90-$26.10 (cap $90.00)	0.2001	0.2077	0.2201	0.2435	0.2764	0.3058	0.4141	-0.0463	0.0516	0.0953	0.1305	0.1619	0.1820	0.1999	0.4981	0.5603	0.5818	0.6118	0.6460	0.6765	0.7610
100	100	100	300	1.00	union	anytime	0.80	0.40	0.35	0.40	real effect	2000	fn_passes_fp_fails	74	0.03700000	0.00422084	286.207	$23.76-$24.90	$24.90-$26.10 (cap $90.00)	0.0542	0.1178	0.1466	0.1642	0.1806	0.1927	0.1993	0.2005	0.2041	0.2095	0.2227	0.2361	0.2631	0.3174	0.3569	0.4794	0.5078	0.5412	0.5754	0.5919	0.6480
100	100	100	300	1.00	union	anytime	0.80	0.40	0.35	0.40	real effect	2000	neither_passes	892	0.44600000	0.01111494	286.207	$23.76-$24.90	$24.90-$26.10 (cap $90.00)	-0.0855	0.0772	0.1199	0.1502	0.1747	0.1909	0.1999	-0.1148	0.0177	0.0542	0.0998	0.1418	0.1729	0.1998	0.3269	0.4591	0.4912	0.5281	0.5589	0.5824	0.6671
100	100	100	300	1.00	union	anytime	0.80	0.40	0.35	0.40	real effect	2000	both_pass	0	0.00000000	0.00000000	286.207	$23.76-$24.90	$24.90-$26.10 (cap $90.00)	NA	NA	NA	NA	NA	NA	NA	NA	NA	NA	NA	NA	NA	NA	NA	NA	NA	NA	NA	NA	NA
100	100	100	300	1.00	direct	anytime	0.80	0.40	0.35	0.40	real effect	2000	fp_passes_fn_fails	112	0.05600000	0.00514121	247.641	$20.55-$21.54	$24.90-$26.10 (cap $90.00)	0.2003	0.2046	0.2111	0.2271	0.2538	0.2819	0.3187	0.0538	0.1174	0.1475	0.1667	0.1824	0.1886	0.1988	0.5037	0.5494	0.5719	0.6010	0.6252	0.6614	0.7223
100	100	100	300	1.00	direct	anytime	0.80	0.40	0.35	0.40	real effect	2000	fn_passes_fp_fails	585	0.29250000	0.01017211	247.641	$20.55-$21.54	$24.90-$26.10 (cap $90.00)	-0.0222	0.0914	0.1252	0.1516	0.1741	0.1891	0.1999	0.2003	0.2098	0.2250	0.2563	0.2898	0.3204	0.4092	0.3569	0.4620	0.4945	0.5296	0.5603	0.5861	0.6480
100	100	100	300	1.00	direct	anytime	0.80	0.40	0.35	0.40	real effect	2000	neither_passes	323	0.16150000	0.00822854	247.641	$20.55-$21.54	$24.90-$26.10 (cap $90.00)	-0.0855	0.0678	0.1068	0.1399	0.1677	0.1840	0.1997	-0.0161	0.1126	0.1384	0.1668	0.1823	0.1940	0.1999	0.3269	0.4476	0.4803	0.5169	0.5514	0.5777	0.6671
100	100	100	300	1.00	direct	anytime	0.80	0.40	0.35	0.40	real effect	2000	both_pass	0	0.00000000	0.00000000	247.641	$20.55-$21.54	$24.90-$26.10 (cap $90.00)	NA	NA	NA	NA	NA	NA	NA	NA	NA	NA	NA	NA	NA	NA	NA	NA	NA	NA	NA	NA	NA
75	75	150	300	2.00	union	anytime	0.80	0.40	0.35	0.40	real effect	2000	fp_passes_fn_fails	384	0.19200000	0.00880727	286.304	$23.76-$24.91	$24.90-$26.10 (cap $90.00)	0.2000	0.2066	0.2179	0.2406	0.2670	0.2957	0.3973	-0.0389	0.0677	0.1050	0.1404	0.1709	0.1854	0.2000	0.5264	0.6013	0.6293	0.6579	0.6831	0.7076	0.7969
75	75	150	300	2.00	union	anytime	0.80	0.40	0.35	0.40	real effect	2000	fn_passes_fp_fails	145	0.07250000	0.00579844	286.304	$23.76-$24.91	$24.90-$26.10 (cap $90.00)	0.0370	0.1011	0.1314	0.1603	0.1831	0.1938	0.1996	0.2000	0.2034	0.2113	0.2249	0.2414	0.2600	0.3130	0.4609	0.5111	0.5335	0.5637	0.6055	0.6480	0.6913
75	75	150	300	2.00	union	anytime	0.80	0.40	0.35	0.40	real effect	2000	neither_passes	1129	0.56450000	0.01108692	286.304	$23.76-$24.91	$24.90-$26.10 (cap $90.00)	-0.1434	0.0446	0.0866	0.1286	0.1623	0.1844	0.1999	-0.1106	0.0188	0.0608	0.1085	0.1483	0.1714	0.1997	0.3466	0.4730	0.5149	0.5586	0.5962	0.6290	0.7149
75	75	150	300	2.00	union	anytime	0.80	0.40	0.35	0.40	real effect	2000	both_pass	0	0.00000000	0.00000000	286.304	$23.76-$24.91	$24.90-$26.10 (cap $90.00)	NA	NA	NA	NA	NA	NA	NA	NA	NA	NA	NA	NA	NA	NA	NA	NA	NA	NA	NA	NA	NA
75	75	150	300	2.00	direct	anytime	0.80	0.40	0.35	0.40	real effect	2000	fp_passes_fn_fails	51	0.02550000	0.00352489	264.896	$21.99-$23.05	$24.90-$26.10 (cap $90.00)	0.2010	0.2064	0.2119	0.2289	0.2515	0.2880	0.3245	0.0964	0.1359	0.1622	0.1712	0.1848	0.1950	0.1993	0.5825	0.6053	0.6333	0.6580	0.6892	0.7266	0.7776
75	75	150	300	2.00	direct	anytime	0.80	0.40	0.35	0.40	real effect	2000	fn_passes_fp_fails	789	0.39450000	0.01092863	264.896	$21.99-$23.05	$24.90-$26.10 (cap $90.00)	-0.0546	0.0651	0.1025	0.1397	0.1678	0.1845	0.1999	0.2001	0.2126	0.2310	0.2549	0.2893	0.3185	0.4103	0.3803	0.4949	0.5254	0.5609	0.5963	0.6311	0.6972
75	75	150	300	2.00	direct	anytime	0.80	0.40	0.35	0.40	real effect	2000	neither_passes	413	0.20650000	0.00905146	264.896	$21.99-$23.05	$24.90-$26.10 (cap $90.00)	-0.1434	0.0123	0.0640	0.1078	0.1424	0.1660	0.1990	0.0217	0.1086	0.1438	0.1689	0.1846	0.1934	0.2000	0.3466	0.4522	0.4921	0.5393	0.5827	0.6150	0.7149
75	75	150	300	2.00	direct	anytime	0.80	0.40	0.35	0.40	real effect	2000	both_pass	0	0.00000000	0.00000000	264.896	$21.99-$23.05	$24.90-$26.10 (cap $90.00)	NA	NA	NA	NA	NA	NA	NA	NA	NA	NA	NA	NA	NA	NA	NA	NA	NA	NA	NA	NA	NA
480	480	240	1200	0.50	union	anytime	0.80	0.40	0.35	0.40	real effect	2000	fp_passes_fn_fails	168	0.08400000	0.00620258	655.523	$54.41-$57.03	$99.60-$104.40 (cap $360.00)	0.2072	0.2330	0.2548	0.2799	0.3030	0.3241	0.3704	0.1157	0.1531	0.1712	0.1835	0.1908	0.1948	0.1998	0.3850	0.4202	0.4468	0.4722	0.4944	0.5132	0.5677
480	480	240	1200	0.50	union	anytime	0.80	0.40	0.35	0.40	real effect	2000	fn_passes_fp_fails	0	0.00000000	0.00000000	655.523	$54.41-$57.03	$99.60-$104.40 (cap $360.00)	NA	NA	NA	NA	NA	NA	NA	NA	NA	NA	NA	NA	NA	NA	NA	NA	NA	NA	NA	NA	NA
480	480	240	1200	0.50	union	anytime	0.80	0.40	0.35	0.40	real effect	2000	neither_passes	4	0.00200000	0.00099900	655.523	$54.41-$57.03	$99.60-$104.40 (cap $360.00)	0.1905	0.1918	0.1937	0.1949	0.1963	0.1985	0.2000	0.1530	0.1593	0.1688	0.1810	0.1892	0.1914	0.1928	0.3700	0.3758	0.3846	0.3906	0.3971	0.4067	0.4131
480	480	240	1200	0.50	union	anytime	0.80	0.40	0.35	0.40	real effect	2000	both_pass	0	0.00000000	0.00000000	655.523	$54.41-$57.03	$99.60-$104.40 (cap $360.00)	NA	NA	NA	NA	NA	NA	NA	NA	NA	NA	NA	NA	NA	NA	NA	NA	NA	NA	NA	NA	NA
480	480	240	1200	0.50	direct	anytime	0.80	0.40	0.35	0.40	real effect	2000	fp_passes_fn_fails	12	0.00600000	0.00172685	418.715	$34.75-$36.43	$99.60-$104.40 (cap $360.00)	0.2340	0.2364	0.2520	0.2760	0.3223	0.3243	0.3286	0.1370	0.1479	0.1624	0.1854	0.1930	0.1979	0.1991	0.4104	0.4227	0.4471	0.4709	0.5092	0.5198	0.5631
480	480	240	1200	0.50	direct	anytime	0.80	0.40	0.35	0.40	real effect	2000	fn_passes_fp_fails	3	0.00150000	0.00086538	418.715	$34.75-$36.43	$99.60-$104.40 (cap $360.00)	0.1905	0.1913	0.1926	0.1947	0.1949	0.1950	0.1951	0.2490	0.2546	0.2630	0.2770	0.2910	0.2994	0.3050	0.3894	0.3899	0.3906	0.3918	0.4024	0.4088	0.4131
480	480	240	1200	0.50	direct	anytime	0.80	0.40	0.35	0.40	real effect	2000	neither_passes	0	0.00000000	0.00000000	418.715	$34.75-$36.43	$99.60-$104.40 (cap $360.00)	NA	NA	NA	NA	NA	NA	NA	NA	NA	NA	NA	NA	NA	NA	NA	NA	NA	NA	NA	NA	NA
480	480	240	1200	0.50	direct	anytime	0.80	0.40	0.35	0.40	real effect	2000	both_pass	0	0.00000000	0.00000000	418.715	$34.75-$36.43	$99.60-$104.40 (cap $360.00)	NA	NA	NA	NA	NA	NA	NA	NA	NA	NA	NA	NA	NA	NA	NA	NA	NA	NA	NA	NA	NA
400	400	400	1200	1.00	union	anytime	0.80	0.40	0.35	0.40	real effect	2000	fp_passes_fn_fails	51	0.02550000	0.00352489	567.529	$47.10-$49.38	$99.60-$104.40 (cap $360.00)	0.2033	0.2201	0.2371	0.2570	0.2787	0.2985	0.3273	0.1411	0.1652	0.1758	0.1881	0.1950	0.1984	0.1995	0.4017	0.4130	0.4354	0.4551	0.4934	0.5070	0.5312
400	400	400	1200	1.00	union	anytime	0.80	0.40	0.35	0.40	real effect	2000	fn_passes_fp_fails	13	0.00650000	0.00179691	567.529	$47.10-$49.38	$99.60-$104.40 (cap $360.00)	0.1732	0.1843	0.1881	0.1889	0.1927	0.1937	0.1990	0.2131	0.2178	0.2332	0.2398	0.2504	0.2555	0.2621	0.3773	0.3827	0.3863	0.3983	0.4067	0.4255	0.4263
400	400	400	1200	1.00	union	anytime	0.80	0.40	0.35	0.40	real effect	2000	neither_passes	6	0.00300000	0.00122291	567.529	$47.10-$49.38	$99.60-$104.40 (cap $360.00)	0.1468	0.1543	0.1635	0.1708	0.1895	0.1972	0.1994	0.1666	0.1671	0.1686	0.1752	0.1845	0.1916	0.1970	0.3662	0.3714	0.3778	0.3833	0.3901	0.4079	0.4240
400	400	400	1200	1.00	union	anytime	0.80	0.40	0.35	0.40	real effect	2000	both_pass	0	0.00000000	0.00000000	567.529	$47.10-$49.38	$99.60-$104.40 (cap $360.00)	NA	NA	NA	NA	NA	NA	NA	NA	NA	NA	NA	NA	NA	NA	NA	NA	NA	NA	NA	NA	NA
400	400	400	1200	1.00	direct	anytime	0.80	0.40	0.35	0.40	real effect	2000	fp_passes_fn_fails	0	0.00000000	0.00000000	367.614	$30.51-$31.98	$99.60-$104.40 (cap $360.00)	NA	NA	NA	NA	NA	NA	NA	NA	NA	NA	NA	NA	NA	NA	NA	NA	NA	NA	NA	NA	NA
400	400	400	1200	1.00	direct	anytime	0.80	0.40	0.35	0.40	real effect	2000	fn_passes_fp_fails	19	0.00950000	0.00216907	367.614	$30.51-$31.98	$99.60-$104.40 (cap $360.00)	0.1468	0.1674	0.1785	0.1888	0.1929	0.1959	0.1994	0.2369	0.2537	0.2726	0.3011	0.3191	0.3320	0.3355	0.3662	0.3772	0.3835	0.3919	0.4064	0.4247	0.4263
400	400	400	1200	1.00	direct	anytime	0.80	0.40	0.35	0.40	real effect	2000	neither_passes	0	0.00000000	0.00000000	367.614	$30.51-$31.98	$99.60-$104.40 (cap $360.00)	NA	NA	NA	NA	NA	NA	NA	NA	NA	NA	NA	NA	NA	NA	NA	NA	NA	NA	NA	NA	NA
400	400	400	1200	1.00	direct	anytime	0.80	0.40	0.35	0.40	real effect	2000	both_pass	0	0.00000000	0.00000000	367.614	$30.51-$31.98	$99.60-$104.40 (cap $360.00)	NA	NA	NA	NA	NA	NA	NA	NA	NA	NA	NA	NA	NA	NA	NA	NA	NA	NA	NA	NA	NA
300	300	600	1200	2.00	union	anytime	0.80	0.40	0.35	0.40	real effect	2000	fp_passes_fn_fails	28	0.01400000	0.00262717	581.970	$48.30-$50.63	$99.60-$104.40 (cap $360.00)	0.2059	0.2123	0.2212	0.2333	0.2617	0.2807	0.3097	0.1578	0.1693	0.1822	0.1923	0.1965	0.1970	0.1983	0.4346	0.4495	0.4521	0.4628	0.4984	0.5215	0.5588
300	300	600	1200	2.00	union	anytime	0.80	0.40	0.35	0.40	real effect	2000	fn_passes_fp_fails	59	0.02950000	0.00378350	581.970	$48.30-$50.63	$99.60-$104.40 (cap $360.00)	0.1312	0.1643	0.1764	0.1848	0.1917	0.1973	0.1997	0.2010	0.2096	0.2279	0.2467	0.2658	0.2843	0.3175	0.3582	0.3931	0.4039	0.4274	0.4457	0.4574	0.4689
300	300	600	1200	2.00	union	anytime	0.80	0.40	0.35	0.40	real effect	2000	neither_passes	18	0.00900000	0.00211175	581.970	$48.30-$50.63	$99.60-$104.40 (cap $360.00)	0.1361	0.1394	0.1666	0.1882	0.1935	0.1953	0.1968	0.1415	0.1671	0.1747	0.1804	0.1867	0.1939	0.1966	0.3805	0.3910	0.4118	0.4227	0.4431	0.4577	0.4631
300	300	600	1200	2.00	union	anytime	0.80	0.40	0.35	0.40	real effect	2000	both_pass	0	0.00000000	0.00000000	581.970	$48.30-$50.63	$99.60-$104.40 (cap $360.00)	NA	NA	NA	NA	NA	NA	NA	NA	NA	NA	NA	NA	NA	NA	NA	NA	NA	NA	NA	NA	NA
300	300	600	1200	2.00	direct	anytime	0.80	0.40	0.35	0.40	real effect	2000	fp_passes_fn_fails	0	0.00000000	0.00000000	453.616	$37.65-$39.46	$99.60-$104.40 (cap $360.00)	NA	NA	NA	NA	NA	NA	NA	NA	NA	NA	NA	NA	NA	NA	NA	NA	NA	NA	NA	NA	NA
300	300	600	1200	2.00	direct	anytime	0.80	0.40	0.35	0.40	real effect	2000	fn_passes_fp_fails	75	0.03750000	0.00424816	453.616	$37.65-$39.46	$99.60-$104.40 (cap $360.00)	0.1312	0.1623	0.1753	0.1848	0.1920	0.1967	0.1997	0.2345	0.2571	0.2846	0.3085	0.3276	0.3443	0.3781	0.3582	0.3919	0.4055	0.4255	0.4469	0.4578	0.4689
300	300	600	1200	2.00	direct	anytime	0.80	0.40	0.35	0.40	real effect	2000	neither_passes	0	0.00000000	0.00000000	453.616	$37.65-$39.46	$99.60-$104.40 (cap $360.00)	NA	NA	NA	NA	NA	NA	NA	NA	NA	NA	NA	NA	NA	NA	NA	NA	NA	NA	NA	NA	NA
300	300	600	1200	2.00	direct	anytime	0.80	0.40	0.35	0.40	real effect	2000	both_pass	0	0.00000000	0.00000000	453.616	$37.65-$39.46	$99.60-$104.40 (cap $360.00)	NA	NA	NA	NA	NA	NA	NA	NA	NA	NA	NA	NA	NA	NA	NA	NA	NA	NA	NA	NA	NA
120	120	60	300	0.50	union	anytime	0.40	0.40	0.40	0.00	no-lift	2000	fp_passes_fn_fails	0	0.00000000	0.00000000	188.740	$15.67-$16.42	$24.90-$26.10 (cap $90.00)	NA	NA	NA	NA	NA	NA	NA	NA	NA	NA	NA	NA	NA	NA	NA	NA	NA	NA	NA	NA	NA
120	120	60	300	0.50	union	anytime	0.40	0.40	0.40	0.00	no-lift	2000	fn_passes_fp_fails	0	0.00000000	0.00000000	188.740	$15.67-$16.42	$24.90-$26.10 (cap $90.00)	NA	NA	NA	NA	NA	NA	NA	NA	NA	NA	NA	NA	NA	NA	NA	NA	NA	NA	NA	NA	NA
120	120	60	300	0.50	union	anytime	0.40	0.40	0.40	0.00	no-lift	2000	neither_passes	673	0.33650000	0.01056569	188.740	$15.67-$16.42	$24.90-$26.10 (cap $90.00)	-0.2308	-0.1753	-0.1582	-0.1318	-0.0992	-0.0644	0.0160	-0.5901	-0.4304	-0.3834	-0.3238	-0.2718	-0.2200	-0.0390	0.2001	0.2116	0.2237	0.2454	0.2761	0.3109	0.4365
120	120	60	300	0.50	union	anytime	0.40	0.40	0.40	0.00	no-lift	2000	both_pass	0	0.00000000	0.00000000	188.740	$15.67-$16.42	$24.90-$26.10 (cap $90.00)	NA	NA	NA	NA	NA	NA	NA	NA	NA	NA	NA	NA	NA	NA	NA	NA	NA	NA	NA	NA	NA
120	120	60	300	0.50	direct	anytime	0.40	0.40	0.40	0.00	no-lift	2000	fp_passes_fn_fails	0	0.00000000	0.00000000	188.740	$15.67-$16.42	$24.90-$26.10 (cap $90.00)	NA	NA	NA	NA	NA	NA	NA	NA	NA	NA	NA	NA	NA	NA	NA	NA	NA	NA	NA	NA	NA
120	120	60	300	0.50	direct	anytime	0.40	0.40	0.40	0.00	no-lift	2000	fn_passes_fp_fails	0	0.00000000	0.00000000	188.740	$15.67-$16.42	$24.90-$26.10 (cap $90.00)	NA	NA	NA	NA	NA	NA	NA	NA	NA	NA	NA	NA	NA	NA	NA	NA	NA	NA	NA	NA	NA
120	120	60	300	0.50	direct	anytime	0.40	0.40	0.40	0.00	no-lift	2000	neither_passes	673	0.33650000	0.01056569	188.740	$15.67-$16.42	$24.90-$26.10 (cap $90.00)	-0.2308	-0.1753	-0.1582	-0.1318	-0.0992	-0.0644	0.0160	-0.5299	-0.3543	-0.2977	-0.2291	-0.1696	-0.1056	0.0433	0.2001	0.2116	0.2237	0.2454	0.2761	0.3109	0.4365
120	120	60	300	0.50	direct	anytime	0.40	0.40	0.40	0.00	no-lift	2000	both_pass	0	0.00000000	0.00000000	188.740	$15.67-$16.42	$24.90-$26.10 (cap $90.00)	NA	NA	NA	NA	NA	NA	NA	NA	NA	NA	NA	NA	NA	NA	NA	NA	NA	NA	NA	NA	NA
100	100	100	300	1.00	union	anytime	0.40	0.40	0.40	0.00	no-lift	2000	fp_passes_fn_fails	0	0.00000000	0.00000000	207.611	$17.23-$18.06	$24.90-$26.10 (cap $90.00)	NA	NA	NA	NA	NA	NA	NA	NA	NA	NA	NA	NA	NA	NA	NA	NA	NA	NA	NA	NA	NA
100	100	100	300	1.00	union	anytime	0.40	0.40	0.40	0.00	no-lift	2000	fn_passes_fp_fails	0	0.00000000	0.00000000	207.611	$17.23-$18.06	$24.90-$26.10 (cap $90.00)	NA	NA	NA	NA	NA	NA	NA	NA	NA	NA	NA	NA	NA	NA	NA	NA	NA	NA	NA	NA	NA
100	100	100	300	1.00	union	anytime	0.40	0.40	0.40	0.00	no-lift	2000	neither_passes	850	0.42500000	0.01105385	207.611	$17.23-$18.06	$24.90-$26.10 (cap $90.00)	-0.2679	-0.2053	-0.1816	-0.1527	-0.1189	-0.0849	0.0400	-0.5600	-0.3920	-0.3527	-0.3032	-0.2578	-0.2171	-0.0531	0.2000	0.2128	0.2277	0.2539	0.2871	0.3206	0.4640
100	100	100	300	1.00	union	anytime	0.40	0.40	0.40	0.00	no-lift	2000	both_pass	0	0.00000000	0.00000000	207.611	$17.23-$18.06	$24.90-$26.10 (cap $90.00)	NA	NA	NA	NA	NA	NA	NA	NA	NA	NA	NA	NA	NA	NA	NA	NA	NA	NA	NA	NA	NA
100	100	100	300	1.00	direct	anytime	0.40	0.40	0.40	0.00	no-lift	2000	fp_passes_fn_fails	0	0.00000000	0.00000000	207.611	$17.23-$18.06	$24.90-$26.10 (cap $90.00)	NA	NA	NA	NA	NA	NA	NA	NA	NA	NA	NA	NA	NA	NA	NA	NA	NA	NA	NA	NA	NA
100	100	100	300	1.00	direct	anytime	0.40	0.40	0.40	0.00	no-lift	2000	fn_passes_fp_fails	0	0.00000000	0.00000000	207.611	$17.23-$18.06	$24.90-$26.10 (cap $90.00)	NA	NA	NA	NA	NA	NA	NA	NA	NA	NA	NA	NA	NA	NA	NA	NA	NA	NA	NA	NA	NA
100	100	100	300	1.00	direct	anytime	0.40	0.40	0.40	0.00	no-lift	2000	neither_passes	850	0.42500000	0.01105385	207.611	$17.23-$18.06	$24.90-$26.10 (cap $90.00)	-0.2679	-0.2053	-0.1816	-0.1527	-0.1189	-0.0849	0.0400	-0.4306	-0.2719	-0.2318	-0.1839	-0.1393	-0.0984	0.0306	0.2000	0.2128	0.2277	0.2539	0.2871	0.3206	0.4640
100	100	100	300	1.00	direct	anytime	0.40	0.40	0.40	0.00	no-lift	2000	both_pass	0	0.00000000	0.00000000	207.611	$17.23-$18.06	$24.90-$26.10 (cap $90.00)	NA	NA	NA	NA	NA	NA	NA	NA	NA	NA	NA	NA	NA	NA	NA	NA	NA	NA	NA	NA	NA
75	75	150	300	2.00	union	anytime	0.40	0.40	0.40	0.00	no-lift	2000	fp_passes_fn_fails	0	0.00000000	0.00000000	229.068	$19.01-$19.93	$24.90-$26.10 (cap $90.00)	NA	NA	NA	NA	NA	NA	NA	NA	NA	NA	NA	NA	NA	NA	NA	NA	NA	NA	NA	NA	NA
75	75	150	300	2.00	union	anytime	0.40	0.40	0.40	0.00	no-lift	2000	fn_passes_fp_fails	0	0.00000000	0.00000000	229.068	$19.01-$19.93	$24.90-$26.10 (cap $90.00)	NA	NA	NA	NA	NA	NA	NA	NA	NA	NA	NA	NA	NA	NA	NA	NA	NA	NA	NA	NA	NA
75	75	150	300	2.00	union	anytime	0.40	0.40	0.40	0.00	no-lift	2000	neither_passes	1075	0.53750000	0.01114885	229.068	$19.01-$19.93	$24.90-$26.10 (cap $90.00)	-0.3153	-0.2551	-0.2239	-0.1875	-0.1462	-0.1040	0.0689	-0.4893	-0.3834	-0.3458	-0.2951	-0.2538	-0.2077	-0.1049	0.2007	0.2199	0.2401	0.2727	0.3139	0.3652	0.5390
75	75	150	300	2.00	union	anytime	0.40	0.40	0.40	0.00	no-lift	2000	both_pass	0	0.00000000	0.00000000	229.068	$19.01-$19.93	$24.90-$26.10 (cap $90.00)	NA	NA	NA	NA	NA	NA	NA	NA	NA	NA	NA	NA	NA	NA	NA	NA	NA	NA	NA	NA	NA
75	75	150	300	2.00	direct	anytime	0.40	0.40	0.40	0.00	no-lift	2000	fp_passes_fn_fails	0	0.00000000	0.00000000	229.068	$19.01-$19.93	$24.90-$26.10 (cap $90.00)	NA	NA	NA	NA	NA	NA	NA	NA	NA	NA	NA	NA	NA	NA	NA	NA	NA	NA	NA	NA	NA
75	75	150	300	2.00	direct	anytime	0.40	0.40	0.40	0.00	no-lift	2000	fn_passes_fp_fails	0	0.00000000	0.00000000	229.068	$19.01-$19.93	$24.90-$26.10 (cap $90.00)	NA	NA	NA	NA	NA	NA	NA	NA	NA	NA	NA	NA	NA	NA	NA	NA	NA	NA	NA	NA	NA
75	75	150	300	2.00	direct	anytime	0.40	0.40	0.40	0.00	no-lift	2000	neither_passes	1075	0.53750000	0.01114885	229.068	$19.01-$19.93	$24.90-$26.10 (cap $90.00)	-0.3153	-0.2551	-0.2239	-0.1875	-0.1462	-0.1040	0.0689	-0.3591	-0.2582	-0.2202	-0.1807	-0.1358	-0.0955	0.0292	0.2007	0.2199	0.2401	0.2727	0.3139	0.3652	0.5390
75	75	150	300	2.00	direct	anytime	0.40	0.40	0.40	0.00	no-lift	2000	both_pass	0	0.00000000	0.00000000	229.068	$19.01-$19.93	$24.90-$26.10 (cap $90.00)	NA	NA	NA	NA	NA	NA	NA	NA	NA	NA	NA	NA	NA	NA	NA	NA	NA	NA	NA	NA	NA
480	480	240	1200	0.50	union	anytime	0.40	0.40	0.40	0.00	no-lift	2000	fp_passes_fn_fails	0	0.00000000	0.00000000	257.634	$21.38-$22.41	$99.60-$104.40 (cap $360.00)	NA	NA	NA	NA	NA	NA	NA	NA	NA	NA	NA	NA	NA	NA	NA	NA	NA	NA	NA	NA	NA
480	480	240	1200	0.50	union	anytime	0.40	0.40	0.40	0.00	no-lift	2000	fn_passes_fp_fails	0	0.00000000	0.00000000	257.634	$21.38-$22.41	$99.60-$104.40 (cap $360.00)	NA	NA	NA	NA	NA	NA	NA	NA	NA	NA	NA	NA	NA	NA	NA	NA	NA	NA	NA	NA	NA
480	480	240	1200	0.50	union	anytime	0.40	0.40	0.40	0.00	no-lift	2000	neither_passes	13	0.00650000	0.00179691	257.634	$21.38-$22.41	$99.60-$104.40 (cap $360.00)	-0.0392	-0.0193	-0.0152	-0.0100	-0.0059	0.0007	0.0023	-0.2307	-0.2197	-0.1933	-0.1541	-0.1291	-0.1206	-0.1116	0.2017	0.2026	0.2030	0.2048	0.2132	0.2266	0.2292
480	480	240	1200	0.50	union	anytime	0.40	0.40	0.40	0.00	no-lift	2000	both_pass	0	0.00000000	0.00000000	257.634	$21.38-$22.41	$99.60-$104.40 (cap $360.00)	NA	NA	NA	NA	NA	NA	NA	NA	NA	NA	NA	NA	NA	NA	NA	NA	NA	NA	NA	NA	NA
480	480	240	1200	0.50	direct	anytime	0.40	0.40	0.40	0.00	no-lift	2000	fp_passes_fn_fails	0	0.00000000	0.00000000	257.634	$21.38-$22.41	$99.60-$104.40 (cap $360.00)	NA	NA	NA	NA	NA	NA	NA	NA	NA	NA	NA	NA	NA	NA	NA	NA	NA	NA	NA	NA	NA
480	480	240	1200	0.50	direct	anytime	0.40	0.40	0.40	0.00	no-lift	2000	fn_passes_fp_fails	0	0.00000000	0.00000000	257.634	$21.38-$22.41	$99.60-$104.40 (cap $360.00)	NA	NA	NA	NA	NA	NA	NA	NA	NA	NA	NA	NA	NA	NA	NA	NA	NA	NA	NA	NA	NA
480	480	240	1200	0.50	direct	anytime	0.40	0.40	0.40	0.00	no-lift	2000	neither_passes	13	0.00650000	0.00179691	257.634	$21.38-$22.41	$99.60-$104.40 (cap $360.00)	-0.0392	-0.0193	-0.0152	-0.0100	-0.0059	0.0007	0.0023	-0.2058	-0.1530	-0.1312	-0.1141	-0.0881	-0.0646	-0.0424	0.2017	0.2026	0.2030	0.2048	0.2132	0.2266	0.2292
480	480	240	1200	0.50	direct	anytime	0.40	0.40	0.40	0.00	no-lift	2000	both_pass	0	0.00000000	0.00000000	257.634	$21.38-$22.41	$99.60-$104.40 (cap $360.00)	NA	NA	NA	NA	NA	NA	NA	NA	NA	NA	NA	NA	NA	NA	NA	NA	NA	NA	NA	NA	NA
400	400	400	1200	1.00	union	anytime	0.40	0.40	0.40	0.00	no-lift	2000	fp_passes_fn_fails	0	0.00000000	0.00000000	317.036	$26.31-$27.58	$99.60-$104.40 (cap $360.00)	NA	NA	NA	NA	NA	NA	NA	NA	NA	NA	NA	NA	NA	NA	NA	NA	NA	NA	NA	NA	NA
400	400	400	1200	1.00	union	anytime	0.40	0.40	0.40	0.00	no-lift	2000	fn_passes_fp_fails	0	0.00000000	0.00000000	317.036	$26.31-$27.58	$99.60-$104.40 (cap $360.00)	NA	NA	NA	NA	NA	NA	NA	NA	NA	NA	NA	NA	NA	NA	NA	NA	NA	NA	NA	NA	NA
400	400	400	1200	1.00	union	anytime	0.40	0.40	0.40	0.00	no-lift	2000	neither_passes	35	0.01750000	0.00293204	317.036	$26.31-$27.58	$99.60-$104.40 (cap $360.00)	-0.0503	-0.0349	-0.0259	-0.0193	-0.0064	-0.0030	0.0335	-0.1749	-0.1712	-0.1629	-0.1368	-0.1156	-0.0943	-0.0612	0.2016	0.2052	0.2077	0.2189	0.2237	0.2314	0.2407
400	400	400	1200	1.00	union	anytime	0.40	0.40	0.40	0.00	no-lift	2000	both_pass	0	0.00000000	0.00000000	317.036	$26.31-$27.58	$99.60-$104.40 (cap $360.00)	NA	NA	NA	NA	NA	NA	NA	NA	NA	NA	NA	NA	NA	NA	NA	NA	NA	NA	NA	NA	NA
400	400	400	1200	1.00	direct	anytime	0.40	0.40	0.40	0.00	no-lift	2000	fp_passes_fn_fails	0	0.00000000	0.00000000	317.036	$26.31-$27.58	$99.60-$104.40 (cap $360.00)	NA	NA	NA	NA	NA	NA	NA	NA	NA	NA	NA	NA	NA	NA	NA	NA	NA	NA	NA	NA	NA
400	400	400	1200	1.00	direct	anytime	0.40	0.40	0.40	0.00	no-lift	2000	fn_passes_fp_fails	0	0.00000000	0.00000000	317.036	$26.31-$27.58	$99.60-$104.40 (cap $360.00)	NA	NA	NA	NA	NA	NA	NA	NA	NA	NA	NA	NA	NA	NA	NA	NA	NA	NA	NA	NA	NA
400	400	400	1200	1.00	direct	anytime	0.40	0.40	0.40	0.00	no-lift	2000	neither_passes	35	0.01750000	0.00293204	317.036	$26.31-$27.58	$99.60-$104.40 (cap $360.00)	-0.0503	-0.0349	-0.0259	-0.0193	-0.0064	-0.0030	0.0335	-0.1153	-0.0970	-0.0873	-0.0676	-0.0440	-0.0187	0.0001	0.2016	0.2052	0.2077	0.2189	0.2237	0.2314	0.2407
400	400	400	1200	1.00	direct	anytime	0.40	0.40	0.40	0.00	no-lift	2000	both_pass	0	0.00000000	0.00000000	317.036	$26.31-$27.58	$99.60-$104.40 (cap $360.00)	NA	NA	NA	NA	NA	NA	NA	NA	NA	NA	NA	NA	NA	NA	NA	NA	NA	NA	NA	NA	NA
300	300	600	1200	2.00	union	anytime	0.40	0.40	0.40	0.00	no-lift	2000	fp_passes_fn_fails	0	0.00000000	0.00000000	406.616	$33.75-$35.38	$99.60-$104.40 (cap $360.00)	NA	NA	NA	NA	NA	NA	NA	NA	NA	NA	NA	NA	NA	NA	NA	NA	NA	NA	NA	NA	NA
300	300	600	1200	2.00	union	anytime	0.40	0.40	0.40	0.00	no-lift	2000	fn_passes_fp_fails	0	0.00000000	0.00000000	406.616	$33.75-$35.38	$99.60-$104.40 (cap $360.00)	NA	NA	NA	NA	NA	NA	NA	NA	NA	NA	NA	NA	NA	NA	NA	NA	NA	NA	NA	NA	NA
300	300	600	1200	2.00	union	anytime	0.40	0.40	0.40	0.00	no-lift	2000	neither_passes	92	0.04600000	0.00468423	406.616	$33.75-$35.38	$99.60-$104.40 (cap $360.00)	-0.0956	-0.0691	-0.0548	-0.0389	-0.0226	-0.0006	0.0280	-0.2252	-0.1798	-0.1601	-0.1355	-0.1103	-0.0807	-0.0074	0.2003	0.2036	0.2075	0.2193	0.2392	0.2552	0.3005
300	300	600	1200	2.00	union	anytime	0.40	0.40	0.40	0.00	no-lift	2000	both_pass	0	0.00000000	0.00000000	406.616	$33.75-$35.38	$99.60-$104.40 (cap $360.00)	NA	NA	NA	NA	NA	NA	NA	NA	NA	NA	NA	NA	NA	NA	NA	NA	NA	NA	NA	NA	NA
300	300	600	1200	2.00	direct	anytime	0.40	0.40	0.40	0.00	no-lift	2000	fp_passes_fn_fails	0	0.00000000	0.00000000	406.616	$33.75-$35.38	$99.60-$104.40 (cap $360.00)	NA	NA	NA	NA	NA	NA	NA	NA	NA	NA	NA	NA	NA	NA	NA	NA	NA	NA	NA	NA	NA
300	300	600	1200	2.00	direct	anytime	0.40	0.40	0.40	0.00	no-lift	2000	fn_passes_fp_fails	0	0.00000000	0.00000000	406.616	$33.75-$35.38	$99.60-$104.40 (cap $360.00)	NA	NA	NA	NA	NA	NA	NA	NA	NA	NA	NA	NA	NA	NA	NA	NA	NA	NA	NA	NA	NA
300	300	600	1200	2.00	direct	anytime	0.40	0.40	0.40	0.00	no-lift	2000	neither_passes	92	0.04600000	0.00468423	406.616	$33.75-$35.38	$99.60-$104.40 (cap $360.00)	-0.0956	-0.0691	-0.0548	-0.0389	-0.0226	-0.0006	0.0280	-0.1396	-0.1000	-0.0871	-0.0662	-0.0400	-0.0164	0.0389	0.2003	0.2036	0.2075	0.2193	0.2392	0.2552	0.3005
300	300	600	1200	2.00	direct	anytime	0.40	0.40	0.40	0.00	no-lift	2000	both_pass	0	0.00000000	0.00000000	406.616	$33.75-$35.38	$99.60-$104.40 (cap $360.00)	NA	NA	NA	NA	NA	NA	NA	NA	NA	NA	NA	NA	NA	NA	NA	NA	NA	NA	NA	NA	NA
120	120	60	300	0.50	union	anytime	0.50	0.40	0.40	0.10	no-lift	2000	fp_passes_fn_fails	0	0.00000000	0.00000000	268.173	$22.26-$23.33	$24.90-$26.10 (cap $90.00)	NA	NA	NA	NA	NA	NA	NA	NA	NA	NA	NA	NA	NA	NA	NA	NA	NA	NA	NA	NA	NA
120	120	60	300	0.50	union	anytime	0.50	0.40	0.40	0.10	no-lift	2000	fn_passes_fp_fails	0	0.00000000	0.00000000	268.173	$22.26-$23.33	$24.90-$26.10 (cap $90.00)	NA	NA	NA	NA	NA	NA	NA	NA	NA	NA	NA	NA	NA	NA	NA	NA	NA	NA	NA	NA	NA
120	120	60	300	0.50	union	anytime	0.50	0.40	0.40	0.10	no-lift	2000	neither_passes	1620	0.81000000	0.00877211	268.173	$22.26-$23.33	$24.90-$26.10 (cap $90.00)	-0.2139	-0.1529	-0.1244	-0.0813	-0.0404	-0.0019	0.1330	-0.5800	-0.3689	-0.3159	-0.2577	-0.2022	-0.1540	-0.0268	0.2004	0.2298	0.2576	0.2948	0.3413	0.3841	0.5977
120	120	60	300	0.50	union	anytime	0.50	0.40	0.40	0.10	no-lift	2000	both_pass	0	0.00000000	0.00000000	268.173	$22.26-$23.33	$24.90-$26.10 (cap $90.00)	NA	NA	NA	NA	NA	NA	NA	NA	NA	NA	NA	NA	NA	NA	NA	NA	NA	NA	NA	NA	NA
120	120	60	300	0.50	direct	anytime	0.50	0.40	0.40	0.10	no-lift	2000	fp_passes_fn_fails	0	0.00000000	0.00000000	268.173	$22.26-$23.33	$24.90-$26.10 (cap $90.00)	NA	NA	NA	NA	NA	NA	NA	NA	NA	NA	NA	NA	NA	NA	NA	NA	NA	NA	NA	NA	NA
120	120	60	300	0.50	direct	anytime	0.50	0.40	0.40	0.10	no-lift	2000	fn_passes_fp_fails	0	0.00000000	0.00000000	268.173	$22.26-$23.33	$24.90-$26.10 (cap $90.00)	NA	NA	NA	NA	NA	NA	NA	NA	NA	NA	NA	NA	NA	NA	NA	NA	NA	NA	NA	NA	NA
120	120	60	300	0.50	direct	anytime	0.50	0.40	0.40	0.10	no-lift	2000	neither_passes	1620	0.81000000	0.00877211	268.173	$22.26-$23.33	$24.90-$26.10 (cap $90.00)	-0.2139	-0.1529	-0.1244	-0.0813	-0.0404	-0.0019	0.1330	-0.4548	-0.2873	-0.2264	-0.1642	-0.0974	-0.0403	0.1477	0.2004	0.2298	0.2576	0.2948	0.3413	0.3841	0.5977
120	120	60	300	0.50	direct	anytime	0.50	0.40	0.40	0.10	no-lift	2000	both_pass	0	0.00000000	0.00000000	268.173	$22.26-$23.33	$24.90-$26.10 (cap $90.00)	NA	NA	NA	NA	NA	NA	NA	NA	NA	NA	NA	NA	NA	NA	NA	NA	NA	NA	NA	NA	NA
100	100	100	300	1.00	union	anytime	0.50	0.40	0.40	0.10	no-lift	2000	fp_passes_fn_fails	0	0.00000000	0.00000000	272.898	$22.65-$23.74	$24.90-$26.10 (cap $90.00)	NA	NA	NA	NA	NA	NA	NA	NA	NA	NA	NA	NA	NA	NA	NA	NA	NA	NA	NA	NA	NA
100	100	100	300	1.00	union	anytime	0.50	0.40	0.40	0.10	no-lift	2000	fn_passes_fp_fails	0	0.00000000	0.00000000	272.898	$22.65-$23.74	$24.90-$26.10 (cap $90.00)	NA	NA	NA	NA	NA	NA	NA	NA	NA	NA	NA	NA	NA	NA	NA	NA	NA	NA	NA	NA	NA
100	100	100	300	1.00	union	anytime	0.50	0.40	0.40	0.10	no-lift	2000	neither_passes	1664	0.83200000	0.00835990	272.898	$22.65-$23.74	$24.90-$26.10 (cap $90.00)	-0.2718	-0.1779	-0.1410	-0.0982	-0.0513	-0.0076	0.1480	-0.4529	-0.3250	-0.2792	-0.2281	-0.1763	-0.1317	0.0495	0.2001	0.2356	0.2688	0.3104	0.3600	0.4092	0.6310
100	100	100	300	1.00	union	anytime	0.50	0.40	0.40	0.10	no-lift	2000	both_pass	0	0.00000000	0.00000000	272.898	$22.65-$23.74	$24.90-$26.10 (cap $90.00)	NA	NA	NA	NA	NA	NA	NA	NA	NA	NA	NA	NA	NA	NA	NA	NA	NA	NA	NA	NA	NA
100	100	100	300	1.00	direct	anytime	0.50	0.40	0.40	0.10	no-lift	2000	fp_passes_fn_fails	0	0.00000000	0.00000000	272.898	$22.65-$23.74	$24.90-$26.10 (cap $90.00)	NA	NA	NA	NA	NA	NA	NA	NA	NA	NA	NA	NA	NA	NA	NA	NA	NA	NA	NA	NA	NA
100	100	100	300	1.00	direct	anytime	0.50	0.40	0.40	0.10	no-lift	2000	fn_passes_fp_fails	0	0.00000000	0.00000000	272.898	$22.65-$23.74	$24.90-$26.10 (cap $90.00)	NA	NA	NA	NA	NA	NA	NA	NA	NA	NA	NA	NA	NA	NA	NA	NA	NA	NA	NA	NA	NA
100	100	100	300	1.00	direct	anytime	0.50	0.40	0.40	0.10	no-lift	2000	neither_passes	1664	0.83200000	0.00835990	272.898	$22.65-$23.74	$24.90-$26.10 (cap $90.00)	-0.2718	-0.1779	-0.1410	-0.0982	-0.0513	-0.0076	0.1480	-0.3201	-0.2017	-0.1529	-0.1040	-0.0537	-0.0114	0.1719	0.2001	0.2356	0.2688	0.3104	0.3600	0.4092	0.6310
100	100	100	300	1.00	direct	anytime	0.50	0.40	0.40	0.10	no-lift	2000	both_pass	0	0.00000000	0.00000000	272.898	$22.65-$23.74	$24.90-$26.10 (cap $90.00)	NA	NA	NA	NA	NA	NA	NA	NA	NA	NA	NA	NA	NA	NA	NA	NA	NA	NA	NA	NA	NA
75	75	150	300	2.00	union	anytime	0.50	0.40	0.40	0.10	no-lift	2000	fp_passes_fn_fails	0	0.00000000	0.00000000	278.200	$23.09-$24.20	$24.90-$26.10 (cap $90.00)	NA	NA	NA	NA	NA	NA	NA	NA	NA	NA	NA	NA	NA	NA	NA	NA	NA	NA	NA	NA	NA
75	75	150	300	2.00	union	anytime	0.50	0.40	0.40	0.10	no-lift	2000	fn_passes_fp_fails	0	0.00000000	0.00000000	278.200	$23.09-$24.20	$24.90-$26.10 (cap $90.00)	NA	NA	NA	NA	NA	NA	NA	NA	NA	NA	NA	NA	NA	NA	NA	NA	NA	NA	NA	NA	NA
75	75	150	300	2.00	union	anytime	0.50	0.40	0.40	0.10	no-lift	2000	neither_passes	1738	0.86900000	0.00754450	278.200	$23.09-$24.20	$24.90-$26.10 (cap $90.00)	-0.3088	-0.2217	-0.1783	-0.1246	-0.0741	-0.0295	0.1390	-0.4657	-0.3119	-0.2723	-0.2224	-0.1749	-0.1302	0.0291	0.2024	0.2494	0.2874	0.3362	0.3925	0.4391	0.6540
75	75	150	300	2.00	union	anytime	0.50	0.40	0.40	0.10	no-lift	2000	both_pass	0	0.00000000	0.00000000	278.200	$23.09-$24.20	$24.90-$26.10 (cap $90.00)	NA	NA	NA	NA	NA	NA	NA	NA	NA	NA	NA	NA	NA	NA	NA	NA	NA	NA	NA	NA	NA
75	75	150	300	2.00	direct	anytime	0.50	0.40	0.40	0.10	no-lift	2000	fp_passes_fn_fails	0	0.00000000	0.00000000	278.200	$23.09-$24.20	$24.90-$26.10 (cap $90.00)	NA	NA	NA	NA	NA	NA	NA	NA	NA	NA	NA	NA	NA	NA	NA	NA	NA	NA	NA	NA	NA
75	75	150	300	2.00	direct	anytime	0.50	0.40	0.40	0.10	no-lift	2000	fn_passes_fp_fails	0	0.00000000	0.00000000	278.200	$23.09-$24.20	$24.90-$26.10 (cap $90.00)	NA	NA	NA	NA	NA	NA	NA	NA	NA	NA	NA	NA	NA	NA	NA	NA	NA	NA	NA	NA	NA
75	75	150	300	2.00	direct	anytime	0.50	0.40	0.40	0.10	no-lift	2000	neither_passes	1738	0.86900000	0.00754450	278.200	$23.09-$24.20	$24.90-$26.10 (cap $90.00)	-0.3088	-0.2217	-0.1783	-0.1246	-0.0741	-0.0295	0.1390	-0.3273	-0.1878	-0.1466	-0.1002	-0.0553	-0.0154	0.1372	0.2024	0.2494	0.2874	0.3362	0.3925	0.4391	0.6540
75	75	150	300	2.00	direct	anytime	0.50	0.40	0.40	0.10	no-lift	2000	both_pass	0	0.00000000	0.00000000	278.200	$23.09-$24.20	$24.90-$26.10 (cap $90.00)	NA	NA	NA	NA	NA	NA	NA	NA	NA	NA	NA	NA	NA	NA	NA	NA	NA	NA	NA	NA	NA
480	480	240	1200	0.50	union	anytime	0.50	0.40	0.40	0.10	no-lift	2000	fp_passes_fn_fails	0	0.00000000	0.00000000	834.698	$69.28-$72.62	$99.60-$104.40 (cap $360.00)	NA	NA	NA	NA	NA	NA	NA	NA	NA	NA	NA	NA	NA	NA	NA	NA	NA	NA	NA	NA	NA
480	480	240	1200	0.50	union	anytime	0.50	0.40	0.40	0.10	no-lift	2000	fn_passes_fp_fails	0	0.00000000	0.00000000	834.698	$69.28-$72.62	$99.60-$104.40 (cap $360.00)	NA	NA	NA	NA	NA	NA	NA	NA	NA	NA	NA	NA	NA	NA	NA	NA	NA	NA	NA	NA	NA
480	480	240	1200	0.50	union	anytime	0.50	0.40	0.40	0.10	no-lift	2000	neither_passes	986	0.49300000	0.01117924	834.698	$69.28-$72.62	$99.60-$104.40 (cap $360.00)	-0.0455	-0.0086	0.0024	0.0158	0.0348	0.0521	0.1338	-0.2283	-0.1502	-0.1246	-0.0941	-0.0596	-0.0308	0.0736	0.2001	0.2078	0.2161	0.2304	0.2491	0.2695	0.3560
480	480	240	1200	0.50	union	anytime	0.50	0.40	0.40	0.10	no-lift	2000	both_pass	0	0.00000000	0.00000000	834.698	$69.28-$72.62	$99.60-$104.40 (cap $360.00)	NA	NA	NA	NA	NA	NA	NA	NA	NA	NA	NA	NA	NA	NA	NA	NA	NA	NA	NA	NA	NA
480	480	240	1200	0.50	direct	anytime	0.50	0.40	0.40	0.10	no-lift	2000	fp_passes_fn_fails	0	0.00000000	0.00000000	834.698	$69.28-$72.62	$99.60-$104.40 (cap $360.00)	NA	NA	NA	NA	NA	NA	NA	NA	NA	NA	NA	NA	NA	NA	NA	NA	NA	NA	NA	NA	NA
480	480	240	1200	0.50	direct	anytime	0.50	0.40	0.40	0.10	no-lift	2000	fn_passes_fp_fails	0	0.00000000	0.00000000	834.698	$69.28-$72.62	$99.60-$104.40 (cap $360.00)	NA	NA	NA	NA	NA	NA	NA	NA	NA	NA	NA	NA	NA	NA	NA	NA	NA	NA	NA	NA	NA
480	480	240	1200	0.50	direct	anytime	0.50	0.40	0.40	0.10	no-lift	2000	neither_passes	986	0.49300000	0.01117924	834.698	$69.28-$72.62	$99.60-$104.40 (cap $360.00)	-0.0455	-0.0086	0.0024	0.0158	0.0348	0.0521	0.1338	-0.1742	-0.1017	-0.0709	-0.0359	-0.0016	0.0343	0.1144	0.2001	0.2078	0.2161	0.2304	0.2491	0.2695	0.3560
480	480	240	1200	0.50	direct	anytime	0.50	0.40	0.40	0.10	no-lift	2000	both_pass	0	0.00000000	0.00000000	834.698	$69.28-$72.62	$99.60-$104.40 (cap $360.00)	NA	NA	NA	NA	NA	NA	NA	NA	NA	NA	NA	NA	NA	NA	NA	NA	NA	NA	NA	NA	NA
400	400	400	1200	1.00	union	anytime	0.50	0.40	0.40	0.10	no-lift	2000	fp_passes_fn_fails	0	0.00000000	0.00000000	876.462	$72.75-$76.25	$99.60-$104.40 (cap $360.00)	NA	NA	NA	NA	NA	NA	NA	NA	NA	NA	NA	NA	NA	NA	NA	NA	NA	NA	NA	NA	NA
400	400	400	1200	1.00	union	anytime	0.50	0.40	0.40	0.10	no-lift	2000	fn_passes_fp_fails	0	0.00000000	0.00000000	876.462	$72.75-$76.25	$99.60-$104.40 (cap $360.00)	NA	NA	NA	NA	NA	NA	NA	NA	NA	NA	NA	NA	NA	NA	NA	NA	NA	NA	NA	NA	NA
400	400	400	1200	1.00	union	anytime	0.50	0.40	0.40	0.10	no-lift	2000	neither_passes	1083	0.54150000	0.01114176	876.462	$72.75-$76.25	$99.60-$104.40 (cap $360.00)	-0.0492	-0.0233	-0.0120	0.0065	0.0283	0.0483	0.1147	-0.2093	-0.1288	-0.1029	-0.0751	-0.0500	-0.0262	0.1003	0.2002	0.2094	0.2195	0.2369	0.2590	0.2817	0.3531
400	400	400	1200	1.00	union	anytime	0.50	0.40	0.40	0.10	no-lift	2000	both_pass	0	0.00000000	0.00000000	876.462	$72.75-$76.25	$99.60-$104.40 (cap $360.00)	NA	NA	NA	NA	NA	NA	NA	NA	NA	NA	NA	NA	NA	NA	NA	NA	NA	NA	NA	NA	NA
400	400	400	1200	1.00	direct	anytime	0.50	0.40	0.40	0.10	no-lift	2000	fp_passes_fn_fails	0	0.00000000	0.00000000	876.462	$72.75-$76.25	$99.60-$104.40 (cap $360.00)	NA	NA	NA	NA	NA	NA	NA	NA	NA	NA	NA	NA	NA	NA	NA	NA	NA	NA	NA	NA	NA
400	400	400	1200	1.00	direct	anytime	0.50	0.40	0.40	0.10	no-lift	2000	fn_passes_fp_fails	0	0.00000000	0.00000000	876.462	$72.75-$76.25	$99.60-$104.40 (cap $360.00)	NA	NA	NA	NA	NA	NA	NA	NA	NA	NA	NA	NA	NA	NA	NA	NA	NA	NA	NA	NA	NA
400	400	400	1200	1.00	direct	anytime	0.50	0.40	0.40	0.10	no-lift	2000	neither_passes	1083	0.54150000	0.01114176	876.462	$72.75-$76.25	$99.60-$104.40 (cap $360.00)	-0.0492	-0.0233	-0.0120	0.0065	0.0283	0.0483	0.1147	-0.1270	-0.0536	-0.0289	-0.0022	0.0218	0.0450	0.1668	0.2002	0.2094	0.2195	0.2369	0.2590	0.2817	0.3531
400	400	400	1200	1.00	direct	anytime	0.50	0.40	0.40	0.10	no-lift	2000	both_pass	0	0.00000000	0.00000000	876.462	$72.75-$76.25	$99.60-$104.40 (cap $360.00)	NA	NA	NA	NA	NA	NA	NA	NA	NA	NA	NA	NA	NA	NA	NA	NA	NA	NA	NA	NA	NA
300	300	600	1200	2.00	union	anytime	0.50	0.40	0.40	0.10	no-lift	2000	fp_passes_fn_fails	0	0.00000000	0.00000000	955.434	$79.30-$83.12	$99.60-$104.40 (cap $360.00)	NA	NA	NA	NA	NA	NA	NA	NA	NA	NA	NA	NA	NA	NA	NA	NA	NA	NA	NA	NA	NA
300	300	600	1200	2.00	union	anytime	0.50	0.40	0.40	0.10	no-lift	2000	fn_passes_fp_fails	0	0.00000000	0.00000000	955.434	$79.30-$83.12	$99.60-$104.40 (cap $360.00)	NA	NA	NA	NA	NA	NA	NA	NA	NA	NA	NA	NA	NA	NA	NA	NA	NA	NA	NA	NA	NA
300	300	600	1200	2.00	union	anytime	0.50	0.40	0.40	0.10	no-lift	2000	neither_passes	1295	0.64750000	0.01068278	955.434	$79.30-$83.12	$99.60-$104.40 (cap $360.00)	-0.0827	-0.0488	-0.0325	-0.0117	0.0130	0.0407	0.1269	-0.2183	-0.1288	-0.1045	-0.0768	-0.0503	-0.0242	0.0660	0.2003	0.2131	0.2255	0.2459	0.2719	0.3015	0.3969
300	300	600	1200	2.00	union	anytime	0.50	0.40	0.40	0.10	no-lift	2000	both_pass	0	0.00000000	0.00000000	955.434	$79.30-$83.12	$99.60-$104.40 (cap $360.00)	NA	NA	NA	NA	NA	NA	NA	NA	NA	NA	NA	NA	NA	NA	NA	NA	NA	NA	NA	NA	NA
300	300	600	1200	2.00	direct	anytime	0.50	0.40	0.40	0.10	no-lift	2000	fp_passes_fn_fails	0	0.00000000	0.00000000	955.434	$79.30-$83.12	$99.60-$104.40 (cap $360.00)	NA	NA	NA	NA	NA	NA	NA	NA	NA	NA	NA	NA	NA	NA	NA	NA	NA	NA	NA	NA	NA
300	300	600	1200	2.00	direct	anytime	0.50	0.40	0.40	0.10	no-lift	2000	fn_passes_fp_fails	0	0.00000000	0.00000000	955.434	$79.30-$83.12	$99.60-$104.40 (cap $360.00)	NA	NA	NA	NA	NA	NA	NA	NA	NA	NA	NA	NA	NA	NA	NA	NA	NA	NA	NA	NA	NA
300	300	600	1200	2.00	direct	anytime	0.50	0.40	0.40	0.10	no-lift	2000	neither_passes	1295	0.64750000	0.01068278	955.434	$79.30-$83.12	$99.60-$104.40 (cap $360.00)	-0.0827	-0.0488	-0.0325	-0.0117	0.0130	0.0407	0.1269	-0.1351	-0.0476	-0.0247	0.0005	0.0245	0.0477	0.1229	0.2003	0.2131	0.2255	0.2459	0.2719	0.3015	0.3969
300	300	600	1200	2.00	direct	anytime	0.50	0.40	0.40	0.10	no-lift	2000	both_pass	0	0.00000000	0.00000000	955.434	$79.30-$83.12	$99.60-$104.40 (cap $360.00)	NA	NA	NA	NA	NA	NA	NA	NA	NA	NA	NA	NA	NA	NA	NA	NA	NA	NA	NA	NA	NA
120	120	60	300	0.50	union	anytime	0.55	0.40	0.40	0.15	no-lift	2000	fp_passes_fn_fails	1	0.00050000	0.00049987	284.125	$23.58-$24.72	$24.90-$26.10 (cap $90.00)	0.2038	0.2038	0.2038	0.2038	0.2038	0.2038	0.2038	-0.0596	-0.0596	-0.0596	-0.0596	-0.0596	-0.0596	-0.0596	0.5558	0.5558	0.5558	0.5558	0.5558	0.5558	0.5558
120	120	60	300	0.50	union	anytime	0.55	0.40	0.40	0.15	no-lift	2000	fn_passes_fp_fails	0	0.00000000	0.00000000	284.125	$23.58-$24.72	$24.90-$26.10 (cap $90.00)	NA	NA	NA	NA	NA	NA	NA	NA	NA	NA	NA	NA	NA	NA	NA	NA	NA	NA	NA	NA	NA
120	120	60	300	0.50	union	anytime	0.55	0.40	0.40	0.15	no-lift	2000	neither_passes	1834	0.91700000	0.00616891	284.125	$23.58-$24.72	$24.90-$26.10 (cap $90.00)	-0.2017	-0.1178	-0.0839	-0.0408	0.0043	0.0483	0.1956	-0.4857	-0.3201	-0.2743	-0.2140	-0.1541	-0.1050	0.0511	0.2034	0.2622	0.2949	0.3342	0.3836	0.4270	0.6075
120	120	60	300	0.50	union	anytime	0.55	0.40	0.40	0.15	no-lift	2000	both_pass	0	0.00000000	0.00000000	284.125	$23.58-$24.72	$24.90-$26.10 (cap $90.00)	NA	NA	NA	NA	NA	NA	NA	NA	NA	NA	NA	NA	NA	NA	NA	NA	NA	NA	NA	NA	NA
120	120	60	300	0.50	direct	anytime	0.55	0.40	0.40	0.15	no-lift	2000	fp_passes_fn_fails	1	0.00050000	0.00049987	284.125	$23.58-$24.72	$24.90-$26.10 (cap $90.00)	0.2038	0.2038	0.2038	0.2038	0.2038	0.2038	0.2038	0.0708	0.0708	0.0708	0.0708	0.0708	0.0708	0.0708	0.5558	0.5558	0.5558	0.5558	0.5558	0.5558	0.5558
120	120	60	300	0.50	direct	anytime	0.55	0.40	0.40	0.15	no-lift	2000	fn_passes_fp_fails	0	0.00000000	0.00000000	284.125	$23.58-$24.72	$24.90-$26.10 (cap $90.00)	NA	NA	NA	NA	NA	NA	NA	NA	NA	NA	NA	NA	NA	NA	NA	NA	NA	NA	NA	NA	NA
120	120	60	300	0.50	direct	anytime	0.55	0.40	0.40	0.15	no-lift	2000	neither_passes	1834	0.91700000	0.00616891	284.125	$23.58-$24.72	$24.90-$26.10 (cap $90.00)	-0.2017	-0.1178	-0.0839	-0.0408	0.0043	0.0483	0.1956	-0.4651	-0.2400	-0.1812	-0.1162	-0.0496	0.0047	0.1867	0.2034	0.2622	0.2949	0.3342	0.3836	0.4270	0.6075
120	120	60	300	0.50	direct	anytime	0.55	0.40	0.40	0.15	no-lift	2000	both_pass	0	0.00000000	0.00000000	284.125	$23.58-$24.72	$24.90-$26.10 (cap $90.00)	NA	NA	NA	NA	NA	NA	NA	NA	NA	NA	NA	NA	NA	NA	NA	NA	NA	NA	NA	NA	NA
100	100	100	300	1.00	union	anytime	0.55	0.40	0.40	0.15	no-lift	2000	fp_passes_fn_fails	0	0.00000000	0.00000000	286.202	$23.75-$24.90	$24.90-$26.10 (cap $90.00)	NA	NA	NA	NA	NA	NA	NA	NA	NA	NA	NA	NA	NA	NA	NA	NA	NA	NA	NA	NA	NA
100	100	100	300	1.00	union	anytime	0.55	0.40	0.40	0.15	no-lift	2000	fn_passes_fp_fails	0	0.00000000	0.00000000	286.202	$23.75-$24.90	$24.90-$26.10 (cap $90.00)	NA	NA	NA	NA	NA	NA	NA	NA	NA	NA	NA	NA	NA	NA	NA	NA	NA	NA	NA	NA	NA
100	100	100	300	1.00	union	anytime	0.55	0.40	0.40	0.15	no-lift	2000	neither_passes	1853	0.92650000	0.00583514	286.202	$23.75-$24.90	$24.90-$26.10 (cap $90.00)	-0.2477	-0.1475	-0.1074	-0.0594	-0.0095	0.0398	0.1783	-0.4448	-0.2883	-0.2410	-0.1840	-0.1309	-0.0832	0.1100	0.2014	0.2629	0.3008	0.3505	0.4006	0.4507	0.5965
100	100	100	300	1.00	union	anytime	0.55	0.40	0.40	0.15	no-lift	2000	both_pass	0	0.00000000	0.00000000	286.202	$23.75-$24.90	$24.90-$26.10 (cap $90.00)	NA	NA	NA	NA	NA	NA	NA	NA	NA	NA	NA	NA	NA	NA	NA	NA	NA	NA	NA	NA	NA
100	100	100	300	1.00	direct	anytime	0.55	0.40	0.40	0.15	no-lift	2000	fp_passes_fn_fails	0	0.00000000	0.00000000	286.202	$23.75-$24.90	$24.90-$26.10 (cap $90.00)	NA	NA	NA	NA	NA	NA	NA	NA	NA	NA	NA	NA	NA	NA	NA	NA	NA	NA	NA	NA	NA
100	100	100	300	1.00	direct	anytime	0.55	0.40	0.40	0.15	no-lift	2000	fn_passes_fp_fails	1	0.00050000	0.00049987	286.202	$23.75-$24.90	$24.90-$26.10 (cap $90.00)	0.0361	0.0361	0.0361	0.0361	0.0361	0.0361	0.0361	0.2283	0.2283	0.2283	0.2283	0.2283	0.2283	0.2283	0.4541	0.4541	0.4541	0.4541	0.4541	0.4541	0.4541
100	100	100	300	1.00	direct	anytime	0.55	0.40	0.40	0.15	no-lift	2000	neither_passes	1852	0.92600000	0.00585338	286.202	$23.75-$24.90	$24.90-$26.10 (cap $90.00)	-0.2477	-0.1475	-0.1074	-0.0594	-0.0095	0.0398	0.1783	-0.3212	-0.1603	-0.1130	-0.0601	-0.0079	0.0412	0.1896	0.2014	0.2629	0.3008	0.3504	0.4005	0.4506	0.5965
100	100	100	300	1.00	direct	anytime	0.55	0.40	0.40	0.15	no-lift	2000	both_pass	0	0.00000000	0.00000000	286.202	$23.75-$24.90	$24.90-$26.10 (cap $90.00)	NA	NA	NA	NA	NA	NA	NA	NA	NA	NA	NA	NA	NA	NA	NA	NA	NA	NA	NA	NA	NA
75	75	150	300	2.00	union	anytime	0.55	0.40	0.40	0.15	no-lift	2000	fp_passes_fn_fails	0	0.00000000	0.00000000	291.044	$24.16-$25.32	$24.90-$26.10 (cap $90.00)	NA	NA	NA	NA	NA	NA	NA	NA	NA	NA	NA	NA	NA	NA	NA	NA	NA	NA	NA	NA	NA
75	75	150	300	2.00	union	anytime	0.55	0.40	0.40	0.15	no-lift	2000	fn_passes_fp_fails	0	0.00000000	0.00000000	291.044	$24.16-$25.32	$24.90-$26.10 (cap $90.00)	NA	NA	NA	NA	NA	NA	NA	NA	NA	NA	NA	NA	NA	NA	NA	NA	NA	NA	NA	NA	NA
75	75	150	300	2.00	union	anytime	0.55	0.40	0.40	0.15	no-lift	2000	neither_passes	1892	0.94600000	0.00505391	291.044	$24.16-$25.32	$24.90-$26.10 (cap $90.00)	-0.3219	-0.1887	-0.1443	-0.0868	-0.0321	0.0210	0.1666	-0.4252	-0.2794	-0.2359	-0.1807	-0.1271	-0.0803	0.0785	0.2108	0.2802	0.3214	0.3772	0.4325	0.4864	0.6556
75	75	150	300	2.00	union	anytime	0.55	0.40	0.40	0.15	no-lift	2000	both_pass	0	0.00000000	0.00000000	291.044	$24.16-$25.32	$24.90-$26.10 (cap $90.00)	NA	NA	NA	NA	NA	NA	NA	NA	NA	NA	NA	NA	NA	NA	NA	NA	NA	NA	NA	NA	NA
75	75	150	300	2.00	direct	anytime	0.55	0.40	0.40	0.15	no-lift	2000	fp_passes_fn_fails	0	0.00000000	0.00000000	291.044	$24.16-$25.32	$24.90-$26.10 (cap $90.00)	NA	NA	NA	NA	NA	NA	NA	NA	NA	NA	NA	NA	NA	NA	NA	NA	NA	NA	NA	NA	NA
75	75	150	300	2.00	direct	anytime	0.55	0.40	0.40	0.15	no-lift	2000	fn_passes_fp_fails	0	0.00000000	0.00000000	291.044	$24.16-$25.32	$24.90-$26.10 (cap $90.00)	NA	NA	NA	NA	NA	NA	NA	NA	NA	NA	NA	NA	NA	NA	NA	NA	NA	NA	NA	NA	NA
75	75	150	300	2.00	direct	anytime	0.55	0.40	0.40	0.15	no-lift	2000	neither_passes	1892	0.94600000	0.00505391	291.044	$24.16-$25.32	$24.90-$26.10 (cap $90.00)	-0.3219	-0.1887	-0.1443	-0.0868	-0.0321	0.0210	0.1666	-0.2934	-0.1507	-0.1057	-0.0562	-0.0060	0.0349	0.1602	0.2108	0.2802	0.3214	0.3772	0.4325	0.4864	0.6556
75	75	150	300	2.00	direct	anytime	0.55	0.40	0.40	0.15	no-lift	2000	both_pass	0	0.00000000	0.00000000	291.044	$24.16-$25.32	$24.90-$26.10 (cap $90.00)	NA	NA	NA	NA	NA	NA	NA	NA	NA	NA	NA	NA	NA	NA	NA	NA	NA	NA	NA	NA	NA
480	480	240	1200	0.50	union	anytime	0.55	0.40	0.40	0.15	no-lift	2000	fp_passes_fn_fails	0	0.00000000	0.00000000	1087.566	$90.27-$94.62	$99.60-$104.40 (cap $360.00)	NA	NA	NA	NA	NA	NA	NA	NA	NA	NA	NA	NA	NA	NA	NA	NA	NA	NA	NA	NA	NA
480	480	240	1200	0.50	union	anytime	0.55	0.40	0.40	0.15	no-lift	2000	fn_passes_fp_fails	0	0.00000000	0.00000000	1087.566	$90.27-$94.62	$99.60-$104.40 (cap $360.00)	NA	NA	NA	NA	NA	NA	NA	NA	NA	NA	NA	NA	NA	NA	NA	NA	NA	NA	NA	NA	NA
480	480	240	1200	0.50	union	anytime	0.55	0.40	0.40	0.15	no-lift	2000	neither_passes	1711	0.85550000	0.00786193	1087.566	$90.27-$94.62	$99.60-$104.40 (cap $360.00)	-0.0279	0.0080	0.0259	0.0477	0.0717	0.0934	0.1777	-0.2277	-0.1184	-0.0885	-0.0551	-0.0211	0.0076	0.1082	0.2006	0.2192	0.2371	0.2588	0.2838	0.3072	0.3931
480	480	240	1200	0.50	union	anytime	0.55	0.40	0.40	0.15	no-lift	2000	both_pass	0	0.00000000	0.00000000	1087.566	$90.27-$94.62	$99.60-$104.40 (cap $360.00)	NA	NA	NA	NA	NA	NA	NA	NA	NA	NA	NA	NA	NA	NA	NA	NA	NA	NA	NA	NA	NA
480	480	240	1200	0.50	direct	anytime	0.55	0.40	0.40	0.15	no-lift	2000	fp_passes_fn_fails	0	0.00000000	0.00000000	1087.566	$90.27-$94.62	$99.60-$104.40 (cap $360.00)	NA	NA	NA	NA	NA	NA	NA	NA	NA	NA	NA	NA	NA	NA	NA	NA	NA	NA	NA	NA	NA
480	480	240	1200	0.50	direct	anytime	0.55	0.40	0.40	0.15	no-lift	2000	fn_passes_fp_fails	0	0.00000000	0.00000000	1087.566	$90.27-$94.62	$99.60-$104.40 (cap $360.00)	NA	NA	NA	NA	NA	NA	NA	NA	NA	NA	NA	NA	NA	NA	NA	NA	NA	NA	NA	NA	NA
480	480	240	1200	0.50	direct	anytime	0.55	0.40	0.40	0.15	no-lift	2000	neither_passes	1711	0.85550000	0.00786193	1087.566	$90.27-$94.62	$99.60-$104.40 (cap $360.00)	-0.0279	0.0080	0.0259	0.0477	0.0717	0.0934	0.1777	-0.2085	-0.0662	-0.0318	0.0066	0.0431	0.0747	0.1788	0.2006	0.2192	0.2371	0.2588	0.2838	0.3072	0.3931
480	480	240	1200	0.50	direct	anytime	0.55	0.40	0.40	0.15	no-lift	2000	both_pass	0	0.00000000	0.00000000	1087.566	$90.27-$94.62	$99.60-$104.40 (cap $360.00)	NA	NA	NA	NA	NA	NA	NA	NA	NA	NA	NA	NA	NA	NA	NA	NA	NA	NA	NA	NA	NA
400	400	400	1200	1.00	union	anytime	0.55	0.40	0.40	0.15	no-lift	2000	fp_passes_fn_fails	0	0.00000000	0.00000000	1098.465	$91.17-$95.57	$99.60-$104.40 (cap $360.00)	NA	NA	NA	NA	NA	NA	NA	NA	NA	NA	NA	NA	NA	NA	NA	NA	NA	NA	NA	NA	NA
400	400	400	1200	1.00	union	anytime	0.55	0.40	0.40	0.15	no-lift	2000	fn_passes_fp_fails	0	0.00000000	0.00000000	1098.465	$91.17-$95.57	$99.60-$104.40 (cap $360.00)	NA	NA	NA	NA	NA	NA	NA	NA	NA	NA	NA	NA	NA	NA	NA	NA	NA	NA	NA	NA	NA
400	400	400	1200	1.00	union	anytime	0.55	0.40	0.40	0.15	no-lift	2000	neither_passes	1753	0.87650000	0.00735689	1098.465	$91.17-$95.57	$99.60-$104.40 (cap $360.00)	-0.0437	-0.0059	0.0137	0.0363	0.0633	0.0886	0.1933	-0.2086	-0.0952	-0.0672	-0.0381	-0.0090	0.0141	0.0913	0.2011	0.2238	0.2411	0.2648	0.2925	0.3176	0.4245
400	400	400	1200	1.00	union	anytime	0.55	0.40	0.40	0.15	no-lift	2000	both_pass	0	0.00000000	0.00000000	1098.465	$91.17-$95.57	$99.60-$104.40 (cap $360.00)	NA	NA	NA	NA	NA	NA	NA	NA	NA	NA	NA	NA	NA	NA	NA	NA	NA	NA	NA	NA	NA
400	400	400	1200	1.00	direct	anytime	0.55	0.40	0.40	0.15	no-lift	2000	fp_passes_fn_fails	0	0.00000000	0.00000000	1098.465	$91.17-$95.57	$99.60-$104.40 (cap $360.00)	NA	NA	NA	NA	NA	NA	NA	NA	NA	NA	NA	NA	NA	NA	NA	NA	NA	NA	NA	NA	NA
400	400	400	1200	1.00	direct	anytime	0.55	0.40	0.40	0.15	no-lift	2000	fn_passes_fp_fails	0	0.00000000	0.00000000	1098.465	$91.17-$95.57	$99.60-$104.40 (cap $360.00)	NA	NA	NA	NA	NA	NA	NA	NA	NA	NA	NA	NA	NA	NA	NA	NA	NA	NA	NA	NA	NA
400	400	400	1200	1.00	direct	anytime	0.55	0.40	0.40	0.15	no-lift	2000	neither_passes	1753	0.87650000	0.00735689	1098.465	$91.17-$95.57	$99.60-$104.40 (cap $360.00)	-0.0437	-0.0059	0.0137	0.0363	0.0633	0.0886	0.1933	-0.1187	-0.0191	0.0087	0.0360	0.0652	0.0881	0.1557	0.2011	0.2238	0.2411	0.2648	0.2925	0.3176	0.4245
400	400	400	1200	1.00	direct	anytime	0.55	0.40	0.40	0.15	no-lift	2000	both_pass	0	0.00000000	0.00000000	1098.465	$91.17-$95.57	$99.60-$104.40 (cap $360.00)	NA	NA	NA	NA	NA	NA	NA	NA	NA	NA	NA	NA	NA	NA	NA	NA	NA	NA	NA	NA	NA
300	300	600	1200	2.00	union	anytime	0.55	0.40	0.40	0.15	no-lift	2000	fp_passes_fn_fails	0	0.00000000	0.00000000	1108.594	$92.01-$96.45	$99.60-$104.40 (cap $360.00)	NA	NA	NA	NA	NA	NA	NA	NA	NA	NA	NA	NA	NA	NA	NA	NA	NA	NA	NA	NA	NA
300	300	600	1200	2.00	union	anytime	0.55	0.40	0.40	0.15	no-lift	2000	fn_passes_fp_fails	0	0.00000000	0.00000000	1108.594	$92.01-$96.45	$99.60-$104.40 (cap $360.00)	NA	NA	NA	NA	NA	NA	NA	NA	NA	NA	NA	NA	NA	NA	NA	NA	NA	NA	NA	NA	NA
300	300	600	1200	2.00	union	anytime	0.55	0.40	0.40	0.15	no-lift	2000	neither_passes	1781	0.89050000	0.00698247	1108.594	$92.01-$96.45	$99.60-$104.40 (cap $360.00)	-0.0829	-0.0253	-0.0036	0.0248	0.0528	0.0801	0.1591	-0.1984	-0.0910	-0.0626	-0.0345	-0.0076	0.0166	0.1063	0.2008	0.2313	0.2526	0.2811	0.3104	0.3394	0.4430
300	300	600	1200	2.00	union	anytime	0.55	0.40	0.40	0.15	no-lift	2000	both_pass	0	0.00000000	0.00000000	1108.594	$92.01-$96.45	$99.60-$104.40 (cap $360.00)	NA	NA	NA	NA	NA	NA	NA	NA	NA	NA	NA	NA	NA	NA	NA	NA	NA	NA	NA	NA	NA
300	300	600	1200	2.00	direct	anytime	0.55	0.40	0.40	0.15	no-lift	2000	fp_passes_fn_fails	0	0.00000000	0.00000000	1108.594	$92.01-$96.45	$99.60-$104.40 (cap $360.00)	NA	NA	NA	NA	NA	NA	NA	NA	NA	NA	NA	NA	NA	NA	NA	NA	NA	NA	NA	NA	NA
300	300	600	1200	2.00	direct	anytime	0.55	0.40	0.40	0.15	no-lift	2000	fn_passes_fp_fails	0	0.00000000	0.00000000	1108.594	$92.01-$96.45	$99.60-$104.40 (cap $360.00)	NA	NA	NA	NA	NA	NA	NA	NA	NA	NA	NA	NA	NA	NA	NA	NA	NA	NA	NA	NA	NA
300	300	600	1200	2.00	direct	anytime	0.55	0.40	0.40	0.15	no-lift	2000	neither_passes	1781	0.89050000	0.00698247	1108.594	$92.01-$96.45	$99.60-$104.40 (cap $360.00)	-0.0829	-0.0253	-0.0036	0.0248	0.0528	0.0801	0.1591	-0.0907	-0.0080	0.0176	0.0419	0.0670	0.0899	0.1637	0.2008	0.2313	0.2526	0.2811	0.3104	0.3394	0.4430
300	300	600	1200	2.00	direct	anytime	0.55	0.40	0.40	0.15	no-lift	2000	both_pass	0	0.00000000	0.00000000	1108.594	$92.01-$96.45	$99.60-$104.40 (cap $360.00)	NA	NA	NA	NA	NA	NA	NA	NA	NA	NA	NA	NA	NA	NA	NA	NA	NA	NA	NA	NA	NA
120	120	60	300	0.50	union	anytime	0.60	0.40	0.40	0.20	calibration	2000	fp_passes_fn_fails	7	0.00350000	0.00132056	294.498	$24.44-$25.62	$24.90-$26.10 (cap $90.00)	0.2009	0.2045	0.2083	0.2125	0.2338	0.2504	0.2619	-0.1400	-0.1184	-0.0777	-0.0440	0.0070	0.0561	0.1239	0.4857	0.5166	0.5440	0.5692	0.6074	0.6167	0.6179
120	120	60	300	0.50	union	anytime	0.60	0.40	0.40	0.20	calibration	2000	fn_passes_fp_fails	0	0.00000000	0.00000000	294.498	$24.44-$25.62	$24.90-$26.10 (cap $90.00)	NA	NA	NA	NA	NA	NA	NA	NA	NA	NA	NA	NA	NA	NA	NA	NA	NA	NA	NA	NA	NA
120	120	60	300	0.50	union	anytime	0.60	0.40	0.40	0.20	calibration	2000	neither_passes	1942	0.97100000	0.00375227	294.498	$24.44-$25.62	$24.90-$26.10 (cap $90.00)	-0.1986	-0.0836	-0.0452	0.0023	0.0540	0.0934	0.1966	-0.4345	-0.2812	-0.2276	-0.1679	-0.1100	-0.0505	0.1595	0.2056	0.2912	0.3312	0.3795	0.4280	0.4704	0.6212
120	120	60	300	0.50	union	anytime	0.60	0.40	0.40	0.20	calibration	2000	both_pass	0	0.00000000	0.00000000	294.498	$24.44-$25.62	$24.90-$26.10 (cap $90.00)	NA	NA	NA	NA	NA	NA	NA	NA	NA	NA	NA	NA	NA	NA	NA	NA	NA	NA	NA	NA	NA
120	120	60	300	0.50	direct	anytime	0.60	0.40	0.40	0.20	calibration	2000	fp_passes_fn_fails	6	0.00300000	0.00122291	294.430	$24.44-$25.62	$24.90-$26.10 (cap $90.00)	0.2009	0.2039	0.2076	0.2111	0.2218	0.2434	0.2619	-0.0417	-0.0381	-0.0215	0.0492	0.0944	0.1325	0.1659	0.4857	0.5114	0.5406	0.5749	0.6117	0.6169	0.6179
120	120	60	300	0.50	direct	anytime	0.60	0.40	0.40	0.20	calibration	2000	fn_passes_fp_fails	6	0.00300000	0.00122291	294.430	$24.44-$25.62	$24.90-$26.10 (cap $90.00)	-0.0600	-0.0257	0.0174	0.0491	0.0834	0.1108	0.1285	0.2102	0.2105	0.2127	0.2393	0.2724	0.2869	0.2972	0.3229	0.3552	0.3943	0.4336	0.4563	0.4629	0.4682
120	120	60	300	0.50	direct	anytime	0.60	0.40	0.40	0.20	calibration	2000	neither_passes	1936	0.96800000	0.00393548	294.430	$24.44-$25.62	$24.90-$26.10 (cap $90.00)	-0.1986	-0.0836	-0.0452	0.0022	0.0539	0.0931	0.1966	-0.3699	-0.1970	-0.1357	-0.0741	-0.0074	0.0525	0.1838	0.2056	0.2912	0.3312	0.3794	0.4279	0.4705	0.6212
120	120	60	300	0.50	direct	anytime	0.60	0.40	0.40	0.20	calibration	2000	both_pass	0	0.00000000	0.00000000	294.430	$24.44-$25.62	$24.90-$26.10 (cap $90.00)	NA	NA	NA	NA	NA	NA	NA	NA	NA	NA	NA	NA	NA	NA	NA	NA	NA	NA	NA	NA	NA
100	100	100	300	1.00	union	anytime	0.60	0.40	0.40	0.20	calibration	2000	fp_passes_fn_fails	5	0.00250000	0.00111664	296.147	$24.58-$25.76	$24.90-$26.10 (cap $90.00)	0.2011	0.2046	0.2100	0.2126	0.2127	0.2221	0.2283	-0.0720	-0.0683	-0.0628	-0.0040	0.0045	0.0282	0.0440	0.5657	0.5700	0.5765	0.5774	0.5845	0.6008	0.6116
100	100	100	300	1.00	union	anytime	0.60	0.40	0.40	0.20	calibration	2000	fn_passes_fp_fails	0	0.00000000	0.00000000	296.147	$24.58-$25.76	$24.90-$26.10 (cap $90.00)	NA	NA	NA	NA	NA	NA	NA	NA	NA	NA	NA	NA	NA	NA	NA	NA	NA	NA	NA	NA	NA
100	100	100	300	1.00	union	anytime	0.60	0.40	0.40	0.20	calibration	2000	neither_passes	1956	0.97800000	0.00327994	296.147	$24.58-$25.76	$24.90-$26.10 (cap $90.00)	-0.2353	-0.1086	-0.0614	-0.0126	0.0422	0.0889	0.1970	-0.3802	-0.2376	-0.1884	-0.1361	-0.0844	-0.0330	0.1210	0.2005	0.3042	0.3463	0.3980	0.4477	0.4960	0.6590
100	100	100	300	1.00	union	anytime	0.60	0.40	0.40	0.20	calibration	2000	both_pass	0	0.00000000	0.00000000	296.147	$24.58-$25.76	$24.90-$26.10 (cap $90.00)	NA	NA	NA	NA	NA	NA	NA	NA	NA	NA	NA	NA	NA	NA	NA	NA	NA	NA	NA	NA	NA
100	100	100	300	1.00	direct	anytime	0.60	0.40	0.40	0.20	calibration	2000	fp_passes_fn_fails	5	0.00250000	0.00111664	296.140	$24.58-$25.76	$24.90-$26.10 (cap $90.00)	0.2011	0.2046	0.2100	0.2126	0.2127	0.2221	0.2283	0.0513	0.0533	0.0563	0.1064	0.1391	0.1535	0.1630	0.5657	0.5700	0.5765	0.5774	0.5845	0.6008	0.6116
100	100	100	300	1.00	direct	anytime	0.60	0.40	0.40	0.20	calibration	2000	fn_passes_fp_fails	2	0.00100000	0.00070675	296.140	$24.58-$25.76	$24.90-$26.10 (cap $90.00)	0.1535	0.1544	0.1557	0.1579	0.1601	0.1614	0.1623	0.2020	0.2043	0.2077	0.2135	0.2193	0.2227	0.2250	0.5599	0.5614	0.5636	0.5673	0.5711	0.5733	0.5748
100	100	100	300	1.00	direct	anytime	0.60	0.40	0.40	0.20	calibration	2000	neither_passes	1953	0.97650000	0.00338731	296.140	$24.58-$25.76	$24.90-$26.10 (cap $90.00)	-0.2353	-0.1086	-0.0615	-0.0127	0.0418	0.0886	0.1970	-0.2793	-0.1074	-0.0605	-0.0098	0.0399	0.0880	0.1918	0.2005	0.3041	0.3461	0.3978	0.4475	0.4956	0.6590
100	100	100	300	1.00	direct	anytime	0.60	0.40	0.40	0.20	calibration	2000	both_pass	0	0.00000000	0.00000000	296.140	$24.58-$25.76	$24.90-$26.10 (cap $90.00)	NA	NA	NA	NA	NA	NA	NA	NA	NA	NA	NA	NA	NA	NA	NA	NA	NA	NA	NA	NA	NA
75	75	150	300	2.00	union	anytime	0.60	0.40	0.40	0.20	calibration	2000	fp_passes_fn_fails	2	0.00100000	0.00070675	295.052	$24.49-$25.67	$24.90-$26.10 (cap $90.00)	0.2012	0.2017	0.2024	0.2036	0.2048	0.2055	0.2060	-0.0613	-0.0431	-0.0158	0.0297	0.0751	0.1024	0.1206	0.5676	0.5718	0.5780	0.5884	0.5988	0.6050	0.6092
75	75	150	300	2.00	union	anytime	0.60	0.40	0.40	0.20	calibration	2000	fn_passes_fp_fails	0	0.00000000	0.00000000	295.052	$24.49-$25.67	$24.90-$26.10 (cap $90.00)	NA	NA	NA	NA	NA	NA	NA	NA	NA	NA	NA	NA	NA	NA	NA	NA	NA	NA	NA	NA	NA
75	75	150	300	2.00	union	anytime	0.60	0.40	0.40	0.20	calibration	2000	neither_passes	1951	0.97550000	0.00345686	295.052	$24.49-$25.67	$24.90-$26.10 (cap $90.00)	-0.3097	-0.1524	-0.0986	-0.0422	0.0177	0.0667	0.1870	-0.4299	-0.2317	-0.1863	-0.1353	-0.0831	-0.0291	0.1530	0.2070	0.3163	0.3592	0.4194	0.4800	0.5352	0.7020
75	75	150	300	2.00	union	anytime	0.60	0.40	0.40	0.20	calibration	2000	both_pass	0	0.00000000	0.00000000	295.052	$24.49-$25.67	$24.90-$26.10 (cap $90.00)	NA	NA	NA	NA	NA	NA	NA	NA	NA	NA	NA	NA	NA	NA	NA	NA	NA	NA	NA	NA	NA
75	75	150	300	2.00	direct	anytime	0.60	0.40	0.40	0.20	calibration	2000	fp_passes_fn_fails	1	0.00050000	0.00049987	295.038	$24.49-$25.67	$24.90-$26.10 (cap $90.00)	0.2060	0.2060	0.2060	0.2060	0.2060	0.2060	0.2060	0.0537	0.0537	0.0537	0.0537	0.0537	0.0537	0.0537	0.6092	0.6092	0.6092	0.6092	0.6092	0.6092	0.6092
75	75	150	300	2.00	direct	anytime	0.60	0.40	0.40	0.20	calibration	2000	fn_passes_fp_fails	3	0.00150000	0.00086538	295.038	$24.49-$25.67	$24.90-$26.10 (cap $90.00)	0.0099	0.0381	0.0804	0.1509	0.1580	0.1622	0.1650	0.2119	0.2136	0.2162	0.2205	0.2353	0.2442	0.2501	0.4132	0.4426	0.4868	0.5605	0.6032	0.6289	0.6460
75	75	150	300	2.00	direct	anytime	0.60	0.40	0.40	0.20	calibration	2000	neither_passes	1947	0.97350000	0.00359150	295.038	$24.49-$25.67	$24.90-$26.10 (cap $90.00)	-0.3097	-0.1524	-0.0986	-0.0425	0.0171	0.0663	0.1870	-0.2787	-0.1005	-0.0595	-0.0089	0.0383	0.0837	0.1918	0.2070	0.3163	0.3589	0.4194	0.4799	0.5347	0.7020
75	75	150	300	2.00	direct	anytime	0.60	0.40	0.40	0.20	calibration	2000	both_pass	0	0.00000000	0.00000000	295.038	$24.49-$25.67	$24.90-$26.10 (cap $90.00)	NA	NA	NA	NA	NA	NA	NA	NA	NA	NA	NA	NA	NA	NA	NA	NA	NA	NA	NA	NA	NA
480	480	240	1200	0.50	union	anytime	0.60	0.40	0.40	0.20	calibration	2000	fp_passes_fn_fails	4	0.00200000	0.00099900	1167.910	$96.94-$101.61	$99.60-$104.40 (cap $360.00)	0.2002	0.2005	0.2009	0.2032	0.2127	0.2262	0.2353	0.0238	0.0350	0.0519	0.0648	0.0842	0.1126	0.1316	0.4072	0.4087	0.4108	0.4204	0.4326	0.4397	0.4444
480	480	240	1200	0.50	union	anytime	0.60	0.40	0.40	0.20	calibration	2000	fn_passes_fp_fails	0	0.00000000	0.00000000	1167.910	$96.94-$101.61	$99.60-$104.40 (cap $360.00)	NA	NA	NA	NA	NA	NA	NA	NA	NA	NA	NA	NA	NA	NA	NA	NA	NA	NA	NA	NA	NA
480	480	240	1200	0.50	union	anytime	0.60	0.40	0.40	0.20	calibration	2000	neither_passes	1933	0.96650000	0.00402354	1167.910	$96.94-$101.61	$99.60-$104.40 (cap $360.00)	-0.0159	0.0429	0.0665	0.0929	0.1193	0.1425	0.1972	-0.1655	-0.0706	-0.0386	-0.0057	0.0268	0.0546	0.1558	0.2010	0.2524	0.2758	0.3023	0.3303	0.3559	0.4339
480	480	240	1200	0.50	union	anytime	0.60	0.40	0.40	0.20	calibration	2000	both_pass	0	0.00000000	0.00000000	1167.910	$96.94-$101.61	$99.60-$104.40 (cap $360.00)	NA	NA	NA	NA	NA	NA	NA	NA	NA	NA	NA	NA	NA	NA	NA	NA	NA	NA	NA	NA	NA
480	480	240	1200	0.50	direct	anytime	0.60	0.40	0.40	0.20	calibration	2000	fp_passes_fn_fails	3	0.00150000	0.00086538	1167.424	$96.90-$101.57	$99.60-$104.40 (cap $360.00)	0.2002	0.2004	0.2007	0.2012	0.2182	0.2285	0.2353	0.0535	0.0542	0.0552	0.0570	0.0943	0.1167	0.1316	0.4072	0.4115	0.4179	0.4287	0.4366	0.4413	0.4444
480	480	240	1200	0.50	direct	anytime	0.60	0.40	0.40	0.20	calibration	2000	fn_passes_fp_fails	5	0.00250000	0.00111664	1167.424	$96.90-$101.57	$99.60-$104.40 (cap $360.00)	0.0921	0.1007	0.1136	0.1247	0.1273	0.1425	0.1527	0.2001	0.2021	0.2050	0.2073	0.2153	0.2209	0.2246	0.3128	0.3152	0.3187	0.3230	0.3379	0.3448	0.3493
480	480	240	1200	0.50	direct	anytime	0.60	0.40	0.40	0.20	calibration	2000	neither_passes	1928	0.96400000	0.00416557	1167.424	$96.90-$101.57	$99.60-$104.40 (cap $360.00)	-0.0159	0.0428	0.0664	0.0928	0.1193	0.1424	0.1972	-0.1326	-0.0135	0.0180	0.0552	0.0904	0.1247	0.1999	0.2010	0.2524	0.2757	0.3022	0.3302	0.3559	0.4339
480	480	240	1200	0.50	direct	anytime	0.60	0.40	0.40	0.20	calibration	2000	both_pass	0	0.00000000	0.00000000	1167.424	$96.90-$101.57	$99.60-$104.40 (cap $360.00)	NA	NA	NA	NA	NA	NA	NA	NA	NA	NA	NA	NA	NA	NA	NA	NA	NA	NA	NA	NA	NA
400	400	400	1200	1.00	union	anytime	0.60	0.40	0.40	0.20	calibration	2000	fp_passes_fn_fails	5	0.00250000	0.00111664	1170.883	$97.18-$101.87	$99.60-$104.40 (cap $360.00)	0.2017	0.2023	0.2033	0.2037	0.2052	0.2144	0.2206	-0.0079	0.0255	0.0756	0.0920	0.0958	0.0961	0.0963	0.4002	0.4053	0.4129	0.4278	0.4495	0.4662	0.4774
400	400	400	1200	1.00	union	anytime	0.60	0.40	0.40	0.20	calibration	2000	fn_passes_fp_fails	0	0.00000000	0.00000000	1170.883	$97.18-$101.87	$99.60-$104.40 (cap $360.00)	NA	NA	NA	NA	NA	NA	NA	NA	NA	NA	NA	NA	NA	NA	NA	NA	NA	NA	NA	NA	NA
400	400	400	1200	1.00	union	anytime	0.60	0.40	0.40	0.20	calibration	2000	neither_passes	1937	0.96850000	0.00390562	1170.883	$97.18-$101.87	$99.60-$104.40 (cap $360.00)	-0.0302	0.0317	0.0552	0.0836	0.1130	0.1384	0.1997	-0.1203	-0.0506	-0.0227	0.0083	0.0396	0.0675	0.1893	0.2047	0.2571	0.2815	0.3117	0.3403	0.3682	0.4614
400	400	400	1200	1.00	union	anytime	0.60	0.40	0.40	0.20	calibration	2000	both_pass	0	0.00000000	0.00000000	1170.883	$97.18-$101.87	$99.60-$104.40 (cap $360.00)	NA	NA	NA	NA	NA	NA	NA	NA	NA	NA	NA	NA	NA	NA	NA	NA	NA	NA	NA	NA	NA
400	400	400	1200	1.00	direct	anytime	0.60	0.40	0.40	0.20	calibration	2000	fp_passes_fn_fails	4	0.00200000	0.00099900	1170.046	$97.11-$101.79	$99.60-$104.40 (cap $360.00)	0.2017	0.2022	0.2029	0.2035	0.2041	0.2048	0.2052	0.0606	0.0886	0.1305	0.1618	0.1716	0.1750	0.1772	0.4002	0.4040	0.4097	0.4203	0.4332	0.4430	0.4495
400	400	400	1200	1.00	direct	anytime	0.60	0.40	0.40	0.20	calibration	2000	fn_passes_fp_fails	7	0.00350000	0.00132056	1170.046	$97.11-$101.79	$99.60-$104.40 (cap $360.00)	0.1094	0.1288	0.1429	0.1470	0.1647	0.1738	0.1762	0.2088	0.2106	0.2121	0.2128	0.2315	0.2477	0.2513	0.3173	0.3482	0.3701	0.3747	0.3797	0.3853	0.3889
400	400	400	1200	1.00	direct	anytime	0.60	0.40	0.40	0.20	calibration	2000	neither_passes	1929	0.96450000	0.00413762	1170.046	$97.11-$101.79	$99.60-$104.40 (cap $360.00)	-0.0302	0.0317	0.0552	0.0834	0.1127	0.1376	0.1997	-0.0441	0.0276	0.0535	0.0832	0.1122	0.1382	0.1963	0.2047	0.2571	0.2813	0.3115	0.3401	0.3674	0.4614
400	400	400	1200	1.00	direct	anytime	0.60	0.40	0.40	0.20	calibration	2000	both_pass	0	0.00000000	0.00000000	1170.046	$97.11-$101.79	$99.60-$104.40 (cap $360.00)	NA	NA	NA	NA	NA	NA	NA	NA	NA	NA	NA	NA	NA	NA	NA	NA	NA	NA	NA	NA	NA
300	300	600	1200	2.00	union	anytime	0.60	0.40	0.40	0.20	calibration	2000	fp_passes_fn_fails	4	0.00200000	0.00099900	1169.696	$97.08-$101.76	$99.60-$104.40 (cap $360.00)	0.2042	0.2057	0.2079	0.2189	0.2341	0.2439	0.2505	0.0516	0.0517	0.0519	0.0641	0.0914	0.1189	0.1372	0.4744	0.4755	0.4773	0.4868	0.4999	0.5083	0.5140
300	300	600	1200	2.00	union	anytime	0.60	0.40	0.40	0.20	calibration	2000	fn_passes_fp_fails	0	0.00000000	0.00000000	1169.696	$97.08-$101.76	$99.60-$104.40 (cap $360.00)	NA	NA	NA	NA	NA	NA	NA	NA	NA	NA	NA	NA	NA	NA	NA	NA	NA	NA	NA	NA	NA
300	300	600	1200	2.00	union	anytime	0.60	0.40	0.40	0.20	calibration	2000	neither_passes	1935	0.96750000	0.00396508	1169.696	$97.08-$101.76	$99.60-$104.40 (cap $360.00)	-0.0681	0.0124	0.0403	0.0717	0.1024	0.1311	0.1947	-0.1259	-0.0419	-0.0162	0.0128	0.0432	0.0683	0.1695	0.2020	0.2672	0.2947	0.3257	0.3574	0.3888	0.4755
300	300	600	1200	2.00	union	anytime	0.60	0.40	0.40	0.20	calibration	2000	both_pass	0	0.00000000	0.00000000	1169.696	$97.08-$101.76	$99.60-$104.40 (cap $360.00)	NA	NA	NA	NA	NA	NA	NA	NA	NA	NA	NA	NA	NA	NA	NA	NA	NA	NA	NA	NA	NA
300	300	600	1200	2.00	direct	anytime	0.60	0.40	0.40	0.20	calibration	2000	fp_passes_fn_fails	3	0.00150000	0.00086538	1168.932	$97.02-$101.70	$99.60-$104.40 (cap $360.00)	0.2042	0.2091	0.2165	0.2287	0.2396	0.2461	0.2505	0.1246	0.1248	0.1249	0.1252	0.1308	0.1342	0.1364	0.4783	0.4817	0.4868	0.4952	0.5046	0.5102	0.5140
300	300	600	1200	2.00	direct	anytime	0.60	0.40	0.40	0.20	calibration	2000	fn_passes_fp_fails	4	0.00200000	0.00099900	1168.932	$97.02-$101.70	$99.60-$104.40 (cap $360.00)	0.0784	0.0915	0.1112	0.1280	0.1393	0.1491	0.1556	0.2006	0.2019	0.2038	0.2077	0.2116	0.2137	0.2151	0.3105	0.3371	0.3769	0.4008	0.4034	0.4051	0.4063
300	300	600	1200	2.00	direct	anytime	0.60	0.40	0.40	0.20	calibration	2000	neither_passes	1929	0.96450000	0.00413762	1168.932	$97.02-$101.70	$99.60-$104.40 (cap $360.00)	-0.0681	0.0123	0.0402	0.0715	0.1022	0.1307	0.1947	-0.0474	0.0405	0.0635	0.0907	0.1170	0.1384	0.1993	0.2020	0.2671	0.2944	0.3255	0.3570	0.3874	0.4685
300	300	600	1200	2.00	direct	anytime	0.60	0.40	0.40	0.20	calibration	2000	both_pass	0	0.00000000	0.00000000	1168.932	$97.02-$101.70	$99.60-$104.40 (cap $360.00)	NA	NA	NA	NA	NA	NA	NA	NA	NA	NA	NA	NA	NA	NA	NA	NA	NA	NA	NA	NA	NA
120	120	60	300	0.50	union	anytime	0.65	0.40	0.40	0.25	small real effect	2000	fp_passes_fn_fails	35	0.01750000	0.00293204	298.120	$24.74-$25.94	$24.90-$26.10 (cap $90.00)	0.2006	0.2043	0.2105	0.2213	0.2395	0.2738	0.3205	-0.2032	-0.1646	-0.1220	-0.0201	0.0339	0.0621	0.0939	0.4823	0.5180	0.5439	0.5575	0.5865	0.6169	0.6621
120	120	60	300	0.50	union	anytime	0.65	0.40	0.40	0.25	small real effect	2000	fn_passes_fp_fails	0	0.00000000	0.00000000	298.120	$24.74-$25.94	$24.90-$26.10 (cap $90.00)	NA	NA	NA	NA	NA	NA	NA	NA	NA	NA	NA	NA	NA	NA	NA	NA	NA	NA	NA	NA	NA
120	120	60	300	0.50	union	anytime	0.65	0.40	0.40	0.25	small real effect	2000	neither_passes	1950	0.97500000	0.00349106	298.120	$24.74-$25.94	$24.90-$26.10 (cap $90.00)	-0.1871	-0.0366	0.0065	0.0560	0.1001	0.1388	0.2000	-0.4566	-0.2340	-0.1802	-0.1203	-0.0607	-0.0122	0.1614	0.2157	0.3367	0.3768	0.4229	0.4717	0.5090	0.6410
120	120	60	300	0.50	union	anytime	0.65	0.40	0.40	0.25	small real effect	2000	both_pass	0	0.00000000	0.00000000	298.120	$24.74-$25.94	$24.90-$26.10 (cap $90.00)	NA	NA	NA	NA	NA	NA	NA	NA	NA	NA	NA	NA	NA	NA	NA	NA	NA	NA	NA	NA	NA
120	120	60	300	0.50	direct	anytime	0.65	0.40	0.40	0.25	small real effect	2000	fp_passes_fn_fails	33	0.01650000	0.00284849	297.998	$24.73-$25.93	$24.90-$26.10 (cap $90.00)	0.2006	0.2042	0.2112	0.2246	0.2405	0.2753	0.3205	-0.1250	-0.0446	-0.0003	0.0565	0.1007	0.1346	0.1675	0.4823	0.5236	0.5444	0.5609	0.5875	0.6170	0.6621
120	120	60	300	0.50	direct	anytime	0.65	0.40	0.40	0.25	small real effect	2000	fn_passes_fp_fails	12	0.00600000	0.00172685	297.998	$24.73-$25.93	$24.90-$26.10 (cap $90.00)	-0.0439	0.0328	0.0855	0.1117	0.1505	0.1733	0.1921	0.2005	0.2010	0.2062	0.2157	0.2298	0.2512	0.2528	0.2995	0.3960	0.4494	0.4786	0.4991	0.5486	0.5592
120	120	60	300	0.50	direct	anytime	0.65	0.40	0.40	0.25	small real effect	2000	neither_passes	1938	0.96900000	0.00387550	297.998	$24.73-$25.93	$24.90-$26.10 (cap $90.00)	-0.1871	-0.0366	0.0062	0.0555	0.0993	0.1379	0.2000	-0.3333	-0.1480	-0.0873	-0.0218	0.0374	0.0921	0.1985	0.2157	0.3367	0.3767	0.4228	0.4712	0.5088	0.6410
120	120	60	300	0.50	direct	anytime	0.65	0.40	0.40	0.25	small real effect	2000	both_pass	0	0.00000000	0.00000000	297.998	$24.73-$25.93	$24.90-$26.10 (cap $90.00)	NA	NA	NA	NA	NA	NA	NA	NA	NA	NA	NA	NA	NA	NA	NA	NA	NA	NA	NA	NA	NA
100	100	100	300	1.00	union	anytime	0.65	0.40	0.40	0.25	small real effect	2000	fp_passes_fn_fails	29	0.01450000	0.00267299	298.106	$24.74-$25.94	$24.90-$26.10 (cap $90.00)	0.2014	0.2074	0.2123	0.2237	0.2421	0.2768	0.2893	-0.1942	-0.0632	-0.0222	0.0036	0.0746	0.0843	0.1138	0.5155	0.5527	0.5724	0.5912	0.6270	0.6486	0.6986
100	100	100	300	1.00	union	anytime	0.65	0.40	0.40	0.25	small real effect	2000	fn_passes_fp_fails	0	0.00000000	0.00000000	298.106	$24.74-$25.94	$24.90-$26.10 (cap $90.00)	NA	NA	NA	NA	NA	NA	NA	NA	NA	NA	NA	NA	NA	NA	NA	NA	NA	NA	NA	NA	NA
100	100	100	300	1.00	union	anytime	0.65	0.40	0.40	0.25	small real effect	2000	neither_passes	1953	0.97650000	0.00338731	298.106	$24.74-$25.94	$24.90-$26.10 (cap $90.00)	-0.2412	-0.0590	-0.0144	0.0351	0.0888	0.1319	0.1998	-0.3335	-0.1921	-0.1456	-0.0922	-0.0385	0.0085	0.1400	0.2083	0.3419	0.3876	0.4360	0.4852	0.5308	0.6701
100	100	100	300	1.00	union	anytime	0.65	0.40	0.40	0.25	small real effect	2000	both_pass	0	0.00000000	0.00000000	298.106	$24.74-$25.94	$24.90-$26.10 (cap $90.00)	NA	NA	NA	NA	NA	NA	NA	NA	NA	NA	NA	NA	NA	NA	NA	NA	NA	NA	NA	NA	NA
100	100	100	300	1.00	direct	anytime	0.65	0.40	0.40	0.25	small real effect	2000	fp_passes_fn_fails	23	0.01150000	0.00238409	297.780	$24.72-$25.91	$24.90-$26.10 (cap $90.00)	0.2014	0.2047	0.2111	0.2164	0.2365	0.2448	0.2853	0.0184	0.0558	0.0929	0.1079	0.1372	0.1733	0.1826	0.5155	0.5468	0.5660	0.5912	0.6130	0.6441	0.6986
100	100	100	300	1.00	direct	anytime	0.65	0.40	0.40	0.25	small real effect	2000	fn_passes_fp_fails	26	0.01300000	0.00253288	297.780	$24.72-$25.91	$24.90-$26.10 (cap $90.00)	0.0250	0.0373	0.0457	0.1030	0.1441	0.1788	0.1864	0.2005	0.2009	0.2025	0.2127	0.2199	0.2436	0.2859	0.4138	0.4283	0.4520	0.4954	0.5446	0.5724	0.5839
100	100	100	300	1.00	direct	anytime	0.65	0.40	0.40	0.25	small real effect	2000	neither_passes	1926	0.96300000	0.00422084	297.780	$24.72-$25.91	$24.90-$26.10 (cap $90.00)	-0.2412	-0.0592	-0.0154	0.0346	0.0873	0.1308	0.1998	-0.2249	-0.0612	-0.0172	0.0349	0.0847	0.1248	0.1996	0.2083	0.3410	0.3861	0.4352	0.4839	0.5290	0.6701
100	100	100	300	1.00	direct	anytime	0.65	0.40	0.40	0.25	small real effect	2000	both_pass	0	0.00000000	0.00000000	297.780	$24.72-$25.91	$24.90-$26.10 (cap $90.00)	NA	NA	NA	NA	NA	NA	NA	NA	NA	NA	NA	NA	NA	NA	NA	NA	NA	NA	NA	NA	NA
75	75	150	300	2.00	union	anytime	0.65	0.40	0.40	0.25	small real effect	2000	fp_passes_fn_fails	24	0.01200000	0.00243475	297.762	$24.71-$25.91	$24.90-$26.10 (cap $90.00)	0.2016	0.2022	0.2042	0.2102	0.2438	0.2745	0.3143	-0.1414	-0.1037	-0.0397	0.0196	0.0995	0.1318	0.1488	0.5510	0.5831	0.6102	0.6310	0.6588	0.6847	0.7493
75	75	150	300	2.00	union	anytime	0.65	0.40	0.40	0.25	small real effect	2000	fn_passes_fp_fails	0	0.00000000	0.00000000	297.762	$24.71-$25.91	$24.90-$26.10 (cap $90.00)	NA	NA	NA	NA	NA	NA	NA	NA	NA	NA	NA	NA	NA	NA	NA	NA	NA	NA	NA	NA	NA
75	75	150	300	2.00	union	anytime	0.65	0.40	0.40	0.25	small real effect	2000	neither_passes	1957	0.97850000	0.00324328	297.762	$24.71-$25.91	$24.90-$26.10 (cap $90.00)	-0.2656	-0.1010	-0.0505	0.0076	0.0637	0.1122	0.1998	-0.3683	-0.1878	-0.1416	-0.0862	-0.0327	0.0112	0.1731	0.2158	0.3578	0.4099	0.4659	0.5182	0.5664	0.7120
75	75	150	300	2.00	union	anytime	0.65	0.40	0.40	0.25	small real effect	2000	both_pass	0	0.00000000	0.00000000	297.762	$24.71-$25.91	$24.90-$26.10 (cap $90.00)	NA	NA	NA	NA	NA	NA	NA	NA	NA	NA	NA	NA	NA	NA	NA	NA	NA	NA	NA	NA	NA
75	75	150	300	2.00	direct	anytime	0.65	0.40	0.40	0.25	small real effect	2000	fp_passes_fn_fails	15	0.00750000	0.00192922	297.412	$24.69-$25.87	$24.90-$26.10 (cap $90.00)	0.2016	0.2023	0.2034	0.2089	0.2118	0.2194	0.2351	-0.0191	0.0431	0.0663	0.0910	0.1336	0.1535	0.1767	0.5510	0.5662	0.5857	0.6298	0.6328	0.6523	0.6652
75	75	150	300	2.00	direct	anytime	0.65	0.40	0.40	0.25	small real effect	2000	fn_passes_fp_fails	17	0.00850000	0.00205277	297.412	$24.69-$25.87	$24.90-$26.10 (cap $90.00)	0.0156	0.0340	0.0475	0.0953	0.1581	0.1897	0.1981	0.2007	0.2058	0.2079	0.2197	0.2232	0.2488	0.2630	0.4480	0.4631	0.4998	0.5758	0.5918	0.6275	0.6382
75	75	150	300	2.00	direct	anytime	0.65	0.40	0.40	0.25	small real effect	2000	neither_passes	1940	0.97000000	0.00381445	297.412	$24.69-$25.87	$24.90-$26.10 (cap $90.00)	-0.2656	-0.1021	-0.0515	0.0069	0.0623	0.1109	0.1998	-0.2074	-0.0557	-0.0102	0.0375	0.0837	0.1236	0.1956	0.2158	0.3575	0.4097	0.4652	0.5171	0.5653	0.7120
75	75	150	300	2.00	direct	anytime	0.65	0.40	0.40	0.25	small real effect	2000	both_pass	0	0.00000000	0.00000000	297.412	$24.69-$25.87	$24.90-$26.10 (cap $90.00)	NA	NA	NA	NA	NA	NA	NA	NA	NA	NA	NA	NA	NA	NA	NA	NA	NA	NA	NA	NA	NA
480	480	240	1200	0.50	union	anytime	0.65	0.40	0.40	0.25	small real effect	2000	fp_passes_fn_fails	154	0.07700000	0.00596117	1191.114	$98.86-$103.63	$99.60-$104.40 (cap $360.00)	0.2001	0.2030	0.2077	0.2139	0.2239	0.2379	0.2782	-0.0453	0.0296	0.0548	0.0829	0.1137	0.1430	0.1936	0.3812	0.3996	0.4140	0.4219	0.4349	0.4525	0.5057
480	480	240	1200	0.50	union	anytime	0.65	0.40	0.40	0.25	small real effect	2000	fn_passes_fp_fails	4	0.00200000	0.00099900	1191.114	$98.86-$103.63	$99.60-$104.40 (cap $360.00)	0.1336	0.1472	0.1676	0.1838	0.1910	0.1951	0.1979	0.2021	0.2028	0.2039	0.2047	0.2054	0.2064	0.2071	0.3274	0.3409	0.3612	0.3851	0.3985	0.3999	0.4008
480	480	240	1200	0.50	union	anytime	0.65	0.40	0.40	0.25	small real effect	2000	neither_passes	1825	0.91250000	0.00631838	1191.114	$98.86-$103.63	$99.60-$104.40 (cap $360.00)	0.0190	0.0936	0.1150	0.1414	0.1629	0.1816	0.1995	-0.1445	-0.0180	0.0108	0.0429	0.0746	0.1050	0.1830	0.2394	0.2989	0.3226	0.3477	0.3708	0.3921	0.4425
480	480	240	1200	0.50	union	anytime	0.65	0.40	0.40	0.25	small real effect	2000	both_pass	0	0.00000000	0.00000000	1191.114	$98.86-$103.63	$99.60-$104.40 (cap $360.00)	NA	NA	NA	NA	NA	NA	NA	NA	NA	NA	NA	NA	NA	NA	NA	NA	NA	NA	NA	NA	NA
480	480	240	1200	0.50	direct	anytime	0.65	0.40	0.40	0.25	small real effect	2000	fp_passes_fn_fails	127	0.06350000	0.00545288	1182.157	$98.12-$102.85	$99.60-$104.40 (cap $360.00)	0.2001	0.2030	0.2070	0.2136	0.2226	0.2356	0.2782	0.0283	0.0659	0.0969	0.1263	0.1550	0.1775	0.1968	0.3812	0.3990	0.4133	0.4213	0.4353	0.4504	0.5057
480	480	240	1200	0.50	direct	anytime	0.65	0.40	0.40	0.25	small real effect	2000	fn_passes_fp_fails	46	0.02300000	0.00335194	1182.157	$98.12-$102.85	$99.60-$104.40 (cap $360.00)	0.0925	0.1271	0.1415	0.1575	0.1747	0.1867	0.1979	0.2002	0.2013	0.2038	0.2128	0.2262	0.2488	0.2852	0.2907	0.3237	0.3403	0.3613	0.3821	0.3939	0.4036
480	480	240	1200	0.50	direct	anytime	0.65	0.40	0.40	0.25	small real effect	2000	neither_passes	1777	0.88850000	0.00703803	1182.157	$98.12-$102.85	$99.60-$104.40 (cap $360.00)	0.0190	0.0932	0.1141	0.1406	0.1626	0.1809	0.1995	-0.0836	0.0370	0.0679	0.1016	0.1359	0.1622	0.1996	0.2394	0.2985	0.3220	0.3472	0.3702	0.3917	0.4425
480	480	240	1200	0.50	direct	anytime	0.65	0.40	0.40	0.25	small real effect	2000	both_pass	0	0.00000000	0.00000000	1182.157	$98.12-$102.85	$99.60-$104.40 (cap $360.00)	NA	NA	NA	NA	NA	NA	NA	NA	NA	NA	NA	NA	NA	NA	NA	NA	NA	NA	NA	NA	NA
400	400	400	1200	1.00	union	anytime	0.65	0.40	0.40	0.25	small real effect	2000	fp_passes_fn_fails	122	0.06100000	0.00535159	1188.957	$98.68-$103.44	$99.60-$104.40 (cap $360.00)	0.2004	0.2041	0.2082	0.2170	0.2297	0.2460	0.3186	0.0059	0.0598	0.0785	0.1053	0.1268	0.1451	0.1905	0.3924	0.4131	0.4254	0.4407	0.4526	0.4673	0.5450
400	400	400	1200	1.00	union	anytime	0.65	0.40	0.40	0.25	small real effect	2000	fn_passes_fp_fails	1	0.00050000	0.00049987	1188.957	$98.68-$103.44	$99.60-$104.40 (cap $360.00)	0.1652	0.1652	0.1652	0.1652	0.1652	0.1652	0.1652	0.2015	0.2015	0.2015	0.2015	0.2015	0.2015	0.2015	0.3979	0.3979	0.3979	0.3979	0.3979	0.3979	0.3979
400	400	400	1200	1.00	union	anytime	0.65	0.40	0.40	0.25	small real effect	2000	neither_passes	1857	0.92850000	0.00576141	1188.957	$98.68-$103.44	$99.60-$104.40 (cap $360.00)	-0.0102	0.0801	0.1036	0.1318	0.1569	0.1769	0.1999	-0.0788	0.0061	0.0301	0.0603	0.0894	0.1146	0.1832	0.2218	0.2993	0.3257	0.3533	0.3820	0.4024	0.4768
400	400	400	1200	1.00	union	anytime	0.65	0.40	0.40	0.25	small real effect	2000	both_pass	0	0.00000000	0.00000000	1188.957	$98.68-$103.44	$99.60-$104.40 (cap $360.00)	NA	NA	NA	NA	NA	NA	NA	NA	NA	NA	NA	NA	NA	NA	NA	NA	NA	NA	NA	NA	NA
400	400	400	1200	1.00	direct	anytime	0.65	0.40	0.40	0.25	small real effect	2000	fp_passes_fn_fails	83	0.04150000	0.00445969	1176.473	$97.65-$102.35	$99.60-$104.40 (cap $360.00)	0.2004	0.2027	0.2078	0.2156	0.2265	0.2420	0.2693	0.0669	0.1264	0.1429	0.1617	0.1763	0.1881	0.1979	0.3954	0.4128	0.4232	0.4370	0.4504	0.4638	0.5008
400	400	400	1200	1.00	direct	anytime	0.65	0.40	0.40	0.25	small real effect	2000	fn_passes_fp_fails	85	0.04250000	0.00451075	1176.473	$97.65-$102.35	$99.60-$104.40 (cap $360.00)	0.0898	0.1235	0.1366	0.1545	0.1748	0.1860	0.1974	0.2004	0.2024	0.2060	0.2114	0.2222	0.2369	0.2714	0.2915	0.3311	0.3533	0.3741	0.3945	0.4076	0.4411
400	400	400	1200	1.00	direct	anytime	0.65	0.40	0.40	0.25	small real effect	2000	neither_passes	1762	0.88100000	0.00724013	1176.473	$97.65-$102.35	$99.60-$104.40 (cap $360.00)	-0.0102	0.0793	0.1020	0.1297	0.1547	0.1754	0.1999	-0.0022	0.0823	0.1049	0.1322	0.1581	0.1774	0.1999	0.2218	0.2987	0.3251	0.3521	0.3802	0.4009	0.4768
400	400	400	1200	1.00	direct	anytime	0.65	0.40	0.40	0.25	small real effect	2000	both_pass	0	0.00000000	0.00000000	1176.473	$97.65-$102.35	$99.60-$104.40 (cap $360.00)	NA	NA	NA	NA	NA	NA	NA	NA	NA	NA	NA	NA	NA	NA	NA	NA	NA	NA	NA	NA	NA
300	300	600	1200	2.00	union	anytime	0.65	0.40	0.40	0.25	small real effect	2000	fp_passes_fn_fails	88	0.04400000	0.00458607	1191.214	$98.87-$103.64	$99.60-$104.40 (cap $360.00)	0.2001	0.2013	0.2063	0.2138	0.2275	0.2345	0.2714	0.0219	0.0578	0.0817	0.1108	0.1404	0.1571	0.1725	0.4170	0.4298	0.4435	0.4604	0.4790	0.4925	0.5284
300	300	600	1200	2.00	union	anytime	0.65	0.40	0.40	0.25	small real effect	2000	fn_passes_fp_fails	0	0.00000000	0.00000000	1191.214	$98.87-$103.64	$99.60-$104.40 (cap $360.00)	NA	NA	NA	NA	NA	NA	NA	NA	NA	NA	NA	NA	NA	NA	NA	NA	NA	NA	NA	NA	NA
300	300	600	1200	2.00	union	anytime	0.65	0.40	0.40	0.25	small real effect	2000	neither_passes	1894	0.94700000	0.00500954	1191.214	$98.87-$103.64	$99.60-$104.40 (cap $360.00)	-0.0245	0.0620	0.0875	0.1165	0.1444	0.1681	0.1999	-0.0681	0.0071	0.0326	0.0632	0.0904	0.1139	0.1876	0.2344	0.3114	0.3360	0.3665	0.3955	0.4206	0.4819
300	300	600	1200	2.00	union	anytime	0.65	0.40	0.40	0.25	small real effect	2000	both_pass	0	0.00000000	0.00000000	1191.214	$98.87-$103.64	$99.60-$104.40 (cap $360.00)	NA	NA	NA	NA	NA	NA	NA	NA	NA	NA	NA	NA	NA	NA	NA	NA	NA	NA	NA	NA	NA
300	300	600	1200	2.00	direct	anytime	0.65	0.40	0.40	0.25	small real effect	2000	fp_passes_fn_fails	57	0.02850000	0.00372074	1180.214	$97.96-$102.68	$99.60-$104.40 (cap $360.00)	0.2002	0.2013	0.2057	0.2135	0.2210	0.2397	0.2600	0.1146	0.1395	0.1511	0.1684	0.1813	0.1905	0.1964	0.4205	0.4298	0.4418	0.4616	0.4832	0.4937	0.5284
300	300	600	1200	2.00	direct	anytime	0.65	0.40	0.40	0.25	small real effect	2000	fn_passes_fp_fails	86	0.04300000	0.00453602	1180.214	$97.96-$102.68	$99.60-$104.40 (cap $360.00)	0.0831	0.1030	0.1335	0.1494	0.1710	0.1803	0.1956	0.2000	0.2019	0.2039	0.2076	0.2174	0.2281	0.2561	0.3272	0.3571	0.3783	0.3986	0.4193	0.4366	0.4796
300	300	600	1200	2.00	direct	anytime	0.65	0.40	0.40	0.25	small real effect	2000	neither_passes	1796	0.89800000	0.00676742	1180.214	$97.96-$102.68	$99.60-$104.40 (cap $360.00)	-0.0245	0.0612	0.0860	0.1147	0.1419	0.1652	0.1999	0.0179	0.0895	0.1116	0.1371	0.1602	0.1783	0.1998	0.2344	0.3100	0.3348	0.3646	0.3930	0.4188	0.4819
300	300	600	1200	2.00	direct	anytime	0.65	0.40	0.40	0.25	small real effect	2000	both_pass	0	0.00000000	0.00000000	1180.214	$97.96-$102.68	$99.60-$104.40 (cap $360.00)	NA	NA	NA	NA	NA	NA	NA	NA	NA	NA	NA	NA	NA	NA	NA	NA	NA	NA	NA	NA	NA
120	120	60	300	0.50	union	anytime	0.70	0.40	0.40	0.30	real effect	2000	fp_passes_fn_fails	178	0.08900000	0.00636706	299.245	$24.84-$26.03	$24.90-$26.10 (cap $90.00)	0.2007	0.2029	0.2087	0.2220	0.2391	0.2701	0.3151	-0.2222	-0.0986	-0.0525	0.0097	0.0536	0.1112	0.1774	0.4498	0.5309	0.5489	0.5697	0.6020	0.6264	0.6680
120	120	60	300	0.50	union	anytime	0.70	0.40	0.40	0.30	real effect	2000	fn_passes_fp_fails	0	0.00000000	0.00000000	299.245	$24.84-$26.03	$24.90-$26.10 (cap $90.00)	NA	NA	NA	NA	NA	NA	NA	NA	NA	NA	NA	NA	NA	NA	NA	NA	NA	NA	NA	NA	NA
120	120	60	300	0.50	union	anytime	0.70	0.40	0.40	0.30	real effect	2000	neither_passes	1815	0.90750000	0.00647857	299.245	$24.84-$26.03	$24.90-$26.10 (cap $90.00)	-0.1213	0.0124	0.0538	0.1010	0.1435	0.1722	0.1999	-0.3330	-0.1739	-0.1224	-0.0667	-0.0117	0.0428	0.1975	0.2339	0.3771	0.4178	0.4650	0.5072	0.5420	0.6243
120	120	60	300	0.50	union	anytime	0.70	0.40	0.40	0.30	real effect	2000	both_pass	0	0.00000000	0.00000000	299.245	$24.84-$26.03	$24.90-$26.10 (cap $90.00)	NA	NA	NA	NA	NA	NA	NA	NA	NA	NA	NA	NA	NA	NA	NA	NA	NA	NA	NA	NA	NA
120	120	60	300	0.50	direct	anytime	0.70	0.40	0.40	0.30	real effect	2000	fp_passes_fn_fails	157	0.07850000	0.00601406	298.171	$24.75-$25.94	$24.90-$26.10 (cap $90.00)	0.2007	0.2031	0.2084	0.2212	0.2388	0.2682	0.3151	-0.1857	-0.0329	0.0176	0.0761	0.1219	0.1509	0.1846	0.4498	0.5279	0.5480	0.5690	0.6028	0.6274	0.6680
120	120	60	300	0.50	direct	anytime	0.70	0.40	0.40	0.30	real effect	2000	fn_passes_fp_fails	59	0.02950000	0.00378350	298.171	$24.75-$25.94	$24.90-$26.10 (cap $90.00)	0.0135	0.0663	0.0965	0.1250	0.1612	0.1839	0.1917	0.2001	0.2055	0.2125	0.2278	0.2377	0.2694	0.3636	0.3593	0.4054	0.4469	0.4897	0.5232	0.5533	0.5887
120	120	60	300	0.50	direct	anytime	0.70	0.40	0.40	0.30	real effect	2000	neither_passes	1749	0.87450000	0.00740776	298.171	$24.75-$25.94	$24.90-$26.10 (cap $90.00)	-0.1213	0.0116	0.0528	0.0992	0.1424	0.1703	0.1999	-0.3159	-0.0983	-0.0435	0.0199	0.0800	0.1323	0.2000	0.2339	0.3764	0.4172	0.4636	0.5062	0.5408	0.6243
120	120	60	300	0.50	direct	anytime	0.70	0.40	0.40	0.30	real effect	2000	both_pass	0	0.00000000	0.00000000	298.171	$24.75-$25.94	$24.90-$26.10 (cap $90.00)	NA	NA	NA	NA	NA	NA	NA	NA	NA	NA	NA	NA	NA	NA	NA	NA	NA	NA	NA	NA	NA
100	100	100	300	1.00	union	anytime	0.70	0.40	0.40	0.30	real effect	2000	fp_passes_fn_fails	131	0.06550000	0.00553217	298.833	$24.80-$26.00	$24.90-$26.10 (cap $90.00)	0.2001	0.2039	0.2096	0.2228	0.2462	0.2712	0.3482	-0.1357	-0.0567	-0.0177	0.0226	0.0767	0.1203	0.1877	0.5043	0.5550	0.5726	0.5991	0.6300	0.6618	0.7237
100	100	100	300	1.00	union	anytime	0.70	0.40	0.40	0.30	real effect	2000	fn_passes_fp_fails	0	0.00000000	0.00000000	298.833	$24.80-$26.00	$24.90-$26.10 (cap $90.00)	NA	NA	NA	NA	NA	NA	NA	NA	NA	NA	NA	NA	NA	NA	NA	NA	NA	NA	NA	NA	NA
100	100	100	300	1.00	union	anytime	0.70	0.40	0.40	0.30	real effect	2000	neither_passes	1858	0.92900000	0.00574278	298.833	$24.80-$26.00	$24.90-$26.10 (cap $90.00)	-0.1832	-0.0076	0.0377	0.0853	0.1335	0.1657	0.1999	-0.2829	-0.1420	-0.0962	-0.0366	0.0196	0.0663	0.1951	0.2359	0.3873	0.4323	0.4805	0.5258	0.5638	0.6545
100	100	100	300	1.00	union	anytime	0.70	0.40	0.40	0.30	real effect	2000	both_pass	0	0.00000000	0.00000000	298.833	$24.80-$26.00	$24.90-$26.10 (cap $90.00)	NA	NA	NA	NA	NA	NA	NA	NA	NA	NA	NA	NA	NA	NA	NA	NA	NA	NA	NA	NA	NA
100	100	100	300	1.00	direct	anytime	0.70	0.40	0.40	0.30	real effect	2000	fp_passes_fn_fails	96	0.04800000	0.00477996	296.269	$24.59-$25.78	$24.90-$26.10 (cap $90.00)	0.2013	0.2062	0.2104	0.2230	0.2432	0.2656	0.3263	-0.0335	0.0552	0.0905	0.1301	0.1545	0.1720	0.1971	0.5043	0.5533	0.5739	0.5983	0.6284	0.6617	0.7237
100	100	100	300	1.00	direct	anytime	0.70	0.40	0.40	0.30	real effect	2000	fn_passes_fp_fails	111	0.05550000	0.00511956	296.269	$24.59-$25.78	$24.90-$26.10 (cap $90.00)	-0.0447	0.0641	0.0901	0.1230	0.1514	0.1717	0.1920	0.2002	0.2033	0.2110	0.2261	0.2397	0.2546	0.3034	0.3407	0.4311	0.4716	0.5111	0.5331	0.5672	0.6108
100	100	100	300	1.00	direct	anytime	0.70	0.40	0.40	0.30	real effect	2000	neither_passes	1726	0.86300000	0.00768866	296.269	$24.59-$25.78	$24.90-$26.10 (cap $90.00)	-0.1832	-0.0108	0.0341	0.0812	0.1297	0.1611	0.1999	-0.1613	-0.0175	0.0278	0.0798	0.1277	0.1643	0.1998	0.2359	0.3849	0.4288	0.4773	0.5233	0.5608	0.6545
100	100	100	300	1.00	direct	anytime	0.70	0.40	0.40	0.30	real effect	2000	both_pass	0	0.00000000	0.00000000	296.269	$24.59-$25.78	$24.90-$26.10 (cap $90.00)	NA	NA	NA	NA	NA	NA	NA	NA	NA	NA	NA	NA	NA	NA	NA	NA	NA	NA	NA	NA	NA
75	75	150	300	2.00	union	anytime	0.70	0.40	0.40	0.30	real effect	2000	fp_passes_fn_fails	89	0.04450000	0.00461084	299.096	$24.82-$26.02	$24.90-$26.10 (cap $90.00)	0.2000	0.2048	0.2100	0.2236	0.2422	0.2743	0.3328	-0.1222	-0.0304	0.0108	0.0527	0.0976	0.1256	0.1941	0.5591	0.5997	0.6185	0.6395	0.6773	0.7050	0.7635
75	75	150	300	2.00	union	anytime	0.70	0.40	0.40	0.30	real effect	2000	fn_passes_fp_fails	2	0.00100000	0.00070675	299.096	$24.82-$26.02	$24.90-$26.10 (cap $90.00)	0.1331	0.1381	0.1457	0.1583	0.1708	0.1784	0.1834	0.2145	0.2157	0.2175	0.2205	0.2234	0.2252	0.2264	0.5124	0.5284	0.5525	0.5925	0.6326	0.6567	0.6727
75	75	150	300	2.00	union	anytime	0.70	0.40	0.40	0.30	real effect	2000	neither_passes	1900	0.95000000	0.00487340	299.096	$24.82-$26.02	$24.90-$26.10 (cap $90.00)	-0.2171	-0.0551	0.0020	0.0606	0.1110	0.1529	0.1995	-0.2635	-0.1337	-0.0855	-0.0331	0.0191	0.0621	0.1932	0.2528	0.3986	0.4519	0.5068	0.5587	0.5969	0.7083
75	75	150	300	2.00	union	anytime	0.70	0.40	0.40	0.30	real effect	2000	both_pass	0	0.00000000	0.00000000	299.096	$24.82-$26.02	$24.90-$26.10 (cap $90.00)	NA	NA	NA	NA	NA	NA	NA	NA	NA	NA	NA	NA	NA	NA	NA	NA	NA	NA	NA	NA	NA
75	75	150	300	2.00	direct	anytime	0.70	0.40	0.40	0.30	real effect	2000	fp_passes_fn_fails	52	0.02600000	0.00355837	297.622	$24.70-$25.89	$24.90-$26.10 (cap $90.00)	0.2000	0.2050	0.2097	0.2220	0.2355	0.2479	0.2744	0.0047	0.0755	0.1062	0.1345	0.1536	0.1766	0.1913	0.5591	0.5911	0.6092	0.6379	0.6710	0.7071	0.7340
75	75	150	300	2.00	direct	anytime	0.70	0.40	0.40	0.30	real effect	2000	fn_passes_fp_fails	76	0.03800000	0.00427528	297.622	$24.70-$25.89	$24.90-$26.10 (cap $90.00)	-0.0337	0.0519	0.1041	0.1243	0.1576	0.1767	0.1955	0.2002	0.2017	0.2085	0.2180	0.2359	0.2704	0.3288	0.4194	0.4975	0.5214	0.5547	0.5984	0.6281	0.7004
75	75	150	300	2.00	direct	anytime	0.70	0.40	0.40	0.30	real effect	2000	neither_passes	1818	0.90900000	0.00643114	297.622	$24.70-$25.89	$24.90-$26.10 (cap $90.00)	-0.2171	-0.0569	-0.0008	0.0580	0.1051	0.1449	0.1990	-0.1172	-0.0050	0.0375	0.0879	0.1306	0.1606	0.1999	0.2528	0.3959	0.4490	0.5039	0.5549	0.5944	0.7083
75	75	150	300	2.00	direct	anytime	0.70	0.40	0.40	0.30	real effect	2000	both_pass	0	0.00000000	0.00000000	297.622	$24.70-$25.89	$24.90-$26.10 (cap $90.00)	NA	NA	NA	NA	NA	NA	NA	NA	NA	NA	NA	NA	NA	NA	NA	NA	NA	NA	NA	NA	NA
480	480	240	1200	0.50	union	anytime	0.70	0.40	0.40	0.30	real effect	2000	fp_passes_fn_fails	889	0.44450000	0.01111125	1190.162	$98.78-$103.54	$99.60-$104.40 (cap $360.00)	0.2000	0.2043	0.2108	0.2240	0.2400	0.2587	0.3071	-0.0112	0.0564	0.0813	0.1104	0.1410	0.1668	0.1979	0.3684	0.4005	0.4100	0.4266	0.4454	0.4637	0.5146
480	480	240	1200	0.50	union	anytime	0.70	0.40	0.40	0.30	real effect	2000	fn_passes_fp_fails	7	0.00350000	0.00132056	1190.162	$98.78-$103.54	$99.60-$104.40 (cap $360.00)	0.1622	0.1632	0.1727	0.1833	0.1898	0.1937	0.1948	0.2002	0.2014	0.2028	0.2080	0.2140	0.2168	0.2191	0.3811	0.3861	0.3895	0.3918	0.3943	0.4030	0.4147
480	480	240	1200	0.50	union	anytime	0.70	0.40	0.40	0.30	real effect	2000	neither_passes	1064	0.53200000	0.01115742	1190.162	$98.78-$103.54	$99.60-$104.40 (cap $360.00)	0.0396	0.1358	0.1526	0.1736	0.1873	0.1950	0.2000	-0.0961	0.0219	0.0528	0.0821	0.1151	0.1424	0.1984	0.2637	0.3370	0.3541	0.3740	0.3898	0.4042	0.4481
480	480	240	1200	0.50	union	anytime	0.70	0.40	0.40	0.30	real effect	2000	both_pass	0	0.00000000	0.00000000	1190.162	$98.78-$103.54	$99.60-$104.40 (cap $360.00)	NA	NA	NA	NA	NA	NA	NA	NA	NA	NA	NA	NA	NA	NA	NA	NA	NA	NA	NA	NA	NA
480	480	240	1200	0.50	direct	anytime	0.70	0.40	0.40	0.30	real effect	2000	fp_passes_fn_fails	621	0.31050000	0.01034625	1120.370	$92.99-$97.47	$99.60-$104.40 (cap $360.00)	0.2000	0.2037	0.2094	0.2219	0.2371	0.2560	0.2988	0.0102	0.0973	0.1287	0.1530	0.1745	0.1862	0.1991	0.3782	0.4004	0.4085	0.4249	0.4430	0.4596	0.5081
480	480	240	1200	0.50	direct	anytime	0.70	0.40	0.40	0.30	real effect	2000	fn_passes_fp_fails	140	0.07000000	0.00570526	1120.370	$92.99-$97.47	$99.60-$104.40 (cap $360.00)	0.1178	0.1491	0.1621	0.1762	0.1887	0.1950	0.1991	0.2002	0.2044	0.2088	0.2186	0.2366	0.2517	0.2825	0.3026	0.3458	0.3630	0.3775	0.3912	0.4087	0.4453
480	480	240	1200	0.50	direct	anytime	0.70	0.40	0.40	0.30	real effect	2000	neither_passes	921	0.46050000	0.01114540	1120.370	$92.99-$97.47	$99.60-$104.40 (cap $360.00)	0.0396	0.1345	0.1512	0.1728	0.1869	0.1947	0.2000	-0.0945	0.0760	0.1065	0.1367	0.1643	0.1830	0.1997	0.2637	0.3350	0.3532	0.3730	0.3888	0.4031	0.4481
480	480	240	1200	0.50	direct	anytime	0.70	0.40	0.40	0.30	real effect	2000	both_pass	0	0.00000000	0.00000000	1120.370	$92.99-$97.47	$99.60-$104.40 (cap $360.00)	NA	NA	NA	NA	NA	NA	NA	NA	NA	NA	NA	NA	NA	NA	NA	NA	NA	NA	NA	NA	NA
400	400	400	1200	1.00	union	anytime	0.70	0.40	0.40	0.30	real effect	2000	fp_passes_fn_fails	752	0.37600000	0.01083107	1190.886	$98.84-$103.61	$99.60-$104.40 (cap $360.00)	0.2000	0.2038	0.2104	0.2228	0.2385	0.2537	0.3041	-0.0088	0.0826	0.1080	0.1319	0.1561	0.1755	0.1961	0.3741	0.4136	0.4262	0.4424	0.4625	0.4810	0.5854
400	400	400	1200	1.00	union	anytime	0.70	0.40	0.40	0.30	real effect	2000	fn_passes_fp_fails	7	0.00350000	0.00132056	1190.886	$98.84-$103.61	$99.60-$104.40 (cap $360.00)	0.1590	0.1596	0.1600	0.1626	0.1776	0.1899	0.1988	0.2002	0.2020	0.2055	0.2105	0.2162	0.2213	0.2259	0.3575	0.3685	0.3802	0.3891	0.4119	0.4254	0.4336
400	400	400	1200	1.00	union	anytime	0.70	0.40	0.40	0.30	real effect	2000	neither_passes	1196	0.59800000	0.01096348	1190.886	$98.84-$103.61	$99.60-$104.40 (cap $360.00)	0.0361	0.1206	0.1429	0.1673	0.1841	0.1936	0.1999	-0.0374	0.0496	0.0745	0.1020	0.1276	0.1526	0.1999	0.2527	0.3377	0.3583	0.3840	0.4028	0.4165	0.4702
400	400	400	1200	1.00	union	anytime	0.70	0.40	0.40	0.30	real effect	2000	both_pass	0	0.00000000	0.00000000	1190.886	$98.84-$103.61	$99.60-$104.40 (cap $360.00)	NA	NA	NA	NA	NA	NA	NA	NA	NA	NA	NA	NA	NA	NA	NA	NA	NA	NA	NA	NA	NA
400	400	400	1200	1.00	direct	anytime	0.70	0.40	0.40	0.30	real effect	2000	fp_passes_fn_fails	326	0.16300000	0.00825927	1078.283	$89.50-$93.81	$99.60-$104.40 (cap $360.00)	0.2001	0.2030	0.2091	0.2185	0.2335	0.2444	0.2884	0.0920	0.1448	0.1591	0.1760	0.1872	0.1934	0.1995	0.3848	0.4096	0.4225	0.4378	0.4576	0.4694	0.5324
400	400	400	1200	1.00	direct	anytime	0.70	0.40	0.40	0.30	real effect	2000	fn_passes_fp_fails	273	0.13650000	0.00767684	1078.283	$89.50-$93.81	$99.60-$104.40 (cap $360.00)	0.0888	0.1433	0.1604	0.1755	0.1872	0.1944	0.1994	0.2001	0.2031	0.2087	0.2187	0.2342	0.2495	0.2942	0.2842	0.3548	0.3747	0.3902	0.4066	0.4188	0.4567
400	400	400	1200	1.00	direct	anytime	0.70	0.40	0.40	0.30	real effect	2000	neither_passes	906	0.45300000	0.01113084	1078.283	$89.50-$93.81	$99.60-$104.40 (cap $360.00)	0.0361	0.1131	0.1366	0.1630	0.1811	0.1919	0.1999	0.0322	0.1212	0.1426	0.1629	0.1812	0.1918	0.1998	0.2527	0.3337	0.3538	0.3792	0.4000	0.4132	0.4560
400	400	400	1200	1.00	direct	anytime	0.70	0.40	0.40	0.30	real effect	2000	both_pass	0	0.00000000	0.00000000	1078.283	$89.50-$93.81	$99.60-$104.40 (cap $360.00)	NA	NA	NA	NA	NA	NA	NA	NA	NA	NA	NA	NA	NA	NA	NA	NA	NA	NA	NA	NA	NA
300	300	600	1200	2.00	union	anytime	0.70	0.40	0.40	0.30	real effect	2000	fp_passes_fn_fails	522	0.26100000	0.00982036	1187.696	$98.58-$103.33	$99.60-$104.40 (cap $360.00)	0.2000	0.2035	0.2085	0.2229	0.2416	0.2574	0.3324	0.0266	0.0920	0.1173	0.1429	0.1681	0.1853	0.1994	0.3954	0.4318	0.4503	0.4684	0.4888	0.5122	0.5828
300	300	600	1200	2.00	union	anytime	0.70	0.40	0.40	0.30	real effect	2000	fn_passes_fp_fails	15	0.00750000	0.00192922	1187.696	$98.58-$103.33	$99.60-$104.40 (cap $360.00)	0.1243	0.1480	0.1663	0.1802	0.1871	0.1935	0.2000	0.2003	0.2005	0.2025	0.2062	0.2127	0.2190	0.2239	0.3530	0.3914	0.4078	0.4303	0.4439	0.4512	0.4548
300	300	600	1200	2.00	union	anytime	0.70	0.40	0.40	0.30	real effect	2000	neither_passes	1409	0.70450000	0.01020244	1187.696	$98.58-$103.33	$99.60-$104.40 (cap $360.00)	0.0221	0.1009	0.1301	0.1554	0.1778	0.1912	0.2000	-0.0382	0.0521	0.0805	0.1070	0.1334	0.1561	0.1995	0.2738	0.3459	0.3739	0.4023	0.4238	0.4424	0.5069
300	300	600	1200	2.00	union	anytime	0.70	0.40	0.40	0.30	real effect	2000	both_pass	0	0.00000000	0.00000000	1187.696	$98.58-$103.33	$99.60-$104.40 (cap $360.00)	NA	NA	NA	NA	NA	NA	NA	NA	NA	NA	NA	NA	NA	NA	NA	NA	NA	NA	NA	NA	NA
300	300	600	1200	2.00	direct	anytime	0.70	0.40	0.40	0.30	real effect	2000	fp_passes_fn_fails	136	0.06800000	0.00562921	1080.202	$89.66-$93.98	$99.60-$104.40 (cap $360.00)	0.2000	0.2021	0.2058	0.2165	0.2332	0.2442	0.3324	0.1027	0.1468	0.1638	0.1769	0.1883	0.1960	0.1996	0.4107	0.4283	0.4454	0.4617	0.4806	0.5014	0.5828
300	300	600	1200	2.00	direct	anytime	0.70	0.40	0.40	0.30	real effect	2000	fn_passes_fp_fails	411	0.20550000	0.00903520	1080.202	$89.66-$93.98	$99.60-$104.40 (cap $360.00)	0.0810	0.1255	0.1467	0.1671	0.1825	0.1909	0.2000	0.2000	0.2031	0.2076	0.2177	0.2318	0.2482	0.3003	0.3127	0.3688	0.3896	0.4097	0.4279	0.4427	0.5069
300	300	600	1200	2.00	direct	anytime	0.70	0.40	0.40	0.30	real effect	2000	neither_passes	964	0.48200000	0.01117309	1080.202	$89.66-$93.98	$99.60-$104.40 (cap $360.00)	0.0221	0.0932	0.1200	0.1470	0.1712	0.1871	0.2000	0.0564	0.1290	0.1479	0.1679	0.1845	0.1932	0.1999	0.2738	0.3381	0.3669	0.3934	0.4184	0.4383	0.4886
300	300	600	1200	2.00	direct	anytime	0.70	0.40	0.40	0.30	real effect	2000	both_pass	0	0.00000000	0.00000000	1080.202	$89.66-$93.98	$99.60-$104.40 (cap $360.00)	NA	NA	NA	NA	NA	NA	NA	NA	NA	NA	NA	NA	NA	NA	NA	NA	NA	NA	NA	NA	NA
120	120	60	300	0.50	union	anytime	0.80	0.40	0.40	0.40	real effect	2000	fp_passes_fn_fails	1093	0.54650000	0.01113189	295.933	$24.56-$25.75	$24.90-$26.10 (cap $90.00)	0.2000	0.2100	0.2239	0.2514	0.2885	0.3203	0.4203	-0.1732	-0.0382	0.0117	0.0643	0.1179	0.1535	0.1969	0.4645	0.5376	0.5632	0.5964	0.6283	0.6579	0.7646
120	120	60	300	0.50	union	anytime	0.80	0.40	0.40	0.40	real effect	2000	fn_passes_fp_fails	12	0.00600000	0.00172685	295.933	$24.56-$25.75	$24.90-$26.10 (cap $90.00)	0.0650	0.1183	0.1526	0.1754	0.1908	0.1922	0.1930	0.2011	0.2015	0.2073	0.2160	0.2327	0.2350	0.2521	0.4403	0.4422	0.4718	0.5291	0.5415	0.5508	0.5619
120	120	60	300	0.50	union	anytime	0.80	0.40	0.40	0.40	real effect	2000	neither_passes	800	0.40000000	0.01095445	295.933	$24.56-$25.75	$24.90-$26.10 (cap $90.00)	-0.0143	0.0998	0.1311	0.1634	0.1839	0.1936	0.2000	-0.2340	-0.0783	-0.0318	0.0225	0.0772	0.1272	0.1982	0.3529	0.4481	0.4766	0.5067	0.5373	0.5622	0.6555
120	120	60	300	0.50	union	anytime	0.80	0.40	0.40	0.40	real effect	2000	both_pass	0	0.00000000	0.00000000	295.933	$24.56-$25.75	$24.90-$26.10 (cap $90.00)	NA	NA	NA	NA	NA	NA	NA	NA	NA	NA	NA	NA	NA	NA	NA	NA	NA	NA	NA	NA	NA
120	120	60	300	0.50	direct	anytime	0.80	0.40	0.40	0.40	real effect	2000	fp_passes_fn_fails	732	0.36600000	0.01077135	281.171	$23.34-$24.46	$24.90-$26.10 (cap $90.00)	0.2000	0.2098	0.2219	0.2473	0.2813	0.3101	0.3877	-0.1115	0.0266	0.0646	0.1165	0.1542	0.1792	0.1999	0.4748	0.5361	0.5594	0.5916	0.6250	0.6553	0.7438
120	120	60	300	0.50	direct	anytime	0.80	0.40	0.40	0.40	real effect	2000	fn_passes_fp_fails	135	0.06750000	0.00560998	281.171	$23.34-$24.46	$24.90-$26.10 (cap $90.00)	-0.0143	0.1197	0.1403	0.1677	0.1838	0.1904	0.1983	0.2003	0.2062	0.2166	0.2392	0.2645	0.2999	0.4047	0.3529	0.4512	0.4782	0.5035	0.5367	0.5585	0.5842
120	120	60	300	0.50	direct	anytime	0.80	0.40	0.40	0.40	real effect	2000	neither_passes	667	0.33350000	0.01054224	281.171	$23.34-$24.46	$24.90-$26.10 (cap $90.00)	0.0092	0.0954	0.1285	0.1594	0.1830	0.1936	0.2000	-0.1665	-0.0155	0.0394	0.0945	0.1449	0.1727	0.1997	0.3552	0.4463	0.4755	0.5078	0.5372	0.5607	0.6555
120	120	60	300	0.50	direct	anytime	0.80	0.40	0.40	0.40	real effect	2000	both_pass	0	0.00000000	0.00000000	281.171	$23.34-$24.46	$24.90-$26.10 (cap $90.00)	NA	NA	NA	NA	NA	NA	NA	NA	NA	NA	NA	NA	NA	NA	NA	NA	NA	NA	NA	NA	NA
100	100	100	300	1.00	union	anytime	0.80	0.40	0.40	0.40	real effect	2000	fp_passes_fn_fails	898	0.44900000	0.01112203	295.284	$24.51-$25.69	$24.90-$26.10 (cap $90.00)	0.2001	0.2073	0.2193	0.2445	0.2756	0.3131	0.4255	-0.1512	0.0081	0.0497	0.0972	0.1363	0.1672	0.1994	0.4630	0.5589	0.5831	0.6141	0.6472	0.6774	0.7696
100	100	100	300	1.00	union	anytime	0.80	0.40	0.40	0.40	real effect	2000	fn_passes_fp_fails	13	0.00650000	0.00179691	295.284	$24.51-$25.69	$24.90-$26.10 (cap $90.00)	0.1251	0.1308	0.1350	0.1623	0.1759	0.1843	0.1990	0.2007	0.2036	0.2180	0.2250	0.2333	0.2440	0.2588	0.4527	0.4935	0.5178	0.5464	0.5604	0.5720	0.5770
100	100	100	300	1.00	union	anytime	0.80	0.40	0.40	0.40	real effect	2000	neither_passes	976	0.48800000	0.01117712	295.284	$24.51-$25.69	$24.90-$26.10 (cap $90.00)	-0.0354	0.0740	0.1166	0.1539	0.1774	0.1921	0.1998	-0.1632	-0.0348	0.0057	0.0538	0.0992	0.1411	0.1968	0.3517	0.4559	0.4945	0.5274	0.5568	0.5871	0.6614
100	100	100	300	1.00	union	anytime	0.80	0.40	0.40	0.40	real effect	2000	both_pass	0	0.00000000	0.00000000	295.284	$24.51-$25.69	$24.90-$26.10 (cap $90.00)	NA	NA	NA	NA	NA	NA	NA	NA	NA	NA	NA	NA	NA	NA	NA	NA	NA	NA	NA	NA	NA
100	100	100	300	1.00	direct	anytime	0.80	0.40	0.40	0.40	real effect	2000	fp_passes_fn_fails	321	0.16050000	0.00820792	264.188	$21.93-$22.98	$24.90-$26.10 (cap $90.00)	0.2001	0.2048	0.2122	0.2344	0.2634	0.2908	0.3821	-0.0340	0.1014	0.1306	0.1586	0.1776	0.1887	0.1997	0.4977	0.5562	0.5797	0.6070	0.6407	0.6678	0.7366
100	100	100	300	1.00	direct	anytime	0.80	0.40	0.40	0.40	real effect	2000	fn_passes_fp_fails	322	0.16100000	0.00821824	264.188	$21.93-$22.98	$24.90-$26.10 (cap $90.00)	-0.0055	0.1011	0.1321	0.1602	0.1800	0.1926	0.1998	0.2001	0.2065	0.2139	0.2349	0.2631	0.2901	0.3938	0.3667	0.4672	0.5030	0.5310	0.5602	0.5895	0.6614
100	100	100	300	1.00	direct	anytime	0.80	0.40	0.40	0.40	real effect	2000	neither_passes	617	0.30850000	0.01032782	264.188	$21.93-$22.98	$24.90-$26.10 (cap $90.00)	-0.0354	0.0621	0.1067	0.1430	0.1706	0.1873	0.1996	-0.0372	0.0686	0.1080	0.1443	0.1721	0.1897	0.1999	0.3517	0.4499	0.4874	0.5217	0.5518	0.5806	0.6593
100	100	100	300	1.00	direct	anytime	0.80	0.40	0.40	0.40	real effect	2000	both_pass	0	0.00000000	0.00000000	264.188	$21.93-$22.98	$24.90-$26.10 (cap $90.00)	NA	NA	NA	NA	NA	NA	NA	NA	NA	NA	NA	NA	NA	NA	NA	NA	NA	NA	NA	NA	NA
75	75	150	300	2.00	union	anytime	0.80	0.40	0.40	0.40	real effect	2000	fp_passes_fn_fails	576	0.28800000	0.01012561	295.274	$24.51-$25.69	$24.90-$26.10 (cap $90.00)	0.2001	0.2055	0.2166	0.2378	0.2675	0.3058	0.3936	-0.1189	0.0272	0.0672	0.1068	0.1466	0.1716	0.1998	0.5358	0.5965	0.6236	0.6548	0.6882	0.7175	0.8264
75	75	150	300	2.00	union	anytime	0.80	0.40	0.40	0.40	real effect	2000	fn_passes_fp_fails	23	0.01150000	0.00238409	295.274	$24.51-$25.69	$24.90-$26.10 (cap $90.00)	0.0747	0.1085	0.1470	0.1578	0.1778	0.1825	0.1914	0.2017	0.2020	0.2092	0.2211	0.2372	0.2518	0.2807	0.4683	0.5300	0.5493	0.5904	0.6109	0.6270	0.6771
75	75	150	300	2.00	union	anytime	0.80	0.40	0.40	0.40	real effect	2000	neither_passes	1267	0.63350000	0.01077445	295.274	$24.51-$25.69	$24.90-$26.10 (cap $90.00)	-0.0965	0.0452	0.0874	0.1309	0.1643	0.1855	0.1999	-0.1779	-0.0333	0.0153	0.0607	0.1055	0.1428	0.1996	0.3225	0.4778	0.5153	0.5575	0.5988	0.6318	0.7246
75	75	150	300	2.00	union	anytime	0.80	0.40	0.40	0.40	real effect	2000	both_pass	0	0.00000000	0.00000000	295.274	$24.51-$25.69	$24.90-$26.10 (cap $90.00)	NA	NA	NA	NA	NA	NA	NA	NA	NA	NA	NA	NA	NA	NA	NA	NA	NA	NA	NA	NA	NA
75	75	150	300	2.00	direct	anytime	0.80	0.40	0.40	0.40	real effect	2000	fp_passes_fn_fails	159	0.07950000	0.00604896	275.008	$22.83-$23.93	$24.90-$26.10 (cap $90.00)	0.2001	0.2028	0.2101	0.2246	0.2608	0.2915	0.3575	0.0185	0.1144	0.1416	0.1639	0.1780	0.1902	0.1992	0.5358	0.5928	0.6118	0.6466	0.6788	0.7194	0.7779
75	75	150	300	2.00	direct	anytime	0.80	0.40	0.40	0.40	real effect	2000	fn_passes_fp_fails	444	0.22200000	0.00929290	275.008	$22.83-$23.93	$24.90-$26.10 (cap $90.00)	-0.0388	0.0693	0.1113	0.1447	0.1708	0.1847	0.1991	0.2000	0.2046	0.2136	0.2313	0.2557	0.2839	0.3671	0.3954	0.4920	0.5268	0.5653	0.6041	0.6320	0.7246
75	75	150	300	2.00	direct	anytime	0.80	0.40	0.40	0.40	real effect	2000	neither_passes	797	0.39850000	0.01094755	275.008	$22.83-$23.93	$24.90-$26.10 (cap $90.00)	-0.0965	0.0266	0.0721	0.1167	0.1546	0.1815	0.1999	-0.0732	0.0809	0.1151	0.1498	0.1748	0.1901	0.1998	0.3225	0.4666	0.5085	0.5490	0.5896	0.6240	0.7126
75	75	150	300	2.00	direct	anytime	0.80	0.40	0.40	0.40	real effect	2000	both_pass	0	0.00000000	0.00000000	275.008	$22.83-$23.93	$24.90-$26.10 (cap $90.00)	NA	NA	NA	NA	NA	NA	NA	NA	NA	NA	NA	NA	NA	NA	NA	NA	NA	NA	NA	NA	NA
480	480	240	1200	0.50	union	anytime	0.80	0.40	0.40	0.40	real effect	2000	fp_passes_fn_fails	779	0.38950000	0.01090389	911.088	$75.62-$79.26	$99.60-$104.40 (cap $360.00)	0.2004	0.2460	0.2691	0.2905	0.3100	0.3315	0.4330	0.0375	0.1248	0.1497	0.1709	0.1857	0.1938	0.2000	0.3750	0.4314	0.4552	0.4798	0.5048	0.5266	0.6416
480	480	240	1200	0.50	union	anytime	0.80	0.40	0.40	0.40	real effect	2000	fn_passes_fp_fails	1	0.00050000	0.00049987	911.088	$75.62-$79.26	$99.60-$104.40 (cap $360.00)	0.1950	0.1950	0.1950	0.1950	0.1950	0.1950	0.1950	0.2136	0.2136	0.2136	0.2136	0.2136	0.2136	0.2136	0.3961	0.3961	0.3961	0.3961	0.3961	0.3961	0.3961
480	480	240	1200	0.50	union	anytime	0.80	0.40	0.40	0.40	real effect	2000	neither_passes	5	0.00250000	0.00111664	911.088	$75.62-$79.26	$99.60-$104.40 (cap $360.00)	0.1871	0.1878	0.1889	0.1921	0.1943	0.1970	0.1988	0.0987	0.1178	0.1464	0.1475	0.1780	0.1807	0.1824	0.3607	0.3656	0.3730	0.3845	0.3999	0.4022	0.4037
480	480	240	1200	0.50	union	anytime	0.80	0.40	0.40	0.40	real effect	2000	both_pass	0	0.00000000	0.00000000	911.088	$75.62-$79.26	$99.60-$104.40 (cap $360.00)	NA	NA	NA	NA	NA	NA	NA	NA	NA	NA	NA	NA	NA	NA	NA	NA	NA	NA	NA	NA	NA
480	480	240	1200	0.50	direct	anytime	0.80	0.40	0.40	0.40	real effect	2000	fp_passes_fn_fails	154	0.07700000	0.00596117	561.435	$46.60-$48.84	$99.60-$104.40 (cap $360.00)	0.2004	0.2340	0.2564	0.2782	0.3051	0.3295	0.4330	0.0831	0.1489	0.1676	0.1823	0.1913	0.1964	0.1997	0.3820	0.4271	0.4399	0.4713	0.5004	0.5289	0.6416
480	480	240	1200	0.50	direct	anytime	0.80	0.40	0.40	0.40	real effect	2000	fn_passes_fp_fails	3	0.00150000	0.00086538	561.435	$46.60-$48.84	$99.60-$104.40 (cap $360.00)	0.1889	0.1896	0.1905	0.1921	0.1935	0.1944	0.1950	0.2350	0.2399	0.2471	0.2592	0.2627	0.2648	0.2662	0.3730	0.3753	0.3788	0.3845	0.3903	0.3937	0.3961
480	480	240	1200	0.50	direct	anytime	0.80	0.40	0.40	0.40	real effect	2000	neither_passes	2	0.00100000	0.00070675	561.435	$46.60-$48.84	$99.60-$104.40 (cap $360.00)	0.1871	0.1878	0.1889	0.1907	0.1925	0.1936	0.1943	0.1817	0.1831	0.1853	0.1889	0.1925	0.1947	0.1962	0.3607	0.3650	0.3714	0.3822	0.3930	0.3994	0.4037
480	480	240	1200	0.50	direct	anytime	0.80	0.40	0.40	0.40	real effect	2000	both_pass	0	0.00000000	0.00000000	561.435	$46.60-$48.84	$99.60-$104.40 (cap $360.00)	NA	NA	NA	NA	NA	NA	NA	NA	NA	NA	NA	NA	NA	NA	NA	NA	NA	NA	NA	NA	NA
400	400	400	1200	1.00	union	anytime	0.80	0.40	0.40	0.40	real effect	2000	fp_passes_fn_fails	491	0.24550000	0.00962366	825.367	$68.51-$71.81	$99.60-$104.40 (cap $360.00)	0.2009	0.2333	0.2513	0.2753	0.2978	0.3210	0.3988	0.0625	0.1479	0.1630	0.1789	0.1911	0.1962	0.2000	0.3878	0.4353	0.4583	0.4799	0.5064	0.5304	0.6130
400	400	400	1200	1.00	union	anytime	0.80	0.40	0.40	0.40	real effect	2000	fn_passes_fp_fails	3	0.00150000	0.00086538	825.367	$68.51-$71.81	$99.60-$104.40 (cap $360.00)	0.1875	0.1880	0.1888	0.1901	0.1932	0.1951	0.1963	0.2245	0.2259	0.2281	0.2318	0.2561	0.2707	0.2804	0.3943	0.3949	0.3958	0.3973	0.4041	0.4082	0.4110
400	400	400	1200	1.00	union	anytime	0.80	0.40	0.40	0.40	real effect	2000	neither_passes	16	0.00800000	0.00199198	825.367	$68.51-$71.81	$99.60-$104.40 (cap $360.00)	0.1502	0.1800	0.1900	0.1938	0.1955	0.1976	0.1993	0.1116	0.1217	0.1570	0.1742	0.1830	0.1922	0.1981	0.3442	0.3755	0.3815	0.3946	0.4107	0.4223	0.4437
400	400	400	1200	1.00	union	anytime	0.80	0.40	0.40	0.40	real effect	2000	both_pass	0	0.00000000	0.00000000	825.367	$68.51-$71.81	$99.60-$104.40 (cap $360.00)	NA	NA	NA	NA	NA	NA	NA	NA	NA	NA	NA	NA	NA	NA	NA	NA	NA	NA	NA	NA	NA
400	400	400	1200	1.00	direct	anytime	0.80	0.40	0.40	0.40	real effect	2000	fp_passes_fn_fails	11	0.00550000	0.00165375	423.288	$35.13-$36.83	$99.60-$104.40 (cap $360.00)	0.2055	0.2083	0.2253	0.2522	0.2611	0.2690	0.3248	0.1468	0.1681	0.1767	0.1899	0.1953	0.1967	0.1973	0.3991	0.4229	0.4266	0.4578	0.4732	0.4859	0.4975
400	400	400	1200	1.00	direct	anytime	0.80	0.40	0.40	0.40	real effect	2000	fn_passes_fp_fails	15	0.00750000	0.00192922	423.288	$35.13-$36.83	$99.60-$104.40 (cap $360.00)	0.1502	0.1825	0.1896	0.1922	0.1947	0.1960	0.1963	0.2068	0.2172	0.2376	0.2521	0.2636	0.2959	0.3468	0.3442	0.3809	0.3885	0.3959	0.4096	0.4181	0.4437
400	400	400	1200	1.00	direct	anytime	0.80	0.40	0.40	0.40	real effect	2000	neither_passes	2	0.00100000	0.00070675	423.288	$35.13-$36.83	$99.60-$104.40 (cap $360.00)	0.1808	0.1827	0.1854	0.1900	0.1946	0.1974	0.1993	0.1884	0.1886	0.1888	0.1892	0.1896	0.1899	0.1900	0.3705	0.3756	0.3833	0.3961	0.4089	0.4166	0.4217
400	400	400	1200	1.00	direct	anytime	0.80	0.40	0.40	0.40	real effect	2000	both_pass	0	0.00000000	0.00000000	423.288	$35.13-$36.83	$99.60-$104.40 (cap $360.00)	NA	NA	NA	NA	NA	NA	NA	NA	NA	NA	NA	NA	NA	NA	NA	NA	NA	NA	NA	NA	NA
300	300	600	1200	2.00	union	anytime	0.80	0.40	0.40	0.40	real effect	2000	fp_passes_fn_fails	380	0.19000000	0.00877211	816.800	$67.79-$71.06	$99.60-$104.40 (cap $360.00)	0.2003	0.2169	0.2342	0.2578	0.2828	0.3092	0.3762	0.0854	0.1457	0.1630	0.1803	0.1917	0.1967	0.2000	0.4065	0.4463	0.4666	0.4946	0.5204	0.5475	0.6060
300	300	600	1200	2.00	union	anytime	0.80	0.40	0.40	0.40	real effect	2000	fn_passes_fp_fails	18	0.00900000	0.00211175	816.800	$67.79-$71.06	$99.60-$104.40 (cap $360.00)	0.1692	0.1745	0.1783	0.1870	0.1921	0.1931	0.1980	0.2010	0.2037	0.2130	0.2237	0.2333	0.2395	0.2754	0.3781	0.3917	0.4006	0.4178	0.4302	0.4428	0.4639
300	300	600	1200	2.00	union	anytime	0.80	0.40	0.40	0.40	real effect	2000	neither_passes	41	0.02050000	0.00316858	816.800	$67.79-$71.06	$99.60-$104.40 (cap $360.00)	0.1167	0.1318	0.1619	0.1779	0.1914	0.1977	0.1995	0.1095	0.1356	0.1456	0.1661	0.1792	0.1966	0.1991	0.3470	0.3773	0.3949	0.4177	0.4360	0.4490	0.4696
300	300	600	1200	2.00	union	anytime	0.80	0.40	0.40	0.40	real effect	2000	both_pass	0	0.00000000	0.00000000	816.800	$67.79-$71.06	$99.60-$104.40 (cap $360.00)	NA	NA	NA	NA	NA	NA	NA	NA	NA	NA	NA	NA	NA	NA	NA	NA	NA	NA	NA	NA	NA
300	300	600	1200	2.00	direct	anytime	0.80	0.40	0.40	0.40	real effect	2000	fp_passes_fn_fails	4	0.00200000	0.00099900	486.570	$40.39-$42.33	$99.60-$104.40 (cap $360.00)	0.2003	0.2074	0.2180	0.2255	0.2307	0.2372	0.2416	0.1677	0.1714	0.1771	0.1862	0.1933	0.1955	0.1970	0.4360	0.4377	0.4404	0.4638	0.4859	0.4864	0.4867
300	300	600	1200	2.00	direct	anytime	0.80	0.40	0.40	0.40	real effect	2000	fn_passes_fp_fails	55	0.02750000	0.00365676	486.570	$40.39-$42.33	$99.60-$104.40 (cap $360.00)	0.1167	0.1449	0.1659	0.1808	0.1915	0.1942	0.1995	0.2006	0.2186	0.2338	0.2577	0.2843	0.3002	0.3282	0.3470	0.3786	0.3948	0.4166	0.4343	0.4463	0.4696
300	300	600	1200	2.00	direct	anytime	0.80	0.40	0.40	0.40	real effect	2000	neither_passes	1	0.00050000	0.00049987	486.570	$40.39-$42.33	$99.60-$104.40 (cap $360.00)	0.1665	0.1665	0.1665	0.1665	0.1665	0.1665	0.1665	0.1993	0.1993	0.1993	0.1993	0.1993	0.1993	0.1993	0.4111	0.4111	0.4111	0.4111	0.4111	0.4111	0.4111
300	300	600	1200	2.00	direct	anytime	0.80	0.40	0.40	0.40	real effect	2000	both_pass	0	0.00000000	0.00000000	486.570	$40.39-$42.33	$99.60-$104.40 (cap $360.00)	NA	NA	NA	NA	NA	NA	NA	NA	NA	NA	NA	NA	NA	NA	NA	NA	NA	NA	NA	NA	NA
