n_full	n_placebo	n_null	total_epochs	null_per_pair	fn_construction	stopping	p_full	p_placebo	p_null	d	role	replicates	look	p_pass	p_cut	p_cant_tell_yet	se_pass	expected_pairs	expected_epochs	expected_spend	price_range
120	120	60	300	0.50	union	anytime	0.30	0.30	0.30	0.00	no-lift	20	1	0.00000	0.00000	1.00000	0.00000	1.000	2.000	$0.17-$0.17	$24.90-$26.10 (cap $90.00)
120	120	60	300	0.50	union	anytime	0.30	0.30	0.30	0.00	no-lift	20	120	0.00000	0.85000	0.15000	0.00000	64.200	160.250	$13.30-$13.94	$24.90-$26.10 (cap $90.00)
120	120	60	300	0.50	direct	anytime	0.30	0.30	0.30	0.00	no-lift	20	1	0.00000	0.00000	1.00000	0.00000	1.000	2.000	$0.17-$0.17	$24.90-$26.10 (cap $90.00)
120	120	60	300	0.50	direct	anytime	0.30	0.30	0.30	0.00	no-lift	20	120	0.00000	0.85000	0.15000	0.00000	64.200	160.250	$13.30-$13.94	$24.90-$26.10 (cap $90.00)
100	100	100	300	1.00	union	anytime	0.30	0.30	0.30	0.00	no-lift	20	1	0.00000	0.00000	1.00000	0.00000	1.000	3.000	$0.25-$0.26	$24.90-$26.10 (cap $90.00)
100	100	100	300	1.00	union	anytime	0.30	0.30	0.30	0.00	no-lift	20	100	0.00000	0.70000	0.30000	0.00000	61.800	185.400	$15.39-$16.13	$24.90-$26.10 (cap $90.00)
100	100	100	300	1.00	direct	anytime	0.30	0.30	0.30	0.00	no-lift	20	1	0.00000	0.00000	1.00000	0.00000	1.000	3.000	$0.25-$0.26	$24.90-$26.10 (cap $90.00)
100	100	100	300	1.00	direct	anytime	0.30	0.30	0.30	0.00	no-lift	20	100	0.00000	0.70000	0.30000	0.00000	61.800	185.400	$15.39-$16.13	$24.90-$26.10 (cap $90.00)
75	75	150	300	2.00	union	anytime	0.30	0.30	0.30	0.00	no-lift	20	1	0.00000	0.00000	1.00000	0.00000	1.000	4.000	$0.33-$0.35	$24.90-$26.10 (cap $90.00)
75	75	150	300	2.00	union	anytime	0.30	0.30	0.30	0.00	no-lift	20	75	0.00000	0.70000	0.30000	0.00000	54.950	219.800	$18.24-$19.12	$24.90-$26.10 (cap $90.00)
75	75	150	300	2.00	direct	anytime	0.30	0.30	0.30	0.00	no-lift	20	1	0.00000	0.00000	1.00000	0.00000	1.000	4.000	$0.33-$0.35	$24.90-$26.10 (cap $90.00)
75	75	150	300	2.00	direct	anytime	0.30	0.30	0.30	0.00	no-lift	20	75	0.00000	0.70000	0.30000	0.00000	54.950	219.800	$18.24-$19.12	$24.90-$26.10 (cap $90.00)
480	480	240	1200	0.50	union	anytime	0.30	0.30	0.30	0.00	no-lift	20	1	0.00000	0.00000	1.00000	0.00000	1.000	2.000	$0.17-$0.17	$99.60-$104.40 (cap $360.00)
480	480	240	1200	0.50	union	anytime	0.30	0.30	0.30	0.00	no-lift	20	480	0.00000	1.00000	0.00000	0.00000	78.050	194.800	$16.17-$16.95	$99.60-$104.40 (cap $360.00)
480	480	240	1200	0.50	direct	anytime	0.30	0.30	0.30	0.00	no-lift	20	1	0.00000	0.00000	1.00000	0.00000	1.000	2.000	$0.17-$0.17	$99.60-$104.40 (cap $360.00)
480	480	240	1200	0.50	direct	anytime	0.30	0.30	0.30	0.00	no-lift	20	480	0.00000	1.00000	0.00000	0.00000	78.050	194.800	$16.17-$16.95	$99.60-$104.40 (cap $360.00)
400	400	400	1200	1.00	union	anytime	0.30	0.30	0.30	0.00	no-lift	20	1	0.00000	0.00000	1.00000	0.00000	1.000	3.000	$0.25-$0.26	$99.60-$104.40 (cap $360.00)
400	400	400	1200	1.00	union	anytime	0.30	0.30	0.30	0.00	no-lift	20	400	0.00000	0.95000	0.05000	0.00000	138.450	415.350	$34.47-$36.14	$99.60-$104.40 (cap $360.00)
400	400	400	1200	1.00	direct	anytime	0.30	0.30	0.30	0.00	no-lift	20	1	0.00000	0.00000	1.00000	0.00000	1.000	3.000	$0.25-$0.26	$99.60-$104.40 (cap $360.00)
400	400	400	1200	1.00	direct	anytime	0.30	0.30	0.30	0.00	no-lift	20	400	0.00000	0.95000	0.05000	0.00000	138.450	415.350	$34.47-$36.14	$99.60-$104.40 (cap $360.00)
300	300	600	1200	2.00	union	anytime	0.30	0.30	0.30	0.00	no-lift	20	1	0.00000	0.00000	1.00000	0.00000	1.000	4.000	$0.33-$0.35	$99.60-$104.40 (cap $360.00)
300	300	600	1200	2.00	union	anytime	0.30	0.30	0.30	0.00	no-lift	20	300	0.00000	1.00000	0.00000	0.00000	92.850	371.400	$30.83-$32.31	$99.60-$104.40 (cap $360.00)
300	300	600	1200	2.00	direct	anytime	0.30	0.30	0.30	0.00	no-lift	20	1	0.00000	0.00000	1.00000	0.00000	1.000	4.000	$0.33-$0.35	$99.60-$104.40 (cap $360.00)
300	300	600	1200	2.00	direct	anytime	0.30	0.30	0.30	0.00	no-lift	20	300	0.00000	1.00000	0.00000	0.00000	92.850	371.400	$30.83-$32.31	$99.60-$104.40 (cap $360.00)
120	120	60	300	0.50	union	anytime	0.40	0.30	0.30	0.10	no-lift	20	1	0.00000	0.00000	1.00000	0.00000	1.000	2.000	$0.17-$0.17	$24.90-$26.10 (cap $90.00)
120	120	60	300	0.50	union	anytime	0.40	0.30	0.30	0.10	no-lift	20	120	0.00000	0.20000	0.80000	0.00000	104.500	261.200	$21.68-$22.72	$24.90-$26.10 (cap $90.00)
120	120	60	300	0.50	direct	anytime	0.40	0.30	0.30	0.10	no-lift	20	1	0.00000	0.00000	1.00000	0.00000	1.000	2.000	$0.17-$0.17	$24.90-$26.10 (cap $90.00)
120	120	60	300	0.50	direct	anytime	0.40	0.30	0.30	0.10	no-lift	20	120	0.00000	0.20000	0.80000	0.00000	104.500	261.200	$21.68-$22.72	$24.90-$26.10 (cap $90.00)
100	100	100	300	1.00	union	anytime	0.40	0.30	0.30	0.10	no-lift	20	1	0.00000	0.00000	1.00000	0.00000	1.000	3.000	$0.25-$0.26	$24.90-$26.10 (cap $90.00)
100	100	100	300	1.00	union	anytime	0.40	0.30	0.30	0.10	no-lift	20	100	0.00000	0.10000	0.90000	0.00000	94.900	284.700	$23.63-$24.77	$24.90-$26.10 (cap $90.00)
100	100	100	300	1.00	direct	anytime	0.40	0.30	0.30	0.10	no-lift	20	1	0.00000	0.00000	1.00000	0.00000	1.000	3.000	$0.25-$0.26	$24.90-$26.10 (cap $90.00)
100	100	100	300	1.00	direct	anytime	0.40	0.30	0.30	0.10	no-lift	20	100	0.00000	0.10000	0.90000	0.00000	94.900	284.700	$23.63-$24.77	$24.90-$26.10 (cap $90.00)
75	75	150	300	2.00	union	anytime	0.40	0.30	0.30	0.10	no-lift	20	1	0.00000	0.00000	1.00000	0.00000	1.000	4.000	$0.33-$0.35	$24.90-$26.10 (cap $90.00)
75	75	150	300	2.00	union	anytime	0.40	0.30	0.30	0.10	no-lift	20	75	0.00000	0.15000	0.85000	0.00000	68.050	272.200	$22.59-$23.68	$24.90-$26.10 (cap $90.00)
75	75	150	300	2.00	direct	anytime	0.40	0.30	0.30	0.10	no-lift	20	1	0.00000	0.00000	1.00000	0.00000	1.000	4.000	$0.33-$0.35	$24.90-$26.10 (cap $90.00)
75	75	150	300	2.00	direct	anytime	0.40	0.30	0.30	0.10	no-lift	20	75	0.00000	0.15000	0.85000	0.00000	68.050	272.200	$22.59-$23.68	$24.90-$26.10 (cap $90.00)
480	480	240	1200	0.50	union	anytime	0.40	0.30	0.30	0.10	no-lift	20	1	0.00000	0.00000	1.00000	0.00000	1.000	2.000	$0.17-$0.17	$99.60-$104.40 (cap $360.00)
480	480	240	1200	0.50	union	anytime	0.40	0.30	0.30	0.10	no-lift	20	480	0.00000	0.55000	0.45000	0.00000	306.800	766.950	$63.66-$66.72	$99.60-$104.40 (cap $360.00)
480	480	240	1200	0.50	direct	anytime	0.40	0.30	0.30	0.10	no-lift	20	1	0.00000	0.00000	1.00000	0.00000	1.000	2.000	$0.17-$0.17	$99.60-$104.40 (cap $360.00)
480	480	240	1200	0.50	direct	anytime	0.40	0.30	0.30	0.10	no-lift	20	480	0.00000	0.55000	0.45000	0.00000	306.800	766.950	$63.66-$66.72	$99.60-$104.40 (cap $360.00)
400	400	400	1200	1.00	union	anytime	0.40	0.30	0.30	0.10	no-lift	20	1	0.00000	0.00000	1.00000	0.00000	1.000	3.000	$0.25-$0.26	$99.60-$104.40 (cap $360.00)
400	400	400	1200	1.00	union	anytime	0.40	0.30	0.30	0.10	no-lift	20	400	0.00000	0.55000	0.45000	0.00000	282.600	847.800	$70.37-$73.76	$99.60-$104.40 (cap $360.00)
400	400	400	1200	1.00	direct	anytime	0.40	0.30	0.30	0.10	no-lift	20	1	0.00000	0.00000	1.00000	0.00000	1.000	3.000	$0.25-$0.26	$99.60-$104.40 (cap $360.00)
400	400	400	1200	1.00	direct	anytime	0.40	0.30	0.30	0.10	no-lift	20	400	0.00000	0.55000	0.45000	0.00000	282.600	847.800	$70.37-$73.76	$99.60-$104.40 (cap $360.00)
300	300	600	1200	2.00	union	anytime	0.40	0.30	0.30	0.10	no-lift	20	1	0.00000	0.00000	1.00000	0.00000	1.000	4.000	$0.33-$0.35	$99.60-$104.40 (cap $360.00)
300	300	600	1200	2.00	union	anytime	0.40	0.30	0.30	0.10	no-lift	20	300	0.00000	0.40000	0.60000	0.00000	226.000	904.000	$75.03-$78.65	$99.60-$104.40 (cap $360.00)
300	300	600	1200	2.00	direct	anytime	0.40	0.30	0.30	0.10	no-lift	20	1	0.00000	0.00000	1.00000	0.00000	1.000	4.000	$0.33-$0.35	$99.60-$104.40 (cap $360.00)
300	300	600	1200	2.00	direct	anytime	0.40	0.30	0.30	0.10	no-lift	20	300	0.00000	0.40000	0.60000	0.00000	226.000	904.000	$75.03-$78.65	$99.60-$104.40 (cap $360.00)
120	120	60	300	0.50	union	anytime	0.45	0.30	0.30	0.15	no-lift	20	1	0.00000	0.00000	1.00000	0.00000	1.000	2.000	$0.17-$0.17	$24.90-$26.10 (cap $90.00)
120	120	60	300	0.50	union	anytime	0.45	0.30	0.30	0.15	no-lift	20	120	0.00000	0.10000	0.90000	0.00000	109.500	273.700	$22.72-$23.81	$24.90-$26.10 (cap $90.00)
120	120	60	300	0.50	direct	anytime	0.45	0.30	0.30	0.15	no-lift	20	1	0.00000	0.00000	1.00000	0.00000	1.000	2.000	$0.17-$0.17	$24.90-$26.10 (cap $90.00)
120	120	60	300	0.50	direct	anytime	0.45	0.30	0.30	0.15	no-lift	20	120	0.00000	0.10000	0.90000	0.00000	109.500	273.700	$22.72-$23.81	$24.90-$26.10 (cap $90.00)
100	100	100	300	1.00	union	anytime	0.45	0.30	0.30	0.15	no-lift	20	1	0.00000	0.00000	1.00000	0.00000	1.000	3.000	$0.25-$0.26	$24.90-$26.10 (cap $90.00)
100	100	100	300	1.00	union	anytime	0.45	0.30	0.30	0.15	no-lift	20	100	0.00000	0.15000	0.85000	0.00000	87.850	263.550	$21.87-$22.93	$24.90-$26.10 (cap $90.00)
100	100	100	300	1.00	direct	anytime	0.45	0.30	0.30	0.15	no-lift	20	1	0.00000	0.00000	1.00000	0.00000	1.000	3.000	$0.25-$0.26	$24.90-$26.10 (cap $90.00)
100	100	100	300	1.00	direct	anytime	0.45	0.30	0.30	0.15	no-lift	20	100	0.00000	0.15000	0.85000	0.00000	87.850	263.550	$21.87-$22.93	$24.90-$26.10 (cap $90.00)
75	75	150	300	2.00	union	anytime	0.45	0.30	0.30	0.15	no-lift	20	1	0.00000	0.00000	1.00000	0.00000	1.000	4.000	$0.33-$0.35	$24.90-$26.10 (cap $90.00)
75	75	150	300	2.00	union	anytime	0.45	0.30	0.30	0.15	no-lift	20	75	0.00000	0.10000	0.90000	0.00000	68.850	275.400	$22.86-$23.96	$24.90-$26.10 (cap $90.00)
75	75	150	300	2.00	direct	anytime	0.45	0.30	0.30	0.15	no-lift	20	1	0.00000	0.00000	1.00000	0.00000	1.000	4.000	$0.33-$0.35	$24.90-$26.10 (cap $90.00)
75	75	150	300	2.00	direct	anytime	0.45	0.30	0.30	0.15	no-lift	20	75	0.00000	0.10000	0.90000	0.00000	68.850	275.400	$22.86-$23.96	$24.90-$26.10 (cap $90.00)
480	480	240	1200	0.50	union	anytime	0.45	0.30	0.30	0.15	no-lift	20	1	0.00000	0.00000	1.00000	0.00000	1.000	2.000	$0.17-$0.17	$99.60-$104.40 (cap $360.00)
480	480	240	1200	0.50	union	anytime	0.45	0.30	0.30	0.15	no-lift	20	480	0.00000	0.15000	0.85000	0.00000	430.300	1075.700	$89.28-$93.59	$99.60-$104.40 (cap $360.00)
480	480	240	1200	0.50	direct	anytime	0.45	0.30	0.30	0.15	no-lift	20	1	0.00000	0.00000	1.00000	0.00000	1.000	2.000	$0.17-$0.17	$99.60-$104.40 (cap $360.00)
480	480	240	1200	0.50	direct	anytime	0.45	0.30	0.30	0.15	no-lift	20	480	0.00000	0.15000	0.85000	0.00000	430.300	1075.700	$89.28-$93.59	$99.60-$104.40 (cap $360.00)
400	400	400	1200	1.00	union	anytime	0.45	0.30	0.30	0.15	no-lift	20	1	0.00000	0.00000	1.00000	0.00000	1.000	3.000	$0.25-$0.26	$99.60-$104.40 (cap $360.00)
400	400	400	1200	1.00	union	anytime	0.45	0.30	0.30	0.15	no-lift	20	400	0.00000	0.30000	0.70000	0.00000	311.850	935.550	$77.65-$81.39	$99.60-$104.40 (cap $360.00)
400	400	400	1200	1.00	direct	anytime	0.45	0.30	0.30	0.15	no-lift	20	1	0.00000	0.00000	1.00000	0.00000	1.000	3.000	$0.25-$0.26	$99.60-$104.40 (cap $360.00)
400	400	400	1200	1.00	direct	anytime	0.45	0.30	0.30	0.15	no-lift	20	400	0.00000	0.30000	0.70000	0.00000	311.850	935.550	$77.65-$81.39	$99.60-$104.40 (cap $360.00)
300	300	600	1200	2.00	union	anytime	0.45	0.30	0.30	0.15	no-lift	20	1	0.00000	0.00000	1.00000	0.00000	1.000	4.000	$0.33-$0.35	$99.60-$104.40 (cap $360.00)
300	300	600	1200	2.00	union	anytime	0.45	0.30	0.30	0.15	no-lift	20	300	0.00000	0.20000	0.80000	0.00000	273.450	1093.800	$90.79-$95.16	$99.60-$104.40 (cap $360.00)
300	300	600	1200	2.00	direct	anytime	0.45	0.30	0.30	0.15	no-lift	20	1	0.00000	0.00000	1.00000	0.00000	1.000	4.000	$0.33-$0.35	$99.60-$104.40 (cap $360.00)
300	300	600	1200	2.00	direct	anytime	0.45	0.30	0.30	0.15	no-lift	20	300	0.00000	0.20000	0.80000	0.00000	273.450	1093.800	$90.79-$95.16	$99.60-$104.40 (cap $360.00)
120	120	60	300	0.50	union	anytime	0.50	0.30	0.30	0.20	calibration	20	1	0.00000	0.00000	1.00000	0.00000	1.000	2.000	$0.17-$0.17	$24.90-$26.10 (cap $90.00)
120	120	60	300	0.50	union	anytime	0.50	0.30	0.30	0.20	calibration	20	120	0.00000	0.00000	1.00000	0.00000	120.000	300.000	$24.90-$26.10	$24.90-$26.10 (cap $90.00)
120	120	60	300	0.50	direct	anytime	0.50	0.30	0.30	0.20	calibration	20	1	0.00000	0.00000	1.00000	0.00000	1.000	2.000	$0.17-$0.17	$24.90-$26.10 (cap $90.00)
120	120	60	300	0.50	direct	anytime	0.50	0.30	0.30	0.20	calibration	20	120	0.00000	0.00000	1.00000	0.00000	120.000	300.000	$24.90-$26.10	$24.90-$26.10 (cap $90.00)
100	100	100	300	1.00	union	anytime	0.50	0.30	0.30	0.20	calibration	20	1	0.00000	0.00000	1.00000	0.00000	1.000	3.000	$0.25-$0.26	$24.90-$26.10 (cap $90.00)
100	100	100	300	1.00	union	anytime	0.50	0.30	0.30	0.20	calibration	20	100	0.00000	0.00000	1.00000	0.00000	100.000	300.000	$24.90-$26.10	$24.90-$26.10 (cap $90.00)
100	100	100	300	1.00	direct	anytime	0.50	0.30	0.30	0.20	calibration	20	1	0.00000	0.00000	1.00000	0.00000	1.000	3.000	$0.25-$0.26	$24.90-$26.10 (cap $90.00)
100	100	100	300	1.00	direct	anytime	0.50	0.30	0.30	0.20	calibration	20	100	0.00000	0.00000	1.00000	0.00000	100.000	300.000	$24.90-$26.10	$24.90-$26.10 (cap $90.00)
75	75	150	300	2.00	union	anytime	0.50	0.30	0.30	0.20	calibration	20	1	0.00000	0.00000	1.00000	0.00000	1.000	4.000	$0.33-$0.35	$24.90-$26.10 (cap $90.00)
75	75	150	300	2.00	union	anytime	0.50	0.30	0.30	0.20	calibration	20	75	0.00000	0.00000	1.00000	0.00000	75.000	300.000	$24.90-$26.10	$24.90-$26.10 (cap $90.00)
75	75	150	300	2.00	direct	anytime	0.50	0.30	0.30	0.20	calibration	20	1	0.00000	0.00000	1.00000	0.00000	1.000	4.000	$0.33-$0.35	$24.90-$26.10 (cap $90.00)
75	75	150	300	2.00	direct	anytime	0.50	0.30	0.30	0.20	calibration	20	75	0.00000	0.00000	1.00000	0.00000	75.000	300.000	$24.90-$26.10	$24.90-$26.10 (cap $90.00)
480	480	240	1200	0.50	union	anytime	0.50	0.30	0.30	0.20	calibration	20	1	0.00000	0.00000	1.00000	0.00000	1.000	2.000	$0.17-$0.17	$99.60-$104.40 (cap $360.00)
480	480	240	1200	0.50	union	anytime	0.50	0.30	0.30	0.20	calibration	20	480	0.00000	0.00000	1.00000	0.00000	480.000	1200.000	$99.60-$104.40	$99.60-$104.40 (cap $360.00)
480	480	240	1200	0.50	direct	anytime	0.50	0.30	0.30	0.20	calibration	20	1	0.00000	0.00000	1.00000	0.00000	1.000	2.000	$0.17-$0.17	$99.60-$104.40 (cap $360.00)
480	480	240	1200	0.50	direct	anytime	0.50	0.30	0.30	0.20	calibration	20	480	0.00000	0.00000	1.00000	0.00000	480.000	1200.000	$99.60-$104.40	$99.60-$104.40 (cap $360.00)
400	400	400	1200	1.00	union	anytime	0.50	0.30	0.30	0.20	calibration	20	1	0.00000	0.00000	1.00000	0.00000	1.000	3.000	$0.25-$0.26	$99.60-$104.40 (cap $360.00)
400	400	400	1200	1.00	union	anytime	0.50	0.30	0.30	0.20	calibration	20	400	0.00000	0.00000	1.00000	0.00000	400.000	1200.000	$99.60-$104.40	$99.60-$104.40 (cap $360.00)
400	400	400	1200	1.00	direct	anytime	0.50	0.30	0.30	0.20	calibration	20	1	0.00000	0.00000	1.00000	0.00000	1.000	3.000	$0.25-$0.26	$99.60-$104.40 (cap $360.00)
400	400	400	1200	1.00	direct	anytime	0.50	0.30	0.30	0.20	calibration	20	400	0.00000	0.00000	1.00000	0.00000	400.000	1200.000	$99.60-$104.40	$99.60-$104.40 (cap $360.00)
300	300	600	1200	2.00	union	anytime	0.50	0.30	0.30	0.20	calibration	20	1	0.00000	0.00000	1.00000	0.00000	1.000	4.000	$0.33-$0.35	$99.60-$104.40 (cap $360.00)
300	300	600	1200	2.00	union	anytime	0.50	0.30	0.30	0.20	calibration	20	300	0.00000	0.05000	0.95000	0.00000	287.800	1151.200	$95.55-$100.15	$99.60-$104.40 (cap $360.00)
300	300	600	1200	2.00	direct	anytime	0.50	0.30	0.30	0.20	calibration	20	1	0.00000	0.00000	1.00000	0.00000	1.000	4.000	$0.33-$0.35	$99.60-$104.40 (cap $360.00)
300	300	600	1200	2.00	direct	anytime	0.50	0.30	0.30	0.20	calibration	20	300	0.00000	0.05000	0.95000	0.00000	287.800	1151.200	$95.55-$100.15	$99.60-$104.40 (cap $360.00)
120	120	60	300	0.50	union	anytime	0.55	0.30	0.30	0.25	small real effect	20	1	0.00000	0.00000	1.00000	0.00000	1.000	2.000	$0.17-$0.17	$24.90-$26.10 (cap $90.00)
120	120	60	300	0.50	union	anytime	0.55	0.30	0.30	0.25	small real effect	20	120	0.00000	0.00000	1.00000	0.00000	120.000	300.000	$24.90-$26.10	$24.90-$26.10 (cap $90.00)
120	120	60	300	0.50	direct	anytime	0.55	0.30	0.30	0.25	small real effect	20	1	0.00000	0.00000	1.00000	0.00000	1.000	2.000	$0.17-$0.17	$24.90-$26.10 (cap $90.00)
120	120	60	300	0.50	direct	anytime	0.55	0.30	0.30	0.25	small real effect	20	120	0.00000	0.00000	1.00000	0.00000	120.000	300.000	$24.90-$26.10	$24.90-$26.10 (cap $90.00)
100	100	100	300	1.00	union	anytime	0.55	0.30	0.30	0.25	small real effect	20	1	0.00000	0.00000	1.00000	0.00000	1.000	3.000	$0.25-$0.26	$24.90-$26.10 (cap $90.00)
100	100	100	300	1.00	union	anytime	0.55	0.30	0.30	0.25	small real effect	20	100	0.00000	0.00000	1.00000	0.00000	100.000	300.000	$24.90-$26.10	$24.90-$26.10 (cap $90.00)
100	100	100	300	1.00	direct	anytime	0.55	0.30	0.30	0.25	small real effect	20	1	0.00000	0.00000	1.00000	0.00000	1.000	3.000	$0.25-$0.26	$24.90-$26.10 (cap $90.00)
100	100	100	300	1.00	direct	anytime	0.55	0.30	0.30	0.25	small real effect	20	100	0.00000	0.00000	1.00000	0.00000	100.000	300.000	$24.90-$26.10	$24.90-$26.10 (cap $90.00)
75	75	150	300	2.00	union	anytime	0.55	0.30	0.30	0.25	small real effect	20	1	0.00000	0.00000	1.00000	0.00000	1.000	4.000	$0.33-$0.35	$24.90-$26.10 (cap $90.00)
75	75	150	300	2.00	union	anytime	0.55	0.30	0.30	0.25	small real effect	20	75	0.00000	0.00000	1.00000	0.00000	75.000	300.000	$24.90-$26.10	$24.90-$26.10 (cap $90.00)
75	75	150	300	2.00	direct	anytime	0.55	0.30	0.30	0.25	small real effect	20	1	0.00000	0.00000	1.00000	0.00000	1.000	4.000	$0.33-$0.35	$24.90-$26.10 (cap $90.00)
75	75	150	300	2.00	direct	anytime	0.55	0.30	0.30	0.25	small real effect	20	75	0.00000	0.00000	1.00000	0.00000	75.000	300.000	$24.90-$26.10	$24.90-$26.10 (cap $90.00)
480	480	240	1200	0.50	union	anytime	0.55	0.30	0.30	0.25	small real effect	20	1	0.00000	0.00000	1.00000	0.00000	1.000	2.000	$0.17-$0.17	$99.60-$104.40 (cap $360.00)
480	480	240	1200	0.50	union	anytime	0.55	0.30	0.30	0.25	small real effect	20	480	0.00000	0.00000	1.00000	0.00000	480.000	1200.000	$99.60-$104.40	$99.60-$104.40 (cap $360.00)
480	480	240	1200	0.50	direct	anytime	0.55	0.30	0.30	0.25	small real effect	20	1	0.00000	0.00000	1.00000	0.00000	1.000	2.000	$0.17-$0.17	$99.60-$104.40 (cap $360.00)
480	480	240	1200	0.50	direct	anytime	0.55	0.30	0.30	0.25	small real effect	20	480	0.00000	0.00000	1.00000	0.00000	480.000	1200.000	$99.60-$104.40	$99.60-$104.40 (cap $360.00)
400	400	400	1200	1.00	union	anytime	0.55	0.30	0.30	0.25	small real effect	20	1	0.00000	0.00000	1.00000	0.00000	1.000	3.000	$0.25-$0.26	$99.60-$104.40 (cap $360.00)
400	400	400	1200	1.00	union	anytime	0.55	0.30	0.30	0.25	small real effect	20	400	0.00000	0.00000	1.00000	0.00000	400.000	1200.000	$99.60-$104.40	$99.60-$104.40 (cap $360.00)
400	400	400	1200	1.00	direct	anytime	0.55	0.30	0.30	0.25	small real effect	20	1	0.00000	0.00000	1.00000	0.00000	1.000	3.000	$0.25-$0.26	$99.60-$104.40 (cap $360.00)
400	400	400	1200	1.00	direct	anytime	0.55	0.30	0.30	0.25	small real effect	20	400	0.00000	0.00000	1.00000	0.00000	400.000	1200.000	$99.60-$104.40	$99.60-$104.40 (cap $360.00)
300	300	600	1200	2.00	union	anytime	0.55	0.30	0.30	0.25	small real effect	20	1	0.00000	0.00000	1.00000	0.00000	1.000	4.000	$0.33-$0.35	$99.60-$104.40 (cap $360.00)
300	300	600	1200	2.00	union	anytime	0.55	0.30	0.30	0.25	small real effect	20	300	0.00000	0.00000	1.00000	0.00000	300.000	1200.000	$99.60-$104.40	$99.60-$104.40 (cap $360.00)
300	300	600	1200	2.00	direct	anytime	0.55	0.30	0.30	0.25	small real effect	20	1	0.00000	0.00000	1.00000	0.00000	1.000	4.000	$0.33-$0.35	$99.60-$104.40 (cap $360.00)
300	300	600	1200	2.00	direct	anytime	0.55	0.30	0.30	0.25	small real effect	20	300	0.05000	0.00000	0.95000	0.04873	289.750	1159.000	$96.20-$100.83	$99.60-$104.40 (cap $360.00)
120	120	60	300	0.50	union	anytime	0.60	0.30	0.30	0.30	real effect	20	1	0.00000	0.00000	1.00000	0.00000	1.000	2.000	$0.17-$0.17	$24.90-$26.10 (cap $90.00)
120	120	60	300	0.50	union	anytime	0.60	0.30	0.30	0.30	real effect	20	120	0.00000	0.00000	1.00000	0.00000	120.000	300.000	$24.90-$26.10	$24.90-$26.10 (cap $90.00)
120	120	60	300	0.50	direct	anytime	0.60	0.30	0.30	0.30	real effect	20	1	0.00000	0.00000	1.00000	0.00000	1.000	2.000	$0.17-$0.17	$24.90-$26.10 (cap $90.00)
120	120	60	300	0.50	direct	anytime	0.60	0.30	0.30	0.30	real effect	20	120	0.00000	0.00000	1.00000	0.00000	120.000	300.000	$24.90-$26.10	$24.90-$26.10 (cap $90.00)
100	100	100	300	1.00	union	anytime	0.60	0.30	0.30	0.30	real effect	20	1	0.00000	0.00000	1.00000	0.00000	1.000	3.000	$0.25-$0.26	$24.90-$26.10 (cap $90.00)
100	100	100	300	1.00	union	anytime	0.60	0.30	0.30	0.30	real effect	20	100	0.00000	0.00000	1.00000	0.00000	100.000	300.000	$24.90-$26.10	$24.90-$26.10 (cap $90.00)
100	100	100	300	1.00	direct	anytime	0.60	0.30	0.30	0.30	real effect	20	1	0.00000	0.00000	1.00000	0.00000	1.000	3.000	$0.25-$0.26	$24.90-$26.10 (cap $90.00)
100	100	100	300	1.00	direct	anytime	0.60	0.30	0.30	0.30	real effect	20	100	0.00000	0.00000	1.00000	0.00000	100.000	300.000	$24.90-$26.10	$24.90-$26.10 (cap $90.00)
75	75	150	300	2.00	union	anytime	0.60	0.30	0.30	0.30	real effect	20	1	0.00000	0.00000	1.00000	0.00000	1.000	4.000	$0.33-$0.35	$24.90-$26.10 (cap $90.00)
75	75	150	300	2.00	union	anytime	0.60	0.30	0.30	0.30	real effect	20	75	0.00000	0.00000	1.00000	0.00000	75.000	300.000	$24.90-$26.10	$24.90-$26.10 (cap $90.00)
75	75	150	300	2.00	direct	anytime	0.60	0.30	0.30	0.30	real effect	20	1	0.00000	0.00000	1.00000	0.00000	1.000	4.000	$0.33-$0.35	$24.90-$26.10 (cap $90.00)
75	75	150	300	2.00	direct	anytime	0.60	0.30	0.30	0.30	real effect	20	75	0.10000	0.00000	0.90000	0.06708	73.600	294.400	$24.44-$25.61	$24.90-$26.10 (cap $90.00)
480	480	240	1200	0.50	union	anytime	0.60	0.30	0.30	0.30	real effect	20	1	0.00000	0.00000	1.00000	0.00000	1.000	2.000	$0.17-$0.17	$99.60-$104.40 (cap $360.00)
480	480	240	1200	0.50	union	anytime	0.60	0.30	0.30	0.30	real effect	20	480	0.05000	0.00000	0.95000	0.04873	470.500	1176.250	$97.63-$102.33	$99.60-$104.40 (cap $360.00)
480	480	240	1200	0.50	direct	anytime	0.60	0.30	0.30	0.30	real effect	20	1	0.00000	0.00000	1.00000	0.00000	1.000	2.000	$0.17-$0.17	$99.60-$104.40 (cap $360.00)
480	480	240	1200	0.50	direct	anytime	0.60	0.30	0.30	0.30	real effect	20	480	0.20000	0.00000	0.80000	0.08944	448.150	1120.350	$92.99-$97.47	$99.60-$104.40 (cap $360.00)
400	400	400	1200	1.00	union	anytime	0.60	0.30	0.30	0.30	real effect	20	1	0.00000	0.00000	1.00000	0.00000	1.000	3.000	$0.25-$0.26	$99.60-$104.40 (cap $360.00)
400	400	400	1200	1.00	union	anytime	0.60	0.30	0.30	0.30	real effect	20	400	0.05000	0.00000	0.95000	0.04873	388.150	1164.450	$96.65-$101.31	$99.60-$104.40 (cap $360.00)
400	400	400	1200	1.00	direct	anytime	0.60	0.30	0.30	0.30	real effect	20	1	0.00000	0.00000	1.00000	0.00000	1.000	3.000	$0.25-$0.26	$99.60-$104.40 (cap $360.00)
400	400	400	1200	1.00	direct	anytime	0.60	0.30	0.30	0.30	real effect	20	400	0.25000	0.00000	0.75000	0.09682	365.600	1096.800	$91.03-$95.42	$99.60-$104.40 (cap $360.00)
300	300	600	1200	2.00	union	anytime	0.60	0.30	0.30	0.30	real effect	20	1	0.00000	0.00000	1.00000	0.00000	1.000	4.000	$0.33-$0.35	$99.60-$104.40 (cap $360.00)
300	300	600	1200	2.00	union	anytime	0.60	0.30	0.30	0.30	real effect	20	300	0.00000	0.00000	1.00000	0.00000	300.000	1200.000	$99.60-$104.40	$99.60-$104.40 (cap $360.00)
300	300	600	1200	2.00	direct	anytime	0.60	0.30	0.30	0.30	real effect	20	1	0.00000	0.00000	1.00000	0.00000	1.000	4.000	$0.33-$0.35	$99.60-$104.40 (cap $360.00)
300	300	600	1200	2.00	direct	anytime	0.60	0.30	0.30	0.30	real effect	20	300	0.20000	0.00000	0.80000	0.08944	281.250	1125.000	$93.38-$97.88	$99.60-$104.40 (cap $360.00)
120	120	60	300	0.50	union	anytime	0.70	0.30	0.30	0.40	real effect	20	1	0.00000	0.00000	1.00000	0.00000	1.000	2.000	$0.17-$0.17	$24.90-$26.10 (cap $90.00)
120	120	60	300	0.50	union	anytime	0.70	0.30	0.30	0.40	real effect	20	120	0.05000	0.00000	0.95000	0.04873	118.500	296.250	$24.59-$25.77	$24.90-$26.10 (cap $90.00)
120	120	60	300	0.50	direct	anytime	0.70	0.30	0.30	0.40	real effect	20	1	0.00000	0.00000	1.00000	0.00000	1.000	2.000	$0.17-$0.17	$24.90-$26.10 (cap $90.00)
120	120	60	300	0.50	direct	anytime	0.70	0.30	0.30	0.40	real effect	20	120	0.20000	0.00000	0.80000	0.08944	112.100	280.250	$23.26-$24.38	$24.90-$26.10 (cap $90.00)
100	100	100	300	1.00	union	anytime	0.70	0.30	0.30	0.40	real effect	20	1	0.00000	0.00000	1.00000	0.00000	1.000	3.000	$0.25-$0.26	$24.90-$26.10 (cap $90.00)
100	100	100	300	1.00	union	anytime	0.70	0.30	0.30	0.40	real effect	20	100	0.10000	0.00000	0.90000	0.06708	95.250	285.750	$23.72-$24.86	$24.90-$26.10 (cap $90.00)
100	100	100	300	1.00	direct	anytime	0.70	0.30	0.30	0.40	real effect	20	1	0.00000	0.00000	1.00000	0.00000	1.000	3.000	$0.25-$0.26	$24.90-$26.10 (cap $90.00)
100	100	100	300	1.00	direct	anytime	0.70	0.30	0.30	0.40	real effect	20	100	0.40000	0.00000	0.60000	0.10954	81.250	243.750	$20.23-$21.21	$24.90-$26.10 (cap $90.00)
75	75	150	300	2.00	union	anytime	0.70	0.30	0.30	0.40	real effect	20	1	0.00000	0.00000	1.00000	0.00000	1.000	4.000	$0.33-$0.35	$24.90-$26.10 (cap $90.00)
75	75	150	300	2.00	union	anytime	0.70	0.30	0.30	0.40	real effect	20	75	0.10000	0.00000	0.90000	0.06708	73.500	294.000	$24.40-$25.58	$24.90-$26.10 (cap $90.00)
75	75	150	300	2.00	direct	anytime	0.70	0.30	0.30	0.40	real effect	20	1	0.00000	0.00000	1.00000	0.00000	1.000	4.000	$0.33-$0.35	$24.90-$26.10 (cap $90.00)
75	75	150	300	2.00	direct	anytime	0.70	0.30	0.30	0.40	real effect	20	75	0.25000	0.00000	0.75000	0.09682	69.300	277.200	$23.01-$24.12	$24.90-$26.10 (cap $90.00)
480	480	240	1200	0.50	union	anytime	0.70	0.30	0.30	0.40	real effect	20	1	0.00000	0.00000	1.00000	0.00000	1.000	2.000	$0.17-$0.17	$99.60-$104.40 (cap $360.00)
480	480	240	1200	0.50	union	anytime	0.70	0.30	0.30	0.40	real effect	20	480	0.45000	0.00000	0.55000	0.11124	383.500	958.650	$79.57-$83.40	$99.60-$104.40 (cap $360.00)
480	480	240	1200	0.50	direct	anytime	0.70	0.30	0.30	0.40	real effect	20	1	0.00000	0.00000	1.00000	0.00000	1.000	2.000	$0.17-$0.17	$99.60-$104.40 (cap $360.00)
480	480	240	1200	0.50	direct	anytime	0.70	0.30	0.30	0.40	real effect	20	480	0.85000	0.00000	0.15000	0.07984	248.500	621.250	$51.56-$54.05	$99.60-$104.40 (cap $360.00)
400	400	400	1200	1.00	union	anytime	0.70	0.30	0.30	0.40	real effect	20	1	0.00000	0.00000	1.00000	0.00000	1.000	3.000	$0.25-$0.26	$99.60-$104.40 (cap $360.00)
400	400	400	1200	1.00	union	anytime	0.70	0.30	0.30	0.40	real effect	20	400	0.65000	0.00000	0.35000	0.10665	274.900	824.700	$68.45-$71.75	$99.60-$104.40 (cap $360.00)
400	400	400	1200	1.00	direct	anytime	0.70	0.30	0.30	0.40	real effect	20	1	0.00000	0.00000	1.00000	0.00000	1.000	3.000	$0.25-$0.26	$99.60-$104.40 (cap $360.00)
400	400	400	1200	1.00	direct	anytime	0.70	0.30	0.30	0.40	real effect	20	400	1.00000	0.00000	0.00000	0.00000	144.050	432.150	$35.87-$37.60	$99.60-$104.40 (cap $360.00)
300	300	600	1200	2.00	union	anytime	0.70	0.30	0.30	0.40	real effect	20	1	0.00000	0.00000	1.00000	0.00000	1.000	4.000	$0.33-$0.35	$99.60-$104.40 (cap $360.00)
300	300	600	1200	2.00	union	anytime	0.70	0.30	0.30	0.40	real effect	20	300	0.80000	0.00000	0.20000	0.08944	191.250	765.000	$63.50-$66.55	$99.60-$104.40 (cap $360.00)
300	300	600	1200	2.00	direct	anytime	0.70	0.30	0.30	0.40	real effect	20	1	0.00000	0.00000	1.00000	0.00000	1.000	4.000	$0.33-$0.35	$99.60-$104.40 (cap $360.00)
300	300	600	1200	2.00	direct	anytime	0.70	0.30	0.30	0.40	real effect	20	300	0.95000	0.00000	0.05000	0.04873	112.900	451.600	$37.48-$39.29	$99.60-$104.40 (cap $360.00)
120	120	60	300	0.50	union	anytime	0.30	0.30	0.35	0.00	no-lift	20	1	0.00000	0.00000	1.00000	0.00000	1.000	2.000	$0.17-$0.17	$24.90-$26.10 (cap $90.00)
120	120	60	300	0.50	union	anytime	0.30	0.30	0.35	0.00	no-lift	20	120	0.00000	0.60000	0.40000	0.00000	88.800	221.900	$18.42-$19.31	$24.90-$26.10 (cap $90.00)
120	120	60	300	0.50	direct	anytime	0.30	0.30	0.35	0.00	no-lift	20	1	0.00000	0.00000	1.00000	0.00000	1.000	2.000	$0.17-$0.17	$24.90-$26.10 (cap $90.00)
120	120	60	300	0.50	direct	anytime	0.30	0.30	0.35	0.00	no-lift	20	120	0.00000	0.60000	0.40000	0.00000	88.800	221.900	$18.42-$19.31	$24.90-$26.10 (cap $90.00)
100	100	100	300	1.00	union	anytime	0.30	0.30	0.35	0.00	no-lift	20	1	0.00000	0.00000	1.00000	0.00000	1.000	3.000	$0.25-$0.26	$24.90-$26.10 (cap $90.00)
100	100	100	300	1.00	union	anytime	0.30	0.30	0.35	0.00	no-lift	20	100	0.00000	0.50000	0.50000	0.00000	78.850	236.550	$19.63-$20.58	$24.90-$26.10 (cap $90.00)
100	100	100	300	1.00	direct	anytime	0.30	0.30	0.35	0.00	no-lift	20	1	0.00000	0.00000	1.00000	0.00000	1.000	3.000	$0.25-$0.26	$24.90-$26.10 (cap $90.00)
100	100	100	300	1.00	direct	anytime	0.30	0.30	0.35	0.00	no-lift	20	100	0.00000	0.50000	0.50000	0.00000	78.850	236.550	$19.63-$20.58	$24.90-$26.10 (cap $90.00)
75	75	150	300	2.00	union	anytime	0.30	0.30	0.35	0.00	no-lift	20	1	0.00000	0.00000	1.00000	0.00000	1.000	4.000	$0.33-$0.35	$24.90-$26.10 (cap $90.00)
75	75	150	300	2.00	union	anytime	0.30	0.30	0.35	0.00	no-lift	20	75	0.00000	0.70000	0.30000	0.00000	52.800	211.200	$17.53-$18.37	$24.90-$26.10 (cap $90.00)
75	75	150	300	2.00	direct	anytime	0.30	0.30	0.35	0.00	no-lift	20	1	0.00000	0.00000	1.00000	0.00000	1.000	4.000	$0.33-$0.35	$24.90-$26.10 (cap $90.00)
75	75	150	300	2.00	direct	anytime	0.30	0.30	0.35	0.00	no-lift	20	75	0.00000	0.70000	0.30000	0.00000	52.800	211.200	$17.53-$18.37	$24.90-$26.10 (cap $90.00)
480	480	240	1200	0.50	union	anytime	0.30	0.30	0.35	0.00	no-lift	20	1	0.00000	0.00000	1.00000	0.00000	1.000	2.000	$0.17-$0.17	$99.60-$104.40 (cap $360.00)
480	480	240	1200	0.50	union	anytime	0.30	0.30	0.35	0.00	no-lift	20	480	0.00000	1.00000	0.00000	0.00000	81.150	202.650	$16.82-$17.63	$99.60-$104.40 (cap $360.00)
480	480	240	1200	0.50	direct	anytime	0.30	0.30	0.35	0.00	no-lift	20	1	0.00000	0.00000	1.00000	0.00000	1.000	2.000	$0.17-$0.17	$99.60-$104.40 (cap $360.00)
480	480	240	1200	0.50	direct	anytime	0.30	0.30	0.35	0.00	no-lift	20	480	0.00000	1.00000	0.00000	0.00000	81.150	202.650	$16.82-$17.63	$99.60-$104.40 (cap $360.00)
400	400	400	1200	1.00	union	anytime	0.30	0.30	0.35	0.00	no-lift	20	1	0.00000	0.00000	1.00000	0.00000	1.000	3.000	$0.25-$0.26	$99.60-$104.40 (cap $360.00)
400	400	400	1200	1.00	union	anytime	0.30	0.30	0.35	0.00	no-lift	20	400	0.00000	1.00000	0.00000	0.00000	74.850	224.550	$18.64-$19.54	$99.60-$104.40 (cap $360.00)
400	400	400	1200	1.00	direct	anytime	0.30	0.30	0.35	0.00	no-lift	20	1	0.00000	0.00000	1.00000	0.00000	1.000	3.000	$0.25-$0.26	$99.60-$104.40 (cap $360.00)
400	400	400	1200	1.00	direct	anytime	0.30	0.30	0.35	0.00	no-lift	20	400	0.00000	1.00000	0.00000	0.00000	74.850	224.550	$18.64-$19.54	$99.60-$104.40 (cap $360.00)
300	300	600	1200	2.00	union	anytime	0.30	0.30	0.35	0.00	no-lift	20	1	0.00000	0.00000	1.00000	0.00000	1.000	4.000	$0.33-$0.35	$99.60-$104.40 (cap $360.00)
300	300	600	1200	2.00	union	anytime	0.30	0.30	0.35	0.00	no-lift	20	300	0.00000	1.00000	0.00000	0.00000	108.600	434.400	$36.06-$37.79	$99.60-$104.40 (cap $360.00)
300	300	600	1200	2.00	direct	anytime	0.30	0.30	0.35	0.00	no-lift	20	1	0.00000	0.00000	1.00000	0.00000	1.000	4.000	$0.33-$0.35	$99.60-$104.40 (cap $360.00)
300	300	600	1200	2.00	direct	anytime	0.30	0.30	0.35	0.00	no-lift	20	300	0.00000	1.00000	0.00000	0.00000	108.600	434.400	$36.06-$37.79	$99.60-$104.40 (cap $360.00)
120	120	60	300	0.50	union	anytime	0.40	0.30	0.35	0.10	no-lift	20	1	0.00000	0.00000	1.00000	0.00000	1.000	2.000	$0.17-$0.17	$24.90-$26.10 (cap $90.00)
120	120	60	300	0.50	union	anytime	0.40	0.30	0.35	0.10	no-lift	20	120	0.00000	0.25000	0.75000	0.00000	98.850	247.100	$20.51-$21.50	$24.90-$26.10 (cap $90.00)
120	120	60	300	0.50	direct	anytime	0.40	0.30	0.35	0.10	no-lift	20	1	0.00000	0.00000	1.00000	0.00000	1.000	2.000	$0.17-$0.17	$24.90-$26.10 (cap $90.00)
120	120	60	300	0.50	direct	anytime	0.40	0.30	0.35	0.10	no-lift	20	120	0.00000	0.25000	0.75000	0.00000	98.850	247.100	$20.51-$21.50	$24.90-$26.10 (cap $90.00)
100	100	100	300	1.00	union	anytime	0.40	0.30	0.35	0.10	no-lift	20	1	0.00000	0.00000	1.00000	0.00000	1.000	3.000	$0.25-$0.26	$24.90-$26.10 (cap $90.00)
100	100	100	300	1.00	union	anytime	0.40	0.30	0.35	0.10	no-lift	20	100	0.00000	0.15000	0.85000	0.00000	90.950	272.850	$22.65-$23.74	$24.90-$26.10 (cap $90.00)
100	100	100	300	1.00	direct	anytime	0.40	0.30	0.35	0.10	no-lift	20	1	0.00000	0.00000	1.00000	0.00000	1.000	3.000	$0.25-$0.26	$24.90-$26.10 (cap $90.00)
100	100	100	300	1.00	direct	anytime	0.40	0.30	0.35	0.10	no-lift	20	100	0.00000	0.15000	0.85000	0.00000	90.950	272.850	$22.65-$23.74	$24.90-$26.10 (cap $90.00)
75	75	150	300	2.00	union	anytime	0.40	0.30	0.35	0.10	no-lift	20	1	0.00000	0.00000	1.00000	0.00000	1.000	4.000	$0.33-$0.35	$24.90-$26.10 (cap $90.00)
75	75	150	300	2.00	union	anytime	0.40	0.30	0.35	0.10	no-lift	20	75	0.00000	0.05000	0.95000	0.00000	73.750	295.000	$24.49-$25.66	$24.90-$26.10 (cap $90.00)
75	75	150	300	2.00	direct	anytime	0.40	0.30	0.35	0.10	no-lift	20	1	0.00000	0.00000	1.00000	0.00000	1.000	4.000	$0.33-$0.35	$24.90-$26.10 (cap $90.00)
75	75	150	300	2.00	direct	anytime	0.40	0.30	0.35	0.10	no-lift	20	75	0.00000	0.05000	0.95000	0.00000	73.750	295.000	$24.49-$25.66	$24.90-$26.10 (cap $90.00)
480	480	240	1200	0.50	union	anytime	0.40	0.30	0.35	0.10	no-lift	20	1	0.00000	0.00000	1.00000	0.00000	1.000	2.000	$0.17-$0.17	$99.60-$104.40 (cap $360.00)
480	480	240	1200	0.50	union	anytime	0.40	0.30	0.35	0.10	no-lift	20	480	0.00000	0.35000	0.65000	0.00000	366.150	915.300	$75.97-$79.63	$99.60-$104.40 (cap $360.00)
480	480	240	1200	0.50	direct	anytime	0.40	0.30	0.35	0.10	no-lift	20	1	0.00000	0.00000	1.00000	0.00000	1.000	2.000	$0.17-$0.17	$99.60-$104.40 (cap $360.00)
480	480	240	1200	0.50	direct	anytime	0.40	0.30	0.35	0.10	no-lift	20	480	0.00000	0.35000	0.65000	0.00000	366.150	915.300	$75.97-$79.63	$99.60-$104.40 (cap $360.00)
400	400	400	1200	1.00	union	anytime	0.40	0.30	0.35	0.10	no-lift	20	1	0.00000	0.00000	1.00000	0.00000	1.000	3.000	$0.25-$0.26	$99.60-$104.40 (cap $360.00)
400	400	400	1200	1.00	union	anytime	0.40	0.30	0.35	0.10	no-lift	20	400	0.00000	0.40000	0.60000	0.00000	316.250	948.750	$78.75-$82.54	$99.60-$104.40 (cap $360.00)
400	400	400	1200	1.00	direct	anytime	0.40	0.30	0.35	0.10	no-lift	20	1	0.00000	0.00000	1.00000	0.00000	1.000	3.000	$0.25-$0.26	$99.60-$104.40 (cap $360.00)
400	400	400	1200	1.00	direct	anytime	0.40	0.30	0.35	0.10	no-lift	20	400	0.00000	0.40000	0.60000	0.00000	316.250	948.750	$78.75-$82.54	$99.60-$104.40 (cap $360.00)
300	300	600	1200	2.00	union	anytime	0.40	0.30	0.35	0.10	no-lift	20	1	0.00000	0.00000	1.00000	0.00000	1.000	4.000	$0.33-$0.35	$99.60-$104.40 (cap $360.00)
300	300	600	1200	2.00	union	anytime	0.40	0.30	0.35	0.10	no-lift	20	300	0.00000	0.35000	0.65000	0.00000	253.950	1015.800	$84.31-$88.37	$99.60-$104.40 (cap $360.00)
300	300	600	1200	2.00	direct	anytime	0.40	0.30	0.35	0.10	no-lift	20	1	0.00000	0.00000	1.00000	0.00000	1.000	4.000	$0.33-$0.35	$99.60-$104.40 (cap $360.00)
300	300	600	1200	2.00	direct	anytime	0.40	0.30	0.35	0.10	no-lift	20	300	0.00000	0.35000	0.65000	0.00000	253.950	1015.800	$84.31-$88.37	$99.60-$104.40 (cap $360.00)
120	120	60	300	0.50	union	anytime	0.45	0.30	0.35	0.15	no-lift	20	1	0.00000	0.00000	1.00000	0.00000	1.000	2.000	$0.17-$0.17	$24.90-$26.10 (cap $90.00)
120	120	60	300	0.50	union	anytime	0.45	0.30	0.35	0.15	no-lift	20	120	0.00000	0.05000	0.95000	0.00000	114.500	286.250	$23.76-$24.90	$24.90-$26.10 (cap $90.00)
120	120	60	300	0.50	direct	anytime	0.45	0.30	0.35	0.15	no-lift	20	1	0.00000	0.00000	1.00000	0.00000	1.000	2.000	$0.17-$0.17	$24.90-$26.10 (cap $90.00)
120	120	60	300	0.50	direct	anytime	0.45	0.30	0.35	0.15	no-lift	20	120	0.00000	0.05000	0.95000	0.00000	114.500	286.250	$23.76-$24.90	$24.90-$26.10 (cap $90.00)
100	100	100	300	1.00	union	anytime	0.45	0.30	0.35	0.15	no-lift	20	1	0.00000	0.00000	1.00000	0.00000	1.000	3.000	$0.25-$0.26	$24.90-$26.10 (cap $90.00)
100	100	100	300	1.00	union	anytime	0.45	0.30	0.35	0.15	no-lift	20	100	0.00000	0.05000	0.95000	0.00000	96.150	288.450	$23.94-$25.10	$24.90-$26.10 (cap $90.00)
100	100	100	300	1.00	direct	anytime	0.45	0.30	0.35	0.15	no-lift	20	1	0.00000	0.00000	1.00000	0.00000	1.000	3.000	$0.25-$0.26	$24.90-$26.10 (cap $90.00)
100	100	100	300	1.00	direct	anytime	0.45	0.30	0.35	0.15	no-lift	20	100	0.00000	0.05000	0.95000	0.00000	96.150	288.450	$23.94-$25.10	$24.90-$26.10 (cap $90.00)
75	75	150	300	2.00	union	anytime	0.45	0.30	0.35	0.15	no-lift	20	1	0.00000	0.00000	1.00000	0.00000	1.000	4.000	$0.33-$0.35	$24.90-$26.10 (cap $90.00)
75	75	150	300	2.00	union	anytime	0.45	0.30	0.35	0.15	no-lift	20	75	0.00000	0.10000	0.90000	0.00000	70.900	283.600	$23.54-$24.67	$24.90-$26.10 (cap $90.00)
75	75	150	300	2.00	direct	anytime	0.45	0.30	0.35	0.15	no-lift	20	1	0.00000	0.00000	1.00000	0.00000	1.000	4.000	$0.33-$0.35	$24.90-$26.10 (cap $90.00)
75	75	150	300	2.00	direct	anytime	0.45	0.30	0.35	0.15	no-lift	20	75	0.00000	0.10000	0.90000	0.00000	70.900	283.600	$23.54-$24.67	$24.90-$26.10 (cap $90.00)
480	480	240	1200	0.50	union	anytime	0.45	0.30	0.35	0.15	no-lift	20	1	0.00000	0.00000	1.00000	0.00000	1.000	2.000	$0.17-$0.17	$99.60-$104.40 (cap $360.00)
480	480	240	1200	0.50	union	anytime	0.45	0.30	0.35	0.15	no-lift	20	480	0.00000	0.25000	0.75000	0.00000	390.150	975.300	$80.95-$84.85	$99.60-$104.40 (cap $360.00)
480	480	240	1200	0.50	direct	anytime	0.45	0.30	0.35	0.15	no-lift	20	1	0.00000	0.00000	1.00000	0.00000	1.000	2.000	$0.17-$0.17	$99.60-$104.40 (cap $360.00)
480	480	240	1200	0.50	direct	anytime	0.45	0.30	0.35	0.15	no-lift	20	480	0.00000	0.25000	0.75000	0.00000	390.150	975.300	$80.95-$84.85	$99.60-$104.40 (cap $360.00)
400	400	400	1200	1.00	union	anytime	0.45	0.30	0.35	0.15	no-lift	20	1	0.00000	0.00000	1.00000	0.00000	1.000	3.000	$0.25-$0.26	$99.60-$104.40 (cap $360.00)
400	400	400	1200	1.00	union	anytime	0.45	0.30	0.35	0.15	no-lift	20	400	0.00000	0.10000	0.90000	0.00000	363.700	1091.100	$90.56-$94.93	$99.60-$104.40 (cap $360.00)
400	400	400	1200	1.00	direct	anytime	0.45	0.30	0.35	0.15	no-lift	20	1	0.00000	0.00000	1.00000	0.00000	1.000	3.000	$0.25-$0.26	$99.60-$104.40 (cap $360.00)
400	400	400	1200	1.00	direct	anytime	0.45	0.30	0.35	0.15	no-lift	20	400	0.00000	0.10000	0.90000	0.00000	363.700	1091.100	$90.56-$94.93	$99.60-$104.40 (cap $360.00)
300	300	600	1200	2.00	union	anytime	0.45	0.30	0.35	0.15	no-lift	20	1	0.00000	0.00000	1.00000	0.00000	1.000	4.000	$0.33-$0.35	$99.60-$104.40 (cap $360.00)
300	300	600	1200	2.00	union	anytime	0.45	0.30	0.35	0.15	no-lift	20	300	0.00000	0.15000	0.85000	0.00000	273.350	1093.400	$90.75-$95.13	$99.60-$104.40 (cap $360.00)
300	300	600	1200	2.00	direct	anytime	0.45	0.30	0.35	0.15	no-lift	20	1	0.00000	0.00000	1.00000	0.00000	1.000	4.000	$0.33-$0.35	$99.60-$104.40 (cap $360.00)
300	300	600	1200	2.00	direct	anytime	0.45	0.30	0.35	0.15	no-lift	20	300	0.00000	0.15000	0.85000	0.00000	273.350	1093.400	$90.75-$95.13	$99.60-$104.40 (cap $360.00)
120	120	60	300	0.50	union	anytime	0.50	0.30	0.35	0.20	calibration	20	1	0.00000	0.00000	1.00000	0.00000	1.000	2.000	$0.17-$0.17	$24.90-$26.10 (cap $90.00)
120	120	60	300	0.50	union	anytime	0.50	0.30	0.35	0.20	calibration	20	120	0.00000	0.05000	0.95000	0.00000	115.450	288.600	$23.95-$25.11	$24.90-$26.10 (cap $90.00)
120	120	60	300	0.50	direct	anytime	0.50	0.30	0.35	0.20	calibration	20	1	0.00000	0.00000	1.00000	0.00000	1.000	2.000	$0.17-$0.17	$24.90-$26.10 (cap $90.00)
120	120	60	300	0.50	direct	anytime	0.50	0.30	0.35	0.20	calibration	20	120	0.00000	0.05000	0.95000	0.00000	115.450	288.600	$23.95-$25.11	$24.90-$26.10 (cap $90.00)
100	100	100	300	1.00	union	anytime	0.50	0.30	0.35	0.20	calibration	20	1	0.00000	0.00000	1.00000	0.00000	1.000	3.000	$0.25-$0.26	$24.90-$26.10 (cap $90.00)
100	100	100	300	1.00	union	anytime	0.50	0.30	0.35	0.20	calibration	20	100	0.00000	0.05000	0.95000	0.00000	98.850	296.550	$24.61-$25.80	$24.90-$26.10 (cap $90.00)
100	100	100	300	1.00	direct	anytime	0.50	0.30	0.35	0.20	calibration	20	1	0.00000	0.00000	1.00000	0.00000	1.000	3.000	$0.25-$0.26	$24.90-$26.10 (cap $90.00)
100	100	100	300	1.00	direct	anytime	0.50	0.30	0.35	0.20	calibration	20	100	0.00000	0.05000	0.95000	0.00000	98.850	296.550	$24.61-$25.80	$24.90-$26.10 (cap $90.00)
75	75	150	300	2.00	union	anytime	0.50	0.30	0.35	0.20	calibration	20	1	0.00000	0.00000	1.00000	0.00000	1.000	4.000	$0.33-$0.35	$24.90-$26.10 (cap $90.00)
75	75	150	300	2.00	union	anytime	0.50	0.30	0.35	0.20	calibration	20	75	0.00000	0.00000	1.00000	0.00000	75.000	300.000	$24.90-$26.10	$24.90-$26.10 (cap $90.00)
75	75	150	300	2.00	direct	anytime	0.50	0.30	0.35	0.20	calibration	20	1	0.00000	0.00000	1.00000	0.00000	1.000	4.000	$0.33-$0.35	$24.90-$26.10 (cap $90.00)
75	75	150	300	2.00	direct	anytime	0.50	0.30	0.35	0.20	calibration	20	75	0.00000	0.00000	1.00000	0.00000	75.000	300.000	$24.90-$26.10	$24.90-$26.10 (cap $90.00)
480	480	240	1200	0.50	union	anytime	0.50	0.30	0.35	0.20	calibration	20	1	0.00000	0.00000	1.00000	0.00000	1.000	2.000	$0.17-$0.17	$99.60-$104.40 (cap $360.00)
480	480	240	1200	0.50	union	anytime	0.50	0.30	0.35	0.20	calibration	20	480	0.00000	0.00000	1.00000	0.00000	480.000	1200.000	$99.60-$104.40	$99.60-$104.40 (cap $360.00)
480	480	240	1200	0.50	direct	anytime	0.50	0.30	0.35	0.20	calibration	20	1	0.00000	0.00000	1.00000	0.00000	1.000	2.000	$0.17-$0.17	$99.60-$104.40 (cap $360.00)
480	480	240	1200	0.50	direct	anytime	0.50	0.30	0.35	0.20	calibration	20	480	0.00000	0.00000	1.00000	0.00000	480.000	1200.000	$99.60-$104.40	$99.60-$104.40 (cap $360.00)
400	400	400	1200	1.00	union	anytime	0.50	0.30	0.35	0.20	calibration	20	1	0.00000	0.00000	1.00000	0.00000	1.000	3.000	$0.25-$0.26	$99.60-$104.40 (cap $360.00)
400	400	400	1200	1.00	union	anytime	0.50	0.30	0.35	0.20	calibration	20	400	0.00000	0.05000	0.95000	0.00000	381.850	1145.550	$95.08-$99.66	$99.60-$104.40 (cap $360.00)
400	400	400	1200	1.00	direct	anytime	0.50	0.30	0.35	0.20	calibration	20	1	0.00000	0.00000	1.00000	0.00000	1.000	3.000	$0.25-$0.26	$99.60-$104.40 (cap $360.00)
400	400	400	1200	1.00	direct	anytime	0.50	0.30	0.35	0.20	calibration	20	400	0.00000	0.05000	0.95000	0.00000	381.850	1145.550	$95.08-$99.66	$99.60-$104.40 (cap $360.00)
300	300	600	1200	2.00	union	anytime	0.50	0.30	0.35	0.20	calibration	20	1	0.00000	0.00000	1.00000	0.00000	1.000	4.000	$0.33-$0.35	$99.60-$104.40 (cap $360.00)
300	300	600	1200	2.00	union	anytime	0.50	0.30	0.35	0.20	calibration	20	300	0.00000	0.05000	0.95000	0.00000	295.800	1183.200	$98.21-$102.94	$99.60-$104.40 (cap $360.00)
300	300	600	1200	2.00	direct	anytime	0.50	0.30	0.35	0.20	calibration	20	1	0.00000	0.00000	1.00000	0.00000	1.000	4.000	$0.33-$0.35	$99.60-$104.40 (cap $360.00)
300	300	600	1200	2.00	direct	anytime	0.50	0.30	0.35	0.20	calibration	20	300	0.00000	0.05000	0.95000	0.00000	295.800	1183.200	$98.21-$102.94	$99.60-$104.40 (cap $360.00)
120	120	60	300	0.50	union	anytime	0.55	0.30	0.35	0.25	small real effect	20	1	0.00000	0.00000	1.00000	0.00000	1.000	2.000	$0.17-$0.17	$24.90-$26.10 (cap $90.00)
120	120	60	300	0.50	union	anytime	0.55	0.30	0.35	0.25	small real effect	20	120	0.00000	0.00000	1.00000	0.00000	120.000	300.000	$24.90-$26.10	$24.90-$26.10 (cap $90.00)
120	120	60	300	0.50	direct	anytime	0.55	0.30	0.35	0.25	small real effect	20	1	0.00000	0.00000	1.00000	0.00000	1.000	2.000	$0.17-$0.17	$24.90-$26.10 (cap $90.00)
120	120	60	300	0.50	direct	anytime	0.55	0.30	0.35	0.25	small real effect	20	120	0.00000	0.00000	1.00000	0.00000	120.000	300.000	$24.90-$26.10	$24.90-$26.10 (cap $90.00)
100	100	100	300	1.00	union	anytime	0.55	0.30	0.35	0.25	small real effect	20	1	0.00000	0.00000	1.00000	0.00000	1.000	3.000	$0.25-$0.26	$24.90-$26.10 (cap $90.00)
100	100	100	300	1.00	union	anytime	0.55	0.30	0.35	0.25	small real effect	20	100	0.00000	0.05000	0.95000	0.00000	98.800	296.400	$24.60-$25.79	$24.90-$26.10 (cap $90.00)
100	100	100	300	1.00	direct	anytime	0.55	0.30	0.35	0.25	small real effect	20	1	0.00000	0.00000	1.00000	0.00000	1.000	3.000	$0.25-$0.26	$24.90-$26.10 (cap $90.00)
100	100	100	300	1.00	direct	anytime	0.55	0.30	0.35	0.25	small real effect	20	100	0.00000	0.05000	0.95000	0.00000	98.800	296.400	$24.60-$25.79	$24.90-$26.10 (cap $90.00)
75	75	150	300	2.00	union	anytime	0.55	0.30	0.35	0.25	small real effect	20	1	0.00000	0.00000	1.00000	0.00000	1.000	4.000	$0.33-$0.35	$24.90-$26.10 (cap $90.00)
75	75	150	300	2.00	union	anytime	0.55	0.30	0.35	0.25	small real effect	20	75	0.00000	0.05000	0.95000	0.00000	72.300	289.200	$24.00-$25.16	$24.90-$26.10 (cap $90.00)
75	75	150	300	2.00	direct	anytime	0.55	0.30	0.35	0.25	small real effect	20	1	0.00000	0.00000	1.00000	0.00000	1.000	4.000	$0.33-$0.35	$24.90-$26.10 (cap $90.00)
75	75	150	300	2.00	direct	anytime	0.55	0.30	0.35	0.25	small real effect	20	75	0.00000	0.05000	0.95000	0.00000	72.300	289.200	$24.00-$25.16	$24.90-$26.10 (cap $90.00)
480	480	240	1200	0.50	union	anytime	0.55	0.30	0.35	0.25	small real effect	20	1	0.00000	0.00000	1.00000	0.00000	1.000	2.000	$0.17-$0.17	$99.60-$104.40 (cap $360.00)
480	480	240	1200	0.50	union	anytime	0.55	0.30	0.35	0.25	small real effect	20	480	0.00000	0.05000	0.95000	0.00000	456.500	1141.250	$94.72-$99.29	$99.60-$104.40 (cap $360.00)
480	480	240	1200	0.50	direct	anytime	0.55	0.30	0.35	0.25	small real effect	20	1	0.00000	0.00000	1.00000	0.00000	1.000	2.000	$0.17-$0.17	$99.60-$104.40 (cap $360.00)
480	480	240	1200	0.50	direct	anytime	0.55	0.30	0.35	0.25	small real effect	20	480	0.00000	0.05000	0.95000	0.00000	456.500	1141.250	$94.72-$99.29	$99.60-$104.40 (cap $360.00)
400	400	400	1200	1.00	union	anytime	0.55	0.30	0.35	0.25	small real effect	20	1	0.00000	0.00000	1.00000	0.00000	1.000	3.000	$0.25-$0.26	$99.60-$104.40 (cap $360.00)
400	400	400	1200	1.00	union	anytime	0.55	0.30	0.35	0.25	small real effect	20	400	0.00000	0.00000	1.00000	0.00000	400.000	1200.000	$99.60-$104.40	$99.60-$104.40 (cap $360.00)
400	400	400	1200	1.00	direct	anytime	0.55	0.30	0.35	0.25	small real effect	20	1	0.00000	0.00000	1.00000	0.00000	1.000	3.000	$0.25-$0.26	$99.60-$104.40 (cap $360.00)
400	400	400	1200	1.00	direct	anytime	0.55	0.30	0.35	0.25	small real effect	20	400	0.00000	0.00000	1.00000	0.00000	400.000	1200.000	$99.60-$104.40	$99.60-$104.40 (cap $360.00)
300	300	600	1200	2.00	union	anytime	0.55	0.30	0.35	0.25	small real effect	20	1	0.00000	0.00000	1.00000	0.00000	1.000	4.000	$0.33-$0.35	$99.60-$104.40 (cap $360.00)
300	300	600	1200	2.00	union	anytime	0.55	0.30	0.35	0.25	small real effect	20	300	0.00000	0.00000	1.00000	0.00000	300.000	1200.000	$99.60-$104.40	$99.60-$104.40 (cap $360.00)
300	300	600	1200	2.00	direct	anytime	0.55	0.30	0.35	0.25	small real effect	20	1	0.00000	0.00000	1.00000	0.00000	1.000	4.000	$0.33-$0.35	$99.60-$104.40 (cap $360.00)
300	300	600	1200	2.00	direct	anytime	0.55	0.30	0.35	0.25	small real effect	20	300	0.00000	0.00000	1.00000	0.00000	300.000	1200.000	$99.60-$104.40	$99.60-$104.40 (cap $360.00)
120	120	60	300	0.50	union	anytime	0.60	0.30	0.35	0.30	real effect	20	1	0.00000	0.00000	1.00000	0.00000	1.000	2.000	$0.17-$0.17	$24.90-$26.10 (cap $90.00)
120	120	60	300	0.50	union	anytime	0.60	0.30	0.35	0.30	real effect	20	120	0.00000	0.00000	1.00000	0.00000	120.000	300.000	$24.90-$26.10	$24.90-$26.10 (cap $90.00)
120	120	60	300	0.50	direct	anytime	0.60	0.30	0.35	0.30	real effect	20	1	0.00000	0.00000	1.00000	0.00000	1.000	2.000	$0.17-$0.17	$24.90-$26.10 (cap $90.00)
120	120	60	300	0.50	direct	anytime	0.60	0.30	0.35	0.30	real effect	20	120	0.00000	0.00000	1.00000	0.00000	120.000	300.000	$24.90-$26.10	$24.90-$26.10 (cap $90.00)
100	100	100	300	1.00	union	anytime	0.60	0.30	0.35	0.30	real effect	20	1	0.00000	0.00000	1.00000	0.00000	1.000	3.000	$0.25-$0.26	$24.90-$26.10 (cap $90.00)
100	100	100	300	1.00	union	anytime	0.60	0.30	0.35	0.30	real effect	20	100	0.00000	0.00000	1.00000	0.00000	100.000	300.000	$24.90-$26.10	$24.90-$26.10 (cap $90.00)
100	100	100	300	1.00	direct	anytime	0.60	0.30	0.35	0.30	real effect	20	1	0.00000	0.00000	1.00000	0.00000	1.000	3.000	$0.25-$0.26	$24.90-$26.10 (cap $90.00)
100	100	100	300	1.00	direct	anytime	0.60	0.30	0.35	0.30	real effect	20	100	0.00000	0.00000	1.00000	0.00000	100.000	300.000	$24.90-$26.10	$24.90-$26.10 (cap $90.00)
75	75	150	300	2.00	union	anytime	0.60	0.30	0.35	0.30	real effect	20	1	0.00000	0.00000	1.00000	0.00000	1.000	4.000	$0.33-$0.35	$24.90-$26.10 (cap $90.00)
75	75	150	300	2.00	union	anytime	0.60	0.30	0.35	0.30	real effect	20	75	0.00000	0.00000	1.00000	0.00000	75.000	300.000	$24.90-$26.10	$24.90-$26.10 (cap $90.00)
75	75	150	300	2.00	direct	anytime	0.60	0.30	0.35	0.30	real effect	20	1	0.00000	0.00000	1.00000	0.00000	1.000	4.000	$0.33-$0.35	$24.90-$26.10 (cap $90.00)
75	75	150	300	2.00	direct	anytime	0.60	0.30	0.35	0.30	real effect	20	75	0.00000	0.00000	1.00000	0.00000	75.000	300.000	$24.90-$26.10	$24.90-$26.10 (cap $90.00)
480	480	240	1200	0.50	union	anytime	0.60	0.30	0.35	0.30	real effect	20	1	0.00000	0.00000	1.00000	0.00000	1.000	2.000	$0.17-$0.17	$99.60-$104.40 (cap $360.00)
480	480	240	1200	0.50	union	anytime	0.60	0.30	0.35	0.30	real effect	20	480	0.00000	0.00000	1.00000	0.00000	480.000	1200.000	$99.60-$104.40	$99.60-$104.40 (cap $360.00)
480	480	240	1200	0.50	direct	anytime	0.60	0.30	0.35	0.30	real effect	20	1	0.00000	0.00000	1.00000	0.00000	1.000	2.000	$0.17-$0.17	$99.60-$104.40 (cap $360.00)
480	480	240	1200	0.50	direct	anytime	0.60	0.30	0.35	0.30	real effect	20	480	0.00000	0.00000	1.00000	0.00000	480.000	1200.000	$99.60-$104.40	$99.60-$104.40 (cap $360.00)
400	400	400	1200	1.00	union	anytime	0.60	0.30	0.35	0.30	real effect	20	1	0.00000	0.00000	1.00000	0.00000	1.000	3.000	$0.25-$0.26	$99.60-$104.40 (cap $360.00)
400	400	400	1200	1.00	union	anytime	0.60	0.30	0.35	0.30	real effect	20	400	0.00000	0.00000	1.00000	0.00000	400.000	1200.000	$99.60-$104.40	$99.60-$104.40 (cap $360.00)
400	400	400	1200	1.00	direct	anytime	0.60	0.30	0.35	0.30	real effect	20	1	0.00000	0.00000	1.00000	0.00000	1.000	3.000	$0.25-$0.26	$99.60-$104.40 (cap $360.00)
400	400	400	1200	1.00	direct	anytime	0.60	0.30	0.35	0.30	real effect	20	400	0.15000	0.00000	0.85000	0.07984	361.450	1084.350	$90.00-$94.34	$99.60-$104.40 (cap $360.00)
300	300	600	1200	2.00	union	anytime	0.60	0.30	0.35	0.30	real effect	20	1	0.00000	0.00000	1.00000	0.00000	1.000	4.000	$0.33-$0.35	$99.60-$104.40 (cap $360.00)
300	300	600	1200	2.00	union	anytime	0.60	0.30	0.35	0.30	real effect	20	300	0.00000	0.00000	1.00000	0.00000	300.000	1200.000	$99.60-$104.40	$99.60-$104.40 (cap $360.00)
300	300	600	1200	2.00	direct	anytime	0.60	0.30	0.35	0.30	real effect	20	1	0.00000	0.00000	1.00000	0.00000	1.000	4.000	$0.33-$0.35	$99.60-$104.40 (cap $360.00)
300	300	600	1200	2.00	direct	anytime	0.60	0.30	0.35	0.30	real effect	20	300	0.10000	0.00000	0.90000	0.06708	281.350	1125.400	$93.41-$97.91	$99.60-$104.40 (cap $360.00)
120	120	60	300	0.50	union	anytime	0.70	0.30	0.35	0.40	real effect	20	1	0.00000	0.00000	1.00000	0.00000	1.000	2.000	$0.17-$0.17	$24.90-$26.10 (cap $90.00)
120	120	60	300	0.50	union	anytime	0.70	0.30	0.35	0.40	real effect	20	120	0.00000	0.00000	1.00000	0.00000	120.000	300.000	$24.90-$26.10	$24.90-$26.10 (cap $90.00)
120	120	60	300	0.50	direct	anytime	0.70	0.30	0.35	0.40	real effect	20	1	0.00000	0.00000	1.00000	0.00000	1.000	2.000	$0.17-$0.17	$24.90-$26.10 (cap $90.00)
120	120	60	300	0.50	direct	anytime	0.70	0.30	0.35	0.40	real effect	20	120	0.00000	0.00000	1.00000	0.00000	120.000	300.000	$24.90-$26.10	$24.90-$26.10 (cap $90.00)
100	100	100	300	1.00	union	anytime	0.70	0.30	0.35	0.40	real effect	20	1	0.00000	0.00000	1.00000	0.00000	1.000	3.000	$0.25-$0.26	$24.90-$26.10 (cap $90.00)
100	100	100	300	1.00	union	anytime	0.70	0.30	0.35	0.40	real effect	20	100	0.05000	0.00000	0.95000	0.04873	99.300	297.900	$24.73-$25.92	$24.90-$26.10 (cap $90.00)
100	100	100	300	1.00	direct	anytime	0.70	0.30	0.35	0.40	real effect	20	1	0.00000	0.00000	1.00000	0.00000	1.000	3.000	$0.25-$0.26	$24.90-$26.10 (cap $90.00)
100	100	100	300	1.00	direct	anytime	0.70	0.30	0.35	0.40	real effect	20	100	0.20000	0.00000	0.80000	0.08944	88.500	265.500	$22.04-$23.10	$24.90-$26.10 (cap $90.00)
75	75	150	300	2.00	union	anytime	0.70	0.30	0.35	0.40	real effect	20	1	0.00000	0.00000	1.00000	0.00000	1.000	4.000	$0.33-$0.35	$24.90-$26.10 (cap $90.00)
75	75	150	300	2.00	union	anytime	0.70	0.30	0.35	0.40	real effect	20	75	0.05000	0.00000	0.95000	0.04873	73.750	295.000	$24.49-$25.66	$24.90-$26.10 (cap $90.00)
75	75	150	300	2.00	direct	anytime	0.70	0.30	0.35	0.40	real effect	20	1	0.00000	0.00000	1.00000	0.00000	1.000	4.000	$0.33-$0.35	$24.90-$26.10 (cap $90.00)
75	75	150	300	2.00	direct	anytime	0.70	0.30	0.35	0.40	real effect	20	75	0.20000	0.00000	0.80000	0.08944	71.700	286.800	$23.80-$24.95	$24.90-$26.10 (cap $90.00)
480	480	240	1200	0.50	union	anytime	0.70	0.30	0.35	0.40	real effect	20	1	0.00000	0.00000	1.00000	0.00000	1.000	2.000	$0.17-$0.17	$99.60-$104.40 (cap $360.00)
480	480	240	1200	0.50	union	anytime	0.70	0.30	0.35	0.40	real effect	20	480	0.20000	0.00000	0.80000	0.08944	438.150	1095.350	$90.91-$95.30	$99.60-$104.40 (cap $360.00)
480	480	240	1200	0.50	direct	anytime	0.70	0.30	0.35	0.40	real effect	20	1	0.00000	0.00000	1.00000	0.00000	1.000	2.000	$0.17-$0.17	$99.60-$104.40 (cap $360.00)
480	480	240	1200	0.50	direct	anytime	0.70	0.30	0.35	0.40	real effect	20	480	0.60000	0.00000	0.40000	0.10954	340.200	850.450	$70.59-$73.99	$99.60-$104.40 (cap $360.00)
400	400	400	1200	1.00	union	anytime	0.70	0.30	0.35	0.40	real effect	20	1	0.00000	0.00000	1.00000	0.00000	1.000	3.000	$0.25-$0.26	$99.60-$104.40 (cap $360.00)
400	400	400	1200	1.00	union	anytime	0.70	0.30	0.35	0.40	real effect	20	400	0.20000	0.00000	0.80000	0.08944	373.150	1119.450	$92.91-$97.39	$99.60-$104.40 (cap $360.00)
400	400	400	1200	1.00	direct	anytime	0.70	0.30	0.35	0.40	real effect	20	1	0.00000	0.00000	1.00000	0.00000	1.000	3.000	$0.25-$0.26	$99.60-$104.40 (cap $360.00)
400	400	400	1200	1.00	direct	anytime	0.70	0.30	0.35	0.40	real effect	20	400	0.80000	0.00000	0.20000	0.08944	228.250	684.750	$56.83-$59.57	$99.60-$104.40 (cap $360.00)
300	300	600	1200	2.00	union	anytime	0.70	0.30	0.35	0.40	real effect	20	1	0.00000	0.00000	1.00000	0.00000	1.000	4.000	$0.33-$0.35	$99.60-$104.40 (cap $360.00)
300	300	600	1200	2.00	union	anytime	0.70	0.30	0.35	0.40	real effect	20	300	0.30000	0.00000	0.70000	0.10247	272.650	1090.600	$90.52-$94.88	$99.60-$104.40 (cap $360.00)
300	300	600	1200	2.00	direct	anytime	0.70	0.30	0.35	0.40	real effect	20	1	0.00000	0.00000	1.00000	0.00000	1.000	4.000	$0.33-$0.35	$99.60-$104.40 (cap $360.00)
300	300	600	1200	2.00	direct	anytime	0.70	0.30	0.35	0.40	real effect	20	300	0.95000	0.00000	0.05000	0.04873	166.650	666.600	$55.33-$57.99	$99.60-$104.40 (cap $360.00)
120	120	60	300	0.50	union	anytime	0.30	0.30	0.40	0.00	no-lift	20	1	0.00000	0.00000	1.00000	0.00000	1.000	2.000	$0.17-$0.17	$24.90-$26.10 (cap $90.00)
120	120	60	300	0.50	union	anytime	0.30	0.30	0.40	0.00	no-lift	20	120	0.00000	0.70000	0.30000	0.00000	66.900	166.950	$13.86-$14.52	$24.90-$26.10 (cap $90.00)
120	120	60	300	0.50	direct	anytime	0.30	0.30	0.40	0.00	no-lift	20	1	0.00000	0.00000	1.00000	0.00000	1.000	2.000	$0.17-$0.17	$24.90-$26.10 (cap $90.00)
120	120	60	300	0.50	direct	anytime	0.30	0.30	0.40	0.00	no-lift	20	120	0.00000	0.70000	0.30000	0.00000	66.900	166.950	$13.86-$14.52	$24.90-$26.10 (cap $90.00)
100	100	100	300	1.00	union	anytime	0.30	0.30	0.40	0.00	no-lift	20	1	0.00000	0.00000	1.00000	0.00000	1.000	3.000	$0.25-$0.26	$24.90-$26.10 (cap $90.00)
100	100	100	300	1.00	union	anytime	0.30	0.30	0.40	0.00	no-lift	20	100	0.00000	0.70000	0.30000	0.00000	67.850	203.550	$16.89-$17.71	$24.90-$26.10 (cap $90.00)
100	100	100	300	1.00	direct	anytime	0.30	0.30	0.40	0.00	no-lift	20	1	0.00000	0.00000	1.00000	0.00000	1.000	3.000	$0.25-$0.26	$24.90-$26.10 (cap $90.00)
100	100	100	300	1.00	direct	anytime	0.30	0.30	0.40	0.00	no-lift	20	100	0.00000	0.70000	0.30000	0.00000	67.850	203.550	$16.89-$17.71	$24.90-$26.10 (cap $90.00)
75	75	150	300	2.00	union	anytime	0.30	0.30	0.40	0.00	no-lift	20	1	0.00000	0.00000	1.00000	0.00000	1.000	4.000	$0.33-$0.35	$24.90-$26.10 (cap $90.00)
75	75	150	300	2.00	union	anytime	0.30	0.30	0.40	0.00	no-lift	20	75	0.00000	0.55000	0.45000	0.00000	49.300	197.200	$16.37-$17.16	$24.90-$26.10 (cap $90.00)
75	75	150	300	2.00	direct	anytime	0.30	0.30	0.40	0.00	no-lift	20	1	0.00000	0.00000	1.00000	0.00000	1.000	4.000	$0.33-$0.35	$24.90-$26.10 (cap $90.00)
75	75	150	300	2.00	direct	anytime	0.30	0.30	0.40	0.00	no-lift	20	75	0.00000	0.55000	0.45000	0.00000	49.300	197.200	$16.37-$17.16	$24.90-$26.10 (cap $90.00)
480	480	240	1200	0.50	union	anytime	0.30	0.30	0.40	0.00	no-lift	20	1	0.00000	0.00000	1.00000	0.00000	1.000	2.000	$0.17-$0.17	$99.60-$104.40 (cap $360.00)
480	480	240	1200	0.50	union	anytime	0.30	0.30	0.40	0.00	no-lift	20	480	0.00000	1.00000	0.00000	0.00000	80.650	201.350	$16.71-$17.52	$99.60-$104.40 (cap $360.00)
480	480	240	1200	0.50	direct	anytime	0.30	0.30	0.40	0.00	no-lift	20	1	0.00000	0.00000	1.00000	0.00000	1.000	2.000	$0.17-$0.17	$99.60-$104.40 (cap $360.00)
480	480	240	1200	0.50	direct	anytime	0.30	0.30	0.40	0.00	no-lift	20	480	0.00000	1.00000	0.00000	0.00000	80.650	201.350	$16.71-$17.52	$99.60-$104.40 (cap $360.00)
400	400	400	1200	1.00	union	anytime	0.30	0.30	0.40	0.00	no-lift	20	1	0.00000	0.00000	1.00000	0.00000	1.000	3.000	$0.25-$0.26	$99.60-$104.40 (cap $360.00)
400	400	400	1200	1.00	union	anytime	0.30	0.30	0.40	0.00	no-lift	20	400	0.00000	1.00000	0.00000	0.00000	68.250	204.750	$16.99-$17.81	$99.60-$104.40 (cap $360.00)
400	400	400	1200	1.00	direct	anytime	0.30	0.30	0.40	0.00	no-lift	20	1	0.00000	0.00000	1.00000	0.00000	1.000	3.000	$0.25-$0.26	$99.60-$104.40 (cap $360.00)
400	400	400	1200	1.00	direct	anytime	0.30	0.30	0.40	0.00	no-lift	20	400	0.00000	1.00000	0.00000	0.00000	68.250	204.750	$16.99-$17.81	$99.60-$104.40 (cap $360.00)
300	300	600	1200	2.00	union	anytime	0.30	0.30	0.40	0.00	no-lift	20	1	0.00000	0.00000	1.00000	0.00000	1.000	4.000	$0.33-$0.35	$99.60-$104.40 (cap $360.00)
300	300	600	1200	2.00	union	anytime	0.30	0.30	0.40	0.00	no-lift	20	300	0.00000	1.00000	0.00000	0.00000	99.600	398.400	$33.07-$34.66	$99.60-$104.40 (cap $360.00)
300	300	600	1200	2.00	direct	anytime	0.30	0.30	0.40	0.00	no-lift	20	1	0.00000	0.00000	1.00000	0.00000	1.000	4.000	$0.33-$0.35	$99.60-$104.40 (cap $360.00)
300	300	600	1200	2.00	direct	anytime	0.30	0.30	0.40	0.00	no-lift	20	300	0.00000	1.00000	0.00000	0.00000	99.600	398.400	$33.07-$34.66	$99.60-$104.40 (cap $360.00)
120	120	60	300	0.50	union	anytime	0.40	0.30	0.40	0.10	no-lift	20	1	0.00000	0.00000	1.00000	0.00000	1.000	2.000	$0.17-$0.17	$24.90-$26.10 (cap $90.00)
120	120	60	300	0.50	union	anytime	0.40	0.30	0.40	0.10	no-lift	20	120	0.00000	0.10000	0.90000	0.00000	110.800	277.000	$22.99-$24.10	$24.90-$26.10 (cap $90.00)
120	120	60	300	0.50	direct	anytime	0.40	0.30	0.40	0.10	no-lift	20	1	0.00000	0.00000	1.00000	0.00000	1.000	2.000	$0.17-$0.17	$24.90-$26.10 (cap $90.00)
120	120	60	300	0.50	direct	anytime	0.40	0.30	0.40	0.10	no-lift	20	120	0.00000	0.10000	0.90000	0.00000	110.800	277.000	$22.99-$24.10	$24.90-$26.10 (cap $90.00)
100	100	100	300	1.00	union	anytime	0.40	0.30	0.40	0.10	no-lift	20	1	0.00000	0.00000	1.00000	0.00000	1.000	3.000	$0.25-$0.26	$24.90-$26.10 (cap $90.00)
100	100	100	300	1.00	union	anytime	0.40	0.30	0.40	0.10	no-lift	20	100	0.00000	0.25000	0.75000	0.00000	83.550	250.650	$20.80-$21.81	$24.90-$26.10 (cap $90.00)
100	100	100	300	1.00	direct	anytime	0.40	0.30	0.40	0.10	no-lift	20	1	0.00000	0.00000	1.00000	0.00000	1.000	3.000	$0.25-$0.26	$24.90-$26.10 (cap $90.00)
100	100	100	300	1.00	direct	anytime	0.40	0.30	0.40	0.10	no-lift	20	100	0.00000	0.25000	0.75000	0.00000	83.550	250.650	$20.80-$21.81	$24.90-$26.10 (cap $90.00)
75	75	150	300	2.00	union	anytime	0.40	0.30	0.40	0.10	no-lift	20	1	0.00000	0.00000	1.00000	0.00000	1.000	4.000	$0.33-$0.35	$24.90-$26.10 (cap $90.00)
75	75	150	300	2.00	union	anytime	0.40	0.30	0.40	0.10	no-lift	20	75	0.00000	0.05000	0.95000	0.00000	73.300	293.200	$24.34-$25.51	$24.90-$26.10 (cap $90.00)
75	75	150	300	2.00	direct	anytime	0.40	0.30	0.40	0.10	no-lift	20	1	0.00000	0.00000	1.00000	0.00000	1.000	4.000	$0.33-$0.35	$24.90-$26.10 (cap $90.00)
75	75	150	300	2.00	direct	anytime	0.40	0.30	0.40	0.10	no-lift	20	75	0.00000	0.05000	0.95000	0.00000	73.300	293.200	$24.34-$25.51	$24.90-$26.10 (cap $90.00)
480	480	240	1200	0.50	union	anytime	0.40	0.30	0.40	0.10	no-lift	20	1	0.00000	0.00000	1.00000	0.00000	1.000	2.000	$0.17-$0.17	$99.60-$104.40 (cap $360.00)
480	480	240	1200	0.50	union	anytime	0.40	0.30	0.40	0.10	no-lift	20	480	0.00000	0.40000	0.60000	0.00000	385.850	964.550	$80.06-$83.92	$99.60-$104.40 (cap $360.00)
480	480	240	1200	0.50	direct	anytime	0.40	0.30	0.40	0.10	no-lift	20	1	0.00000	0.00000	1.00000	0.00000	1.000	2.000	$0.17-$0.17	$99.60-$104.40 (cap $360.00)
480	480	240	1200	0.50	direct	anytime	0.40	0.30	0.40	0.10	no-lift	20	480	0.00000	0.40000	0.60000	0.00000	385.850	964.550	$80.06-$83.92	$99.60-$104.40 (cap $360.00)
400	400	400	1200	1.00	union	anytime	0.40	0.30	0.40	0.10	no-lift	20	1	0.00000	0.00000	1.00000	0.00000	1.000	3.000	$0.25-$0.26	$99.60-$104.40 (cap $360.00)
400	400	400	1200	1.00	union	anytime	0.40	0.30	0.40	0.10	no-lift	20	400	0.00000	0.50000	0.50000	0.00000	312.150	936.450	$77.73-$81.47	$99.60-$104.40 (cap $360.00)
400	400	400	1200	1.00	direct	anytime	0.40	0.30	0.40	0.10	no-lift	20	1	0.00000	0.00000	1.00000	0.00000	1.000	3.000	$0.25-$0.26	$99.60-$104.40 (cap $360.00)
400	400	400	1200	1.00	direct	anytime	0.40	0.30	0.40	0.10	no-lift	20	400	0.00000	0.50000	0.50000	0.00000	312.150	936.450	$77.73-$81.47	$99.60-$104.40 (cap $360.00)
300	300	600	1200	2.00	union	anytime	0.40	0.30	0.40	0.10	no-lift	20	1	0.00000	0.00000	1.00000	0.00000	1.000	4.000	$0.33-$0.35	$99.60-$104.40 (cap $360.00)
300	300	600	1200	2.00	union	anytime	0.40	0.30	0.40	0.10	no-lift	20	300	0.00000	0.30000	0.70000	0.00000	229.900	919.600	$76.33-$80.01	$99.60-$104.40 (cap $360.00)
300	300	600	1200	2.00	direct	anytime	0.40	0.30	0.40	0.10	no-lift	20	1	0.00000	0.00000	1.00000	0.00000	1.000	4.000	$0.33-$0.35	$99.60-$104.40 (cap $360.00)
300	300	600	1200	2.00	direct	anytime	0.40	0.30	0.40	0.10	no-lift	20	300	0.00000	0.30000	0.70000	0.00000	229.900	919.600	$76.33-$80.01	$99.60-$104.40 (cap $360.00)
120	120	60	300	0.50	union	anytime	0.45	0.30	0.40	0.15	no-lift	20	1	0.00000	0.00000	1.00000	0.00000	1.000	2.000	$0.17-$0.17	$24.90-$26.10 (cap $90.00)
120	120	60	300	0.50	union	anytime	0.45	0.30	0.40	0.15	no-lift	20	120	0.00000	0.05000	0.95000	0.00000	114.750	286.850	$23.81-$24.96	$24.90-$26.10 (cap $90.00)
120	120	60	300	0.50	direct	anytime	0.45	0.30	0.40	0.15	no-lift	20	1	0.00000	0.00000	1.00000	0.00000	1.000	2.000	$0.17-$0.17	$24.90-$26.10 (cap $90.00)
120	120	60	300	0.50	direct	anytime	0.45	0.30	0.40	0.15	no-lift	20	120	0.00000	0.05000	0.95000	0.00000	114.750	286.850	$23.81-$24.96	$24.90-$26.10 (cap $90.00)
100	100	100	300	1.00	union	anytime	0.45	0.30	0.40	0.15	no-lift	20	1	0.00000	0.00000	1.00000	0.00000	1.000	3.000	$0.25-$0.26	$24.90-$26.10 (cap $90.00)
100	100	100	300	1.00	union	anytime	0.45	0.30	0.40	0.15	no-lift	20	100	0.00000	0.05000	0.95000	0.00000	95.450	286.350	$23.77-$24.91	$24.90-$26.10 (cap $90.00)
100	100	100	300	1.00	direct	anytime	0.45	0.30	0.40	0.15	no-lift	20	1	0.00000	0.00000	1.00000	0.00000	1.000	3.000	$0.25-$0.26	$24.90-$26.10 (cap $90.00)
100	100	100	300	1.00	direct	anytime	0.45	0.30	0.40	0.15	no-lift	20	100	0.00000	0.05000	0.95000	0.00000	95.450	286.350	$23.77-$24.91	$24.90-$26.10 (cap $90.00)
75	75	150	300	2.00	union	anytime	0.45	0.30	0.40	0.15	no-lift	20	1	0.00000	0.00000	1.00000	0.00000	1.000	4.000	$0.33-$0.35	$24.90-$26.10 (cap $90.00)
75	75	150	300	2.00	union	anytime	0.45	0.30	0.40	0.15	no-lift	20	75	0.00000	0.10000	0.90000	0.00000	68.750	275.000	$22.83-$23.92	$24.90-$26.10 (cap $90.00)
75	75	150	300	2.00	direct	anytime	0.45	0.30	0.40	0.15	no-lift	20	1	0.00000	0.00000	1.00000	0.00000	1.000	4.000	$0.33-$0.35	$24.90-$26.10 (cap $90.00)
75	75	150	300	2.00	direct	anytime	0.45	0.30	0.40	0.15	no-lift	20	75	0.00000	0.10000	0.90000	0.00000	68.750	275.000	$22.83-$23.92	$24.90-$26.10 (cap $90.00)
480	480	240	1200	0.50	union	anytime	0.45	0.30	0.40	0.15	no-lift	20	1	0.00000	0.00000	1.00000	0.00000	1.000	2.000	$0.17-$0.17	$99.60-$104.40 (cap $360.00)
480	480	240	1200	0.50	union	anytime	0.45	0.30	0.40	0.15	no-lift	20	480	0.00000	0.15000	0.85000	0.00000	426.900	1067.200	$88.58-$92.85	$99.60-$104.40 (cap $360.00)
480	480	240	1200	0.50	direct	anytime	0.45	0.30	0.40	0.15	no-lift	20	1	0.00000	0.00000	1.00000	0.00000	1.000	2.000	$0.17-$0.17	$99.60-$104.40 (cap $360.00)
480	480	240	1200	0.50	direct	anytime	0.45	0.30	0.40	0.15	no-lift	20	480	0.00000	0.15000	0.85000	0.00000	426.900	1067.200	$88.58-$92.85	$99.60-$104.40 (cap $360.00)
400	400	400	1200	1.00	union	anytime	0.45	0.30	0.40	0.15	no-lift	20	1	0.00000	0.00000	1.00000	0.00000	1.000	3.000	$0.25-$0.26	$99.60-$104.40 (cap $360.00)
400	400	400	1200	1.00	union	anytime	0.45	0.30	0.40	0.15	no-lift	20	400	0.00000	0.10000	0.90000	0.00000	380.600	1141.800	$94.77-$99.34	$99.60-$104.40 (cap $360.00)
400	400	400	1200	1.00	direct	anytime	0.45	0.30	0.40	0.15	no-lift	20	1	0.00000	0.00000	1.00000	0.00000	1.000	3.000	$0.25-$0.26	$99.60-$104.40 (cap $360.00)
400	400	400	1200	1.00	direct	anytime	0.45	0.30	0.40	0.15	no-lift	20	400	0.00000	0.10000	0.90000	0.00000	380.600	1141.800	$94.77-$99.34	$99.60-$104.40 (cap $360.00)
300	300	600	1200	2.00	union	anytime	0.45	0.30	0.40	0.15	no-lift	20	1	0.00000	0.00000	1.00000	0.00000	1.000	4.000	$0.33-$0.35	$99.60-$104.40 (cap $360.00)
300	300	600	1200	2.00	union	anytime	0.45	0.30	0.40	0.15	no-lift	20	300	0.00000	0.15000	0.85000	0.00000	265.050	1060.200	$88.00-$92.24	$99.60-$104.40 (cap $360.00)
300	300	600	1200	2.00	direct	anytime	0.45	0.30	0.40	0.15	no-lift	20	1	0.00000	0.00000	1.00000	0.00000	1.000	4.000	$0.33-$0.35	$99.60-$104.40 (cap $360.00)
300	300	600	1200	2.00	direct	anytime	0.45	0.30	0.40	0.15	no-lift	20	300	0.00000	0.15000	0.85000	0.00000	265.050	1060.200	$88.00-$92.24	$99.60-$104.40 (cap $360.00)
120	120	60	300	0.50	union	anytime	0.50	0.30	0.40	0.20	calibration	20	1	0.00000	0.00000	1.00000	0.00000	1.000	2.000	$0.17-$0.17	$24.90-$26.10 (cap $90.00)
120	120	60	300	0.50	union	anytime	0.50	0.30	0.40	0.20	calibration	20	120	0.00000	0.00000	1.00000	0.00000	120.000	300.000	$24.90-$26.10	$24.90-$26.10 (cap $90.00)
120	120	60	300	0.50	direct	anytime	0.50	0.30	0.40	0.20	calibration	20	1	0.00000	0.00000	1.00000	0.00000	1.000	2.000	$0.17-$0.17	$24.90-$26.10 (cap $90.00)
120	120	60	300	0.50	direct	anytime	0.50	0.30	0.40	0.20	calibration	20	120	0.00000	0.00000	1.00000	0.00000	120.000	300.000	$24.90-$26.10	$24.90-$26.10 (cap $90.00)
100	100	100	300	1.00	union	anytime	0.50	0.30	0.40	0.20	calibration	20	1	0.00000	0.00000	1.00000	0.00000	1.000	3.000	$0.25-$0.26	$24.90-$26.10 (cap $90.00)
100	100	100	300	1.00	union	anytime	0.50	0.30	0.40	0.20	calibration	20	100	0.00000	0.00000	1.00000	0.00000	100.000	300.000	$24.90-$26.10	$24.90-$26.10 (cap $90.00)
100	100	100	300	1.00	direct	anytime	0.50	0.30	0.40	0.20	calibration	20	1	0.00000	0.00000	1.00000	0.00000	1.000	3.000	$0.25-$0.26	$24.90-$26.10 (cap $90.00)
100	100	100	300	1.00	direct	anytime	0.50	0.30	0.40	0.20	calibration	20	100	0.00000	0.00000	1.00000	0.00000	100.000	300.000	$24.90-$26.10	$24.90-$26.10 (cap $90.00)
75	75	150	300	2.00	union	anytime	0.50	0.30	0.40	0.20	calibration	20	1	0.00000	0.00000	1.00000	0.00000	1.000	4.000	$0.33-$0.35	$24.90-$26.10 (cap $90.00)
75	75	150	300	2.00	union	anytime	0.50	0.30	0.40	0.20	calibration	20	75	0.00000	0.00000	1.00000	0.00000	75.000	300.000	$24.90-$26.10	$24.90-$26.10 (cap $90.00)
75	75	150	300	2.00	direct	anytime	0.50	0.30	0.40	0.20	calibration	20	1	0.00000	0.00000	1.00000	0.00000	1.000	4.000	$0.33-$0.35	$24.90-$26.10 (cap $90.00)
75	75	150	300	2.00	direct	anytime	0.50	0.30	0.40	0.20	calibration	20	75	0.00000	0.00000	1.00000	0.00000	75.000	300.000	$24.90-$26.10	$24.90-$26.10 (cap $90.00)
480	480	240	1200	0.50	union	anytime	0.50	0.30	0.40	0.20	calibration	20	1	0.00000	0.00000	1.00000	0.00000	1.000	2.000	$0.17-$0.17	$99.60-$104.40 (cap $360.00)
480	480	240	1200	0.50	union	anytime	0.50	0.30	0.40	0.20	calibration	20	480	0.00000	0.00000	1.00000	0.00000	480.000	1200.000	$99.60-$104.40	$99.60-$104.40 (cap $360.00)
480	480	240	1200	0.50	direct	anytime	0.50	0.30	0.40	0.20	calibration	20	1	0.00000	0.00000	1.00000	0.00000	1.000	2.000	$0.17-$0.17	$99.60-$104.40 (cap $360.00)
480	480	240	1200	0.50	direct	anytime	0.50	0.30	0.40	0.20	calibration	20	480	0.00000	0.00000	1.00000	0.00000	480.000	1200.000	$99.60-$104.40	$99.60-$104.40 (cap $360.00)
400	400	400	1200	1.00	union	anytime	0.50	0.30	0.40	0.20	calibration	20	1	0.00000	0.00000	1.00000	0.00000	1.000	3.000	$0.25-$0.26	$99.60-$104.40 (cap $360.00)
400	400	400	1200	1.00	union	anytime	0.50	0.30	0.40	0.20	calibration	20	400	0.00000	0.00000	1.00000	0.00000	400.000	1200.000	$99.60-$104.40	$99.60-$104.40 (cap $360.00)
400	400	400	1200	1.00	direct	anytime	0.50	0.30	0.40	0.20	calibration	20	1	0.00000	0.00000	1.00000	0.00000	1.000	3.000	$0.25-$0.26	$99.60-$104.40 (cap $360.00)
400	400	400	1200	1.00	direct	anytime	0.50	0.30	0.40	0.20	calibration	20	400	0.00000	0.00000	1.00000	0.00000	400.000	1200.000	$99.60-$104.40	$99.60-$104.40 (cap $360.00)
300	300	600	1200	2.00	union	anytime	0.50	0.30	0.40	0.20	calibration	20	1	0.00000	0.00000	1.00000	0.00000	1.000	4.000	$0.33-$0.35	$99.60-$104.40 (cap $360.00)
300	300	600	1200	2.00	union	anytime	0.50	0.30	0.40	0.20	calibration	20	300	0.00000	0.05000	0.95000	0.00000	290.650	1162.600	$96.50-$101.15	$99.60-$104.40 (cap $360.00)
300	300	600	1200	2.00	direct	anytime	0.50	0.30	0.40	0.20	calibration	20	1	0.00000	0.00000	1.00000	0.00000	1.000	4.000	$0.33-$0.35	$99.60-$104.40 (cap $360.00)
300	300	600	1200	2.00	direct	anytime	0.50	0.30	0.40	0.20	calibration	20	300	0.00000	0.05000	0.95000	0.00000	290.650	1162.600	$96.50-$101.15	$99.60-$104.40 (cap $360.00)
120	120	60	300	0.50	union	anytime	0.55	0.30	0.40	0.25	small real effect	20	1	0.00000	0.00000	1.00000	0.00000	1.000	2.000	$0.17-$0.17	$24.90-$26.10 (cap $90.00)
120	120	60	300	0.50	union	anytime	0.55	0.30	0.40	0.25	small real effect	20	120	0.00000	0.00000	1.00000	0.00000	120.000	300.000	$24.90-$26.10	$24.90-$26.10 (cap $90.00)
120	120	60	300	0.50	direct	anytime	0.55	0.30	0.40	0.25	small real effect	20	1	0.00000	0.00000	1.00000	0.00000	1.000	2.000	$0.17-$0.17	$24.90-$26.10 (cap $90.00)
120	120	60	300	0.50	direct	anytime	0.55	0.30	0.40	0.25	small real effect	20	120	0.00000	0.00000	1.00000	0.00000	120.000	300.000	$24.90-$26.10	$24.90-$26.10 (cap $90.00)
100	100	100	300	1.00	union	anytime	0.55	0.30	0.40	0.25	small real effect	20	1	0.00000	0.00000	1.00000	0.00000	1.000	3.000	$0.25-$0.26	$24.90-$26.10 (cap $90.00)
100	100	100	300	1.00	union	anytime	0.55	0.30	0.40	0.25	small real effect	20	100	0.00000	0.00000	1.00000	0.00000	100.000	300.000	$24.90-$26.10	$24.90-$26.10 (cap $90.00)
100	100	100	300	1.00	direct	anytime	0.55	0.30	0.40	0.25	small real effect	20	1	0.00000	0.00000	1.00000	0.00000	1.000	3.000	$0.25-$0.26	$24.90-$26.10 (cap $90.00)
100	100	100	300	1.00	direct	anytime	0.55	0.30	0.40	0.25	small real effect	20	100	0.00000	0.00000	1.00000	0.00000	100.000	300.000	$24.90-$26.10	$24.90-$26.10 (cap $90.00)
75	75	150	300	2.00	union	anytime	0.55	0.30	0.40	0.25	small real effect	20	1	0.00000	0.00000	1.00000	0.00000	1.000	4.000	$0.33-$0.35	$24.90-$26.10 (cap $90.00)
75	75	150	300	2.00	union	anytime	0.55	0.30	0.40	0.25	small real effect	20	75	0.00000	0.00000	1.00000	0.00000	75.000	300.000	$24.90-$26.10	$24.90-$26.10 (cap $90.00)
75	75	150	300	2.00	direct	anytime	0.55	0.30	0.40	0.25	small real effect	20	1	0.00000	0.00000	1.00000	0.00000	1.000	4.000	$0.33-$0.35	$24.90-$26.10 (cap $90.00)
75	75	150	300	2.00	direct	anytime	0.55	0.30	0.40	0.25	small real effect	20	75	0.00000	0.00000	1.00000	0.00000	75.000	300.000	$24.90-$26.10	$24.90-$26.10 (cap $90.00)
480	480	240	1200	0.50	union	anytime	0.55	0.30	0.40	0.25	small real effect	20	1	0.00000	0.00000	1.00000	0.00000	1.000	2.000	$0.17-$0.17	$99.60-$104.40 (cap $360.00)
480	480	240	1200	0.50	union	anytime	0.55	0.30	0.40	0.25	small real effect	20	480	0.00000	0.05000	0.95000	0.00000	456.800	1142.000	$94.79-$99.35	$99.60-$104.40 (cap $360.00)
480	480	240	1200	0.50	direct	anytime	0.55	0.30	0.40	0.25	small real effect	20	1	0.00000	0.00000	1.00000	0.00000	1.000	2.000	$0.17-$0.17	$99.60-$104.40 (cap $360.00)
480	480	240	1200	0.50	direct	anytime	0.55	0.30	0.40	0.25	small real effect	20	480	0.00000	0.05000	0.95000	0.00000	456.800	1142.000	$94.79-$99.35	$99.60-$104.40 (cap $360.00)
400	400	400	1200	1.00	union	anytime	0.55	0.30	0.40	0.25	small real effect	20	1	0.00000	0.00000	1.00000	0.00000	1.000	3.000	$0.25-$0.26	$99.60-$104.40 (cap $360.00)
400	400	400	1200	1.00	union	anytime	0.55	0.30	0.40	0.25	small real effect	20	400	0.00000	0.05000	0.95000	0.00000	380.550	1141.650	$94.76-$99.32	$99.60-$104.40 (cap $360.00)
400	400	400	1200	1.00	direct	anytime	0.55	0.30	0.40	0.25	small real effect	20	1	0.00000	0.00000	1.00000	0.00000	1.000	3.000	$0.25-$0.26	$99.60-$104.40 (cap $360.00)
400	400	400	1200	1.00	direct	anytime	0.55	0.30	0.40	0.25	small real effect	20	400	0.00000	0.05000	0.95000	0.00000	380.550	1141.650	$94.76-$99.32	$99.60-$104.40 (cap $360.00)
300	300	600	1200	2.00	union	anytime	0.55	0.30	0.40	0.25	small real effect	20	1	0.00000	0.00000	1.00000	0.00000	1.000	4.000	$0.33-$0.35	$99.60-$104.40 (cap $360.00)
300	300	600	1200	2.00	union	anytime	0.55	0.30	0.40	0.25	small real effect	20	300	0.00000	0.00000	1.00000	0.00000	300.000	1200.000	$99.60-$104.40	$99.60-$104.40 (cap $360.00)
300	300	600	1200	2.00	direct	anytime	0.55	0.30	0.40	0.25	small real effect	20	1	0.00000	0.00000	1.00000	0.00000	1.000	4.000	$0.33-$0.35	$99.60-$104.40 (cap $360.00)
300	300	600	1200	2.00	direct	anytime	0.55	0.30	0.40	0.25	small real effect	20	300	0.00000	0.00000	1.00000	0.00000	300.000	1200.000	$99.60-$104.40	$99.60-$104.40 (cap $360.00)
120	120	60	300	0.50	union	anytime	0.60	0.30	0.40	0.30	real effect	20	1	0.00000	0.00000	1.00000	0.00000	1.000	2.000	$0.17-$0.17	$24.90-$26.10 (cap $90.00)
120	120	60	300	0.50	union	anytime	0.60	0.30	0.40	0.30	real effect	20	120	0.00000	0.00000	1.00000	0.00000	120.000	300.000	$24.90-$26.10	$24.90-$26.10 (cap $90.00)
120	120	60	300	0.50	direct	anytime	0.60	0.30	0.40	0.30	real effect	20	1	0.00000	0.00000	1.00000	0.00000	1.000	2.000	$0.17-$0.17	$24.90-$26.10 (cap $90.00)
120	120	60	300	0.50	direct	anytime	0.60	0.30	0.40	0.30	real effect	20	120	0.00000	0.00000	1.00000	0.00000	120.000	300.000	$24.90-$26.10	$24.90-$26.10 (cap $90.00)
100	100	100	300	1.00	union	anytime	0.60	0.30	0.40	0.30	real effect	20	1	0.00000	0.00000	1.00000	0.00000	1.000	3.000	$0.25-$0.26	$24.90-$26.10 (cap $90.00)
100	100	100	300	1.00	union	anytime	0.60	0.30	0.40	0.30	real effect	20	100	0.00000	0.00000	1.00000	0.00000	100.000	300.000	$24.90-$26.10	$24.90-$26.10 (cap $90.00)
100	100	100	300	1.00	direct	anytime	0.60	0.30	0.40	0.30	real effect	20	1	0.00000	0.00000	1.00000	0.00000	1.000	3.000	$0.25-$0.26	$24.90-$26.10 (cap $90.00)
100	100	100	300	1.00	direct	anytime	0.60	0.30	0.40	0.30	real effect	20	100	0.00000	0.00000	1.00000	0.00000	100.000	300.000	$24.90-$26.10	$24.90-$26.10 (cap $90.00)
75	75	150	300	2.00	union	anytime	0.60	0.30	0.40	0.30	real effect	20	1	0.00000	0.00000	1.00000	0.00000	1.000	4.000	$0.33-$0.35	$24.90-$26.10 (cap $90.00)
75	75	150	300	2.00	union	anytime	0.60	0.30	0.40	0.30	real effect	20	75	0.00000	0.00000	1.00000	0.00000	75.000	300.000	$24.90-$26.10	$24.90-$26.10 (cap $90.00)
75	75	150	300	2.00	direct	anytime	0.60	0.30	0.40	0.30	real effect	20	1	0.00000	0.00000	1.00000	0.00000	1.000	4.000	$0.33-$0.35	$24.90-$26.10 (cap $90.00)
75	75	150	300	2.00	direct	anytime	0.60	0.30	0.40	0.30	real effect	20	75	0.00000	0.00000	1.00000	0.00000	75.000	300.000	$24.90-$26.10	$24.90-$26.10 (cap $90.00)
480	480	240	1200	0.50	union	anytime	0.60	0.30	0.40	0.30	real effect	20	1	0.00000	0.00000	1.00000	0.00000	1.000	2.000	$0.17-$0.17	$99.60-$104.40 (cap $360.00)
480	480	240	1200	0.50	union	anytime	0.60	0.30	0.40	0.30	real effect	20	480	0.00000	0.00000	1.00000	0.00000	480.000	1200.000	$99.60-$104.40	$99.60-$104.40 (cap $360.00)
480	480	240	1200	0.50	direct	anytime	0.60	0.30	0.40	0.30	real effect	20	1	0.00000	0.00000	1.00000	0.00000	1.000	2.000	$0.17-$0.17	$99.60-$104.40 (cap $360.00)
480	480	240	1200	0.50	direct	anytime	0.60	0.30	0.40	0.30	real effect	20	480	0.00000	0.00000	1.00000	0.00000	480.000	1200.000	$99.60-$104.40	$99.60-$104.40 (cap $360.00)
400	400	400	1200	1.00	union	anytime	0.60	0.30	0.40	0.30	real effect	20	1	0.00000	0.00000	1.00000	0.00000	1.000	3.000	$0.25-$0.26	$99.60-$104.40 (cap $360.00)
400	400	400	1200	1.00	union	anytime	0.60	0.30	0.40	0.30	real effect	20	400	0.00000	0.00000	1.00000	0.00000	400.000	1200.000	$99.60-$104.40	$99.60-$104.40 (cap $360.00)
400	400	400	1200	1.00	direct	anytime	0.60	0.30	0.40	0.30	real effect	20	1	0.00000	0.00000	1.00000	0.00000	1.000	3.000	$0.25-$0.26	$99.60-$104.40 (cap $360.00)
400	400	400	1200	1.00	direct	anytime	0.60	0.30	0.40	0.30	real effect	20	400	0.00000	0.00000	1.00000	0.00000	400.000	1200.000	$99.60-$104.40	$99.60-$104.40 (cap $360.00)
300	300	600	1200	2.00	union	anytime	0.60	0.30	0.40	0.30	real effect	20	1	0.00000	0.00000	1.00000	0.00000	1.000	4.000	$0.33-$0.35	$99.60-$104.40 (cap $360.00)
300	300	600	1200	2.00	union	anytime	0.60	0.30	0.40	0.30	real effect	20	300	0.00000	0.00000	1.00000	0.00000	300.000	1200.000	$99.60-$104.40	$99.60-$104.40 (cap $360.00)
300	300	600	1200	2.00	direct	anytime	0.60	0.30	0.40	0.30	real effect	20	1	0.00000	0.00000	1.00000	0.00000	1.000	4.000	$0.33-$0.35	$99.60-$104.40 (cap $360.00)
300	300	600	1200	2.00	direct	anytime	0.60	0.30	0.40	0.30	real effect	20	300	0.00000	0.00000	1.00000	0.00000	300.000	1200.000	$99.60-$104.40	$99.60-$104.40 (cap $360.00)
120	120	60	300	0.50	union	anytime	0.70	0.30	0.40	0.40	real effect	20	1	0.00000	0.00000	1.00000	0.00000	1.000	2.000	$0.17-$0.17	$24.90-$26.10 (cap $90.00)
120	120	60	300	0.50	union	anytime	0.70	0.30	0.40	0.40	real effect	20	120	0.00000	0.00000	1.00000	0.00000	120.000	300.000	$24.90-$26.10	$24.90-$26.10 (cap $90.00)
120	120	60	300	0.50	direct	anytime	0.70	0.30	0.40	0.40	real effect	20	1	0.00000	0.00000	1.00000	0.00000	1.000	2.000	$0.17-$0.17	$24.90-$26.10 (cap $90.00)
120	120	60	300	0.50	direct	anytime	0.70	0.30	0.40	0.40	real effect	20	120	0.05000	0.00000	0.95000	0.04873	118.500	296.250	$24.59-$25.77	$24.90-$26.10 (cap $90.00)
100	100	100	300	1.00	union	anytime	0.70	0.30	0.40	0.40	real effect	20	1	0.00000	0.00000	1.00000	0.00000	1.000	3.000	$0.25-$0.26	$24.90-$26.10 (cap $90.00)
100	100	100	300	1.00	union	anytime	0.70	0.30	0.40	0.40	real effect	20	100	0.00000	0.00000	1.00000	0.00000	100.000	300.000	$24.90-$26.10	$24.90-$26.10 (cap $90.00)
100	100	100	300	1.00	direct	anytime	0.70	0.30	0.40	0.40	real effect	20	1	0.00000	0.00000	1.00000	0.00000	1.000	3.000	$0.25-$0.26	$24.90-$26.10 (cap $90.00)
100	100	100	300	1.00	direct	anytime	0.70	0.30	0.40	0.40	real effect	20	100	0.00000	0.00000	1.00000	0.00000	100.000	300.000	$24.90-$26.10	$24.90-$26.10 (cap $90.00)
75	75	150	300	2.00	union	anytime	0.70	0.30	0.40	0.40	real effect	20	1	0.00000	0.00000	1.00000	0.00000	1.000	4.000	$0.33-$0.35	$24.90-$26.10 (cap $90.00)
75	75	150	300	2.00	union	anytime	0.70	0.30	0.40	0.40	real effect	20	75	0.00000	0.00000	1.00000	0.00000	75.000	300.000	$24.90-$26.10	$24.90-$26.10 (cap $90.00)
75	75	150	300	2.00	direct	anytime	0.70	0.30	0.40	0.40	real effect	20	1	0.00000	0.00000	1.00000	0.00000	1.000	4.000	$0.33-$0.35	$24.90-$26.10 (cap $90.00)
75	75	150	300	2.00	direct	anytime	0.70	0.30	0.40	0.40	real effect	20	75	0.10000	0.00000	0.90000	0.06708	74.300	297.200	$24.67-$25.86	$24.90-$26.10 (cap $90.00)
480	480	240	1200	0.50	union	anytime	0.70	0.30	0.40	0.40	real effect	20	1	0.00000	0.00000	1.00000	0.00000	1.000	2.000	$0.17-$0.17	$99.60-$104.40 (cap $360.00)
480	480	240	1200	0.50	union	anytime	0.70	0.30	0.40	0.40	real effect	20	480	0.00000	0.00000	1.00000	0.00000	480.000	1200.000	$99.60-$104.40	$99.60-$104.40 (cap $360.00)
480	480	240	1200	0.50	direct	anytime	0.70	0.30	0.40	0.40	real effect	20	1	0.00000	0.00000	1.00000	0.00000	1.000	2.000	$0.17-$0.17	$99.60-$104.40 (cap $360.00)
480	480	240	1200	0.50	direct	anytime	0.70	0.30	0.40	0.40	real effect	20	480	0.30000	0.00000	0.70000	0.10247	434.300	1085.750	$90.12-$94.46	$99.60-$104.40 (cap $360.00)
400	400	400	1200	1.00	union	anytime	0.70	0.30	0.40	0.40	real effect	20	1	0.00000	0.00000	1.00000	0.00000	1.000	3.000	$0.25-$0.26	$99.60-$104.40 (cap $360.00)
400	400	400	1200	1.00	union	anytime	0.70	0.30	0.40	0.40	real effect	20	400	0.00000	0.00000	1.00000	0.00000	400.000	1200.000	$99.60-$104.40	$99.60-$104.40 (cap $360.00)
400	400	400	1200	1.00	direct	anytime	0.70	0.30	0.40	0.40	real effect	20	1	0.00000	0.00000	1.00000	0.00000	1.000	3.000	$0.25-$0.26	$99.60-$104.40 (cap $360.00)
400	400	400	1200	1.00	direct	anytime	0.70	0.30	0.40	0.40	real effect	20	400	0.20000	0.00000	0.80000	0.08944	354.000	1062.000	$88.15-$92.39	$99.60-$104.40 (cap $360.00)
300	300	600	1200	2.00	union	anytime	0.70	0.30	0.40	0.40	real effect	20	1	0.00000	0.00000	1.00000	0.00000	1.000	4.000	$0.33-$0.35	$99.60-$104.40 (cap $360.00)
300	300	600	1200	2.00	union	anytime	0.70	0.30	0.40	0.40	real effect	20	300	0.05000	0.00000	0.95000	0.04873	295.000	1180.000	$97.94-$102.66	$99.60-$104.40 (cap $360.00)
300	300	600	1200	2.00	direct	anytime	0.70	0.30	0.40	0.40	real effect	20	1	0.00000	0.00000	1.00000	0.00000	1.000	4.000	$0.33-$0.35	$99.60-$104.40 (cap $360.00)
300	300	600	1200	2.00	direct	anytime	0.70	0.30	0.40	0.40	real effect	20	300	0.50000	0.00000	0.50000	0.11180	231.050	924.200	$76.71-$80.41	$99.60-$104.40 (cap $360.00)
120	120	60	300	0.50	union	anytime	0.35	0.35	0.30	0.00	no-lift	20	1	0.00000	0.00000	1.00000	0.00000	1.000	2.000	$0.17-$0.17	$24.90-$26.10 (cap $90.00)
120	120	60	300	0.50	union	anytime	0.35	0.35	0.30	0.00	no-lift	20	120	0.00000	0.75000	0.25000	0.00000	82.150	205.150	$17.03-$17.85	$24.90-$26.10 (cap $90.00)
120	120	60	300	0.50	direct	anytime	0.35	0.35	0.30	0.00	no-lift	20	1	0.00000	0.00000	1.00000	0.00000	1.000	2.000	$0.17-$0.17	$24.90-$26.10 (cap $90.00)
120	120	60	300	0.50	direct	anytime	0.35	0.35	0.30	0.00	no-lift	20	120	0.00000	0.75000	0.25000	0.00000	82.150	205.150	$17.03-$17.85	$24.90-$26.10 (cap $90.00)
100	100	100	300	1.00	union	anytime	0.35	0.35	0.30	0.00	no-lift	20	1	0.00000	0.00000	1.00000	0.00000	1.000	3.000	$0.25-$0.26	$24.90-$26.10 (cap $90.00)
100	100	100	300	1.00	union	anytime	0.35	0.35	0.30	0.00	no-lift	20	100	0.00000	0.65000	0.35000	0.00000	63.400	190.200	$15.79-$16.55	$24.90-$26.10 (cap $90.00)
100	100	100	300	1.00	direct	anytime	0.35	0.35	0.30	0.00	no-lift	20	1	0.00000	0.00000	1.00000	0.00000	1.000	3.000	$0.25-$0.26	$24.90-$26.10 (cap $90.00)
100	100	100	300	1.00	direct	anytime	0.35	0.35	0.30	0.00	no-lift	20	100	0.00000	0.65000	0.35000	0.00000	63.400	190.200	$15.79-$16.55	$24.90-$26.10 (cap $90.00)
75	75	150	300	2.00	union	anytime	0.35	0.35	0.30	0.00	no-lift	20	1	0.00000	0.00000	1.00000	0.00000	1.000	4.000	$0.33-$0.35	$24.90-$26.10 (cap $90.00)
75	75	150	300	2.00	union	anytime	0.35	0.35	0.30	0.00	no-lift	20	75	0.00000	0.50000	0.50000	0.00000	59.400	237.600	$19.72-$20.67	$24.90-$26.10 (cap $90.00)
75	75	150	300	2.00	direct	anytime	0.35	0.35	0.30	0.00	no-lift	20	1	0.00000	0.00000	1.00000	0.00000	1.000	4.000	$0.33-$0.35	$24.90-$26.10 (cap $90.00)
75	75	150	300	2.00	direct	anytime	0.35	0.35	0.30	0.00	no-lift	20	75	0.00000	0.50000	0.50000	0.00000	59.400	237.600	$19.72-$20.67	$24.90-$26.10 (cap $90.00)
480	480	240	1200	0.50	union	anytime	0.35	0.35	0.30	0.00	no-lift	20	1	0.00000	0.00000	1.00000	0.00000	1.000	2.000	$0.17-$0.17	$99.60-$104.40 (cap $360.00)
480	480	240	1200	0.50	union	anytime	0.35	0.35	0.30	0.00	no-lift	20	480	0.00000	1.00000	0.00000	0.00000	92.200	230.300	$19.11-$20.04	$99.60-$104.40 (cap $360.00)
480	480	240	1200	0.50	direct	anytime	0.35	0.35	0.30	0.00	no-lift	20	1	0.00000	0.00000	1.00000	0.00000	1.000	2.000	$0.17-$0.17	$99.60-$104.40 (cap $360.00)
480	480	240	1200	0.50	direct	anytime	0.35	0.35	0.30	0.00	no-lift	20	480	0.00000	1.00000	0.00000	0.00000	92.200	230.300	$19.11-$20.04	$99.60-$104.40 (cap $360.00)
400	400	400	1200	1.00	union	anytime	0.35	0.35	0.30	0.00	no-lift	20	1	0.00000	0.00000	1.00000	0.00000	1.000	3.000	$0.25-$0.26	$99.60-$104.40 (cap $360.00)
400	400	400	1200	1.00	union	anytime	0.35	0.35	0.30	0.00	no-lift	20	400	0.00000	1.00000	0.00000	0.00000	104.400	313.200	$26.00-$27.25	$99.60-$104.40 (cap $360.00)
400	400	400	1200	1.00	direct	anytime	0.35	0.35	0.30	0.00	no-lift	20	1	0.00000	0.00000	1.00000	0.00000	1.000	3.000	$0.25-$0.26	$99.60-$104.40 (cap $360.00)
400	400	400	1200	1.00	direct	anytime	0.35	0.35	0.30	0.00	no-lift	20	400	0.00000	1.00000	0.00000	0.00000	104.400	313.200	$26.00-$27.25	$99.60-$104.40 (cap $360.00)
300	300	600	1200	2.00	union	anytime	0.35	0.35	0.30	0.00	no-lift	20	1	0.00000	0.00000	1.00000	0.00000	1.000	4.000	$0.33-$0.35	$99.60-$104.40 (cap $360.00)
300	300	600	1200	2.00	union	anytime	0.35	0.35	0.30	0.00	no-lift	20	300	0.00000	0.90000	0.10000	0.00000	89.900	359.600	$29.85-$31.29	$99.60-$104.40 (cap $360.00)
300	300	600	1200	2.00	direct	anytime	0.35	0.35	0.30	0.00	no-lift	20	1	0.00000	0.00000	1.00000	0.00000	1.000	4.000	$0.33-$0.35	$99.60-$104.40 (cap $360.00)
300	300	600	1200	2.00	direct	anytime	0.35	0.35	0.30	0.00	no-lift	20	300	0.00000	0.90000	0.10000	0.00000	89.900	359.600	$29.85-$31.29	$99.60-$104.40 (cap $360.00)
120	120	60	300	0.50	union	anytime	0.45	0.35	0.30	0.10	no-lift	20	1	0.00000	0.00000	1.00000	0.00000	1.000	2.000	$0.17-$0.17	$24.90-$26.10 (cap $90.00)
120	120	60	300	0.50	union	anytime	0.45	0.35	0.30	0.10	no-lift	20	120	0.00000	0.15000	0.85000	0.00000	104.550	261.350	$21.69-$22.74	$24.90-$26.10 (cap $90.00)
120	120	60	300	0.50	direct	anytime	0.45	0.35	0.30	0.10	no-lift	20	1	0.00000	0.00000	1.00000	0.00000	1.000	2.000	$0.17-$0.17	$24.90-$26.10 (cap $90.00)
120	120	60	300	0.50	direct	anytime	0.45	0.35	0.30	0.10	no-lift	20	120	0.00000	0.15000	0.85000	0.00000	104.550	261.350	$21.69-$22.74	$24.90-$26.10 (cap $90.00)
100	100	100	300	1.00	union	anytime	0.45	0.35	0.30	0.10	no-lift	20	1	0.00000	0.00000	1.00000	0.00000	1.000	3.000	$0.25-$0.26	$24.90-$26.10 (cap $90.00)
100	100	100	300	1.00	union	anytime	0.45	0.35	0.30	0.10	no-lift	20	100	0.00000	0.05000	0.95000	0.00000	96.400	289.200	$24.00-$25.16	$24.90-$26.10 (cap $90.00)
100	100	100	300	1.00	direct	anytime	0.45	0.35	0.30	0.10	no-lift	20	1	0.00000	0.00000	1.00000	0.00000	1.000	3.000	$0.25-$0.26	$24.90-$26.10 (cap $90.00)
100	100	100	300	1.00	direct	anytime	0.45	0.35	0.30	0.10	no-lift	20	100	0.00000	0.05000	0.95000	0.00000	96.400	289.200	$24.00-$25.16	$24.90-$26.10 (cap $90.00)
75	75	150	300	2.00	union	anytime	0.45	0.35	0.30	0.10	no-lift	20	1	0.00000	0.00000	1.00000	0.00000	1.000	4.000	$0.33-$0.35	$24.90-$26.10 (cap $90.00)
75	75	150	300	2.00	union	anytime	0.45	0.35	0.30	0.10	no-lift	20	75	0.00000	0.20000	0.80000	0.00000	69.050	276.200	$22.92-$24.03	$24.90-$26.10 (cap $90.00)
75	75	150	300	2.00	direct	anytime	0.45	0.35	0.30	0.10	no-lift	20	1	0.00000	0.00000	1.00000	0.00000	1.000	4.000	$0.33-$0.35	$24.90-$26.10 (cap $90.00)
75	75	150	300	2.00	direct	anytime	0.45	0.35	0.30	0.10	no-lift	20	75	0.00000	0.20000	0.80000	0.00000	69.050	276.200	$22.92-$24.03	$24.90-$26.10 (cap $90.00)
480	480	240	1200	0.50	union	anytime	0.45	0.35	0.30	0.10	no-lift	20	1	0.00000	0.00000	1.00000	0.00000	1.000	2.000	$0.17-$0.17	$99.60-$104.40 (cap $360.00)
480	480	240	1200	0.50	union	anytime	0.45	0.35	0.30	0.10	no-lift	20	480	0.00000	0.50000	0.50000	0.00000	315.650	789.000	$65.49-$68.64	$99.60-$104.40 (cap $360.00)
480	480	240	1200	0.50	direct	anytime	0.45	0.35	0.30	0.10	no-lift	20	1	0.00000	0.00000	1.00000	0.00000	1.000	2.000	$0.17-$0.17	$99.60-$104.40 (cap $360.00)
480	480	240	1200	0.50	direct	anytime	0.45	0.35	0.30	0.10	no-lift	20	480	0.00000	0.50000	0.50000	0.00000	315.650	789.000	$65.49-$68.64	$99.60-$104.40 (cap $360.00)
400	400	400	1200	1.00	union	anytime	0.45	0.35	0.30	0.10	no-lift	20	1	0.00000	0.00000	1.00000	0.00000	1.000	3.000	$0.25-$0.26	$99.60-$104.40 (cap $360.00)
400	400	400	1200	1.00	union	anytime	0.45	0.35	0.30	0.10	no-lift	20	400	0.00000	0.40000	0.60000	0.00000	298.600	895.800	$74.35-$77.93	$99.60-$104.40 (cap $360.00)
400	400	400	1200	1.00	direct	anytime	0.45	0.35	0.30	0.10	no-lift	20	1	0.00000	0.00000	1.00000	0.00000	1.000	3.000	$0.25-$0.26	$99.60-$104.40 (cap $360.00)
400	400	400	1200	1.00	direct	anytime	0.45	0.35	0.30	0.10	no-lift	20	400	0.00000	0.40000	0.60000	0.00000	298.600	895.800	$74.35-$77.93	$99.60-$104.40 (cap $360.00)
300	300	600	1200	2.00	union	anytime	0.45	0.35	0.30	0.10	no-lift	20	1	0.00000	0.00000	1.00000	0.00000	1.000	4.000	$0.33-$0.35	$99.60-$104.40 (cap $360.00)
300	300	600	1200	2.00	union	anytime	0.45	0.35	0.30	0.10	no-lift	20	300	0.00000	0.30000	0.70000	0.00000	238.950	955.800	$79.33-$83.15	$99.60-$104.40 (cap $360.00)
300	300	600	1200	2.00	direct	anytime	0.45	0.35	0.30	0.10	no-lift	20	1	0.00000	0.00000	1.00000	0.00000	1.000	4.000	$0.33-$0.35	$99.60-$104.40 (cap $360.00)
300	300	600	1200	2.00	direct	anytime	0.45	0.35	0.30	0.10	no-lift	20	300	0.00000	0.30000	0.70000	0.00000	238.950	955.800	$79.33-$83.15	$99.60-$104.40 (cap $360.00)
120	120	60	300	0.50	union	anytime	0.50	0.35	0.30	0.15	no-lift	20	1	0.00000	0.00000	1.00000	0.00000	1.000	2.000	$0.17-$0.17	$24.90-$26.10 (cap $90.00)
120	120	60	300	0.50	union	anytime	0.50	0.35	0.30	0.15	no-lift	20	120	0.00000	0.00000	1.00000	0.00000	120.000	300.000	$24.90-$26.10	$24.90-$26.10 (cap $90.00)
120	120	60	300	0.50	direct	anytime	0.50	0.35	0.30	0.15	no-lift	20	1	0.00000	0.00000	1.00000	0.00000	1.000	2.000	$0.17-$0.17	$24.90-$26.10 (cap $90.00)
120	120	60	300	0.50	direct	anytime	0.50	0.35	0.30	0.15	no-lift	20	120	0.00000	0.00000	1.00000	0.00000	120.000	300.000	$24.90-$26.10	$24.90-$26.10 (cap $90.00)
100	100	100	300	1.00	union	anytime	0.50	0.35	0.30	0.15	no-lift	20	1	0.00000	0.00000	1.00000	0.00000	1.000	3.000	$0.25-$0.26	$24.90-$26.10 (cap $90.00)
100	100	100	300	1.00	union	anytime	0.50	0.35	0.30	0.15	no-lift	20	100	0.00000	0.05000	0.95000	0.00000	98.050	294.150	$24.41-$25.59	$24.90-$26.10 (cap $90.00)
100	100	100	300	1.00	direct	anytime	0.50	0.35	0.30	0.15	no-lift	20	1	0.00000	0.00000	1.00000	0.00000	1.000	3.000	$0.25-$0.26	$24.90-$26.10 (cap $90.00)
100	100	100	300	1.00	direct	anytime	0.50	0.35	0.30	0.15	no-lift	20	100	0.00000	0.05000	0.95000	0.00000	98.050	294.150	$24.41-$25.59	$24.90-$26.10 (cap $90.00)
75	75	150	300	2.00	union	anytime	0.50	0.35	0.30	0.15	no-lift	20	1	0.00000	0.00000	1.00000	0.00000	1.000	4.000	$0.33-$0.35	$24.90-$26.10 (cap $90.00)
75	75	150	300	2.00	union	anytime	0.50	0.35	0.30	0.15	no-lift	20	75	0.00000	0.15000	0.85000	0.00000	73.900	295.600	$24.53-$25.72	$24.90-$26.10 (cap $90.00)
75	75	150	300	2.00	direct	anytime	0.50	0.35	0.30	0.15	no-lift	20	1	0.00000	0.00000	1.00000	0.00000	1.000	4.000	$0.33-$0.35	$24.90-$26.10 (cap $90.00)
75	75	150	300	2.00	direct	anytime	0.50	0.35	0.30	0.15	no-lift	20	75	0.00000	0.15000	0.85000	0.00000	73.900	295.600	$24.53-$25.72	$24.90-$26.10 (cap $90.00)
480	480	240	1200	0.50	union	anytime	0.50	0.35	0.30	0.15	no-lift	20	1	0.00000	0.00000	1.00000	0.00000	1.000	2.000	$0.17-$0.17	$99.60-$104.40 (cap $360.00)
480	480	240	1200	0.50	union	anytime	0.50	0.35	0.30	0.15	no-lift	20	480	0.00000	0.15000	0.85000	0.00000	432.300	1080.700	$89.70-$94.02	$99.60-$104.40 (cap $360.00)
480	480	240	1200	0.50	direct	anytime	0.50	0.35	0.30	0.15	no-lift	20	1	0.00000	0.00000	1.00000	0.00000	1.000	2.000	$0.17-$0.17	$99.60-$104.40 (cap $360.00)
480	480	240	1200	0.50	direct	anytime	0.50	0.35	0.30	0.15	no-lift	20	480	0.00000	0.15000	0.85000	0.00000	432.300	1080.700	$89.70-$94.02	$99.60-$104.40 (cap $360.00)
400	400	400	1200	1.00	union	anytime	0.50	0.35	0.30	0.15	no-lift	20	1	0.00000	0.00000	1.00000	0.00000	1.000	3.000	$0.25-$0.26	$99.60-$104.40 (cap $360.00)
400	400	400	1200	1.00	union	anytime	0.50	0.35	0.30	0.15	no-lift	20	400	0.00000	0.10000	0.90000	0.00000	377.750	1133.250	$94.06-$98.59	$99.60-$104.40 (cap $360.00)
400	400	400	1200	1.00	direct	anytime	0.50	0.35	0.30	0.15	no-lift	20	1	0.00000	0.00000	1.00000	0.00000	1.000	3.000	$0.25-$0.26	$99.60-$104.40 (cap $360.00)
400	400	400	1200	1.00	direct	anytime	0.50	0.35	0.30	0.15	no-lift	20	400	0.00000	0.10000	0.90000	0.00000	377.750	1133.250	$94.06-$98.59	$99.60-$104.40 (cap $360.00)
300	300	600	1200	2.00	union	anytime	0.50	0.35	0.30	0.15	no-lift	20	1	0.00000	0.00000	1.00000	0.00000	1.000	4.000	$0.33-$0.35	$99.60-$104.40 (cap $360.00)
300	300	600	1200	2.00	union	anytime	0.50	0.35	0.30	0.15	no-lift	20	300	0.00000	0.25000	0.75000	0.00000	240.200	960.800	$79.75-$83.59	$99.60-$104.40 (cap $360.00)
300	300	600	1200	2.00	direct	anytime	0.50	0.35	0.30	0.15	no-lift	20	1	0.00000	0.00000	1.00000	0.00000	1.000	4.000	$0.33-$0.35	$99.60-$104.40 (cap $360.00)
300	300	600	1200	2.00	direct	anytime	0.50	0.35	0.30	0.15	no-lift	20	300	0.00000	0.25000	0.75000	0.00000	240.200	960.800	$79.75-$83.59	$99.60-$104.40 (cap $360.00)
120	120	60	300	0.50	union	anytime	0.55	0.35	0.30	0.20	calibration	20	1	0.00000	0.00000	1.00000	0.00000	1.000	2.000	$0.17-$0.17	$24.90-$26.10 (cap $90.00)
120	120	60	300	0.50	union	anytime	0.55	0.35	0.30	0.20	calibration	20	120	0.00000	0.00000	1.00000	0.00000	120.000	300.000	$24.90-$26.10	$24.90-$26.10 (cap $90.00)
120	120	60	300	0.50	direct	anytime	0.55	0.35	0.30	0.20	calibration	20	1	0.00000	0.00000	1.00000	0.00000	1.000	2.000	$0.17-$0.17	$24.90-$26.10 (cap $90.00)
120	120	60	300	0.50	direct	anytime	0.55	0.35	0.30	0.20	calibration	20	120	0.00000	0.00000	1.00000	0.00000	120.000	300.000	$24.90-$26.10	$24.90-$26.10 (cap $90.00)
100	100	100	300	1.00	union	anytime	0.55	0.35	0.30	0.20	calibration	20	1	0.00000	0.00000	1.00000	0.00000	1.000	3.000	$0.25-$0.26	$24.90-$26.10 (cap $90.00)
100	100	100	300	1.00	union	anytime	0.55	0.35	0.30	0.20	calibration	20	100	0.00000	0.00000	1.00000	0.00000	100.000	300.000	$24.90-$26.10	$24.90-$26.10 (cap $90.00)
100	100	100	300	1.00	direct	anytime	0.55	0.35	0.30	0.20	calibration	20	1	0.00000	0.00000	1.00000	0.00000	1.000	3.000	$0.25-$0.26	$24.90-$26.10 (cap $90.00)
100	100	100	300	1.00	direct	anytime	0.55	0.35	0.30	0.20	calibration	20	100	0.00000	0.00000	1.00000	0.00000	100.000	300.000	$24.90-$26.10	$24.90-$26.10 (cap $90.00)
75	75	150	300	2.00	union	anytime	0.55	0.35	0.30	0.20	calibration	20	1	0.00000	0.00000	1.00000	0.00000	1.000	4.000	$0.33-$0.35	$24.90-$26.10 (cap $90.00)
75	75	150	300	2.00	union	anytime	0.55	0.35	0.30	0.20	calibration	20	75	0.00000	0.05000	0.95000	0.00000	71.800	287.200	$23.84-$24.99	$24.90-$26.10 (cap $90.00)
75	75	150	300	2.00	direct	anytime	0.55	0.35	0.30	0.20	calibration	20	1	0.00000	0.00000	1.00000	0.00000	1.000	4.000	$0.33-$0.35	$24.90-$26.10 (cap $90.00)
75	75	150	300	2.00	direct	anytime	0.55	0.35	0.30	0.20	calibration	20	75	0.00000	0.05000	0.95000	0.00000	71.800	287.200	$23.84-$24.99	$24.90-$26.10 (cap $90.00)
480	480	240	1200	0.50	union	anytime	0.55	0.35	0.30	0.20	calibration	20	1	0.00000	0.00000	1.00000	0.00000	1.000	2.000	$0.17-$0.17	$99.60-$104.40 (cap $360.00)
480	480	240	1200	0.50	union	anytime	0.55	0.35	0.30	0.20	calibration	20	480	0.00000	0.05000	0.95000	0.00000	457.400	1143.500	$94.91-$99.48	$99.60-$104.40 (cap $360.00)
480	480	240	1200	0.50	direct	anytime	0.55	0.35	0.30	0.20	calibration	20	1	0.00000	0.00000	1.00000	0.00000	1.000	2.000	$0.17-$0.17	$99.60-$104.40 (cap $360.00)
480	480	240	1200	0.50	direct	anytime	0.55	0.35	0.30	0.20	calibration	20	480	0.00000	0.05000	0.95000	0.00000	457.400	1143.500	$94.91-$99.48	$99.60-$104.40 (cap $360.00)
400	400	400	1200	1.00	union	anytime	0.55	0.35	0.30	0.20	calibration	20	1	0.00000	0.00000	1.00000	0.00000	1.000	3.000	$0.25-$0.26	$99.60-$104.40 (cap $360.00)
400	400	400	1200	1.00	union	anytime	0.55	0.35	0.30	0.20	calibration	20	400	0.00000	0.00000	1.00000	0.00000	400.000	1200.000	$99.60-$104.40	$99.60-$104.40 (cap $360.00)
400	400	400	1200	1.00	direct	anytime	0.55	0.35	0.30	0.20	calibration	20	1	0.00000	0.00000	1.00000	0.00000	1.000	3.000	$0.25-$0.26	$99.60-$104.40 (cap $360.00)
400	400	400	1200	1.00	direct	anytime	0.55	0.35	0.30	0.20	calibration	20	400	0.00000	0.00000	1.00000	0.00000	400.000	1200.000	$99.60-$104.40	$99.60-$104.40 (cap $360.00)
300	300	600	1200	2.00	union	anytime	0.55	0.35	0.30	0.20	calibration	20	1	0.00000	0.00000	1.00000	0.00000	1.000	4.000	$0.33-$0.35	$99.60-$104.40 (cap $360.00)
300	300	600	1200	2.00	union	anytime	0.55	0.35	0.30	0.20	calibration	20	300	0.00000	0.05000	0.95000	0.00000	286.400	1145.600	$95.08-$99.67	$99.60-$104.40 (cap $360.00)
300	300	600	1200	2.00	direct	anytime	0.55	0.35	0.30	0.20	calibration	20	1	0.00000	0.00000	1.00000	0.00000	1.000	4.000	$0.33-$0.35	$99.60-$104.40 (cap $360.00)
300	300	600	1200	2.00	direct	anytime	0.55	0.35	0.30	0.20	calibration	20	300	0.00000	0.05000	0.95000	0.00000	286.400	1145.600	$95.08-$99.67	$99.60-$104.40 (cap $360.00)
120	120	60	300	0.50	union	anytime	0.60	0.35	0.30	0.25	small real effect	20	1	0.00000	0.00000	1.00000	0.00000	1.000	2.000	$0.17-$0.17	$24.90-$26.10 (cap $90.00)
120	120	60	300	0.50	union	anytime	0.60	0.35	0.30	0.25	small real effect	20	120	0.00000	0.05000	0.95000	0.00000	114.550	286.350	$23.77-$24.91	$24.90-$26.10 (cap $90.00)
120	120	60	300	0.50	direct	anytime	0.60	0.35	0.30	0.25	small real effect	20	1	0.00000	0.00000	1.00000	0.00000	1.000	2.000	$0.17-$0.17	$24.90-$26.10 (cap $90.00)
120	120	60	300	0.50	direct	anytime	0.60	0.35	0.30	0.25	small real effect	20	120	0.05000	0.05000	0.90000	0.04873	112.250	280.600	$23.29-$24.41	$24.90-$26.10 (cap $90.00)
100	100	100	300	1.00	union	anytime	0.60	0.35	0.30	0.25	small real effect	20	1	0.00000	0.00000	1.00000	0.00000	1.000	3.000	$0.25-$0.26	$24.90-$26.10 (cap $90.00)
100	100	100	300	1.00	union	anytime	0.60	0.35	0.30	0.25	small real effect	20	100	0.05000	0.00000	0.95000	0.04873	99.250	297.750	$24.71-$25.90	$24.90-$26.10 (cap $90.00)
100	100	100	300	1.00	direct	anytime	0.60	0.35	0.30	0.25	small real effect	20	1	0.00000	0.00000	1.00000	0.00000	1.000	3.000	$0.25-$0.26	$24.90-$26.10 (cap $90.00)
100	100	100	300	1.00	direct	anytime	0.60	0.35	0.30	0.25	small real effect	20	100	0.05000	0.00000	0.95000	0.04873	96.900	290.700	$24.13-$25.29	$24.90-$26.10 (cap $90.00)
75	75	150	300	2.00	union	anytime	0.60	0.35	0.30	0.25	small real effect	20	1	0.00000	0.00000	1.00000	0.00000	1.000	4.000	$0.33-$0.35	$24.90-$26.10 (cap $90.00)
75	75	150	300	2.00	union	anytime	0.60	0.35	0.30	0.25	small real effect	20	75	0.00000	0.00000	1.00000	0.00000	75.000	300.000	$24.90-$26.10	$24.90-$26.10 (cap $90.00)
75	75	150	300	2.00	direct	anytime	0.60	0.35	0.30	0.25	small real effect	20	1	0.00000	0.00000	1.00000	0.00000	1.000	4.000	$0.33-$0.35	$24.90-$26.10 (cap $90.00)
75	75	150	300	2.00	direct	anytime	0.60	0.35	0.30	0.25	small real effect	20	75	0.00000	0.00000	1.00000	0.00000	75.000	300.000	$24.90-$26.10	$24.90-$26.10 (cap $90.00)
480	480	240	1200	0.50	union	anytime	0.60	0.35	0.30	0.25	small real effect	20	1	0.00000	0.00000	1.00000	0.00000	1.000	2.000	$0.17-$0.17	$99.60-$104.40 (cap $360.00)
480	480	240	1200	0.50	union	anytime	0.60	0.35	0.30	0.25	small real effect	20	480	0.00000	0.00000	1.00000	0.00000	480.000	1200.000	$99.60-$104.40	$99.60-$104.40 (cap $360.00)
480	480	240	1200	0.50	direct	anytime	0.60	0.35	0.30	0.25	small real effect	20	1	0.00000	0.00000	1.00000	0.00000	1.000	2.000	$0.17-$0.17	$99.60-$104.40 (cap $360.00)
480	480	240	1200	0.50	direct	anytime	0.60	0.35	0.30	0.25	small real effect	20	480	0.05000	0.00000	0.95000	0.04873	464.600	1161.500	$96.40-$101.05	$99.60-$104.40 (cap $360.00)
400	400	400	1200	1.00	union	anytime	0.60	0.35	0.30	0.25	small real effect	20	1	0.00000	0.00000	1.00000	0.00000	1.000	3.000	$0.25-$0.26	$99.60-$104.40 (cap $360.00)
400	400	400	1200	1.00	union	anytime	0.60	0.35	0.30	0.25	small real effect	20	400	0.00000	0.05000	0.95000	0.00000	380.400	1141.200	$94.72-$99.28	$99.60-$104.40 (cap $360.00)
400	400	400	1200	1.00	direct	anytime	0.60	0.35	0.30	0.25	small real effect	20	1	0.00000	0.00000	1.00000	0.00000	1.000	3.000	$0.25-$0.26	$99.60-$104.40 (cap $360.00)
400	400	400	1200	1.00	direct	anytime	0.60	0.35	0.30	0.25	small real effect	20	400	0.00000	0.05000	0.95000	0.00000	380.400	1141.200	$94.72-$99.28	$99.60-$104.40 (cap $360.00)
300	300	600	1200	2.00	union	anytime	0.60	0.35	0.30	0.25	small real effect	20	1	0.00000	0.00000	1.00000	0.00000	1.000	4.000	$0.33-$0.35	$99.60-$104.40 (cap $360.00)
300	300	600	1200	2.00	union	anytime	0.60	0.35	0.30	0.25	small real effect	20	300	0.00000	0.00000	1.00000	0.00000	300.000	1200.000	$99.60-$104.40	$99.60-$104.40 (cap $360.00)
300	300	600	1200	2.00	direct	anytime	0.60	0.35	0.30	0.25	small real effect	20	1	0.00000	0.00000	1.00000	0.00000	1.000	4.000	$0.33-$0.35	$99.60-$104.40 (cap $360.00)
300	300	600	1200	2.00	direct	anytime	0.60	0.35	0.30	0.25	small real effect	20	300	0.10000	0.00000	0.90000	0.06708	286.500	1146.000	$95.12-$99.70	$99.60-$104.40 (cap $360.00)
120	120	60	300	0.50	union	anytime	0.65	0.35	0.30	0.30	real effect	20	1	0.00000	0.00000	1.00000	0.00000	1.000	2.000	$0.17-$0.17	$24.90-$26.10 (cap $90.00)
120	120	60	300	0.50	union	anytime	0.65	0.35	0.30	0.30	real effect	20	120	0.00000	0.00000	1.00000	0.00000	120.000	300.000	$24.90-$26.10	$24.90-$26.10 (cap $90.00)
120	120	60	300	0.50	direct	anytime	0.65	0.35	0.30	0.30	real effect	20	1	0.00000	0.00000	1.00000	0.00000	1.000	2.000	$0.17-$0.17	$24.90-$26.10 (cap $90.00)
120	120	60	300	0.50	direct	anytime	0.65	0.35	0.30	0.30	real effect	20	120	0.05000	0.00000	0.95000	0.04873	117.400	293.500	$24.36-$25.53	$24.90-$26.10 (cap $90.00)
100	100	100	300	1.00	union	anytime	0.65	0.35	0.30	0.30	real effect	20	1	0.00000	0.00000	1.00000	0.00000	1.000	3.000	$0.25-$0.26	$24.90-$26.10 (cap $90.00)
100	100	100	300	1.00	union	anytime	0.65	0.35	0.30	0.30	real effect	20	100	0.00000	0.00000	1.00000	0.00000	100.000	300.000	$24.90-$26.10	$24.90-$26.10 (cap $90.00)
100	100	100	300	1.00	direct	anytime	0.65	0.35	0.30	0.30	real effect	20	1	0.00000	0.00000	1.00000	0.00000	1.000	3.000	$0.25-$0.26	$24.90-$26.10 (cap $90.00)
100	100	100	300	1.00	direct	anytime	0.65	0.35	0.30	0.30	real effect	20	100	0.00000	0.00000	1.00000	0.00000	100.000	300.000	$24.90-$26.10	$24.90-$26.10 (cap $90.00)
75	75	150	300	2.00	union	anytime	0.65	0.35	0.30	0.30	real effect	20	1	0.00000	0.00000	1.00000	0.00000	1.000	4.000	$0.33-$0.35	$24.90-$26.10 (cap $90.00)
75	75	150	300	2.00	union	anytime	0.65	0.35	0.30	0.30	real effect	20	75	0.00000	0.00000	1.00000	0.00000	75.000	300.000	$24.90-$26.10	$24.90-$26.10 (cap $90.00)
75	75	150	300	2.00	direct	anytime	0.65	0.35	0.30	0.30	real effect	20	1	0.00000	0.00000	1.00000	0.00000	1.000	4.000	$0.33-$0.35	$24.90-$26.10 (cap $90.00)
75	75	150	300	2.00	direct	anytime	0.65	0.35	0.30	0.30	real effect	20	75	0.00000	0.00000	1.00000	0.00000	75.000	300.000	$24.90-$26.10	$24.90-$26.10 (cap $90.00)
480	480	240	1200	0.50	union	anytime	0.65	0.35	0.30	0.30	real effect	20	1	0.00000	0.00000	1.00000	0.00000	1.000	2.000	$0.17-$0.17	$99.60-$104.40 (cap $360.00)
480	480	240	1200	0.50	union	anytime	0.65	0.35	0.30	0.30	real effect	20	480	0.00000	0.00000	1.00000	0.00000	480.000	1200.000	$99.60-$104.40	$99.60-$104.40 (cap $360.00)
480	480	240	1200	0.50	direct	anytime	0.65	0.35	0.30	0.30	real effect	20	1	0.00000	0.00000	1.00000	0.00000	1.000	2.000	$0.17-$0.17	$99.60-$104.40 (cap $360.00)
480	480	240	1200	0.50	direct	anytime	0.65	0.35	0.30	0.30	real effect	20	480	0.15000	0.00000	0.85000	0.07984	470.100	1175.200	$97.54-$102.24	$99.60-$104.40 (cap $360.00)
400	400	400	1200	1.00	union	anytime	0.65	0.35	0.30	0.30	real effect	20	1	0.00000	0.00000	1.00000	0.00000	1.000	3.000	$0.25-$0.26	$99.60-$104.40 (cap $360.00)
400	400	400	1200	1.00	union	anytime	0.65	0.35	0.30	0.30	real effect	20	400	0.05000	0.10000	0.85000	0.04873	360.450	1081.350	$89.75-$94.08	$99.60-$104.40 (cap $360.00)
400	400	400	1200	1.00	direct	anytime	0.65	0.35	0.30	0.30	real effect	20	1	0.00000	0.00000	1.00000	0.00000	1.000	3.000	$0.25-$0.26	$99.60-$104.40 (cap $360.00)
400	400	400	1200	1.00	direct	anytime	0.65	0.35	0.30	0.30	real effect	20	400	0.25000	0.10000	0.65000	0.09682	320.000	960.000	$79.68-$83.52	$99.60-$104.40 (cap $360.00)
300	300	600	1200	2.00	union	anytime	0.65	0.35	0.30	0.30	real effect	20	1	0.00000	0.00000	1.00000	0.00000	1.000	4.000	$0.33-$0.35	$99.60-$104.40 (cap $360.00)
300	300	600	1200	2.00	union	anytime	0.65	0.35	0.30	0.30	real effect	20	300	0.10000	0.00000	0.90000	0.06708	285.150	1140.600	$94.67-$99.23	$99.60-$104.40 (cap $360.00)
300	300	600	1200	2.00	direct	anytime	0.65	0.35	0.30	0.30	real effect	20	1	0.00000	0.00000	1.00000	0.00000	1.000	4.000	$0.33-$0.35	$99.60-$104.40 (cap $360.00)
300	300	600	1200	2.00	direct	anytime	0.65	0.35	0.30	0.30	real effect	20	300	0.20000	0.00000	0.80000	0.08944	268.850	1075.400	$89.26-$93.56	$99.60-$104.40 (cap $360.00)
120	120	60	300	0.50	union	anytime	0.75	0.35	0.30	0.40	real effect	20	1	0.00000	0.00000	1.00000	0.00000	1.000	2.000	$0.17-$0.17	$24.90-$26.10 (cap $90.00)
120	120	60	300	0.50	union	anytime	0.75	0.35	0.30	0.40	real effect	20	120	0.00000	0.00000	1.00000	0.00000	120.000	300.000	$24.90-$26.10	$24.90-$26.10 (cap $90.00)
120	120	60	300	0.50	direct	anytime	0.75	0.35	0.30	0.40	real effect	20	1	0.00000	0.00000	1.00000	0.00000	1.000	2.000	$0.17-$0.17	$24.90-$26.10 (cap $90.00)
120	120	60	300	0.50	direct	anytime	0.75	0.35	0.30	0.40	real effect	20	120	0.40000	0.00000	0.60000	0.10954	106.150	265.350	$22.02-$23.09	$24.90-$26.10 (cap $90.00)
100	100	100	300	1.00	union	anytime	0.75	0.35	0.30	0.40	real effect	20	1	0.00000	0.00000	1.00000	0.00000	1.000	3.000	$0.25-$0.26	$24.90-$26.10 (cap $90.00)
100	100	100	300	1.00	union	anytime	0.75	0.35	0.30	0.40	real effect	20	100	0.15000	0.00000	0.85000	0.07984	97.150	291.450	$24.19-$25.36	$24.90-$26.10 (cap $90.00)
100	100	100	300	1.00	direct	anytime	0.75	0.35	0.30	0.40	real effect	20	1	0.00000	0.00000	1.00000	0.00000	1.000	3.000	$0.25-$0.26	$24.90-$26.10 (cap $90.00)
100	100	100	300	1.00	direct	anytime	0.75	0.35	0.30	0.40	real effect	20	100	0.45000	0.00000	0.55000	0.11124	79.400	238.200	$19.77-$20.72	$24.90-$26.10 (cap $90.00)
75	75	150	300	2.00	union	anytime	0.75	0.35	0.30	0.40	real effect	20	1	0.00000	0.00000	1.00000	0.00000	1.000	4.000	$0.33-$0.35	$24.90-$26.10 (cap $90.00)
75	75	150	300	2.00	union	anytime	0.75	0.35	0.30	0.40	real effect	20	75	0.10000	0.00000	0.90000	0.06708	71.700	286.800	$23.80-$24.95	$24.90-$26.10 (cap $90.00)
75	75	150	300	2.00	direct	anytime	0.75	0.35	0.30	0.40	real effect	20	1	0.00000	0.00000	1.00000	0.00000	1.000	4.000	$0.33-$0.35	$24.90-$26.10 (cap $90.00)
75	75	150	300	2.00	direct	anytime	0.75	0.35	0.30	0.40	real effect	20	75	0.30000	0.00000	0.70000	0.10247	68.000	272.000	$22.58-$23.66	$24.90-$26.10 (cap $90.00)
480	480	240	1200	0.50	union	anytime	0.75	0.35	0.30	0.40	real effect	20	1	0.00000	0.00000	1.00000	0.00000	1.000	2.000	$0.17-$0.17	$99.60-$104.40 (cap $360.00)
480	480	240	1200	0.50	union	anytime	0.75	0.35	0.30	0.40	real effect	20	480	1.00000	0.00000	0.00000	0.00000	270.300	675.700	$56.08-$58.79	$99.60-$104.40 (cap $360.00)
480	480	240	1200	0.50	direct	anytime	0.75	0.35	0.30	0.40	real effect	20	1	0.00000	0.00000	1.00000	0.00000	1.000	2.000	$0.17-$0.17	$99.60-$104.40 (cap $360.00)
480	480	240	1200	0.50	direct	anytime	0.75	0.35	0.30	0.40	real effect	20	480	1.00000	0.00000	0.00000	0.00000	142.400	355.900	$29.54-$30.96	$99.60-$104.40 (cap $360.00)
400	400	400	1200	1.00	union	anytime	0.75	0.35	0.30	0.40	real effect	20	1	0.00000	0.00000	1.00000	0.00000	1.000	3.000	$0.25-$0.26	$99.60-$104.40 (cap $360.00)
400	400	400	1200	1.00	union	anytime	0.75	0.35	0.30	0.40	real effect	20	400	0.95000	0.00000	0.05000	0.04873	200.500	601.500	$49.92-$52.33	$99.60-$104.40 (cap $360.00)
400	400	400	1200	1.00	direct	anytime	0.75	0.35	0.30	0.40	real effect	20	1	0.00000	0.00000	1.00000	0.00000	1.000	3.000	$0.25-$0.26	$99.60-$104.40 (cap $360.00)
400	400	400	1200	1.00	direct	anytime	0.75	0.35	0.30	0.40	real effect	20	400	1.00000	0.00000	0.00000	0.00000	112.000	336.000	$27.89-$29.23	$99.60-$104.40 (cap $360.00)
300	300	600	1200	2.00	union	anytime	0.75	0.35	0.30	0.40	real effect	20	1	0.00000	0.00000	1.00000	0.00000	1.000	4.000	$0.33-$0.35	$99.60-$104.40 (cap $360.00)
300	300	600	1200	2.00	union	anytime	0.75	0.35	0.30	0.40	real effect	20	300	0.90000	0.00000	0.10000	0.06708	180.300	721.200	$59.86-$62.74	$99.60-$104.40 (cap $360.00)
300	300	600	1200	2.00	direct	anytime	0.75	0.35	0.30	0.40	real effect	20	1	0.00000	0.00000	1.00000	0.00000	1.000	4.000	$0.33-$0.35	$99.60-$104.40 (cap $360.00)
300	300	600	1200	2.00	direct	anytime	0.75	0.35	0.30	0.40	real effect	20	300	0.90000	0.00000	0.10000	0.06708	152.650	610.600	$50.68-$53.12	$99.60-$104.40 (cap $360.00)
120	120	60	300	0.50	union	anytime	0.35	0.35	0.35	0.00	no-lift	20	1	0.00000	0.00000	1.00000	0.00000	1.000	2.000	$0.17-$0.17	$24.90-$26.10 (cap $90.00)
120	120	60	300	0.50	union	anytime	0.35	0.35	0.35	0.00	no-lift	20	120	0.00000	0.80000	0.20000	0.00000	63.700	159.000	$13.20-$13.83	$24.90-$26.10 (cap $90.00)
120	120	60	300	0.50	direct	anytime	0.35	0.35	0.35	0.00	no-lift	20	1	0.00000	0.00000	1.00000	0.00000	1.000	2.000	$0.17-$0.17	$24.90-$26.10 (cap $90.00)
120	120	60	300	0.50	direct	anytime	0.35	0.35	0.35	0.00	no-lift	20	120	0.00000	0.80000	0.20000	0.00000	63.700	159.000	$13.20-$13.83	$24.90-$26.10 (cap $90.00)
100	100	100	300	1.00	union	anytime	0.35	0.35	0.35	0.00	no-lift	20	1	0.00000	0.00000	1.00000	0.00000	1.000	3.000	$0.25-$0.26	$24.90-$26.10 (cap $90.00)
100	100	100	300	1.00	union	anytime	0.35	0.35	0.35	0.00	no-lift	20	2	0.00000	0.00000	1.00000	0.00000	2.000	6.000	$0.50-$0.52	$24.90-$26.10 (cap $90.00)
100	100	100	300	1.00	union	anytime	0.35	0.35	0.35	0.00	no-lift	20	3	0.00000	0.00000	1.00000	0.00000	3.000	9.000	$0.75-$0.78	$24.90-$26.10 (cap $90.00)
100	100	100	300	1.00	union	anytime	0.35	0.35	0.35	0.00	no-lift	20	4	0.00000	0.00000	1.00000	0.00000	4.000	12.000	$1.00-$1.04	$24.90-$26.10 (cap $90.00)
100	100	100	300	1.00	union	anytime	0.35	0.35	0.35	0.00	no-lift	20	5	0.00000	0.00000	1.00000	0.00000	5.000	15.000	$1.25-$1.30	$24.90-$26.10 (cap $90.00)
100	100	100	300	1.00	union	anytime	0.35	0.35	0.35	0.00	no-lift	20	6	0.00000	0.00000	1.00000	0.00000	6.000	18.000	$1.49-$1.57	$24.90-$26.10 (cap $90.00)
100	100	100	300	1.00	union	anytime	0.35	0.35	0.35	0.00	no-lift	20	7	0.00000	0.00000	1.00000	0.00000	7.000	21.000	$1.74-$1.83	$24.90-$26.10 (cap $90.00)
100	100	100	300	1.00	union	anytime	0.35	0.35	0.35	0.00	no-lift	20	8	0.00000	0.00000	1.00000	0.00000	8.000	24.000	$1.99-$2.09	$24.90-$26.10 (cap $90.00)
100	100	100	300	1.00	union	anytime	0.35	0.35	0.35	0.00	no-lift	20	9	0.00000	0.00000	1.00000	0.00000	9.000	27.000	$2.24-$2.35	$24.90-$26.10 (cap $90.00)
100	100	100	300	1.00	union	anytime	0.35	0.35	0.35	0.00	no-lift	20	10	0.00000	0.00000	1.00000	0.00000	10.000	30.000	$2.49-$2.61	$24.90-$26.10 (cap $90.00)
100	100	100	300	1.00	union	anytime	0.35	0.35	0.35	0.00	no-lift	20	11	0.00000	0.00000	1.00000	0.00000	11.000	33.000	$2.74-$2.87	$24.90-$26.10 (cap $90.00)
100	100	100	300	1.00	union	anytime	0.35	0.35	0.35	0.00	no-lift	20	12	0.00000	0.00000	1.00000	0.00000	12.000	36.000	$2.99-$3.13	$24.90-$26.10 (cap $90.00)
100	100	100	300	1.00	union	anytime	0.35	0.35	0.35	0.00	no-lift	20	13	0.00000	0.00000	1.00000	0.00000	13.000	39.000	$3.24-$3.39	$24.90-$26.10 (cap $90.00)
100	100	100	300	1.00	union	anytime	0.35	0.35	0.35	0.00	no-lift	20	14	0.00000	0.05000	0.95000	0.00000	14.000	42.000	$3.49-$3.65	$24.90-$26.10 (cap $90.00)
100	100	100	300	1.00	union	anytime	0.35	0.35	0.35	0.00	no-lift	20	15	0.00000	0.15000	0.85000	0.00000	14.950	44.850	$3.72-$3.90	$24.90-$26.10 (cap $90.00)
100	100	100	300	1.00	union	anytime	0.35	0.35	0.35	0.00	no-lift	20	16	0.00000	0.20000	0.80000	0.00000	15.800	47.400	$3.93-$4.12	$24.90-$26.10 (cap $90.00)
100	100	100	300	1.00	union	anytime	0.35	0.35	0.35	0.00	no-lift	20	17	0.00000	0.25000	0.75000	0.00000	16.600	49.800	$4.13-$4.33	$24.90-$26.10 (cap $90.00)
100	100	100	300	1.00	union	anytime	0.35	0.35	0.35	0.00	no-lift	20	18	0.00000	0.25000	0.75000	0.00000	17.350	52.050	$4.32-$4.53	$24.90-$26.10 (cap $90.00)
100	100	100	300	1.00	union	anytime	0.35	0.35	0.35	0.00	no-lift	20	19	0.00000	0.25000	0.75000	0.00000	18.100	54.300	$4.51-$4.72	$24.90-$26.10 (cap $90.00)
100	100	100	300	1.00	union	anytime	0.35	0.35	0.35	0.00	no-lift	20	20	0.00000	0.25000	0.75000	0.00000	18.850	56.550	$4.69-$4.92	$24.90-$26.10 (cap $90.00)
100	100	100	300	1.00	union	anytime	0.35	0.35	0.35	0.00	no-lift	20	21	0.00000	0.30000	0.70000	0.00000	19.600	58.800	$4.88-$5.12	$24.90-$26.10 (cap $90.00)
100	100	100	300	1.00	union	anytime	0.35	0.35	0.35	0.00	no-lift	20	22	0.00000	0.30000	0.70000	0.00000	20.300	60.900	$5.05-$5.30	$24.90-$26.10 (cap $90.00)
100	100	100	300	1.00	union	anytime	0.35	0.35	0.35	0.00	no-lift	20	23	0.00000	0.30000	0.70000	0.00000	21.000	63.000	$5.23-$5.48	$24.90-$26.10 (cap $90.00)
100	100	100	300	1.00	union	anytime	0.35	0.35	0.35	0.00	no-lift	20	24	0.00000	0.30000	0.70000	0.00000	21.700	65.100	$5.40-$5.66	$24.90-$26.10 (cap $90.00)
100	100	100	300	1.00	union	anytime	0.35	0.35	0.35	0.00	no-lift	20	25	0.00000	0.30000	0.70000	0.00000	22.400	67.200	$5.58-$5.85	$24.90-$26.10 (cap $90.00)
100	100	100	300	1.00	union	anytime	0.35	0.35	0.35	0.00	no-lift	20	26	0.00000	0.30000	0.70000	0.00000	23.100	69.300	$5.75-$6.03	$24.90-$26.10 (cap $90.00)
100	100	100	300	1.00	union	anytime	0.35	0.35	0.35	0.00	no-lift	20	27	0.00000	0.30000	0.70000	0.00000	23.800	71.400	$5.93-$6.21	$24.90-$26.10 (cap $90.00)
100	100	100	300	1.00	union	anytime	0.35	0.35	0.35	0.00	no-lift	20	28	0.00000	0.35000	0.65000	0.00000	24.500	73.500	$6.10-$6.39	$24.90-$26.10 (cap $90.00)
100	100	100	300	1.00	union	anytime	0.35	0.35	0.35	0.00	no-lift	20	29	0.00000	0.35000	0.65000	0.00000	25.150	75.450	$6.26-$6.56	$24.90-$26.10 (cap $90.00)
100	100	100	300	1.00	union	anytime	0.35	0.35	0.35	0.00	no-lift	20	30	0.00000	0.35000	0.65000	0.00000	25.800	77.400	$6.42-$6.73	$24.90-$26.10 (cap $90.00)
100	100	100	300	1.00	union	anytime	0.35	0.35	0.35	0.00	no-lift	20	31	0.00000	0.35000	0.65000	0.00000	26.450	79.350	$6.59-$6.90	$24.90-$26.10 (cap $90.00)
100	100	100	300	1.00	union	anytime	0.35	0.35	0.35	0.00	no-lift	20	32	0.00000	0.35000	0.65000	0.00000	27.100	81.300	$6.75-$7.07	$24.90-$26.10 (cap $90.00)
100	100	100	300	1.00	union	anytime	0.35	0.35	0.35	0.00	no-lift	20	33	0.00000	0.35000	0.65000	0.00000	27.750	83.250	$6.91-$7.24	$24.90-$26.10 (cap $90.00)
100	100	100	300	1.00	union	anytime	0.35	0.35	0.35	0.00	no-lift	20	34	0.00000	0.40000	0.60000	0.00000	28.400	85.200	$7.07-$7.41	$24.90-$26.10 (cap $90.00)
100	100	100	300	1.00	union	anytime	0.35	0.35	0.35	0.00	no-lift	20	35	0.00000	0.45000	0.55000	0.00000	29.000	87.000	$7.22-$7.57	$24.90-$26.10 (cap $90.00)
100	100	100	300	1.00	union	anytime	0.35	0.35	0.35	0.00	no-lift	20	36	0.00000	0.45000	0.55000	0.00000	29.550	88.650	$7.36-$7.71	$24.90-$26.10 (cap $90.00)
100	100	100	300	1.00	union	anytime	0.35	0.35	0.35	0.00	no-lift	20	37	0.00000	0.45000	0.55000	0.00000	30.100	90.300	$7.49-$7.86	$24.90-$26.10 (cap $90.00)
100	100	100	300	1.00	union	anytime	0.35	0.35	0.35	0.00	no-lift	20	38	0.00000	0.55000	0.45000	0.00000	30.650	91.950	$7.63-$8.00	$24.90-$26.10 (cap $90.00)
100	100	100	300	1.00	union	anytime	0.35	0.35	0.35	0.00	no-lift	20	39	0.00000	0.55000	0.45000	0.00000	31.100	93.300	$7.74-$8.12	$24.90-$26.10 (cap $90.00)
100	100	100	300	1.00	union	anytime	0.35	0.35	0.35	0.00	no-lift	20	40	0.00000	0.55000	0.45000	0.00000	31.550	94.650	$7.86-$8.23	$24.90-$26.10 (cap $90.00)
100	100	100	300	1.00	union	anytime	0.35	0.35	0.35	0.00	no-lift	20	41	0.00000	0.55000	0.45000	0.00000	32.000	96.000	$7.97-$8.35	$24.90-$26.10 (cap $90.00)
100	100	100	300	1.00	union	anytime	0.35	0.35	0.35	0.00	no-lift	20	42	0.00000	0.55000	0.45000	0.00000	32.450	97.350	$8.08-$8.47	$24.90-$26.10 (cap $90.00)
100	100	100	300	1.00	union	anytime	0.35	0.35	0.35	0.00	no-lift	20	43	0.00000	0.55000	0.45000	0.00000	32.900	98.700	$8.19-$8.59	$24.90-$26.10 (cap $90.00)
100	100	100	300	1.00	union	anytime	0.35	0.35	0.35	0.00	no-lift	20	44	0.00000	0.55000	0.45000	0.00000	33.350	100.050	$8.30-$8.70	$24.90-$26.10 (cap $90.00)
100	100	100	300	1.00	union	anytime	0.35	0.35	0.35	0.00	no-lift	20	45	0.00000	0.55000	0.45000	0.00000	33.800	101.400	$8.42-$8.82	$24.90-$26.10 (cap $90.00)
100	100	100	300	1.00	union	anytime	0.35	0.35	0.35	0.00	no-lift	20	46	0.00000	0.55000	0.45000	0.00000	34.250	102.750	$8.53-$8.94	$24.90-$26.10 (cap $90.00)
100	100	100	300	1.00	union	anytime	0.35	0.35	0.35	0.00	no-lift	20	47	0.00000	0.55000	0.45000	0.00000	34.700	104.100	$8.64-$9.06	$24.90-$26.10 (cap $90.00)
100	100	100	300	1.00	union	anytime	0.35	0.35	0.35	0.00	no-lift	20	48	0.00000	0.55000	0.45000	0.00000	35.150	105.450	$8.75-$9.17	$24.90-$26.10 (cap $90.00)
100	100	100	300	1.00	union	anytime	0.35	0.35	0.35	0.00	no-lift	20	49	0.00000	0.55000	0.45000	0.00000	35.600	106.800	$8.86-$9.29	$24.90-$26.10 (cap $90.00)
100	100	100	300	1.00	union	anytime	0.35	0.35	0.35	0.00	no-lift	20	50	0.00000	0.55000	0.45000	0.00000	36.050	108.150	$8.98-$9.41	$24.90-$26.10 (cap $90.00)
100	100	100	300	1.00	union	anytime	0.35	0.35	0.35	0.00	no-lift	20	51	0.00000	0.60000	0.40000	0.00000	36.500	109.500	$9.09-$9.53	$24.90-$26.10 (cap $90.00)
100	100	100	300	1.00	union	anytime	0.35	0.35	0.35	0.00	no-lift	20	52	0.00000	0.60000	0.40000	0.00000	36.900	110.700	$9.19-$9.63	$24.90-$26.10 (cap $90.00)
100	100	100	300	1.00	union	anytime	0.35	0.35	0.35	0.00	no-lift	20	53	0.00000	0.60000	0.40000	0.00000	37.300	111.900	$9.29-$9.74	$24.90-$26.10 (cap $90.00)
100	100	100	300	1.00	union	anytime	0.35	0.35	0.35	0.00	no-lift	20	54	0.00000	0.60000	0.40000	0.00000	37.700	113.100	$9.39-$9.84	$24.90-$26.10 (cap $90.00)
100	100	100	300	1.00	union	anytime	0.35	0.35	0.35	0.00	no-lift	20	55	0.00000	0.60000	0.40000	0.00000	38.100	114.300	$9.49-$9.94	$24.90-$26.10 (cap $90.00)
100	100	100	300	1.00	union	anytime	0.35	0.35	0.35	0.00	no-lift	20	56	0.00000	0.60000	0.40000	0.00000	38.500	115.500	$9.59-$10.05	$24.90-$26.10 (cap $90.00)
100	100	100	300	1.00	union	anytime	0.35	0.35	0.35	0.00	no-lift	20	57	0.00000	0.60000	0.40000	0.00000	38.900	116.700	$9.69-$10.15	$24.90-$26.10 (cap $90.00)
100	100	100	300	1.00	union	anytime	0.35	0.35	0.35	0.00	no-lift	20	58	0.00000	0.65000	0.35000	0.00000	39.300	117.900	$9.79-$10.26	$24.90-$26.10 (cap $90.00)
100	100	100	300	1.00	union	anytime	0.35	0.35	0.35	0.00	no-lift	20	59	0.00000	0.65000	0.35000	0.00000	39.650	118.950	$9.87-$10.35	$24.90-$26.10 (cap $90.00)
100	100	100	300	1.00	union	anytime	0.35	0.35	0.35	0.00	no-lift	20	60	0.00000	0.65000	0.35000	0.00000	40.000	120.000	$9.96-$10.44	$24.90-$26.10 (cap $90.00)
100	100	100	300	1.00	union	anytime	0.35	0.35	0.35	0.00	no-lift	20	61	0.00000	0.65000	0.35000	0.00000	40.350	121.050	$10.05-$10.53	$24.90-$26.10 (cap $90.00)
100	100	100	300	1.00	union	anytime	0.35	0.35	0.35	0.00	no-lift	20	62	0.00000	0.65000	0.35000	0.00000	40.700	122.100	$10.13-$10.62	$24.90-$26.10 (cap $90.00)
100	100	100	300	1.00	union	anytime	0.35	0.35	0.35	0.00	no-lift	20	63	0.00000	0.65000	0.35000	0.00000	41.050	123.150	$10.22-$10.71	$24.90-$26.10 (cap $90.00)
100	100	100	300	1.00	union	anytime	0.35	0.35	0.35	0.00	no-lift	20	64	0.00000	0.65000	0.35000	0.00000	41.400	124.200	$10.31-$10.81	$24.90-$26.10 (cap $90.00)
100	100	100	300	1.00	union	anytime	0.35	0.35	0.35	0.00	no-lift	20	65	0.00000	0.65000	0.35000	0.00000	41.750	125.250	$10.40-$10.90	$24.90-$26.10 (cap $90.00)
100	100	100	300	1.00	union	anytime	0.35	0.35	0.35	0.00	no-lift	20	66	0.00000	0.65000	0.35000	0.00000	42.100	126.300	$10.48-$10.99	$24.90-$26.10 (cap $90.00)
100	100	100	300	1.00	union	anytime	0.35	0.35	0.35	0.00	no-lift	20	67	0.00000	0.65000	0.35000	0.00000	42.450	127.350	$10.57-$11.08	$24.90-$26.10 (cap $90.00)
100	100	100	300	1.00	union	anytime	0.35	0.35	0.35	0.00	no-lift	20	68	0.00000	0.65000	0.35000	0.00000	42.800	128.400	$10.66-$11.17	$24.90-$26.10 (cap $90.00)
100	100	100	300	1.00	union	anytime	0.35	0.35	0.35	0.00	no-lift	20	69	0.00000	0.65000	0.35000	0.00000	43.150	129.450	$10.74-$11.26	$24.90-$26.10 (cap $90.00)
100	100	100	300	1.00	union	anytime	0.35	0.35	0.35	0.00	no-lift	20	70	0.00000	0.65000	0.35000	0.00000	43.500	130.500	$10.83-$11.35	$24.90-$26.10 (cap $90.00)
100	100	100	300	1.00	union	anytime	0.35	0.35	0.35	0.00	no-lift	20	71	0.00000	0.65000	0.35000	0.00000	43.850	131.550	$10.92-$11.44	$24.90-$26.10 (cap $90.00)
100	100	100	300	1.00	union	anytime	0.35	0.35	0.35	0.00	no-lift	20	72	0.00000	0.65000	0.35000	0.00000	44.200	132.600	$11.01-$11.54	$24.90-$26.10 (cap $90.00)
100	100	100	300	1.00	union	anytime	0.35	0.35	0.35	0.00	no-lift	20	73	0.00000	0.65000	0.35000	0.00000	44.550	133.650	$11.09-$11.63	$24.90-$26.10 (cap $90.00)
100	100	100	300	1.00	union	anytime	0.35	0.35	0.35	0.00	no-lift	20	74	0.00000	0.65000	0.35000	0.00000	44.900	134.700	$11.18-$11.72	$24.90-$26.10 (cap $90.00)
100	100	100	300	1.00	union	anytime	0.35	0.35	0.35	0.00	no-lift	20	75	0.00000	0.65000	0.35000	0.00000	45.250	135.750	$11.27-$11.81	$24.90-$26.10 (cap $90.00)
100	100	100	300	1.00	union	anytime	0.35	0.35	0.35	0.00	no-lift	20	76	0.00000	0.65000	0.35000	0.00000	45.600	136.800	$11.35-$11.90	$24.90-$26.10 (cap $90.00)
100	100	100	300	1.00	union	anytime	0.35	0.35	0.35	0.00	no-lift	20	77	0.00000	0.65000	0.35000	0.00000	45.950	137.850	$11.44-$11.99	$24.90-$26.10 (cap $90.00)
100	100	100	300	1.00	union	anytime	0.35	0.35	0.35	0.00	no-lift	20	78	0.00000	0.65000	0.35000	0.00000	46.300	138.900	$11.53-$12.08	$24.90-$26.10 (cap $90.00)
100	100	100	300	1.00	union	anytime	0.35	0.35	0.35	0.00	no-lift	20	79	0.00000	0.65000	0.35000	0.00000	46.650	139.950	$11.62-$12.18	$24.90-$26.10 (cap $90.00)
100	100	100	300	1.00	union	anytime	0.35	0.35	0.35	0.00	no-lift	20	80	0.00000	0.65000	0.35000	0.00000	47.000	141.000	$11.70-$12.27	$24.90-$26.10 (cap $90.00)
100	100	100	300	1.00	union	anytime	0.35	0.35	0.35	0.00	no-lift	20	81	0.00000	0.65000	0.35000	0.00000	47.350	142.050	$11.79-$12.36	$24.90-$26.10 (cap $90.00)
100	100	100	300	1.00	union	anytime	0.35	0.35	0.35	0.00	no-lift	20	82	0.00000	0.70000	0.30000	0.00000	47.700	143.100	$11.88-$12.45	$24.90-$26.10 (cap $90.00)
100	100	100	300	1.00	union	anytime	0.35	0.35	0.35	0.00	no-lift	20	83	0.00000	0.70000	0.30000	0.00000	48.000	144.000	$11.95-$12.53	$24.90-$26.10 (cap $90.00)
100	100	100	300	1.00	union	anytime	0.35	0.35	0.35	0.00	no-lift	20	84	0.00000	0.70000	0.30000	0.00000	48.300	144.900	$12.03-$12.61	$24.90-$26.10 (cap $90.00)
100	100	100	300	1.00	union	anytime	0.35	0.35	0.35	0.00	no-lift	20	85	0.00000	0.70000	0.30000	0.00000	48.600	145.800	$12.10-$12.68	$24.90-$26.10 (cap $90.00)
100	100	100	300	1.00	union	anytime	0.35	0.35	0.35	0.00	no-lift	20	86	0.00000	0.70000	0.30000	0.00000	48.900	146.700	$12.18-$12.76	$24.90-$26.10 (cap $90.00)
100	100	100	300	1.00	union	anytime	0.35	0.35	0.35	0.00	no-lift	20	87	0.00000	0.70000	0.30000	0.00000	49.200	147.600	$12.25-$12.84	$24.90-$26.10 (cap $90.00)
100	100	100	300	1.00	union	anytime	0.35	0.35	0.35	0.00	no-lift	20	88	0.00000	0.70000	0.30000	0.00000	49.500	148.500	$12.33-$12.92	$24.90-$26.10 (cap $90.00)
100	100	100	300	1.00	union	anytime	0.35	0.35	0.35	0.00	no-lift	20	89	0.00000	0.70000	0.30000	0.00000	49.800	149.400	$12.40-$13.00	$24.90-$26.10 (cap $90.00)
100	100	100	300	1.00	union	anytime	0.35	0.35	0.35	0.00	no-lift	20	90	0.00000	0.70000	0.30000	0.00000	50.100	150.300	$12.47-$13.08	$24.90-$26.10 (cap $90.00)
100	100	100	300	1.00	union	anytime	0.35	0.35	0.35	0.00	no-lift	20	91	0.00000	0.70000	0.30000	0.00000	50.400	151.200	$12.55-$13.15	$24.90-$26.10 (cap $90.00)
100	100	100	300	1.00	union	anytime	0.35	0.35	0.35	0.00	no-lift	20	92	0.00000	0.70000	0.30000	0.00000	50.700	152.100	$12.62-$13.23	$24.90-$26.10 (cap $90.00)
100	100	100	300	1.00	union	anytime	0.35	0.35	0.35	0.00	no-lift	20	93	0.00000	0.70000	0.30000	0.00000	51.000	153.000	$12.70-$13.31	$24.90-$26.10 (cap $90.00)
100	100	100	300	1.00	union	anytime	0.35	0.35	0.35	0.00	no-lift	20	94	0.00000	0.70000	0.30000	0.00000	51.300	153.900	$12.77-$13.39	$24.90-$26.10 (cap $90.00)
100	100	100	300	1.00	union	anytime	0.35	0.35	0.35	0.00	no-lift	20	95	0.00000	0.70000	0.30000	0.00000	51.600	154.800	$12.85-$13.47	$24.90-$26.10 (cap $90.00)
100	100	100	300	1.00	union	anytime	0.35	0.35	0.35	0.00	no-lift	20	96	0.00000	0.75000	0.25000	0.00000	51.900	155.700	$12.92-$13.55	$24.90-$26.10 (cap $90.00)
100	100	100	300	1.00	union	anytime	0.35	0.35	0.35	0.00	no-lift	20	97	0.00000	0.75000	0.25000	0.00000	52.150	156.450	$12.99-$13.61	$24.90-$26.10 (cap $90.00)
100	100	100	300	1.00	union	anytime	0.35	0.35	0.35	0.00	no-lift	20	98	0.00000	0.75000	0.25000	0.00000	52.400	157.200	$13.05-$13.68	$24.90-$26.10 (cap $90.00)
100	100	100	300	1.00	union	anytime	0.35	0.35	0.35	0.00	no-lift	20	99	0.00000	0.75000	0.25000	0.00000	52.650	157.950	$13.11-$13.74	$24.90-$26.10 (cap $90.00)
100	100	100	300	1.00	union	anytime	0.35	0.35	0.35	0.00	no-lift	20	100	0.00000	0.75000	0.25000	0.00000	52.900	158.700	$13.17-$13.81	$24.90-$26.10 (cap $90.00)
100	100	100	300	1.00	direct	anytime	0.35	0.35	0.35	0.00	no-lift	20	1	0.00000	0.00000	1.00000	0.00000	1.000	3.000	$0.25-$0.26	$24.90-$26.10 (cap $90.00)
100	100	100	300	1.00	direct	anytime	0.35	0.35	0.35	0.00	no-lift	20	100	0.00000	0.75000	0.25000	0.00000	52.900	158.700	$13.17-$13.81	$24.90-$26.10 (cap $90.00)
75	75	150	300	2.00	union	anytime	0.35	0.35	0.35	0.00	no-lift	20	1	0.00000	0.00000	1.00000	0.00000	1.000	4.000	$0.33-$0.35	$24.90-$26.10 (cap $90.00)
75	75	150	300	2.00	union	anytime	0.35	0.35	0.35	0.00	no-lift	20	75	0.00000	0.75000	0.25000	0.00000	48.900	195.600	$16.23-$17.02	$24.90-$26.10 (cap $90.00)
75	75	150	300	2.00	direct	anytime	0.35	0.35	0.35	0.00	no-lift	20	1	0.00000	0.00000	1.00000	0.00000	1.000	4.000	$0.33-$0.35	$24.90-$26.10 (cap $90.00)
75	75	150	300	2.00	direct	anytime	0.35	0.35	0.35	0.00	no-lift	20	75	0.00000	0.75000	0.25000	0.00000	48.900	195.600	$16.23-$17.02	$24.90-$26.10 (cap $90.00)
480	480	240	1200	0.50	union	anytime	0.35	0.35	0.35	0.00	no-lift	20	1	0.00000	0.00000	1.00000	0.00000	1.000	2.000	$0.17-$0.17	$99.60-$104.40 (cap $360.00)
480	480	240	1200	0.50	union	anytime	0.35	0.35	0.35	0.00	no-lift	20	480	0.00000	1.00000	0.00000	0.00000	132.850	331.900	$27.55-$28.88	$99.60-$104.40 (cap $360.00)
480	480	240	1200	0.50	direct	anytime	0.35	0.35	0.35	0.00	no-lift	20	1	0.00000	0.00000	1.00000	0.00000	1.000	2.000	$0.17-$0.17	$99.60-$104.40 (cap $360.00)
480	480	240	1200	0.50	direct	anytime	0.35	0.35	0.35	0.00	no-lift	20	480	0.00000	1.00000	0.00000	0.00000	132.850	331.900	$27.55-$28.88	$99.60-$104.40 (cap $360.00)
400	400	400	1200	1.00	union	anytime	0.35	0.35	0.35	0.00	no-lift	20	1	0.00000	0.00000	1.00000	0.00000	1.000	3.000	$0.25-$0.26	$99.60-$104.40 (cap $360.00)
400	400	400	1200	1.00	union	anytime	0.35	0.35	0.35	0.00	no-lift	20	400	0.00000	1.00000	0.00000	0.00000	125.550	376.650	$31.26-$32.77	$99.60-$104.40 (cap $360.00)
400	400	400	1200	1.00	direct	anytime	0.35	0.35	0.35	0.00	no-lift	20	1	0.00000	0.00000	1.00000	0.00000	1.000	3.000	$0.25-$0.26	$99.60-$104.40 (cap $360.00)
400	400	400	1200	1.00	direct	anytime	0.35	0.35	0.35	0.00	no-lift	20	400	0.00000	1.00000	0.00000	0.00000	125.550	376.650	$31.26-$32.77	$99.60-$104.40 (cap $360.00)
300	300	600	1200	2.00	union	anytime	0.35	0.35	0.35	0.00	no-lift	20	1	0.00000	0.00000	1.00000	0.00000	1.000	4.000	$0.33-$0.35	$99.60-$104.40 (cap $360.00)
300	300	600	1200	2.00	union	anytime	0.35	0.35	0.35	0.00	no-lift	20	300	0.00000	1.00000	0.00000	0.00000	96.000	384.000	$31.87-$33.41	$99.60-$104.40 (cap $360.00)
300	300	600	1200	2.00	direct	anytime	0.35	0.35	0.35	0.00	no-lift	20	1	0.00000	0.00000	1.00000	0.00000	1.000	4.000	$0.33-$0.35	$99.60-$104.40 (cap $360.00)
300	300	600	1200	2.00	direct	anytime	0.35	0.35	0.35	0.00	no-lift	20	300	0.00000	1.00000	0.00000	0.00000	96.000	384.000	$31.87-$33.41	$99.60-$104.40 (cap $360.00)
120	120	60	300	0.50	union	anytime	0.45	0.35	0.35	0.10	no-lift	20	1	0.00000	0.00000	1.00000	0.00000	1.000	2.000	$0.17-$0.17	$24.90-$26.10 (cap $90.00)
120	120	60	300	0.50	union	anytime	0.45	0.35	0.35	0.10	no-lift	20	120	0.00000	0.35000	0.65000	0.00000	90.300	225.700	$18.73-$19.64	$24.90-$26.10 (cap $90.00)
120	120	60	300	0.50	direct	anytime	0.45	0.35	0.35	0.10	no-lift	20	1	0.00000	0.00000	1.00000	0.00000	1.000	2.000	$0.17-$0.17	$24.90-$26.10 (cap $90.00)
120	120	60	300	0.50	direct	anytime	0.45	0.35	0.35	0.10	no-lift	20	120	0.00000	0.35000	0.65000	0.00000	90.300	225.700	$18.73-$19.64	$24.90-$26.10 (cap $90.00)
100	100	100	300	1.00	union	anytime	0.45	0.35	0.35	0.10	no-lift	20	1	0.00000	0.00000	1.00000	0.00000	1.000	3.000	$0.25-$0.26	$24.90-$26.10 (cap $90.00)
100	100	100	300	1.00	union	anytime	0.45	0.35	0.35	0.10	no-lift	20	2	0.00000	0.00000	1.00000	0.00000	2.000	6.000	$0.50-$0.52	$24.90-$26.10 (cap $90.00)
100	100	100	300	1.00	union	anytime	0.45	0.35	0.35	0.10	no-lift	20	3	0.00000	0.00000	1.00000	0.00000	3.000	9.000	$0.75-$0.78	$24.90-$26.10 (cap $90.00)
100	100	100	300	1.00	union	anytime	0.45	0.35	0.35	0.10	no-lift	20	4	0.00000	0.00000	1.00000	0.00000	4.000	12.000	$1.00-$1.04	$24.90-$26.10 (cap $90.00)
100	100	100	300	1.00	union	anytime	0.45	0.35	0.35	0.10	no-lift	20	5	0.00000	0.00000	1.00000	0.00000	5.000	15.000	$1.25-$1.30	$24.90-$26.10 (cap $90.00)
100	100	100	300	1.00	union	anytime	0.45	0.35	0.35	0.10	no-lift	20	6	0.00000	0.00000	1.00000	0.00000	6.000	18.000	$1.49-$1.57	$24.90-$26.10 (cap $90.00)
100	100	100	300	1.00	union	anytime	0.45	0.35	0.35	0.10	no-lift	20	7	0.00000	0.00000	1.00000	0.00000	7.000	21.000	$1.74-$1.83	$24.90-$26.10 (cap $90.00)
100	100	100	300	1.00	union	anytime	0.45	0.35	0.35	0.10	no-lift	20	8	0.00000	0.00000	1.00000	0.00000	8.000	24.000	$1.99-$2.09	$24.90-$26.10 (cap $90.00)
100	100	100	300	1.00	union	anytime	0.45	0.35	0.35	0.10	no-lift	20	9	0.00000	0.00000	1.00000	0.00000	9.000	27.000	$2.24-$2.35	$24.90-$26.10 (cap $90.00)
100	100	100	300	1.00	union	anytime	0.45	0.35	0.35	0.10	no-lift	20	10	0.00000	0.00000	1.00000	0.00000	10.000	30.000	$2.49-$2.61	$24.90-$26.10 (cap $90.00)
100	100	100	300	1.00	union	anytime	0.45	0.35	0.35	0.10	no-lift	20	11	0.00000	0.00000	1.00000	0.00000	11.000	33.000	$2.74-$2.87	$24.90-$26.10 (cap $90.00)
100	100	100	300	1.00	union	anytime	0.45	0.35	0.35	0.10	no-lift	20	12	0.00000	0.00000	1.00000	0.00000	12.000	36.000	$2.99-$3.13	$24.90-$26.10 (cap $90.00)
100	100	100	300	1.00	union	anytime	0.45	0.35	0.35	0.10	no-lift	20	13	0.00000	0.00000	1.00000	0.00000	13.000	39.000	$3.24-$3.39	$24.90-$26.10 (cap $90.00)
100	100	100	300	1.00	union	anytime	0.45	0.35	0.35	0.10	no-lift	20	14	0.00000	0.00000	1.00000	0.00000	14.000	42.000	$3.49-$3.65	$24.90-$26.10 (cap $90.00)
100	100	100	300	1.00	union	anytime	0.45	0.35	0.35	0.10	no-lift	20	15	0.00000	0.00000	1.00000	0.00000	15.000	45.000	$3.74-$3.91	$24.90-$26.10 (cap $90.00)
100	100	100	300	1.00	union	anytime	0.45	0.35	0.35	0.10	no-lift	20	16	0.00000	0.00000	1.00000	0.00000	16.000	48.000	$3.98-$4.18	$24.90-$26.10 (cap $90.00)
100	100	100	300	1.00	union	anytime	0.45	0.35	0.35	0.10	no-lift	20	17	0.00000	0.00000	1.00000	0.00000	17.000	51.000	$4.23-$4.44	$24.90-$26.10 (cap $90.00)
100	100	100	300	1.00	union	anytime	0.45	0.35	0.35	0.10	no-lift	20	18	0.00000	0.00000	1.00000	0.00000	18.000	54.000	$4.48-$4.70	$24.90-$26.10 (cap $90.00)
100	100	100	300	1.00	union	anytime	0.45	0.35	0.35	0.10	no-lift	20	19	0.00000	0.00000	1.00000	0.00000	19.000	57.000	$4.73-$4.96	$24.90-$26.10 (cap $90.00)
100	100	100	300	1.00	union	anytime	0.45	0.35	0.35	0.10	no-lift	20	20	0.00000	0.00000	1.00000	0.00000	20.000	60.000	$4.98-$5.22	$24.90-$26.10 (cap $90.00)
100	100	100	300	1.00	union	anytime	0.45	0.35	0.35	0.10	no-lift	20	21	0.00000	0.00000	1.00000	0.00000	21.000	63.000	$5.23-$5.48	$24.90-$26.10 (cap $90.00)
100	100	100	300	1.00	union	anytime	0.45	0.35	0.35	0.10	no-lift	20	22	0.00000	0.05000	0.95000	0.00000	22.000	66.000	$5.48-$5.74	$24.90-$26.10 (cap $90.00)
100	100	100	300	1.00	union	anytime	0.45	0.35	0.35	0.10	no-lift	20	23	0.00000	0.10000	0.90000	0.00000	22.950	68.850	$5.71-$5.99	$24.90-$26.10 (cap $90.00)
100	100	100	300	1.00	union	anytime	0.45	0.35	0.35	0.10	no-lift	20	24	0.00000	0.10000	0.90000	0.00000	23.850	71.550	$5.94-$6.22	$24.90-$26.10 (cap $90.00)
100	100	100	300	1.00	union	anytime	0.45	0.35	0.35	0.10	no-lift	20	25	0.00000	0.10000	0.90000	0.00000	24.750	74.250	$6.16-$6.46	$24.90-$26.10 (cap $90.00)
100	100	100	300	1.00	union	anytime	0.45	0.35	0.35	0.10	no-lift	20	26	0.00000	0.10000	0.90000	0.00000	25.650	76.950	$6.39-$6.69	$24.90-$26.10 (cap $90.00)
100	100	100	300	1.00	union	anytime	0.45	0.35	0.35	0.10	no-lift	20	27	0.00000	0.10000	0.90000	0.00000	26.550	79.650	$6.61-$6.93	$24.90-$26.10 (cap $90.00)
100	100	100	300	1.00	union	anytime	0.45	0.35	0.35	0.10	no-lift	20	28	0.00000	0.10000	0.90000	0.00000	27.450	82.350	$6.84-$7.16	$24.90-$26.10 (cap $90.00)
100	100	100	300	1.00	union	anytime	0.45	0.35	0.35	0.10	no-lift	20	29	0.00000	0.10000	0.90000	0.00000	28.350	85.050	$7.06-$7.40	$24.90-$26.10 (cap $90.00)
100	100	100	300	1.00	union	anytime	0.45	0.35	0.35	0.10	no-lift	20	30	0.00000	0.10000	0.90000	0.00000	29.250	87.750	$7.28-$7.63	$24.90-$26.10 (cap $90.00)
100	100	100	300	1.00	union	anytime	0.45	0.35	0.35	0.10	no-lift	20	31	0.00000	0.10000	0.90000	0.00000	30.150	90.450	$7.51-$7.87	$24.90-$26.10 (cap $90.00)
100	100	100	300	1.00	union	anytime	0.45	0.35	0.35	0.10	no-lift	20	32	0.00000	0.10000	0.90000	0.00000	31.050	93.150	$7.73-$8.10	$24.90-$26.10 (cap $90.00)
100	100	100	300	1.00	union	anytime	0.45	0.35	0.35	0.10	no-lift	20	33	0.00000	0.15000	0.85000	0.00000	31.950	95.850	$7.96-$8.34	$24.90-$26.10 (cap $90.00)
100	100	100	300	1.00	union	anytime	0.45	0.35	0.35	0.10	no-lift	20	34	0.00000	0.15000	0.85000	0.00000	32.800	98.400	$8.17-$8.56	$24.90-$26.10 (cap $90.00)
100	100	100	300	1.00	union	anytime	0.45	0.35	0.35	0.10	no-lift	20	35	0.00000	0.15000	0.85000	0.00000	33.650	100.950	$8.38-$8.78	$24.90-$26.10 (cap $90.00)
100	100	100	300	1.00	union	anytime	0.45	0.35	0.35	0.10	no-lift	20	36	0.00000	0.15000	0.85000	0.00000	34.500	103.500	$8.59-$9.00	$24.90-$26.10 (cap $90.00)
100	100	100	300	1.00	union	anytime	0.45	0.35	0.35	0.10	no-lift	20	37	0.00000	0.15000	0.85000	0.00000	35.350	106.050	$8.80-$9.23	$24.90-$26.10 (cap $90.00)
100	100	100	300	1.00	union	anytime	0.45	0.35	0.35	0.10	no-lift	20	38	0.00000	0.15000	0.85000	0.00000	36.200	108.600	$9.01-$9.45	$24.90-$26.10 (cap $90.00)
100	100	100	300	1.00	union	anytime	0.45	0.35	0.35	0.10	no-lift	20	39	0.00000	0.15000	0.85000	0.00000	37.050	111.150	$9.23-$9.67	$24.90-$26.10 (cap $90.00)
100	100	100	300	1.00	union	anytime	0.45	0.35	0.35	0.10	no-lift	20	40	0.00000	0.15000	0.85000	0.00000	37.900	113.700	$9.44-$9.89	$24.90-$26.10 (cap $90.00)
100	100	100	300	1.00	union	anytime	0.45	0.35	0.35	0.10	no-lift	20	41	0.00000	0.15000	0.85000	0.00000	38.750	116.250	$9.65-$10.11	$24.90-$26.10 (cap $90.00)
100	100	100	300	1.00	union	anytime	0.45	0.35	0.35	0.10	no-lift	20	42	0.00000	0.15000	0.85000	0.00000	39.600	118.800	$9.86-$10.34	$24.90-$26.10 (cap $90.00)
100	100	100	300	1.00	union	anytime	0.45	0.35	0.35	0.10	no-lift	20	43	0.00000	0.15000	0.85000	0.00000	40.450	121.350	$10.07-$10.56	$24.90-$26.10 (cap $90.00)
100	100	100	300	1.00	union	anytime	0.45	0.35	0.35	0.10	no-lift	20	44	0.00000	0.15000	0.85000	0.00000	41.300	123.900	$10.28-$10.78	$24.90-$26.10 (cap $90.00)
100	100	100	300	1.00	union	anytime	0.45	0.35	0.35	0.10	no-lift	20	45	0.00000	0.15000	0.85000	0.00000	42.150	126.450	$10.50-$11.00	$24.90-$26.10 (cap $90.00)
100	100	100	300	1.00	union	anytime	0.45	0.35	0.35	0.10	no-lift	20	46	0.00000	0.15000	0.85000	0.00000	43.000	129.000	$10.71-$11.22	$24.90-$26.10 (cap $90.00)
100	100	100	300	1.00	union	anytime	0.45	0.35	0.35	0.10	no-lift	20	47	0.00000	0.15000	0.85000	0.00000	43.850	131.550	$10.92-$11.44	$24.90-$26.10 (cap $90.00)
100	100	100	300	1.00	union	anytime	0.45	0.35	0.35	0.10	no-lift	20	48	0.00000	0.15000	0.85000	0.00000	44.700	134.100	$11.13-$11.67	$24.90-$26.10 (cap $90.00)
100	100	100	300	1.00	union	anytime	0.45	0.35	0.35	0.10	no-lift	20	49	0.00000	0.15000	0.85000	0.00000	45.550	136.650	$11.34-$11.89	$24.90-$26.10 (cap $90.00)
100	100	100	300	1.00	union	anytime	0.45	0.35	0.35	0.10	no-lift	20	50	0.00000	0.15000	0.85000	0.00000	46.400	139.200	$11.55-$12.11	$24.90-$26.10 (cap $90.00)
100	100	100	300	1.00	union	anytime	0.45	0.35	0.35	0.10	no-lift	20	51	0.00000	0.15000	0.85000	0.00000	47.250	141.750	$11.77-$12.33	$24.90-$26.10 (cap $90.00)
100	100	100	300	1.00	union	anytime	0.45	0.35	0.35	0.10	no-lift	20	52	0.00000	0.15000	0.85000	0.00000	48.100	144.300	$11.98-$12.55	$24.90-$26.10 (cap $90.00)
100	100	100	300	1.00	union	anytime	0.45	0.35	0.35	0.10	no-lift	20	53	0.00000	0.15000	0.85000	0.00000	48.950	146.850	$12.19-$12.78	$24.90-$26.10 (cap $90.00)
100	100	100	300	1.00	union	anytime	0.45	0.35	0.35	0.10	no-lift	20	54	0.00000	0.15000	0.85000	0.00000	49.800	149.400	$12.40-$13.00	$24.90-$26.10 (cap $90.00)
100	100	100	300	1.00	union	anytime	0.45	0.35	0.35	0.10	no-lift	20	55	0.00000	0.15000	0.85000	0.00000	50.650	151.950	$12.61-$13.22	$24.90-$26.10 (cap $90.00)
100	100	100	300	1.00	union	anytime	0.45	0.35	0.35	0.10	no-lift	20	56	0.00000	0.15000	0.85000	0.00000	51.500	154.500	$12.82-$13.44	$24.90-$26.10 (cap $90.00)
100	100	100	300	1.00	union	anytime	0.45	0.35	0.35	0.10	no-lift	20	57	0.00000	0.15000	0.85000	0.00000	52.350	157.050	$13.04-$13.66	$24.90-$26.10 (cap $90.00)
100	100	100	300	1.00	union	anytime	0.45	0.35	0.35	0.10	no-lift	20	58	0.00000	0.15000	0.85000	0.00000	53.200	159.600	$13.25-$13.89	$24.90-$26.10 (cap $90.00)
100	100	100	300	1.00	union	anytime	0.45	0.35	0.35	0.10	no-lift	20	59	0.00000	0.15000	0.85000	0.00000	54.050	162.150	$13.46-$14.11	$24.90-$26.10 (cap $90.00)
100	100	100	300	1.00	union	anytime	0.45	0.35	0.35	0.10	no-lift	20	60	0.00000	0.15000	0.85000	0.00000	54.900	164.700	$13.67-$14.33	$24.90-$26.10 (cap $90.00)
100	100	100	300	1.00	union	anytime	0.45	0.35	0.35	0.10	no-lift	20	61	0.00000	0.15000	0.85000	0.00000	55.750	167.250	$13.88-$14.55	$24.90-$26.10 (cap $90.00)
100	100	100	300	1.00	union	anytime	0.45	0.35	0.35	0.10	no-lift	20	62	0.00000	0.15000	0.85000	0.00000	56.600	169.800	$14.09-$14.77	$24.90-$26.10 (cap $90.00)
100	100	100	300	1.00	union	anytime	0.45	0.35	0.35	0.10	no-lift	20	63	0.00000	0.20000	0.80000	0.00000	57.450	172.350	$14.31-$14.99	$24.90-$26.10 (cap $90.00)
100	100	100	300	1.00	union	anytime	0.45	0.35	0.35	0.10	no-lift	20	64	0.00000	0.20000	0.80000	0.00000	58.250	174.750	$14.50-$15.20	$24.90-$26.10 (cap $90.00)
100	100	100	300	1.00	union	anytime	0.45	0.35	0.35	0.10	no-lift	20	65	0.00000	0.20000	0.80000	0.00000	59.050	177.150	$14.70-$15.41	$24.90-$26.10 (cap $90.00)
100	100	100	300	1.00	union	anytime	0.45	0.35	0.35	0.10	no-lift	20	66	0.00000	0.20000	0.80000	0.00000	59.850	179.550	$14.90-$15.62	$24.90-$26.10 (cap $90.00)
100	100	100	300	1.00	union	anytime	0.45	0.35	0.35	0.10	no-lift	20	67	0.00000	0.20000	0.80000	0.00000	60.650	181.950	$15.10-$15.83	$24.90-$26.10 (cap $90.00)
100	100	100	300	1.00	union	anytime	0.45	0.35	0.35	0.10	no-lift	20	68	0.00000	0.20000	0.80000	0.00000	61.450	184.350	$15.30-$16.04	$24.90-$26.10 (cap $90.00)
100	100	100	300	1.00	union	anytime	0.45	0.35	0.35	0.10	no-lift	20	69	0.00000	0.20000	0.80000	0.00000	62.250	186.750	$15.50-$16.25	$24.90-$26.10 (cap $90.00)
100	100	100	300	1.00	union	anytime	0.45	0.35	0.35	0.10	no-lift	20	70	0.00000	0.20000	0.80000	0.00000	63.050	189.150	$15.70-$16.46	$24.90-$26.10 (cap $90.00)
100	100	100	300	1.00	union	anytime	0.45	0.35	0.35	0.10	no-lift	20	71	0.00000	0.20000	0.80000	0.00000	63.850	191.550	$15.90-$16.66	$24.90-$26.10 (cap $90.00)
100	100	100	300	1.00	union	anytime	0.45	0.35	0.35	0.10	no-lift	20	72	0.00000	0.20000	0.80000	0.00000	64.650	193.950	$16.10-$16.87	$24.90-$26.10 (cap $90.00)
100	100	100	300	1.00	union	anytime	0.45	0.35	0.35	0.10	no-lift	20	73	0.00000	0.20000	0.80000	0.00000	65.450	196.350	$16.30-$17.08	$24.90-$26.10 (cap $90.00)
100	100	100	300	1.00	union	anytime	0.45	0.35	0.35	0.10	no-lift	20	74	0.00000	0.20000	0.80000	0.00000	66.250	198.750	$16.50-$17.29	$24.90-$26.10 (cap $90.00)
100	100	100	300	1.00	union	anytime	0.45	0.35	0.35	0.10	no-lift	20	75	0.00000	0.20000	0.80000	0.00000	67.050	201.150	$16.70-$17.50	$24.90-$26.10 (cap $90.00)
100	100	100	300	1.00	union	anytime	0.45	0.35	0.35	0.10	no-lift	20	76	0.00000	0.20000	0.80000	0.00000	67.850	203.550	$16.89-$17.71	$24.90-$26.10 (cap $90.00)
100	100	100	300	1.00	union	anytime	0.45	0.35	0.35	0.10	no-lift	20	77	0.00000	0.20000	0.80000	0.00000	68.650	205.950	$17.09-$17.92	$24.90-$26.10 (cap $90.00)
100	100	100	300	1.00	union	anytime	0.45	0.35	0.35	0.10	no-lift	20	78	0.00000	0.20000	0.80000	0.00000	69.450	208.350	$17.29-$18.13	$24.90-$26.10 (cap $90.00)
100	100	100	300	1.00	union	anytime	0.45	0.35	0.35	0.10	no-lift	20	79	0.00000	0.20000	0.80000	0.00000	70.250	210.750	$17.49-$18.34	$24.90-$26.10 (cap $90.00)
100	100	100	300	1.00	union	anytime	0.45	0.35	0.35	0.10	no-lift	20	80	0.00000	0.20000	0.80000	0.00000	71.050	213.150	$17.69-$18.54	$24.90-$26.10 (cap $90.00)
100	100	100	300	1.00	union	anytime	0.45	0.35	0.35	0.10	no-lift	20	81	0.00000	0.20000	0.80000	0.00000	71.850	215.550	$17.89-$18.75	$24.90-$26.10 (cap $90.00)
100	100	100	300	1.00	union	anytime	0.45	0.35	0.35	0.10	no-lift	20	82	0.00000	0.20000	0.80000	0.00000	72.650	217.950	$18.09-$18.96	$24.90-$26.10 (cap $90.00)
100	100	100	300	1.00	union	anytime	0.45	0.35	0.35	0.10	no-lift	20	83	0.00000	0.20000	0.80000	0.00000	73.450	220.350	$18.29-$19.17	$24.90-$26.10 (cap $90.00)
100	100	100	300	1.00	union	anytime	0.45	0.35	0.35	0.10	no-lift	20	84	0.00000	0.25000	0.75000	0.00000	74.250	222.750	$18.49-$19.38	$24.90-$26.10 (cap $90.00)
100	100	100	300	1.00	union	anytime	0.45	0.35	0.35	0.10	no-lift	20	85	0.00000	0.25000	0.75000	0.00000	75.000	225.000	$18.68-$19.57	$24.90-$26.10 (cap $90.00)
100	100	100	300	1.00	union	anytime	0.45	0.35	0.35	0.10	no-lift	20	86	0.00000	0.25000	0.75000	0.00000	75.750	227.250	$18.86-$19.77	$24.90-$26.10 (cap $90.00)
100	100	100	300	1.00	union	anytime	0.45	0.35	0.35	0.10	no-lift	20	87	0.00000	0.25000	0.75000	0.00000	76.500	229.500	$19.05-$19.97	$24.90-$26.10 (cap $90.00)
100	100	100	300	1.00	union	anytime	0.45	0.35	0.35	0.10	no-lift	20	88	0.00000	0.25000	0.75000	0.00000	77.250	231.750	$19.24-$20.16	$24.90-$26.10 (cap $90.00)
100	100	100	300	1.00	union	anytime	0.45	0.35	0.35	0.10	no-lift	20	89	0.00000	0.25000	0.75000	0.00000	78.000	234.000	$19.42-$20.36	$24.90-$26.10 (cap $90.00)
100	100	100	300	1.00	union	anytime	0.45	0.35	0.35	0.10	no-lift	20	90	0.00000	0.25000	0.75000	0.00000	78.750	236.250	$19.61-$20.55	$24.90-$26.10 (cap $90.00)
100	100	100	300	1.00	union	anytime	0.45	0.35	0.35	0.10	no-lift	20	91	0.00000	0.25000	0.75000	0.00000	79.500	238.500	$19.80-$20.75	$24.90-$26.10 (cap $90.00)
100	100	100	300	1.00	union	anytime	0.45	0.35	0.35	0.10	no-lift	20	92	0.00000	0.25000	0.75000	0.00000	80.250	240.750	$19.98-$20.95	$24.90-$26.10 (cap $90.00)
100	100	100	300	1.00	union	anytime	0.45	0.35	0.35	0.10	no-lift	20	93	0.00000	0.25000	0.75000	0.00000	81.000	243.000	$20.17-$21.14	$24.90-$26.10 (cap $90.00)
100	100	100	300	1.00	union	anytime	0.45	0.35	0.35	0.10	no-lift	20	94	0.00000	0.25000	0.75000	0.00000	81.750	245.250	$20.36-$21.34	$24.90-$26.10 (cap $90.00)
100	100	100	300	1.00	union	anytime	0.45	0.35	0.35	0.10	no-lift	20	95	0.00000	0.25000	0.75000	0.00000	82.500	247.500	$20.54-$21.53	$24.90-$26.10 (cap $90.00)
100	100	100	300	1.00	union	anytime	0.45	0.35	0.35	0.10	no-lift	20	96	0.00000	0.25000	0.75000	0.00000	83.250	249.750	$20.73-$21.73	$24.90-$26.10 (cap $90.00)
100	100	100	300	1.00	union	anytime	0.45	0.35	0.35	0.10	no-lift	20	97	0.00000	0.25000	0.75000	0.00000	84.000	252.000	$20.92-$21.92	$24.90-$26.10 (cap $90.00)
100	100	100	300	1.00	union	anytime	0.45	0.35	0.35	0.10	no-lift	20	98	0.00000	0.25000	0.75000	0.00000	84.750	254.250	$21.10-$22.12	$24.90-$26.10 (cap $90.00)
100	100	100	300	1.00	union	anytime	0.45	0.35	0.35	0.10	no-lift	20	99	0.00000	0.25000	0.75000	0.00000	85.500	256.500	$21.29-$22.32	$24.90-$26.10 (cap $90.00)
100	100	100	300	1.00	union	anytime	0.45	0.35	0.35	0.10	no-lift	20	100	0.00000	0.25000	0.75000	0.00000	86.250	258.750	$21.48-$22.51	$24.90-$26.10 (cap $90.00)
100	100	100	300	1.00	direct	anytime	0.45	0.35	0.35	0.10	no-lift	20	1	0.00000	0.00000	1.00000	0.00000	1.000	3.000	$0.25-$0.26	$24.90-$26.10 (cap $90.00)
100	100	100	300	1.00	direct	anytime	0.45	0.35	0.35	0.10	no-lift	20	100	0.00000	0.25000	0.75000	0.00000	86.250	258.750	$21.48-$22.51	$24.90-$26.10 (cap $90.00)
75	75	150	300	2.00	union	anytime	0.45	0.35	0.35	0.10	no-lift	20	1	0.00000	0.00000	1.00000	0.00000	1.000	4.000	$0.33-$0.35	$24.90-$26.10 (cap $90.00)
75	75	150	300	2.00	union	anytime	0.45	0.35	0.35	0.10	no-lift	20	75	0.00000	0.05000	0.95000	0.00000	72.450	289.800	$24.05-$25.21	$24.90-$26.10 (cap $90.00)
75	75	150	300	2.00	direct	anytime	0.45	0.35	0.35	0.10	no-lift	20	1	0.00000	0.00000	1.00000	0.00000	1.000	4.000	$0.33-$0.35	$24.90-$26.10 (cap $90.00)
75	75	150	300	2.00	direct	anytime	0.45	0.35	0.35	0.10	no-lift	20	75	0.00000	0.05000	0.95000	0.00000	72.450	289.800	$24.05-$25.21	$24.90-$26.10 (cap $90.00)
480	480	240	1200	0.50	union	anytime	0.45	0.35	0.35	0.10	no-lift	20	1	0.00000	0.00000	1.00000	0.00000	1.000	2.000	$0.17-$0.17	$99.60-$104.40 (cap $360.00)
480	480	240	1200	0.50	union	anytime	0.45	0.35	0.35	0.10	no-lift	20	480	0.00000	0.35000	0.65000	0.00000	365.200	912.950	$75.77-$79.43	$99.60-$104.40 (cap $360.00)
480	480	240	1200	0.50	direct	anytime	0.45	0.35	0.35	0.10	no-lift	20	1	0.00000	0.00000	1.00000	0.00000	1.000	2.000	$0.17-$0.17	$99.60-$104.40 (cap $360.00)
480	480	240	1200	0.50	direct	anytime	0.45	0.35	0.35	0.10	no-lift	20	480	0.00000	0.35000	0.65000	0.00000	365.200	912.950	$75.77-$79.43	$99.60-$104.40 (cap $360.00)
400	400	400	1200	1.00	union	anytime	0.45	0.35	0.35	0.10	no-lift	20	1	0.00000	0.00000	1.00000	0.00000	1.000	3.000	$0.25-$0.26	$99.60-$104.40 (cap $360.00)
400	400	400	1200	1.00	union	anytime	0.45	0.35	0.35	0.10	no-lift	20	400	0.00000	0.50000	0.50000	0.00000	272.400	817.200	$67.83-$71.10	$99.60-$104.40 (cap $360.00)
400	400	400	1200	1.00	direct	anytime	0.45	0.35	0.35	0.10	no-lift	20	1	0.00000	0.00000	1.00000	0.00000	1.000	3.000	$0.25-$0.26	$99.60-$104.40 (cap $360.00)
400	400	400	1200	1.00	direct	anytime	0.45	0.35	0.35	0.10	no-lift	20	400	0.00000	0.50000	0.50000	0.00000	272.400	817.200	$67.83-$71.10	$99.60-$104.40 (cap $360.00)
300	300	600	1200	2.00	union	anytime	0.45	0.35	0.35	0.10	no-lift	20	1	0.00000	0.00000	1.00000	0.00000	1.000	4.000	$0.33-$0.35	$99.60-$104.40 (cap $360.00)
300	300	600	1200	2.00	union	anytime	0.45	0.35	0.35	0.10	no-lift	20	300	0.00000	0.55000	0.45000	0.00000	186.150	744.600	$61.80-$64.78	$99.60-$104.40 (cap $360.00)
300	300	600	1200	2.00	direct	anytime	0.45	0.35	0.35	0.10	no-lift	20	1	0.00000	0.00000	1.00000	0.00000	1.000	4.000	$0.33-$0.35	$99.60-$104.40 (cap $360.00)
300	300	600	1200	2.00	direct	anytime	0.45	0.35	0.35	0.10	no-lift	20	300	0.00000	0.55000	0.45000	0.00000	186.150	744.600	$61.80-$64.78	$99.60-$104.40 (cap $360.00)
120	120	60	300	0.50	union	anytime	0.50	0.35	0.35	0.15	no-lift	20	1	0.00000	0.00000	1.00000	0.00000	1.000	2.000	$0.17-$0.17	$24.90-$26.10 (cap $90.00)
120	120	60	300	0.50	union	anytime	0.50	0.35	0.35	0.15	no-lift	20	120	0.00000	0.10000	0.90000	0.00000	110.250	275.600	$22.87-$23.98	$24.90-$26.10 (cap $90.00)
120	120	60	300	0.50	direct	anytime	0.50	0.35	0.35	0.15	no-lift	20	1	0.00000	0.00000	1.00000	0.00000	1.000	2.000	$0.17-$0.17	$24.90-$26.10 (cap $90.00)
120	120	60	300	0.50	direct	anytime	0.50	0.35	0.35	0.15	no-lift	20	120	0.00000	0.10000	0.90000	0.00000	110.250	275.600	$22.87-$23.98	$24.90-$26.10 (cap $90.00)
100	100	100	300	1.00	union	anytime	0.50	0.35	0.35	0.15	no-lift	20	1	0.00000	0.00000	1.00000	0.00000	1.000	3.000	$0.25-$0.26	$24.90-$26.10 (cap $90.00)
100	100	100	300	1.00	union	anytime	0.50	0.35	0.35	0.15	no-lift	20	2	0.00000	0.00000	1.00000	0.00000	2.000	6.000	$0.50-$0.52	$24.90-$26.10 (cap $90.00)
100	100	100	300	1.00	union	anytime	0.50	0.35	0.35	0.15	no-lift	20	3	0.00000	0.00000	1.00000	0.00000	3.000	9.000	$0.75-$0.78	$24.90-$26.10 (cap $90.00)
100	100	100	300	1.00	union	anytime	0.50	0.35	0.35	0.15	no-lift	20	4	0.00000	0.00000	1.00000	0.00000	4.000	12.000	$1.00-$1.04	$24.90-$26.10 (cap $90.00)
100	100	100	300	1.00	union	anytime	0.50	0.35	0.35	0.15	no-lift	20	5	0.00000	0.00000	1.00000	0.00000	5.000	15.000	$1.25-$1.30	$24.90-$26.10 (cap $90.00)
100	100	100	300	1.00	union	anytime	0.50	0.35	0.35	0.15	no-lift	20	6	0.00000	0.00000	1.00000	0.00000	6.000	18.000	$1.49-$1.57	$24.90-$26.10 (cap $90.00)
100	100	100	300	1.00	union	anytime	0.50	0.35	0.35	0.15	no-lift	20	7	0.00000	0.00000	1.00000	0.00000	7.000	21.000	$1.74-$1.83	$24.90-$26.10 (cap $90.00)
100	100	100	300	1.00	union	anytime	0.50	0.35	0.35	0.15	no-lift	20	8	0.00000	0.00000	1.00000	0.00000	8.000	24.000	$1.99-$2.09	$24.90-$26.10 (cap $90.00)
100	100	100	300	1.00	union	anytime	0.50	0.35	0.35	0.15	no-lift	20	9	0.00000	0.00000	1.00000	0.00000	9.000	27.000	$2.24-$2.35	$24.90-$26.10 (cap $90.00)
100	100	100	300	1.00	union	anytime	0.50	0.35	0.35	0.15	no-lift	20	10	0.00000	0.00000	1.00000	0.00000	10.000	30.000	$2.49-$2.61	$24.90-$26.10 (cap $90.00)
100	100	100	300	1.00	union	anytime	0.50	0.35	0.35	0.15	no-lift	20	11	0.00000	0.05000	0.95000	0.00000	11.000	33.000	$2.74-$2.87	$24.90-$26.10 (cap $90.00)
100	100	100	300	1.00	union	anytime	0.50	0.35	0.35	0.15	no-lift	20	12	0.00000	0.05000	0.95000	0.00000	11.950	35.850	$2.98-$3.12	$24.90-$26.10 (cap $90.00)
100	100	100	300	1.00	union	anytime	0.50	0.35	0.35	0.15	no-lift	20	13	0.00000	0.05000	0.95000	0.00000	12.900	38.700	$3.21-$3.37	$24.90-$26.10 (cap $90.00)
100	100	100	300	1.00	union	anytime	0.50	0.35	0.35	0.15	no-lift	20	14	0.00000	0.05000	0.95000	0.00000	13.850	41.550	$3.45-$3.61	$24.90-$26.10 (cap $90.00)
100	100	100	300	1.00	union	anytime	0.50	0.35	0.35	0.15	no-lift	20	15	0.00000	0.05000	0.95000	0.00000	14.800	44.400	$3.69-$3.86	$24.90-$26.10 (cap $90.00)
100	100	100	300	1.00	union	anytime	0.50	0.35	0.35	0.15	no-lift	20	16	0.00000	0.05000	0.95000	0.00000	15.750	47.250	$3.92-$4.11	$24.90-$26.10 (cap $90.00)
100	100	100	300	1.00	union	anytime	0.50	0.35	0.35	0.15	no-lift	20	17	0.00000	0.05000	0.95000	0.00000	16.700	50.100	$4.16-$4.36	$24.90-$26.10 (cap $90.00)
100	100	100	300	1.00	union	anytime	0.50	0.35	0.35	0.15	no-lift	20	18	0.00000	0.05000	0.95000	0.00000	17.650	52.950	$4.39-$4.61	$24.90-$26.10 (cap $90.00)
100	100	100	300	1.00	union	anytime	0.50	0.35	0.35	0.15	no-lift	20	19	0.00000	0.05000	0.95000	0.00000	18.600	55.800	$4.63-$4.85	$24.90-$26.10 (cap $90.00)
100	100	100	300	1.00	union	anytime	0.50	0.35	0.35	0.15	no-lift	20	20	0.00000	0.05000	0.95000	0.00000	19.550	58.650	$4.87-$5.10	$24.90-$26.10 (cap $90.00)
100	100	100	300	1.00	union	anytime	0.50	0.35	0.35	0.15	no-lift	20	21	0.00000	0.05000	0.95000	0.00000	20.500	61.500	$5.10-$5.35	$24.90-$26.10 (cap $90.00)
100	100	100	300	1.00	union	anytime	0.50	0.35	0.35	0.15	no-lift	20	22	0.00000	0.05000	0.95000	0.00000	21.450	64.350	$5.34-$5.60	$24.90-$26.10 (cap $90.00)
100	100	100	300	1.00	union	anytime	0.50	0.35	0.35	0.15	no-lift	20	23	0.00000	0.05000	0.95000	0.00000	22.400	67.200	$5.58-$5.85	$24.90-$26.10 (cap $90.00)
100	100	100	300	1.00	union	anytime	0.50	0.35	0.35	0.15	no-lift	20	24	0.00000	0.05000	0.95000	0.00000	23.350	70.050	$5.81-$6.09	$24.90-$26.10 (cap $90.00)
100	100	100	300	1.00	union	anytime	0.50	0.35	0.35	0.15	no-lift	20	25	0.00000	0.05000	0.95000	0.00000	24.300	72.900	$6.05-$6.34	$24.90-$26.10 (cap $90.00)
100	100	100	300	1.00	union	anytime	0.50	0.35	0.35	0.15	no-lift	20	26	0.00000	0.05000	0.95000	0.00000	25.250	75.750	$6.29-$6.59	$24.90-$26.10 (cap $90.00)
100	100	100	300	1.00	union	anytime	0.50	0.35	0.35	0.15	no-lift	20	27	0.00000	0.05000	0.95000	0.00000	26.200	78.600	$6.52-$6.84	$24.90-$26.10 (cap $90.00)
100	100	100	300	1.00	union	anytime	0.50	0.35	0.35	0.15	no-lift	20	28	0.00000	0.05000	0.95000	0.00000	27.150	81.450	$6.76-$7.09	$24.90-$26.10 (cap $90.00)
100	100	100	300	1.00	union	anytime	0.50	0.35	0.35	0.15	no-lift	20	29	0.00000	0.05000	0.95000	0.00000	28.100	84.300	$7.00-$7.33	$24.90-$26.10 (cap $90.00)
100	100	100	300	1.00	union	anytime	0.50	0.35	0.35	0.15	no-lift	20	30	0.00000	0.05000	0.95000	0.00000	29.050	87.150	$7.23-$7.58	$24.90-$26.10 (cap $90.00)
100	100	100	300	1.00	union	anytime	0.50	0.35	0.35	0.15	no-lift	20	31	0.00000	0.05000	0.95000	0.00000	30.000	90.000	$7.47-$7.83	$24.90-$26.10 (cap $90.00)
100	100	100	300	1.00	union	anytime	0.50	0.35	0.35	0.15	no-lift	20	32	0.00000	0.05000	0.95000	0.00000	30.950	92.850	$7.71-$8.08	$24.90-$26.10 (cap $90.00)
100	100	100	300	1.00	union	anytime	0.50	0.35	0.35	0.15	no-lift	20	33	0.00000	0.05000	0.95000	0.00000	31.900	95.700	$7.94-$8.33	$24.90-$26.10 (cap $90.00)
100	100	100	300	1.00	union	anytime	0.50	0.35	0.35	0.15	no-lift	20	34	0.00000	0.05000	0.95000	0.00000	32.850	98.550	$8.18-$8.57	$24.90-$26.10 (cap $90.00)
100	100	100	300	1.00	union	anytime	0.50	0.35	0.35	0.15	no-lift	20	35	0.00000	0.10000	0.90000	0.00000	33.800	101.400	$8.42-$8.82	$24.90-$26.10 (cap $90.00)
100	100	100	300	1.00	union	anytime	0.50	0.35	0.35	0.15	no-lift	20	36	0.00000	0.10000	0.90000	0.00000	34.700	104.100	$8.64-$9.06	$24.90-$26.10 (cap $90.00)
100	100	100	300	1.00	union	anytime	0.50	0.35	0.35	0.15	no-lift	20	37	0.00000	0.10000	0.90000	0.00000	35.600	106.800	$8.86-$9.29	$24.90-$26.10 (cap $90.00)
100	100	100	300	1.00	union	anytime	0.50	0.35	0.35	0.15	no-lift	20	38	0.00000	0.10000	0.90000	0.00000	36.500	109.500	$9.09-$9.53	$24.90-$26.10 (cap $90.00)
100	100	100	300	1.00	union	anytime	0.50	0.35	0.35	0.15	no-lift	20	39	0.00000	0.10000	0.90000	0.00000	37.400	112.200	$9.31-$9.76	$24.90-$26.10 (cap $90.00)
100	100	100	300	1.00	union	anytime	0.50	0.35	0.35	0.15	no-lift	20	40	0.00000	0.10000	0.90000	0.00000	38.300	114.900	$9.54-$10.00	$24.90-$26.10 (cap $90.00)
100	100	100	300	1.00	union	anytime	0.50	0.35	0.35	0.15	no-lift	20	41	0.00000	0.10000	0.90000	0.00000	39.200	117.600	$9.76-$10.23	$24.90-$26.10 (cap $90.00)
100	100	100	300	1.00	union	anytime	0.50	0.35	0.35	0.15	no-lift	20	42	0.00000	0.10000	0.90000	0.00000	40.100	120.300	$9.98-$10.47	$24.90-$26.10 (cap $90.00)
100	100	100	300	1.00	union	anytime	0.50	0.35	0.35	0.15	no-lift	20	43	0.00000	0.10000	0.90000	0.00000	41.000	123.000	$10.21-$10.70	$24.90-$26.10 (cap $90.00)
100	100	100	300	1.00	union	anytime	0.50	0.35	0.35	0.15	no-lift	20	44	0.00000	0.10000	0.90000	0.00000	41.900	125.700	$10.43-$10.94	$24.90-$26.10 (cap $90.00)
100	100	100	300	1.00	union	anytime	0.50	0.35	0.35	0.15	no-lift	20	45	0.00000	0.10000	0.90000	0.00000	42.800	128.400	$10.66-$11.17	$24.90-$26.10 (cap $90.00)
100	100	100	300	1.00	union	anytime	0.50	0.35	0.35	0.15	no-lift	20	46	0.00000	0.10000	0.90000	0.00000	43.700	131.100	$10.88-$11.41	$24.90-$26.10 (cap $90.00)
100	100	100	300	1.00	union	anytime	0.50	0.35	0.35	0.15	no-lift	20	47	0.00000	0.10000	0.90000	0.00000	44.600	133.800	$11.11-$11.64	$24.90-$26.10 (cap $90.00)
100	100	100	300	1.00	union	anytime	0.50	0.35	0.35	0.15	no-lift	20	48	0.00000	0.10000	0.90000	0.00000	45.500	136.500	$11.33-$11.88	$24.90-$26.10 (cap $90.00)
100	100	100	300	1.00	union	anytime	0.50	0.35	0.35	0.15	no-lift	20	49	0.00000	0.10000	0.90000	0.00000	46.400	139.200	$11.55-$12.11	$24.90-$26.10 (cap $90.00)
100	100	100	300	1.00	union	anytime	0.50	0.35	0.35	0.15	no-lift	20	50	0.00000	0.10000	0.90000	0.00000	47.300	141.900	$11.78-$12.35	$24.90-$26.10 (cap $90.00)
100	100	100	300	1.00	union	anytime	0.50	0.35	0.35	0.15	no-lift	20	51	0.00000	0.10000	0.90000	0.00000	48.200	144.600	$12.00-$12.58	$24.90-$26.10 (cap $90.00)
100	100	100	300	1.00	union	anytime	0.50	0.35	0.35	0.15	no-lift	20	52	0.00000	0.10000	0.90000	0.00000	49.100	147.300	$12.23-$12.82	$24.90-$26.10 (cap $90.00)
100	100	100	300	1.00	union	anytime	0.50	0.35	0.35	0.15	no-lift	20	53	0.00000	0.10000	0.90000	0.00000	50.000	150.000	$12.45-$13.05	$24.90-$26.10 (cap $90.00)
100	100	100	300	1.00	union	anytime	0.50	0.35	0.35	0.15	no-lift	20	54	0.00000	0.10000	0.90000	0.00000	50.900	152.700	$12.67-$13.28	$24.90-$26.10 (cap $90.00)
100	100	100	300	1.00	union	anytime	0.50	0.35	0.35	0.15	no-lift	20	55	0.00000	0.10000	0.90000	0.00000	51.800	155.400	$12.90-$13.52	$24.90-$26.10 (cap $90.00)
100	100	100	300	1.00	union	anytime	0.50	0.35	0.35	0.15	no-lift	20	56	0.00000	0.10000	0.90000	0.00000	52.700	158.100	$13.12-$13.75	$24.90-$26.10 (cap $90.00)
100	100	100	300	1.00	union	anytime	0.50	0.35	0.35	0.15	no-lift	20	57	0.00000	0.10000	0.90000	0.00000	53.600	160.800	$13.35-$13.99	$24.90-$26.10 (cap $90.00)
100	100	100	300	1.00	union	anytime	0.50	0.35	0.35	0.15	no-lift	20	58	0.00000	0.10000	0.90000	0.00000	54.500	163.500	$13.57-$14.22	$24.90-$26.10 (cap $90.00)
100	100	100	300	1.00	union	anytime	0.50	0.35	0.35	0.15	no-lift	20	59	0.00000	0.10000	0.90000	0.00000	55.400	166.200	$13.79-$14.46	$24.90-$26.10 (cap $90.00)
100	100	100	300	1.00	union	anytime	0.50	0.35	0.35	0.15	no-lift	20	60	0.00000	0.10000	0.90000	0.00000	56.300	168.900	$14.02-$14.69	$24.90-$26.10 (cap $90.00)
100	100	100	300	1.00	union	anytime	0.50	0.35	0.35	0.15	no-lift	20	61	0.00000	0.10000	0.90000	0.00000	57.200	171.600	$14.24-$14.93	$24.90-$26.10 (cap $90.00)
100	100	100	300	1.00	union	anytime	0.50	0.35	0.35	0.15	no-lift	20	62	0.00000	0.10000	0.90000	0.00000	58.100	174.300	$14.47-$15.16	$24.90-$26.10 (cap $90.00)
100	100	100	300	1.00	union	anytime	0.50	0.35	0.35	0.15	no-lift	20	63	0.00000	0.10000	0.90000	0.00000	59.000	177.000	$14.69-$15.40	$24.90-$26.10 (cap $90.00)
100	100	100	300	1.00	union	anytime	0.50	0.35	0.35	0.15	no-lift	20	64	0.00000	0.10000	0.90000	0.00000	59.900	179.700	$14.92-$15.63	$24.90-$26.10 (cap $90.00)
100	100	100	300	1.00	union	anytime	0.50	0.35	0.35	0.15	no-lift	20	65	0.00000	0.10000	0.90000	0.00000	60.800	182.400	$15.14-$15.87	$24.90-$26.10 (cap $90.00)
100	100	100	300	1.00	union	anytime	0.50	0.35	0.35	0.15	no-lift	20	66	0.00000	0.10000	0.90000	0.00000	61.700	185.100	$15.36-$16.10	$24.90-$26.10 (cap $90.00)
100	100	100	300	1.00	union	anytime	0.50	0.35	0.35	0.15	no-lift	20	67	0.00000	0.10000	0.90000	0.00000	62.600	187.800	$15.59-$16.34	$24.90-$26.10 (cap $90.00)
100	100	100	300	1.00	union	anytime	0.50	0.35	0.35	0.15	no-lift	20	68	0.00000	0.10000	0.90000	0.00000	63.500	190.500	$15.81-$16.57	$24.90-$26.10 (cap $90.00)
100	100	100	300	1.00	union	anytime	0.50	0.35	0.35	0.15	no-lift	20	69	0.00000	0.10000	0.90000	0.00000	64.400	193.200	$16.04-$16.81	$24.90-$26.10 (cap $90.00)
100	100	100	300	1.00	union	anytime	0.50	0.35	0.35	0.15	no-lift	20	70	0.00000	0.10000	0.90000	0.00000	65.300	195.900	$16.26-$17.04	$24.90-$26.10 (cap $90.00)
100	100	100	300	1.00	union	anytime	0.50	0.35	0.35	0.15	no-lift	20	71	0.00000	0.10000	0.90000	0.00000	66.200	198.600	$16.48-$17.28	$24.90-$26.10 (cap $90.00)
100	100	100	300	1.00	union	anytime	0.50	0.35	0.35	0.15	no-lift	20	72	0.00000	0.10000	0.90000	0.00000	67.100	201.300	$16.71-$17.51	$24.90-$26.10 (cap $90.00)
100	100	100	300	1.00	union	anytime	0.50	0.35	0.35	0.15	no-lift	20	73	0.00000	0.10000	0.90000	0.00000	68.000	204.000	$16.93-$17.75	$24.90-$26.10 (cap $90.00)
100	100	100	300	1.00	union	anytime	0.50	0.35	0.35	0.15	no-lift	20	74	0.00000	0.10000	0.90000	0.00000	68.900	206.700	$17.16-$17.98	$24.90-$26.10 (cap $90.00)
100	100	100	300	1.00	union	anytime	0.50	0.35	0.35	0.15	no-lift	20	75	0.00000	0.10000	0.90000	0.00000	69.800	209.400	$17.38-$18.22	$24.90-$26.10 (cap $90.00)
100	100	100	300	1.00	union	anytime	0.50	0.35	0.35	0.15	no-lift	20	76	0.00000	0.10000	0.90000	0.00000	70.700	212.100	$17.60-$18.45	$24.90-$26.10 (cap $90.00)
100	100	100	300	1.00	union	anytime	0.50	0.35	0.35	0.15	no-lift	20	77	0.00000	0.15000	0.85000	0.00000	71.600	214.800	$17.83-$18.69	$24.90-$26.10 (cap $90.00)
100	100	100	300	1.00	union	anytime	0.50	0.35	0.35	0.15	no-lift	20	78	0.00000	0.15000	0.85000	0.00000	72.450	217.350	$18.04-$18.91	$24.90-$26.10 (cap $90.00)
100	100	100	300	1.00	union	anytime	0.50	0.35	0.35	0.15	no-lift	20	79	0.00000	0.15000	0.85000	0.00000	73.300	219.900	$18.25-$19.13	$24.90-$26.10 (cap $90.00)
100	100	100	300	1.00	union	anytime	0.50	0.35	0.35	0.15	no-lift	20	80	0.00000	0.15000	0.85000	0.00000	74.150	222.450	$18.46-$19.35	$24.90-$26.10 (cap $90.00)
100	100	100	300	1.00	union	anytime	0.50	0.35	0.35	0.15	no-lift	20	81	0.00000	0.15000	0.85000	0.00000	75.000	225.000	$18.68-$19.57	$24.90-$26.10 (cap $90.00)
100	100	100	300	1.00	union	anytime	0.50	0.35	0.35	0.15	no-lift	20	82	0.00000	0.15000	0.85000	0.00000	75.850	227.550	$18.89-$19.80	$24.90-$26.10 (cap $90.00)
100	100	100	300	1.00	union	anytime	0.50	0.35	0.35	0.15	no-lift	20	83	0.00000	0.15000	0.85000	0.00000	76.700	230.100	$19.10-$20.02	$24.90-$26.10 (cap $90.00)
100	100	100	300	1.00	union	anytime	0.50	0.35	0.35	0.15	no-lift	20	84	0.00000	0.15000	0.85000	0.00000	77.550	232.650	$19.31-$20.24	$24.90-$26.10 (cap $90.00)
100	100	100	300	1.00	union	anytime	0.50	0.35	0.35	0.15	no-lift	20	85	0.00000	0.15000	0.85000	0.00000	78.400	235.200	$19.52-$20.46	$24.90-$26.10 (cap $90.00)
100	100	100	300	1.00	union	anytime	0.50	0.35	0.35	0.15	no-lift	20	86	0.00000	0.15000	0.85000	0.00000	79.250	237.750	$19.73-$20.68	$24.90-$26.10 (cap $90.00)
100	100	100	300	1.00	union	anytime	0.50	0.35	0.35	0.15	no-lift	20	87	0.00000	0.15000	0.85000	0.00000	80.100	240.300	$19.94-$20.91	$24.90-$26.10 (cap $90.00)
100	100	100	300	1.00	union	anytime	0.50	0.35	0.35	0.15	no-lift	20	88	0.00000	0.15000	0.85000	0.00000	80.950	242.850	$20.16-$21.13	$24.90-$26.10 (cap $90.00)
100	100	100	300	1.00	union	anytime	0.50	0.35	0.35	0.15	no-lift	20	89	0.00000	0.15000	0.85000	0.00000	81.800	245.400	$20.37-$21.35	$24.90-$26.10 (cap $90.00)
100	100	100	300	1.00	union	anytime	0.50	0.35	0.35	0.15	no-lift	20	90	0.00000	0.15000	0.85000	0.00000	82.650	247.950	$20.58-$21.57	$24.90-$26.10 (cap $90.00)
100	100	100	300	1.00	union	anytime	0.50	0.35	0.35	0.15	no-lift	20	91	0.00000	0.15000	0.85000	0.00000	83.500	250.500	$20.79-$21.79	$24.90-$26.10 (cap $90.00)
100	100	100	300	1.00	union	anytime	0.50	0.35	0.35	0.15	no-lift	20	92	0.00000	0.15000	0.85000	0.00000	84.350	253.050	$21.00-$22.02	$24.90-$26.10 (cap $90.00)
100	100	100	300	1.00	union	anytime	0.50	0.35	0.35	0.15	no-lift	20	93	0.00000	0.15000	0.85000	0.00000	85.200	255.600	$21.21-$22.24	$24.90-$26.10 (cap $90.00)
100	100	100	300	1.00	union	anytime	0.50	0.35	0.35	0.15	no-lift	20	94	0.00000	0.15000	0.85000	0.00000	86.050	258.150	$21.43-$22.46	$24.90-$26.10 (cap $90.00)
100	100	100	300	1.00	union	anytime	0.50	0.35	0.35	0.15	no-lift	20	95	0.00000	0.15000	0.85000	0.00000	86.900	260.700	$21.64-$22.68	$24.90-$26.10 (cap $90.00)
100	100	100	300	1.00	union	anytime	0.50	0.35	0.35	0.15	no-lift	20	96	0.00000	0.15000	0.85000	0.00000	87.750	263.250	$21.85-$22.90	$24.90-$26.10 (cap $90.00)
100	100	100	300	1.00	union	anytime	0.50	0.35	0.35	0.15	no-lift	20	97	0.00000	0.15000	0.85000	0.00000	88.600	265.800	$22.06-$23.12	$24.90-$26.10 (cap $90.00)
100	100	100	300	1.00	union	anytime	0.50	0.35	0.35	0.15	no-lift	20	98	0.00000	0.15000	0.85000	0.00000	89.450	268.350	$22.27-$23.35	$24.90-$26.10 (cap $90.00)
100	100	100	300	1.00	union	anytime	0.50	0.35	0.35	0.15	no-lift	20	99	0.00000	0.15000	0.85000	0.00000	90.300	270.900	$22.48-$23.57	$24.90-$26.10 (cap $90.00)
100	100	100	300	1.00	union	anytime	0.50	0.35	0.35	0.15	no-lift	20	100	0.00000	0.15000	0.85000	0.00000	91.150	273.450	$22.70-$23.79	$24.90-$26.10 (cap $90.00)
100	100	100	300	1.00	direct	anytime	0.50	0.35	0.35	0.15	no-lift	20	1	0.00000	0.00000	1.00000	0.00000	1.000	3.000	$0.25-$0.26	$24.90-$26.10 (cap $90.00)
100	100	100	300	1.00	direct	anytime	0.50	0.35	0.35	0.15	no-lift	20	100	0.00000	0.15000	0.85000	0.00000	91.150	273.450	$22.70-$23.79	$24.90-$26.10 (cap $90.00)
75	75	150	300	2.00	union	anytime	0.50	0.35	0.35	0.15	no-lift	20	1	0.00000	0.00000	1.00000	0.00000	1.000	4.000	$0.33-$0.35	$24.90-$26.10 (cap $90.00)
75	75	150	300	2.00	union	anytime	0.50	0.35	0.35	0.15	no-lift	20	75	0.00000	0.10000	0.90000	0.00000	69.850	279.400	$23.19-$24.31	$24.90-$26.10 (cap $90.00)
75	75	150	300	2.00	direct	anytime	0.50	0.35	0.35	0.15	no-lift	20	1	0.00000	0.00000	1.00000	0.00000	1.000	4.000	$0.33-$0.35	$24.90-$26.10 (cap $90.00)
75	75	150	300	2.00	direct	anytime	0.50	0.35	0.35	0.15	no-lift	20	75	0.00000	0.10000	0.90000	0.00000	69.850	279.400	$23.19-$24.31	$24.90-$26.10 (cap $90.00)
480	480	240	1200	0.50	union	anytime	0.50	0.35	0.35	0.15	no-lift	20	1	0.00000	0.00000	1.00000	0.00000	1.000	2.000	$0.17-$0.17	$99.60-$104.40 (cap $360.00)
480	480	240	1200	0.50	union	anytime	0.50	0.35	0.35	0.15	no-lift	20	480	0.00000	0.20000	0.80000	0.00000	439.000	1097.450	$91.09-$95.48	$99.60-$104.40 (cap $360.00)
480	480	240	1200	0.50	direct	anytime	0.50	0.35	0.35	0.15	no-lift	20	1	0.00000	0.00000	1.00000	0.00000	1.000	2.000	$0.17-$0.17	$99.60-$104.40 (cap $360.00)
480	480	240	1200	0.50	direct	anytime	0.50	0.35	0.35	0.15	no-lift	20	480	0.00000	0.20000	0.80000	0.00000	439.000	1097.450	$91.09-$95.48	$99.60-$104.40 (cap $360.00)
400	400	400	1200	1.00	union	anytime	0.50	0.35	0.35	0.15	no-lift	20	1	0.00000	0.00000	1.00000	0.00000	1.000	3.000	$0.25-$0.26	$99.60-$104.40 (cap $360.00)
400	400	400	1200	1.00	union	anytime	0.50	0.35	0.35	0.15	no-lift	20	400	0.00000	0.25000	0.75000	0.00000	332.000	996.000	$82.67-$86.65	$99.60-$104.40 (cap $360.00)
400	400	400	1200	1.00	direct	anytime	0.50	0.35	0.35	0.15	no-lift	20	1	0.00000	0.00000	1.00000	0.00000	1.000	3.000	$0.25-$0.26	$99.60-$104.40 (cap $360.00)
400	400	400	1200	1.00	direct	anytime	0.50	0.35	0.35	0.15	no-lift	20	400	0.00000	0.25000	0.75000	0.00000	332.000	996.000	$82.67-$86.65	$99.60-$104.40 (cap $360.00)
300	300	600	1200	2.00	union	anytime	0.50	0.35	0.35	0.15	no-lift	20	1	0.00000	0.00000	1.00000	0.00000	1.000	4.000	$0.33-$0.35	$99.60-$104.40 (cap $360.00)
300	300	600	1200	2.00	union	anytime	0.50	0.35	0.35	0.15	no-lift	20	300	0.00000	0.30000	0.70000	0.00000	235.950	943.800	$78.34-$82.11	$99.60-$104.40 (cap $360.00)
300	300	600	1200	2.00	direct	anytime	0.50	0.35	0.35	0.15	no-lift	20	1	0.00000	0.00000	1.00000	0.00000	1.000	4.000	$0.33-$0.35	$99.60-$104.40 (cap $360.00)
300	300	600	1200	2.00	direct	anytime	0.50	0.35	0.35	0.15	no-lift	20	300	0.00000	0.30000	0.70000	0.00000	235.950	943.800	$78.34-$82.11	$99.60-$104.40 (cap $360.00)
120	120	60	300	0.50	union	anytime	0.55	0.35	0.35	0.20	calibration	20	1	0.00000	0.00000	1.00000	0.00000	1.000	2.000	$0.17-$0.17	$24.90-$26.10 (cap $90.00)
120	120	60	300	0.50	union	anytime	0.55	0.35	0.35	0.20	calibration	20	120	0.00000	0.10000	0.90000	0.00000	109.700	274.250	$22.76-$23.86	$24.90-$26.10 (cap $90.00)
120	120	60	300	0.50	direct	anytime	0.55	0.35	0.35	0.20	calibration	20	1	0.00000	0.00000	1.00000	0.00000	1.000	2.000	$0.17-$0.17	$24.90-$26.10 (cap $90.00)
120	120	60	300	0.50	direct	anytime	0.55	0.35	0.35	0.20	calibration	20	120	0.00000	0.10000	0.90000	0.00000	109.700	274.250	$22.76-$23.86	$24.90-$26.10 (cap $90.00)
100	100	100	300	1.00	union	anytime	0.55	0.35	0.35	0.20	calibration	20	1	0.00000	0.00000	1.00000	0.00000	1.000	3.000	$0.25-$0.26	$24.90-$26.10 (cap $90.00)
100	100	100	300	1.00	union	anytime	0.55	0.35	0.35	0.20	calibration	20	2	0.00000	0.00000	1.00000	0.00000	2.000	6.000	$0.50-$0.52	$24.90-$26.10 (cap $90.00)
100	100	100	300	1.00	union	anytime	0.55	0.35	0.35	0.20	calibration	20	3	0.00000	0.00000	1.00000	0.00000	3.000	9.000	$0.75-$0.78	$24.90-$26.10 (cap $90.00)
100	100	100	300	1.00	union	anytime	0.55	0.35	0.35	0.20	calibration	20	4	0.00000	0.00000	1.00000	0.00000	4.000	12.000	$1.00-$1.04	$24.90-$26.10 (cap $90.00)
100	100	100	300	1.00	union	anytime	0.55	0.35	0.35	0.20	calibration	20	5	0.00000	0.00000	1.00000	0.00000	5.000	15.000	$1.25-$1.30	$24.90-$26.10 (cap $90.00)
100	100	100	300	1.00	union	anytime	0.55	0.35	0.35	0.20	calibration	20	6	0.00000	0.00000	1.00000	0.00000	6.000	18.000	$1.49-$1.57	$24.90-$26.10 (cap $90.00)
100	100	100	300	1.00	union	anytime	0.55	0.35	0.35	0.20	calibration	20	7	0.00000	0.00000	1.00000	0.00000	7.000	21.000	$1.74-$1.83	$24.90-$26.10 (cap $90.00)
100	100	100	300	1.00	union	anytime	0.55	0.35	0.35	0.20	calibration	20	8	0.00000	0.00000	1.00000	0.00000	8.000	24.000	$1.99-$2.09	$24.90-$26.10 (cap $90.00)
100	100	100	300	1.00	union	anytime	0.55	0.35	0.35	0.20	calibration	20	9	0.00000	0.00000	1.00000	0.00000	9.000	27.000	$2.24-$2.35	$24.90-$26.10 (cap $90.00)
100	100	100	300	1.00	union	anytime	0.55	0.35	0.35	0.20	calibration	20	10	0.00000	0.00000	1.00000	0.00000	10.000	30.000	$2.49-$2.61	$24.90-$26.10 (cap $90.00)
100	100	100	300	1.00	union	anytime	0.55	0.35	0.35	0.20	calibration	20	11	0.00000	0.00000	1.00000	0.00000	11.000	33.000	$2.74-$2.87	$24.90-$26.10 (cap $90.00)
100	100	100	300	1.00	union	anytime	0.55	0.35	0.35	0.20	calibration	20	12	0.00000	0.00000	1.00000	0.00000	12.000	36.000	$2.99-$3.13	$24.90-$26.10 (cap $90.00)
100	100	100	300	1.00	union	anytime	0.55	0.35	0.35	0.20	calibration	20	13	0.00000	0.00000	1.00000	0.00000	13.000	39.000	$3.24-$3.39	$24.90-$26.10 (cap $90.00)
100	100	100	300	1.00	union	anytime	0.55	0.35	0.35	0.20	calibration	20	14	0.00000	0.00000	1.00000	0.00000	14.000	42.000	$3.49-$3.65	$24.90-$26.10 (cap $90.00)
100	100	100	300	1.00	union	anytime	0.55	0.35	0.35	0.20	calibration	20	15	0.00000	0.00000	1.00000	0.00000	15.000	45.000	$3.74-$3.91	$24.90-$26.10 (cap $90.00)
100	100	100	300	1.00	union	anytime	0.55	0.35	0.35	0.20	calibration	20	16	0.00000	0.00000	1.00000	0.00000	16.000	48.000	$3.98-$4.18	$24.90-$26.10 (cap $90.00)
100	100	100	300	1.00	union	anytime	0.55	0.35	0.35	0.20	calibration	20	17	0.00000	0.00000	1.00000	0.00000	17.000	51.000	$4.23-$4.44	$24.90-$26.10 (cap $90.00)
100	100	100	300	1.00	union	anytime	0.55	0.35	0.35	0.20	calibration	20	18	0.00000	0.00000	1.00000	0.00000	18.000	54.000	$4.48-$4.70	$24.90-$26.10 (cap $90.00)
100	100	100	300	1.00	union	anytime	0.55	0.35	0.35	0.20	calibration	20	19	0.00000	0.00000	1.00000	0.00000	19.000	57.000	$4.73-$4.96	$24.90-$26.10 (cap $90.00)
100	100	100	300	1.00	union	anytime	0.55	0.35	0.35	0.20	calibration	20	20	0.00000	0.00000	1.00000	0.00000	20.000	60.000	$4.98-$5.22	$24.90-$26.10 (cap $90.00)
100	100	100	300	1.00	union	anytime	0.55	0.35	0.35	0.20	calibration	20	21	0.00000	0.00000	1.00000	0.00000	21.000	63.000	$5.23-$5.48	$24.90-$26.10 (cap $90.00)
100	100	100	300	1.00	union	anytime	0.55	0.35	0.35	0.20	calibration	20	22	0.00000	0.00000	1.00000	0.00000	22.000	66.000	$5.48-$5.74	$24.90-$26.10 (cap $90.00)
100	100	100	300	1.00	union	anytime	0.55	0.35	0.35	0.20	calibration	20	23	0.00000	0.00000	1.00000	0.00000	23.000	69.000	$5.73-$6.00	$24.90-$26.10 (cap $90.00)
100	100	100	300	1.00	union	anytime	0.55	0.35	0.35	0.20	calibration	20	24	0.00000	0.00000	1.00000	0.00000	24.000	72.000	$5.98-$6.26	$24.90-$26.10 (cap $90.00)
100	100	100	300	1.00	union	anytime	0.55	0.35	0.35	0.20	calibration	20	25	0.00000	0.00000	1.00000	0.00000	25.000	75.000	$6.23-$6.52	$24.90-$26.10 (cap $90.00)
100	100	100	300	1.00	union	anytime	0.55	0.35	0.35	0.20	calibration	20	26	0.00000	0.00000	1.00000	0.00000	26.000	78.000	$6.47-$6.79	$24.90-$26.10 (cap $90.00)
100	100	100	300	1.00	union	anytime	0.55	0.35	0.35	0.20	calibration	20	27	0.00000	0.00000	1.00000	0.00000	27.000	81.000	$6.72-$7.05	$24.90-$26.10 (cap $90.00)
100	100	100	300	1.00	union	anytime	0.55	0.35	0.35	0.20	calibration	20	28	0.00000	0.00000	1.00000	0.00000	28.000	84.000	$6.97-$7.31	$24.90-$26.10 (cap $90.00)
100	100	100	300	1.00	union	anytime	0.55	0.35	0.35	0.20	calibration	20	29	0.00000	0.00000	1.00000	0.00000	29.000	87.000	$7.22-$7.57	$24.90-$26.10 (cap $90.00)
100	100	100	300	1.00	union	anytime	0.55	0.35	0.35	0.20	calibration	20	30	0.00000	0.00000	1.00000	0.00000	30.000	90.000	$7.47-$7.83	$24.90-$26.10 (cap $90.00)
100	100	100	300	1.00	union	anytime	0.55	0.35	0.35	0.20	calibration	20	31	0.00000	0.00000	1.00000	0.00000	31.000	93.000	$7.72-$8.09	$24.90-$26.10 (cap $90.00)
100	100	100	300	1.00	union	anytime	0.55	0.35	0.35	0.20	calibration	20	32	0.00000	0.00000	1.00000	0.00000	32.000	96.000	$7.97-$8.35	$24.90-$26.10 (cap $90.00)
100	100	100	300	1.00	union	anytime	0.55	0.35	0.35	0.20	calibration	20	33	0.00000	0.00000	1.00000	0.00000	33.000	99.000	$8.22-$8.61	$24.90-$26.10 (cap $90.00)
100	100	100	300	1.00	union	anytime	0.55	0.35	0.35	0.20	calibration	20	34	0.00000	0.00000	1.00000	0.00000	34.000	102.000	$8.47-$8.87	$24.90-$26.10 (cap $90.00)
100	100	100	300	1.00	union	anytime	0.55	0.35	0.35	0.20	calibration	20	35	0.00000	0.00000	1.00000	0.00000	35.000	105.000	$8.71-$9.13	$24.90-$26.10 (cap $90.00)
100	100	100	300	1.00	union	anytime	0.55	0.35	0.35	0.20	calibration	20	36	0.00000	0.00000	1.00000	0.00000	36.000	108.000	$8.96-$9.40	$24.90-$26.10 (cap $90.00)
100	100	100	300	1.00	union	anytime	0.55	0.35	0.35	0.20	calibration	20	37	0.00000	0.00000	1.00000	0.00000	37.000	111.000	$9.21-$9.66	$24.90-$26.10 (cap $90.00)
100	100	100	300	1.00	union	anytime	0.55	0.35	0.35	0.20	calibration	20	38	0.00000	0.00000	1.00000	0.00000	38.000	114.000	$9.46-$9.92	$24.90-$26.10 (cap $90.00)
100	100	100	300	1.00	union	anytime	0.55	0.35	0.35	0.20	calibration	20	39	0.00000	0.00000	1.00000	0.00000	39.000	117.000	$9.71-$10.18	$24.90-$26.10 (cap $90.00)
100	100	100	300	1.00	union	anytime	0.55	0.35	0.35	0.20	calibration	20	40	0.00000	0.00000	1.00000	0.00000	40.000	120.000	$9.96-$10.44	$24.90-$26.10 (cap $90.00)
100	100	100	300	1.00	union	anytime	0.55	0.35	0.35	0.20	calibration	20	41	0.00000	0.00000	1.00000	0.00000	41.000	123.000	$10.21-$10.70	$24.90-$26.10 (cap $90.00)
100	100	100	300	1.00	union	anytime	0.55	0.35	0.35	0.20	calibration	20	42	0.00000	0.00000	1.00000	0.00000	42.000	126.000	$10.46-$10.96	$24.90-$26.10 (cap $90.00)
100	100	100	300	1.00	union	anytime	0.55	0.35	0.35	0.20	calibration	20	43	0.00000	0.00000	1.00000	0.00000	43.000	129.000	$10.71-$11.22	$24.90-$26.10 (cap $90.00)
100	100	100	300	1.00	union	anytime	0.55	0.35	0.35	0.20	calibration	20	44	0.00000	0.00000	1.00000	0.00000	44.000	132.000	$10.96-$11.48	$24.90-$26.10 (cap $90.00)
100	100	100	300	1.00	union	anytime	0.55	0.35	0.35	0.20	calibration	20	45	0.00000	0.00000	1.00000	0.00000	45.000	135.000	$11.21-$11.74	$24.90-$26.10 (cap $90.00)
100	100	100	300	1.00	union	anytime	0.55	0.35	0.35	0.20	calibration	20	46	0.00000	0.00000	1.00000	0.00000	46.000	138.000	$11.45-$12.01	$24.90-$26.10 (cap $90.00)
100	100	100	300	1.00	union	anytime	0.55	0.35	0.35	0.20	calibration	20	47	0.00000	0.00000	1.00000	0.00000	47.000	141.000	$11.70-$12.27	$24.90-$26.10 (cap $90.00)
100	100	100	300	1.00	union	anytime	0.55	0.35	0.35	0.20	calibration	20	48	0.00000	0.00000	1.00000	0.00000	48.000	144.000	$11.95-$12.53	$24.90-$26.10 (cap $90.00)
100	100	100	300	1.00	union	anytime	0.55	0.35	0.35	0.20	calibration	20	49	0.00000	0.00000	1.00000	0.00000	49.000	147.000	$12.20-$12.79	$24.90-$26.10 (cap $90.00)
100	100	100	300	1.00	union	anytime	0.55	0.35	0.35	0.20	calibration	20	50	0.00000	0.00000	1.00000	0.00000	50.000	150.000	$12.45-$13.05	$24.90-$26.10 (cap $90.00)
100	100	100	300	1.00	union	anytime	0.55	0.35	0.35	0.20	calibration	20	51	0.00000	0.00000	1.00000	0.00000	51.000	153.000	$12.70-$13.31	$24.90-$26.10 (cap $90.00)
100	100	100	300	1.00	union	anytime	0.55	0.35	0.35	0.20	calibration	20	52	0.00000	0.00000	1.00000	0.00000	52.000	156.000	$12.95-$13.57	$24.90-$26.10 (cap $90.00)
100	100	100	300	1.00	union	anytime	0.55	0.35	0.35	0.20	calibration	20	53	0.00000	0.00000	1.00000	0.00000	53.000	159.000	$13.20-$13.83	$24.90-$26.10 (cap $90.00)
100	100	100	300	1.00	union	anytime	0.55	0.35	0.35	0.20	calibration	20	54	0.00000	0.00000	1.00000	0.00000	54.000	162.000	$13.45-$14.09	$24.90-$26.10 (cap $90.00)
100	100	100	300	1.00	union	anytime	0.55	0.35	0.35	0.20	calibration	20	55	0.00000	0.00000	1.00000	0.00000	55.000	165.000	$13.70-$14.35	$24.90-$26.10 (cap $90.00)
100	100	100	300	1.00	union	anytime	0.55	0.35	0.35	0.20	calibration	20	56	0.00000	0.00000	1.00000	0.00000	56.000	168.000	$13.94-$14.62	$24.90-$26.10 (cap $90.00)
100	100	100	300	1.00	union	anytime	0.55	0.35	0.35	0.20	calibration	20	57	0.00000	0.00000	1.00000	0.00000	57.000	171.000	$14.19-$14.88	$24.90-$26.10 (cap $90.00)
100	100	100	300	1.00	union	anytime	0.55	0.35	0.35	0.20	calibration	20	58	0.00000	0.00000	1.00000	0.00000	58.000	174.000	$14.44-$15.14	$24.90-$26.10 (cap $90.00)
100	100	100	300	1.00	union	anytime	0.55	0.35	0.35	0.20	calibration	20	59	0.00000	0.00000	1.00000	0.00000	59.000	177.000	$14.69-$15.40	$24.90-$26.10 (cap $90.00)
100	100	100	300	1.00	union	anytime	0.55	0.35	0.35	0.20	calibration	20	60	0.00000	0.00000	1.00000	0.00000	60.000	180.000	$14.94-$15.66	$24.90-$26.10 (cap $90.00)
100	100	100	300	1.00	union	anytime	0.55	0.35	0.35	0.20	calibration	20	61	0.00000	0.00000	1.00000	0.00000	61.000	183.000	$15.19-$15.92	$24.90-$26.10 (cap $90.00)
100	100	100	300	1.00	union	anytime	0.55	0.35	0.35	0.20	calibration	20	62	0.00000	0.00000	1.00000	0.00000	62.000	186.000	$15.44-$16.18	$24.90-$26.10 (cap $90.00)
100	100	100	300	1.00	union	anytime	0.55	0.35	0.35	0.20	calibration	20	63	0.00000	0.00000	1.00000	0.00000	63.000	189.000	$15.69-$16.44	$24.90-$26.10 (cap $90.00)
100	100	100	300	1.00	union	anytime	0.55	0.35	0.35	0.20	calibration	20	64	0.00000	0.00000	1.00000	0.00000	64.000	192.000	$15.94-$16.70	$24.90-$26.10 (cap $90.00)
100	100	100	300	1.00	union	anytime	0.55	0.35	0.35	0.20	calibration	20	65	0.00000	0.00000	1.00000	0.00000	65.000	195.000	$16.19-$16.96	$24.90-$26.10 (cap $90.00)
100	100	100	300	1.00	union	anytime	0.55	0.35	0.35	0.20	calibration	20	66	0.00000	0.00000	1.00000	0.00000	66.000	198.000	$16.43-$17.23	$24.90-$26.10 (cap $90.00)
100	100	100	300	1.00	union	anytime	0.55	0.35	0.35	0.20	calibration	20	67	0.00000	0.00000	1.00000	0.00000	67.000	201.000	$16.68-$17.49	$24.90-$26.10 (cap $90.00)
100	100	100	300	1.00	union	anytime	0.55	0.35	0.35	0.20	calibration	20	68	0.00000	0.00000	1.00000	0.00000	68.000	204.000	$16.93-$17.75	$24.90-$26.10 (cap $90.00)
100	100	100	300	1.00	union	anytime	0.55	0.35	0.35	0.20	calibration	20	69	0.00000	0.00000	1.00000	0.00000	69.000	207.000	$17.18-$18.01	$24.90-$26.10 (cap $90.00)
100	100	100	300	1.00	union	anytime	0.55	0.35	0.35	0.20	calibration	20	70	0.00000	0.00000	1.00000	0.00000	70.000	210.000	$17.43-$18.27	$24.90-$26.10 (cap $90.00)
100	100	100	300	1.00	union	anytime	0.55	0.35	0.35	0.20	calibration	20	71	0.00000	0.00000	1.00000	0.00000	71.000	213.000	$17.68-$18.53	$24.90-$26.10 (cap $90.00)
100	100	100	300	1.00	union	anytime	0.55	0.35	0.35	0.20	calibration	20	72	0.00000	0.00000	1.00000	0.00000	72.000	216.000	$17.93-$18.79	$24.90-$26.10 (cap $90.00)
100	100	100	300	1.00	union	anytime	0.55	0.35	0.35	0.20	calibration	20	73	0.00000	0.00000	1.00000	0.00000	73.000	219.000	$18.18-$19.05	$24.90-$26.10 (cap $90.00)
100	100	100	300	1.00	union	anytime	0.55	0.35	0.35	0.20	calibration	20	74	0.00000	0.00000	1.00000	0.00000	74.000	222.000	$18.43-$19.31	$24.90-$26.10 (cap $90.00)
100	100	100	300	1.00	union	anytime	0.55	0.35	0.35	0.20	calibration	20	75	0.00000	0.00000	1.00000	0.00000	75.000	225.000	$18.68-$19.57	$24.90-$26.10 (cap $90.00)
100	100	100	300	1.00	union	anytime	0.55	0.35	0.35	0.20	calibration	20	76	0.00000	0.00000	1.00000	0.00000	76.000	228.000	$18.92-$19.84	$24.90-$26.10 (cap $90.00)
100	100	100	300	1.00	union	anytime	0.55	0.35	0.35	0.20	calibration	20	77	0.00000	0.00000	1.00000	0.00000	77.000	231.000	$19.17-$20.10	$24.90-$26.10 (cap $90.00)
100	100	100	300	1.00	union	anytime	0.55	0.35	0.35	0.20	calibration	20	78	0.00000	0.00000	1.00000	0.00000	78.000	234.000	$19.42-$20.36	$24.90-$26.10 (cap $90.00)
100	100	100	300	1.00	union	anytime	0.55	0.35	0.35	0.20	calibration	20	79	0.00000	0.00000	1.00000	0.00000	79.000	237.000	$19.67-$20.62	$24.90-$26.10 (cap $90.00)
100	100	100	300	1.00	union	anytime	0.55	0.35	0.35	0.20	calibration	20	80	0.00000	0.00000	1.00000	0.00000	80.000	240.000	$19.92-$20.88	$24.90-$26.10 (cap $90.00)
100	100	100	300	1.00	union	anytime	0.55	0.35	0.35	0.20	calibration	20	81	0.00000	0.00000	1.00000	0.00000	81.000	243.000	$20.17-$21.14	$24.90-$26.10 (cap $90.00)
100	100	100	300	1.00	union	anytime	0.55	0.35	0.35	0.20	calibration	20	82	0.00000	0.00000	1.00000	0.00000	82.000	246.000	$20.42-$21.40	$24.90-$26.10 (cap $90.00)
100	100	100	300	1.00	union	anytime	0.55	0.35	0.35	0.20	calibration	20	83	0.00000	0.00000	1.00000	0.00000	83.000	249.000	$20.67-$21.66	$24.90-$26.10 (cap $90.00)
100	100	100	300	1.00	union	anytime	0.55	0.35	0.35	0.20	calibration	20	84	0.00000	0.00000	1.00000	0.00000	84.000	252.000	$20.92-$21.92	$24.90-$26.10 (cap $90.00)
100	100	100	300	1.00	union	anytime	0.55	0.35	0.35	0.20	calibration	20	85	0.00000	0.00000	1.00000	0.00000	85.000	255.000	$21.17-$22.18	$24.90-$26.10 (cap $90.00)
100	100	100	300	1.00	union	anytime	0.55	0.35	0.35	0.20	calibration	20	86	0.00000	0.00000	1.00000	0.00000	86.000	258.000	$21.41-$22.45	$24.90-$26.10 (cap $90.00)
100	100	100	300	1.00	union	anytime	0.55	0.35	0.35	0.20	calibration	20	87	0.00000	0.00000	1.00000	0.00000	87.000	261.000	$21.66-$22.71	$24.90-$26.10 (cap $90.00)
100	100	100	300	1.00	union	anytime	0.55	0.35	0.35	0.20	calibration	20	88	0.00000	0.00000	1.00000	0.00000	88.000	264.000	$21.91-$22.97	$24.90-$26.10 (cap $90.00)
100	100	100	300	1.00	union	anytime	0.55	0.35	0.35	0.20	calibration	20	89	0.00000	0.00000	1.00000	0.00000	89.000	267.000	$22.16-$23.23	$24.90-$26.10 (cap $90.00)
100	100	100	300	1.00	union	anytime	0.55	0.35	0.35	0.20	calibration	20	90	0.00000	0.00000	1.00000	0.00000	90.000	270.000	$22.41-$23.49	$24.90-$26.10 (cap $90.00)
100	100	100	300	1.00	union	anytime	0.55	0.35	0.35	0.20	calibration	20	91	0.00000	0.00000	1.00000	0.00000	91.000	273.000	$22.66-$23.75	$24.90-$26.10 (cap $90.00)
100	100	100	300	1.00	union	anytime	0.55	0.35	0.35	0.20	calibration	20	92	0.00000	0.00000	1.00000	0.00000	92.000	276.000	$22.91-$24.01	$24.90-$26.10 (cap $90.00)
100	100	100	300	1.00	union	anytime	0.55	0.35	0.35	0.20	calibration	20	93	0.00000	0.00000	1.00000	0.00000	93.000	279.000	$23.16-$24.27	$24.90-$26.10 (cap $90.00)
100	100	100	300	1.00	union	anytime	0.55	0.35	0.35	0.20	calibration	20	94	0.00000	0.00000	1.00000	0.00000	94.000	282.000	$23.41-$24.53	$24.90-$26.10 (cap $90.00)
100	100	100	300	1.00	union	anytime	0.55	0.35	0.35	0.20	calibration	20	95	0.00000	0.00000	1.00000	0.00000	95.000	285.000	$23.66-$24.79	$24.90-$26.10 (cap $90.00)
100	100	100	300	1.00	union	anytime	0.55	0.35	0.35	0.20	calibration	20	96	0.00000	0.00000	1.00000	0.00000	96.000	288.000	$23.90-$25.06	$24.90-$26.10 (cap $90.00)
100	100	100	300	1.00	union	anytime	0.55	0.35	0.35	0.20	calibration	20	97	0.00000	0.00000	1.00000	0.00000	97.000	291.000	$24.15-$25.32	$24.90-$26.10 (cap $90.00)
100	100	100	300	1.00	union	anytime	0.55	0.35	0.35	0.20	calibration	20	98	0.00000	0.00000	1.00000	0.00000	98.000	294.000	$24.40-$25.58	$24.90-$26.10 (cap $90.00)
100	100	100	300	1.00	union	anytime	0.55	0.35	0.35	0.20	calibration	20	99	0.00000	0.00000	1.00000	0.00000	99.000	297.000	$24.65-$25.84	$24.90-$26.10 (cap $90.00)
100	100	100	300	1.00	union	anytime	0.55	0.35	0.35	0.20	calibration	20	100	0.00000	0.00000	1.00000	0.00000	100.000	300.000	$24.90-$26.10	$24.90-$26.10 (cap $90.00)
100	100	100	300	1.00	direct	anytime	0.55	0.35	0.35	0.20	calibration	20	1	0.00000	0.00000	1.00000	0.00000	1.000	3.000	$0.25-$0.26	$24.90-$26.10 (cap $90.00)
100	100	100	300	1.00	direct	anytime	0.55	0.35	0.35	0.20	calibration	20	100	0.00000	0.00000	1.00000	0.00000	100.000	300.000	$24.90-$26.10	$24.90-$26.10 (cap $90.00)
75	75	150	300	2.00	union	anytime	0.55	0.35	0.35	0.20	calibration	20	1	0.00000	0.00000	1.00000	0.00000	1.000	4.000	$0.33-$0.35	$24.90-$26.10 (cap $90.00)
75	75	150	300	2.00	union	anytime	0.55	0.35	0.35	0.20	calibration	20	75	0.00000	0.05000	0.95000	0.00000	71.800	287.200	$23.84-$24.99	$24.90-$26.10 (cap $90.00)
75	75	150	300	2.00	direct	anytime	0.55	0.35	0.35	0.20	calibration	20	1	0.00000	0.00000	1.00000	0.00000	1.000	4.000	$0.33-$0.35	$24.90-$26.10 (cap $90.00)
75	75	150	300	2.00	direct	anytime	0.55	0.35	0.35	0.20	calibration	20	75	0.00000	0.05000	0.95000	0.00000	71.800	287.200	$23.84-$24.99	$24.90-$26.10 (cap $90.00)
480	480	240	1200	0.50	union	anytime	0.55	0.35	0.35	0.20	calibration	20	1	0.00000	0.00000	1.00000	0.00000	1.000	2.000	$0.17-$0.17	$99.60-$104.40 (cap $360.00)
480	480	240	1200	0.50	union	anytime	0.55	0.35	0.35	0.20	calibration	20	480	0.00000	0.05000	0.95000	0.00000	457.250	1143.100	$94.88-$99.45	$99.60-$104.40 (cap $360.00)
480	480	240	1200	0.50	direct	anytime	0.55	0.35	0.35	0.20	calibration	20	1	0.00000	0.00000	1.00000	0.00000	1.000	2.000	$0.17-$0.17	$99.60-$104.40 (cap $360.00)
480	480	240	1200	0.50	direct	anytime	0.55	0.35	0.35	0.20	calibration	20	480	0.00000	0.05000	0.95000	0.00000	457.250	1143.100	$94.88-$99.45	$99.60-$104.40 (cap $360.00)
400	400	400	1200	1.00	union	anytime	0.55	0.35	0.35	0.20	calibration	20	1	0.00000	0.00000	1.00000	0.00000	1.000	3.000	$0.25-$0.26	$99.60-$104.40 (cap $360.00)
400	400	400	1200	1.00	union	anytime	0.55	0.35	0.35	0.20	calibration	20	400	0.00000	0.10000	0.90000	0.00000	373.750	1121.250	$93.06-$97.55	$99.60-$104.40 (cap $360.00)
400	400	400	1200	1.00	direct	anytime	0.55	0.35	0.35	0.20	calibration	20	1	0.00000	0.00000	1.00000	0.00000	1.000	3.000	$0.25-$0.26	$99.60-$104.40 (cap $360.00)
400	400	400	1200	1.00	direct	anytime	0.55	0.35	0.35	0.20	calibration	20	400	0.00000	0.10000	0.90000	0.00000	373.750	1121.250	$93.06-$97.55	$99.60-$104.40 (cap $360.00)
300	300	600	1200	2.00	union	anytime	0.55	0.35	0.35	0.20	calibration	20	1	0.00000	0.00000	1.00000	0.00000	1.000	4.000	$0.33-$0.35	$99.60-$104.40 (cap $360.00)
300	300	600	1200	2.00	union	anytime	0.55	0.35	0.35	0.20	calibration	20	300	0.00000	0.20000	0.80000	0.00000	245.900	983.600	$81.64-$85.57	$99.60-$104.40 (cap $360.00)
300	300	600	1200	2.00	direct	anytime	0.55	0.35	0.35	0.20	calibration	20	1	0.00000	0.00000	1.00000	0.00000	1.000	4.000	$0.33-$0.35	$99.60-$104.40 (cap $360.00)
300	300	600	1200	2.00	direct	anytime	0.55	0.35	0.35	0.20	calibration	20	300	0.00000	0.20000	0.80000	0.00000	245.900	983.600	$81.64-$85.57	$99.60-$104.40 (cap $360.00)
120	120	60	300	0.50	union	anytime	0.60	0.35	0.35	0.25	small real effect	20	1	0.00000	0.00000	1.00000	0.00000	1.000	2.000	$0.17-$0.17	$24.90-$26.10 (cap $90.00)
120	120	60	300	0.50	union	anytime	0.60	0.35	0.35	0.25	small real effect	20	120	0.00000	0.05000	0.95000	0.00000	114.550	286.350	$23.77-$24.91	$24.90-$26.10 (cap $90.00)
120	120	60	300	0.50	direct	anytime	0.60	0.35	0.35	0.25	small real effect	20	1	0.00000	0.00000	1.00000	0.00000	1.000	2.000	$0.17-$0.17	$24.90-$26.10 (cap $90.00)
120	120	60	300	0.50	direct	anytime	0.60	0.35	0.35	0.25	small real effect	20	120	0.00000	0.05000	0.95000	0.00000	114.550	286.350	$23.77-$24.91	$24.90-$26.10 (cap $90.00)
100	100	100	300	1.00	union	anytime	0.60	0.35	0.35	0.25	small real effect	20	1	0.00000	0.00000	1.00000	0.00000	1.000	3.000	$0.25-$0.26	$24.90-$26.10 (cap $90.00)
100	100	100	300	1.00	union	anytime	0.60	0.35	0.35	0.25	small real effect	20	2	0.00000	0.00000	1.00000	0.00000	2.000	6.000	$0.50-$0.52	$24.90-$26.10 (cap $90.00)
100	100	100	300	1.00	union	anytime	0.60	0.35	0.35	0.25	small real effect	20	3	0.00000	0.00000	1.00000	0.00000	3.000	9.000	$0.75-$0.78	$24.90-$26.10 (cap $90.00)
100	100	100	300	1.00	union	anytime	0.60	0.35	0.35	0.25	small real effect	20	4	0.00000	0.00000	1.00000	0.00000	4.000	12.000	$1.00-$1.04	$24.90-$26.10 (cap $90.00)
100	100	100	300	1.00	union	anytime	0.60	0.35	0.35	0.25	small real effect	20	5	0.00000	0.00000	1.00000	0.00000	5.000	15.000	$1.25-$1.30	$24.90-$26.10 (cap $90.00)
100	100	100	300	1.00	union	anytime	0.60	0.35	0.35	0.25	small real effect	20	6	0.00000	0.00000	1.00000	0.00000	6.000	18.000	$1.49-$1.57	$24.90-$26.10 (cap $90.00)
100	100	100	300	1.00	union	anytime	0.60	0.35	0.35	0.25	small real effect	20	7	0.00000	0.00000	1.00000	0.00000	7.000	21.000	$1.74-$1.83	$24.90-$26.10 (cap $90.00)
100	100	100	300	1.00	union	anytime	0.60	0.35	0.35	0.25	small real effect	20	8	0.00000	0.00000	1.00000	0.00000	8.000	24.000	$1.99-$2.09	$24.90-$26.10 (cap $90.00)
100	100	100	300	1.00	union	anytime	0.60	0.35	0.35	0.25	small real effect	20	9	0.00000	0.00000	1.00000	0.00000	9.000	27.000	$2.24-$2.35	$24.90-$26.10 (cap $90.00)
100	100	100	300	1.00	union	anytime	0.60	0.35	0.35	0.25	small real effect	20	10	0.00000	0.00000	1.00000	0.00000	10.000	30.000	$2.49-$2.61	$24.90-$26.10 (cap $90.00)
100	100	100	300	1.00	union	anytime	0.60	0.35	0.35	0.25	small real effect	20	11	0.00000	0.00000	1.00000	0.00000	11.000	33.000	$2.74-$2.87	$24.90-$26.10 (cap $90.00)
100	100	100	300	1.00	union	anytime	0.60	0.35	0.35	0.25	small real effect	20	12	0.00000	0.00000	1.00000	0.00000	12.000	36.000	$2.99-$3.13	$24.90-$26.10 (cap $90.00)
100	100	100	300	1.00	union	anytime	0.60	0.35	0.35	0.25	small real effect	20	13	0.00000	0.00000	1.00000	0.00000	13.000	39.000	$3.24-$3.39	$24.90-$26.10 (cap $90.00)
100	100	100	300	1.00	union	anytime	0.60	0.35	0.35	0.25	small real effect	20	14	0.00000	0.00000	1.00000	0.00000	14.000	42.000	$3.49-$3.65	$24.90-$26.10 (cap $90.00)
100	100	100	300	1.00	union	anytime	0.60	0.35	0.35	0.25	small real effect	20	15	0.00000	0.00000	1.00000	0.00000	15.000	45.000	$3.74-$3.91	$24.90-$26.10 (cap $90.00)
100	100	100	300	1.00	union	anytime	0.60	0.35	0.35	0.25	small real effect	20	16	0.00000	0.00000	1.00000	0.00000	16.000	48.000	$3.98-$4.18	$24.90-$26.10 (cap $90.00)
100	100	100	300	1.00	union	anytime	0.60	0.35	0.35	0.25	small real effect	20	17	0.00000	0.00000	1.00000	0.00000	17.000	51.000	$4.23-$4.44	$24.90-$26.10 (cap $90.00)
100	100	100	300	1.00	union	anytime	0.60	0.35	0.35	0.25	small real effect	20	18	0.00000	0.00000	1.00000	0.00000	18.000	54.000	$4.48-$4.70	$24.90-$26.10 (cap $90.00)
100	100	100	300	1.00	union	anytime	0.60	0.35	0.35	0.25	small real effect	20	19	0.00000	0.00000	1.00000	0.00000	19.000	57.000	$4.73-$4.96	$24.90-$26.10 (cap $90.00)
100	100	100	300	1.00	union	anytime	0.60	0.35	0.35	0.25	small real effect	20	20	0.00000	0.00000	1.00000	0.00000	20.000	60.000	$4.98-$5.22	$24.90-$26.10 (cap $90.00)
100	100	100	300	1.00	union	anytime	0.60	0.35	0.35	0.25	small real effect	20	21	0.00000	0.00000	1.00000	0.00000	21.000	63.000	$5.23-$5.48	$24.90-$26.10 (cap $90.00)
100	100	100	300	1.00	union	anytime	0.60	0.35	0.35	0.25	small real effect	20	22	0.00000	0.00000	1.00000	0.00000	22.000	66.000	$5.48-$5.74	$24.90-$26.10 (cap $90.00)
100	100	100	300	1.00	union	anytime	0.60	0.35	0.35	0.25	small real effect	20	23	0.00000	0.00000	1.00000	0.00000	23.000	69.000	$5.73-$6.00	$24.90-$26.10 (cap $90.00)
100	100	100	300	1.00	union	anytime	0.60	0.35	0.35	0.25	small real effect	20	24	0.00000	0.00000	1.00000	0.00000	24.000	72.000	$5.98-$6.26	$24.90-$26.10 (cap $90.00)
100	100	100	300	1.00	union	anytime	0.60	0.35	0.35	0.25	small real effect	20	25	0.00000	0.00000	1.00000	0.00000	25.000	75.000	$6.23-$6.52	$24.90-$26.10 (cap $90.00)
100	100	100	300	1.00	union	anytime	0.60	0.35	0.35	0.25	small real effect	20	26	0.00000	0.00000	1.00000	0.00000	26.000	78.000	$6.47-$6.79	$24.90-$26.10 (cap $90.00)
100	100	100	300	1.00	union	anytime	0.60	0.35	0.35	0.25	small real effect	20	27	0.00000	0.00000	1.00000	0.00000	27.000	81.000	$6.72-$7.05	$24.90-$26.10 (cap $90.00)
100	100	100	300	1.00	union	anytime	0.60	0.35	0.35	0.25	small real effect	20	28	0.00000	0.00000	1.00000	0.00000	28.000	84.000	$6.97-$7.31	$24.90-$26.10 (cap $90.00)
100	100	100	300	1.00	union	anytime	0.60	0.35	0.35	0.25	small real effect	20	29	0.00000	0.00000	1.00000	0.00000	29.000	87.000	$7.22-$7.57	$24.90-$26.10 (cap $90.00)
100	100	100	300	1.00	union	anytime	0.60	0.35	0.35	0.25	small real effect	20	30	0.00000	0.00000	1.00000	0.00000	30.000	90.000	$7.47-$7.83	$24.90-$26.10 (cap $90.00)
100	100	100	300	1.00	union	anytime	0.60	0.35	0.35	0.25	small real effect	20	31	0.00000	0.00000	1.00000	0.00000	31.000	93.000	$7.72-$8.09	$24.90-$26.10 (cap $90.00)
100	100	100	300	1.00	union	anytime	0.60	0.35	0.35	0.25	small real effect	20	32	0.00000	0.00000	1.00000	0.00000	32.000	96.000	$7.97-$8.35	$24.90-$26.10 (cap $90.00)
100	100	100	300	1.00	union	anytime	0.60	0.35	0.35	0.25	small real effect	20	33	0.00000	0.00000	1.00000	0.00000	33.000	99.000	$8.22-$8.61	$24.90-$26.10 (cap $90.00)
100	100	100	300	1.00	union	anytime	0.60	0.35	0.35	0.25	small real effect	20	34	0.00000	0.00000	1.00000	0.00000	34.000	102.000	$8.47-$8.87	$24.90-$26.10 (cap $90.00)
100	100	100	300	1.00	union	anytime	0.60	0.35	0.35	0.25	small real effect	20	35	0.00000	0.00000	1.00000	0.00000	35.000	105.000	$8.71-$9.13	$24.90-$26.10 (cap $90.00)
100	100	100	300	1.00	union	anytime	0.60	0.35	0.35	0.25	small real effect	20	36	0.00000	0.00000	1.00000	0.00000	36.000	108.000	$8.96-$9.40	$24.90-$26.10 (cap $90.00)
100	100	100	300	1.00	union	anytime	0.60	0.35	0.35	0.25	small real effect	20	37	0.00000	0.00000	1.00000	0.00000	37.000	111.000	$9.21-$9.66	$24.90-$26.10 (cap $90.00)
100	100	100	300	1.00	union	anytime	0.60	0.35	0.35	0.25	small real effect	20	38	0.00000	0.00000	1.00000	0.00000	38.000	114.000	$9.46-$9.92	$24.90-$26.10 (cap $90.00)
100	100	100	300	1.00	union	anytime	0.60	0.35	0.35	0.25	small real effect	20	39	0.00000	0.00000	1.00000	0.00000	39.000	117.000	$9.71-$10.18	$24.90-$26.10 (cap $90.00)
100	100	100	300	1.00	union	anytime	0.60	0.35	0.35	0.25	small real effect	20	40	0.00000	0.00000	1.00000	0.00000	40.000	120.000	$9.96-$10.44	$24.90-$26.10 (cap $90.00)
100	100	100	300	1.00	union	anytime	0.60	0.35	0.35	0.25	small real effect	20	41	0.00000	0.00000	1.00000	0.00000	41.000	123.000	$10.21-$10.70	$24.90-$26.10 (cap $90.00)
100	100	100	300	1.00	union	anytime	0.60	0.35	0.35	0.25	small real effect	20	42	0.00000	0.00000	1.00000	0.00000	42.000	126.000	$10.46-$10.96	$24.90-$26.10 (cap $90.00)
100	100	100	300	1.00	union	anytime	0.60	0.35	0.35	0.25	small real effect	20	43	0.00000	0.00000	1.00000	0.00000	43.000	129.000	$10.71-$11.22	$24.90-$26.10 (cap $90.00)
100	100	100	300	1.00	union	anytime	0.60	0.35	0.35	0.25	small real effect	20	44	0.00000	0.00000	1.00000	0.00000	44.000	132.000	$10.96-$11.48	$24.90-$26.10 (cap $90.00)
100	100	100	300	1.00	union	anytime	0.60	0.35	0.35	0.25	small real effect	20	45	0.00000	0.00000	1.00000	0.00000	45.000	135.000	$11.21-$11.74	$24.90-$26.10 (cap $90.00)
100	100	100	300	1.00	union	anytime	0.60	0.35	0.35	0.25	small real effect	20	46	0.00000	0.00000	1.00000	0.00000	46.000	138.000	$11.45-$12.01	$24.90-$26.10 (cap $90.00)
100	100	100	300	1.00	union	anytime	0.60	0.35	0.35	0.25	small real effect	20	47	0.00000	0.00000	1.00000	0.00000	47.000	141.000	$11.70-$12.27	$24.90-$26.10 (cap $90.00)
100	100	100	300	1.00	union	anytime	0.60	0.35	0.35	0.25	small real effect	20	48	0.00000	0.00000	1.00000	0.00000	48.000	144.000	$11.95-$12.53	$24.90-$26.10 (cap $90.00)
100	100	100	300	1.00	union	anytime	0.60	0.35	0.35	0.25	small real effect	20	49	0.00000	0.00000	1.00000	0.00000	49.000	147.000	$12.20-$12.79	$24.90-$26.10 (cap $90.00)
100	100	100	300	1.00	union	anytime	0.60	0.35	0.35	0.25	small real effect	20	50	0.00000	0.00000	1.00000	0.00000	50.000	150.000	$12.45-$13.05	$24.90-$26.10 (cap $90.00)
100	100	100	300	1.00	union	anytime	0.60	0.35	0.35	0.25	small real effect	20	51	0.00000	0.00000	1.00000	0.00000	51.000	153.000	$12.70-$13.31	$24.90-$26.10 (cap $90.00)
100	100	100	300	1.00	union	anytime	0.60	0.35	0.35	0.25	small real effect	20	52	0.00000	0.00000	1.00000	0.00000	52.000	156.000	$12.95-$13.57	$24.90-$26.10 (cap $90.00)
100	100	100	300	1.00	union	anytime	0.60	0.35	0.35	0.25	small real effect	20	53	0.00000	0.00000	1.00000	0.00000	53.000	159.000	$13.20-$13.83	$24.90-$26.10 (cap $90.00)
100	100	100	300	1.00	union	anytime	0.60	0.35	0.35	0.25	small real effect	20	54	0.00000	0.00000	1.00000	0.00000	54.000	162.000	$13.45-$14.09	$24.90-$26.10 (cap $90.00)
100	100	100	300	1.00	union	anytime	0.60	0.35	0.35	0.25	small real effect	20	55	0.00000	0.00000	1.00000	0.00000	55.000	165.000	$13.70-$14.35	$24.90-$26.10 (cap $90.00)
100	100	100	300	1.00	union	anytime	0.60	0.35	0.35	0.25	small real effect	20	56	0.00000	0.00000	1.00000	0.00000	56.000	168.000	$13.94-$14.62	$24.90-$26.10 (cap $90.00)
100	100	100	300	1.00	union	anytime	0.60	0.35	0.35	0.25	small real effect	20	57	0.00000	0.00000	1.00000	0.00000	57.000	171.000	$14.19-$14.88	$24.90-$26.10 (cap $90.00)
100	100	100	300	1.00	union	anytime	0.60	0.35	0.35	0.25	small real effect	20	58	0.00000	0.00000	1.00000	0.00000	58.000	174.000	$14.44-$15.14	$24.90-$26.10 (cap $90.00)
100	100	100	300	1.00	union	anytime	0.60	0.35	0.35	0.25	small real effect	20	59	0.00000	0.00000	1.00000	0.00000	59.000	177.000	$14.69-$15.40	$24.90-$26.10 (cap $90.00)
100	100	100	300	1.00	union	anytime	0.60	0.35	0.35	0.25	small real effect	20	60	0.00000	0.00000	1.00000	0.00000	60.000	180.000	$14.94-$15.66	$24.90-$26.10 (cap $90.00)
100	100	100	300	1.00	union	anytime	0.60	0.35	0.35	0.25	small real effect	20	61	0.00000	0.00000	1.00000	0.00000	61.000	183.000	$15.19-$15.92	$24.90-$26.10 (cap $90.00)
100	100	100	300	1.00	union	anytime	0.60	0.35	0.35	0.25	small real effect	20	62	0.00000	0.00000	1.00000	0.00000	62.000	186.000	$15.44-$16.18	$24.90-$26.10 (cap $90.00)
100	100	100	300	1.00	union	anytime	0.60	0.35	0.35	0.25	small real effect	20	63	0.00000	0.00000	1.00000	0.00000	63.000	189.000	$15.69-$16.44	$24.90-$26.10 (cap $90.00)
100	100	100	300	1.00	union	anytime	0.60	0.35	0.35	0.25	small real effect	20	64	0.00000	0.00000	1.00000	0.00000	64.000	192.000	$15.94-$16.70	$24.90-$26.10 (cap $90.00)
100	100	100	300	1.00	union	anytime	0.60	0.35	0.35	0.25	small real effect	20	65	0.00000	0.00000	1.00000	0.00000	65.000	195.000	$16.19-$16.96	$24.90-$26.10 (cap $90.00)
100	100	100	300	1.00	union	anytime	0.60	0.35	0.35	0.25	small real effect	20	66	0.00000	0.00000	1.00000	0.00000	66.000	198.000	$16.43-$17.23	$24.90-$26.10 (cap $90.00)
100	100	100	300	1.00	union	anytime	0.60	0.35	0.35	0.25	small real effect	20	67	0.00000	0.00000	1.00000	0.00000	67.000	201.000	$16.68-$17.49	$24.90-$26.10 (cap $90.00)
100	100	100	300	1.00	union	anytime	0.60	0.35	0.35	0.25	small real effect	20	68	0.00000	0.00000	1.00000	0.00000	68.000	204.000	$16.93-$17.75	$24.90-$26.10 (cap $90.00)
100	100	100	300	1.00	union	anytime	0.60	0.35	0.35	0.25	small real effect	20	69	0.00000	0.00000	1.00000	0.00000	69.000	207.000	$17.18-$18.01	$24.90-$26.10 (cap $90.00)
100	100	100	300	1.00	union	anytime	0.60	0.35	0.35	0.25	small real effect	20	70	0.00000	0.00000	1.00000	0.00000	70.000	210.000	$17.43-$18.27	$24.90-$26.10 (cap $90.00)
100	100	100	300	1.00	union	anytime	0.60	0.35	0.35	0.25	small real effect	20	71	0.00000	0.00000	1.00000	0.00000	71.000	213.000	$17.68-$18.53	$24.90-$26.10 (cap $90.00)
100	100	100	300	1.00	union	anytime	0.60	0.35	0.35	0.25	small real effect	20	72	0.00000	0.00000	1.00000	0.00000	72.000	216.000	$17.93-$18.79	$24.90-$26.10 (cap $90.00)
100	100	100	300	1.00	union	anytime	0.60	0.35	0.35	0.25	small real effect	20	73	0.00000	0.00000	1.00000	0.00000	73.000	219.000	$18.18-$19.05	$24.90-$26.10 (cap $90.00)
100	100	100	300	1.00	union	anytime	0.60	0.35	0.35	0.25	small real effect	20	74	0.00000	0.00000	1.00000	0.00000	74.000	222.000	$18.43-$19.31	$24.90-$26.10 (cap $90.00)
100	100	100	300	1.00	union	anytime	0.60	0.35	0.35	0.25	small real effect	20	75	0.00000	0.00000	1.00000	0.00000	75.000	225.000	$18.68-$19.57	$24.90-$26.10 (cap $90.00)
100	100	100	300	1.00	union	anytime	0.60	0.35	0.35	0.25	small real effect	20	76	0.00000	0.00000	1.00000	0.00000	76.000	228.000	$18.92-$19.84	$24.90-$26.10 (cap $90.00)
100	100	100	300	1.00	union	anytime	0.60	0.35	0.35	0.25	small real effect	20	77	0.00000	0.00000	1.00000	0.00000	77.000	231.000	$19.17-$20.10	$24.90-$26.10 (cap $90.00)
100	100	100	300	1.00	union	anytime	0.60	0.35	0.35	0.25	small real effect	20	78	0.00000	0.00000	1.00000	0.00000	78.000	234.000	$19.42-$20.36	$24.90-$26.10 (cap $90.00)
100	100	100	300	1.00	union	anytime	0.60	0.35	0.35	0.25	small real effect	20	79	0.00000	0.00000	1.00000	0.00000	79.000	237.000	$19.67-$20.62	$24.90-$26.10 (cap $90.00)
100	100	100	300	1.00	union	anytime	0.60	0.35	0.35	0.25	small real effect	20	80	0.00000	0.00000	1.00000	0.00000	80.000	240.000	$19.92-$20.88	$24.90-$26.10 (cap $90.00)
100	100	100	300	1.00	union	anytime	0.60	0.35	0.35	0.25	small real effect	20	81	0.00000	0.00000	1.00000	0.00000	81.000	243.000	$20.17-$21.14	$24.90-$26.10 (cap $90.00)
100	100	100	300	1.00	union	anytime	0.60	0.35	0.35	0.25	small real effect	20	82	0.00000	0.00000	1.00000	0.00000	82.000	246.000	$20.42-$21.40	$24.90-$26.10 (cap $90.00)
100	100	100	300	1.00	union	anytime	0.60	0.35	0.35	0.25	small real effect	20	83	0.00000	0.00000	1.00000	0.00000	83.000	249.000	$20.67-$21.66	$24.90-$26.10 (cap $90.00)
100	100	100	300	1.00	union	anytime	0.60	0.35	0.35	0.25	small real effect	20	84	0.00000	0.00000	1.00000	0.00000	84.000	252.000	$20.92-$21.92	$24.90-$26.10 (cap $90.00)
100	100	100	300	1.00	union	anytime	0.60	0.35	0.35	0.25	small real effect	20	85	0.00000	0.00000	1.00000	0.00000	85.000	255.000	$21.17-$22.18	$24.90-$26.10 (cap $90.00)
100	100	100	300	1.00	union	anytime	0.60	0.35	0.35	0.25	small real effect	20	86	0.00000	0.00000	1.00000	0.00000	86.000	258.000	$21.41-$22.45	$24.90-$26.10 (cap $90.00)
100	100	100	300	1.00	union	anytime	0.60	0.35	0.35	0.25	small real effect	20	87	0.00000	0.00000	1.00000	0.00000	87.000	261.000	$21.66-$22.71	$24.90-$26.10 (cap $90.00)
100	100	100	300	1.00	union	anytime	0.60	0.35	0.35	0.25	small real effect	20	88	0.00000	0.00000	1.00000	0.00000	88.000	264.000	$21.91-$22.97	$24.90-$26.10 (cap $90.00)
100	100	100	300	1.00	union	anytime	0.60	0.35	0.35	0.25	small real effect	20	89	0.00000	0.00000	1.00000	0.00000	89.000	267.000	$22.16-$23.23	$24.90-$26.10 (cap $90.00)
100	100	100	300	1.00	union	anytime	0.60	0.35	0.35	0.25	small real effect	20	90	0.00000	0.00000	1.00000	0.00000	90.000	270.000	$22.41-$23.49	$24.90-$26.10 (cap $90.00)
100	100	100	300	1.00	union	anytime	0.60	0.35	0.35	0.25	small real effect	20	91	0.00000	0.00000	1.00000	0.00000	91.000	273.000	$22.66-$23.75	$24.90-$26.10 (cap $90.00)
100	100	100	300	1.00	union	anytime	0.60	0.35	0.35	0.25	small real effect	20	92	0.00000	0.00000	1.00000	0.00000	92.000	276.000	$22.91-$24.01	$24.90-$26.10 (cap $90.00)
100	100	100	300	1.00	union	anytime	0.60	0.35	0.35	0.25	small real effect	20	93	0.00000	0.00000	1.00000	0.00000	93.000	279.000	$23.16-$24.27	$24.90-$26.10 (cap $90.00)
100	100	100	300	1.00	union	anytime	0.60	0.35	0.35	0.25	small real effect	20	94	0.00000	0.00000	1.00000	0.00000	94.000	282.000	$23.41-$24.53	$24.90-$26.10 (cap $90.00)
100	100	100	300	1.00	union	anytime	0.60	0.35	0.35	0.25	small real effect	20	95	0.00000	0.00000	1.00000	0.00000	95.000	285.000	$23.66-$24.79	$24.90-$26.10 (cap $90.00)
100	100	100	300	1.00	union	anytime	0.60	0.35	0.35	0.25	small real effect	20	96	0.00000	0.00000	1.00000	0.00000	96.000	288.000	$23.90-$25.06	$24.90-$26.10 (cap $90.00)
100	100	100	300	1.00	union	anytime	0.60	0.35	0.35	0.25	small real effect	20	97	0.00000	0.00000	1.00000	0.00000	97.000	291.000	$24.15-$25.32	$24.90-$26.10 (cap $90.00)
100	100	100	300	1.00	union	anytime	0.60	0.35	0.35	0.25	small real effect	20	98	0.00000	0.00000	1.00000	0.00000	98.000	294.000	$24.40-$25.58	$24.90-$26.10 (cap $90.00)
100	100	100	300	1.00	union	anytime	0.60	0.35	0.35	0.25	small real effect	20	99	0.00000	0.00000	1.00000	0.00000	99.000	297.000	$24.65-$25.84	$24.90-$26.10 (cap $90.00)
100	100	100	300	1.00	union	anytime	0.60	0.35	0.35	0.25	small real effect	20	100	0.00000	0.00000	1.00000	0.00000	100.000	300.000	$24.90-$26.10	$24.90-$26.10 (cap $90.00)
100	100	100	300	1.00	direct	anytime	0.60	0.35	0.35	0.25	small real effect	20	1	0.00000	0.00000	1.00000	0.00000	1.000	3.000	$0.25-$0.26	$24.90-$26.10 (cap $90.00)
100	100	100	300	1.00	direct	anytime	0.60	0.35	0.35	0.25	small real effect	20	100	0.00000	0.00000	1.00000	0.00000	100.000	300.000	$24.90-$26.10	$24.90-$26.10 (cap $90.00)
75	75	150	300	2.00	union	anytime	0.60	0.35	0.35	0.25	small real effect	20	1	0.00000	0.00000	1.00000	0.00000	1.000	4.000	$0.33-$0.35	$24.90-$26.10 (cap $90.00)
75	75	150	300	2.00	union	anytime	0.60	0.35	0.35	0.25	small real effect	20	75	0.00000	0.00000	1.00000	0.00000	75.000	300.000	$24.90-$26.10	$24.90-$26.10 (cap $90.00)
75	75	150	300	2.00	direct	anytime	0.60	0.35	0.35	0.25	small real effect	20	1	0.00000	0.00000	1.00000	0.00000	1.000	4.000	$0.33-$0.35	$24.90-$26.10 (cap $90.00)
75	75	150	300	2.00	direct	anytime	0.60	0.35	0.35	0.25	small real effect	20	75	0.05000	0.00000	0.95000	0.04873	72.400	289.600	$24.04-$25.20	$24.90-$26.10 (cap $90.00)
480	480	240	1200	0.50	union	anytime	0.60	0.35	0.35	0.25	small real effect	20	1	0.00000	0.00000	1.00000	0.00000	1.000	2.000	$0.17-$0.17	$99.60-$104.40 (cap $360.00)
480	480	240	1200	0.50	union	anytime	0.60	0.35	0.35	0.25	small real effect	20	480	0.00000	0.00000	1.00000	0.00000	480.000	1200.000	$99.60-$104.40	$99.60-$104.40 (cap $360.00)
480	480	240	1200	0.50	direct	anytime	0.60	0.35	0.35	0.25	small real effect	20	1	0.00000	0.00000	1.00000	0.00000	1.000	2.000	$0.17-$0.17	$99.60-$104.40 (cap $360.00)
480	480	240	1200	0.50	direct	anytime	0.60	0.35	0.35	0.25	small real effect	20	480	0.05000	0.00000	0.95000	0.04873	464.100	1160.250	$96.30-$100.94	$99.60-$104.40 (cap $360.00)
400	400	400	1200	1.00	union	anytime	0.60	0.35	0.35	0.25	small real effect	20	1	0.00000	0.00000	1.00000	0.00000	1.000	3.000	$0.25-$0.26	$99.60-$104.40 (cap $360.00)
400	400	400	1200	1.00	union	anytime	0.60	0.35	0.35	0.25	small real effect	20	400	0.00000	0.00000	1.00000	0.00000	400.000	1200.000	$99.60-$104.40	$99.60-$104.40 (cap $360.00)
400	400	400	1200	1.00	direct	anytime	0.60	0.35	0.35	0.25	small real effect	20	1	0.00000	0.00000	1.00000	0.00000	1.000	3.000	$0.25-$0.26	$99.60-$104.40 (cap $360.00)
400	400	400	1200	1.00	direct	anytime	0.60	0.35	0.35	0.25	small real effect	20	400	0.00000	0.00000	1.00000	0.00000	400.000	1200.000	$99.60-$104.40	$99.60-$104.40 (cap $360.00)
300	300	600	1200	2.00	union	anytime	0.60	0.35	0.35	0.25	small real effect	20	1	0.00000	0.00000	1.00000	0.00000	1.000	4.000	$0.33-$0.35	$99.60-$104.40 (cap $360.00)
300	300	600	1200	2.00	union	anytime	0.60	0.35	0.35	0.25	small real effect	20	300	0.00000	0.00000	1.00000	0.00000	300.000	1200.000	$99.60-$104.40	$99.60-$104.40 (cap $360.00)
300	300	600	1200	2.00	direct	anytime	0.60	0.35	0.35	0.25	small real effect	20	1	0.00000	0.00000	1.00000	0.00000	1.000	4.000	$0.33-$0.35	$99.60-$104.40 (cap $360.00)
300	300	600	1200	2.00	direct	anytime	0.60	0.35	0.35	0.25	small real effect	20	300	0.00000	0.00000	1.00000	0.00000	300.000	1200.000	$99.60-$104.40	$99.60-$104.40 (cap $360.00)
120	120	60	300	0.50	union	anytime	0.65	0.35	0.35	0.30	real effect	20	1	0.00000	0.00000	1.00000	0.00000	1.000	2.000	$0.17-$0.17	$24.90-$26.10 (cap $90.00)
120	120	60	300	0.50	union	anytime	0.65	0.35	0.35	0.30	real effect	20	120	0.05000	0.00000	0.95000	0.04873	118.250	295.600	$24.53-$25.72	$24.90-$26.10 (cap $90.00)
120	120	60	300	0.50	direct	anytime	0.65	0.35	0.35	0.30	real effect	20	1	0.00000	0.00000	1.00000	0.00000	1.000	2.000	$0.17-$0.17	$24.90-$26.10 (cap $90.00)
120	120	60	300	0.50	direct	anytime	0.65	0.35	0.35	0.30	real effect	20	120	0.10000	0.00000	0.90000	0.06708	116.250	290.600	$24.12-$25.28	$24.90-$26.10 (cap $90.00)
100	100	100	300	1.00	union	anytime	0.65	0.35	0.35	0.30	real effect	20	1	0.00000	0.00000	1.00000	0.00000	1.000	3.000	$0.25-$0.26	$24.90-$26.10 (cap $90.00)
100	100	100	300	1.00	union	anytime	0.65	0.35	0.35	0.30	real effect	20	2	0.00000	0.00000	1.00000	0.00000	2.000	6.000	$0.50-$0.52	$24.90-$26.10 (cap $90.00)
100	100	100	300	1.00	union	anytime	0.65	0.35	0.35	0.30	real effect	20	3	0.00000	0.00000	1.00000	0.00000	3.000	9.000	$0.75-$0.78	$24.90-$26.10 (cap $90.00)
100	100	100	300	1.00	union	anytime	0.65	0.35	0.35	0.30	real effect	20	4	0.00000	0.00000	1.00000	0.00000	4.000	12.000	$1.00-$1.04	$24.90-$26.10 (cap $90.00)
100	100	100	300	1.00	union	anytime	0.65	0.35	0.35	0.30	real effect	20	5	0.00000	0.00000	1.00000	0.00000	5.000	15.000	$1.25-$1.30	$24.90-$26.10 (cap $90.00)
100	100	100	300	1.00	union	anytime	0.65	0.35	0.35	0.30	real effect	20	6	0.00000	0.00000	1.00000	0.00000	6.000	18.000	$1.49-$1.57	$24.90-$26.10 (cap $90.00)
100	100	100	300	1.00	union	anytime	0.65	0.35	0.35	0.30	real effect	20	7	0.00000	0.00000	1.00000	0.00000	7.000	21.000	$1.74-$1.83	$24.90-$26.10 (cap $90.00)
100	100	100	300	1.00	union	anytime	0.65	0.35	0.35	0.30	real effect	20	8	0.00000	0.00000	1.00000	0.00000	8.000	24.000	$1.99-$2.09	$24.90-$26.10 (cap $90.00)
100	100	100	300	1.00	union	anytime	0.65	0.35	0.35	0.30	real effect	20	9	0.00000	0.00000	1.00000	0.00000	9.000	27.000	$2.24-$2.35	$24.90-$26.10 (cap $90.00)
100	100	100	300	1.00	union	anytime	0.65	0.35	0.35	0.30	real effect	20	10	0.00000	0.00000	1.00000	0.00000	10.000	30.000	$2.49-$2.61	$24.90-$26.10 (cap $90.00)
100	100	100	300	1.00	union	anytime	0.65	0.35	0.35	0.30	real effect	20	11	0.00000	0.00000	1.00000	0.00000	11.000	33.000	$2.74-$2.87	$24.90-$26.10 (cap $90.00)
100	100	100	300	1.00	union	anytime	0.65	0.35	0.35	0.30	real effect	20	12	0.00000	0.00000	1.00000	0.00000	12.000	36.000	$2.99-$3.13	$24.90-$26.10 (cap $90.00)
100	100	100	300	1.00	union	anytime	0.65	0.35	0.35	0.30	real effect	20	13	0.00000	0.00000	1.00000	0.00000	13.000	39.000	$3.24-$3.39	$24.90-$26.10 (cap $90.00)
100	100	100	300	1.00	union	anytime	0.65	0.35	0.35	0.30	real effect	20	14	0.00000	0.00000	1.00000	0.00000	14.000	42.000	$3.49-$3.65	$24.90-$26.10 (cap $90.00)
100	100	100	300	1.00	union	anytime	0.65	0.35	0.35	0.30	real effect	20	15	0.00000	0.00000	1.00000	0.00000	15.000	45.000	$3.74-$3.91	$24.90-$26.10 (cap $90.00)
100	100	100	300	1.00	union	anytime	0.65	0.35	0.35	0.30	real effect	20	16	0.00000	0.00000	1.00000	0.00000	16.000	48.000	$3.98-$4.18	$24.90-$26.10 (cap $90.00)
100	100	100	300	1.00	union	anytime	0.65	0.35	0.35	0.30	real effect	20	17	0.00000	0.00000	1.00000	0.00000	17.000	51.000	$4.23-$4.44	$24.90-$26.10 (cap $90.00)
100	100	100	300	1.00	union	anytime	0.65	0.35	0.35	0.30	real effect	20	18	0.00000	0.00000	1.00000	0.00000	18.000	54.000	$4.48-$4.70	$24.90-$26.10 (cap $90.00)
100	100	100	300	1.00	union	anytime	0.65	0.35	0.35	0.30	real effect	20	19	0.00000	0.00000	1.00000	0.00000	19.000	57.000	$4.73-$4.96	$24.90-$26.10 (cap $90.00)
100	100	100	300	1.00	union	anytime	0.65	0.35	0.35	0.30	real effect	20	20	0.00000	0.00000	1.00000	0.00000	20.000	60.000	$4.98-$5.22	$24.90-$26.10 (cap $90.00)
100	100	100	300	1.00	union	anytime	0.65	0.35	0.35	0.30	real effect	20	21	0.00000	0.00000	1.00000	0.00000	21.000	63.000	$5.23-$5.48	$24.90-$26.10 (cap $90.00)
100	100	100	300	1.00	union	anytime	0.65	0.35	0.35	0.30	real effect	20	22	0.00000	0.00000	1.00000	0.00000	22.000	66.000	$5.48-$5.74	$24.90-$26.10 (cap $90.00)
100	100	100	300	1.00	union	anytime	0.65	0.35	0.35	0.30	real effect	20	23	0.00000	0.00000	1.00000	0.00000	23.000	69.000	$5.73-$6.00	$24.90-$26.10 (cap $90.00)
100	100	100	300	1.00	union	anytime	0.65	0.35	0.35	0.30	real effect	20	24	0.00000	0.00000	1.00000	0.00000	24.000	72.000	$5.98-$6.26	$24.90-$26.10 (cap $90.00)
100	100	100	300	1.00	union	anytime	0.65	0.35	0.35	0.30	real effect	20	25	0.00000	0.00000	1.00000	0.00000	25.000	75.000	$6.23-$6.52	$24.90-$26.10 (cap $90.00)
100	100	100	300	1.00	union	anytime	0.65	0.35	0.35	0.30	real effect	20	26	0.00000	0.00000	1.00000	0.00000	26.000	78.000	$6.47-$6.79	$24.90-$26.10 (cap $90.00)
100	100	100	300	1.00	union	anytime	0.65	0.35	0.35	0.30	real effect	20	27	0.00000	0.00000	1.00000	0.00000	27.000	81.000	$6.72-$7.05	$24.90-$26.10 (cap $90.00)
100	100	100	300	1.00	union	anytime	0.65	0.35	0.35	0.30	real effect	20	28	0.00000	0.00000	1.00000	0.00000	28.000	84.000	$6.97-$7.31	$24.90-$26.10 (cap $90.00)
100	100	100	300	1.00	union	anytime	0.65	0.35	0.35	0.30	real effect	20	29	0.00000	0.00000	1.00000	0.00000	29.000	87.000	$7.22-$7.57	$24.90-$26.10 (cap $90.00)
100	100	100	300	1.00	union	anytime	0.65	0.35	0.35	0.30	real effect	20	30	0.00000	0.00000	1.00000	0.00000	30.000	90.000	$7.47-$7.83	$24.90-$26.10 (cap $90.00)
100	100	100	300	1.00	union	anytime	0.65	0.35	0.35	0.30	real effect	20	31	0.00000	0.00000	1.00000	0.00000	31.000	93.000	$7.72-$8.09	$24.90-$26.10 (cap $90.00)
100	100	100	300	1.00	union	anytime	0.65	0.35	0.35	0.30	real effect	20	32	0.00000	0.00000	1.00000	0.00000	32.000	96.000	$7.97-$8.35	$24.90-$26.10 (cap $90.00)
100	100	100	300	1.00	union	anytime	0.65	0.35	0.35	0.30	real effect	20	33	0.00000	0.00000	1.00000	0.00000	33.000	99.000	$8.22-$8.61	$24.90-$26.10 (cap $90.00)
100	100	100	300	1.00	union	anytime	0.65	0.35	0.35	0.30	real effect	20	34	0.00000	0.00000	1.00000	0.00000	34.000	102.000	$8.47-$8.87	$24.90-$26.10 (cap $90.00)
100	100	100	300	1.00	union	anytime	0.65	0.35	0.35	0.30	real effect	20	35	0.00000	0.00000	1.00000	0.00000	35.000	105.000	$8.71-$9.13	$24.90-$26.10 (cap $90.00)
100	100	100	300	1.00	union	anytime	0.65	0.35	0.35	0.30	real effect	20	36	0.00000	0.00000	1.00000	0.00000	36.000	108.000	$8.96-$9.40	$24.90-$26.10 (cap $90.00)
100	100	100	300	1.00	union	anytime	0.65	0.35	0.35	0.30	real effect	20	37	0.00000	0.00000	1.00000	0.00000	37.000	111.000	$9.21-$9.66	$24.90-$26.10 (cap $90.00)
100	100	100	300	1.00	union	anytime	0.65	0.35	0.35	0.30	real effect	20	38	0.00000	0.00000	1.00000	0.00000	38.000	114.000	$9.46-$9.92	$24.90-$26.10 (cap $90.00)
100	100	100	300	1.00	union	anytime	0.65	0.35	0.35	0.30	real effect	20	39	0.00000	0.00000	1.00000	0.00000	39.000	117.000	$9.71-$10.18	$24.90-$26.10 (cap $90.00)
100	100	100	300	1.00	union	anytime	0.65	0.35	0.35	0.30	real effect	20	40	0.00000	0.00000	1.00000	0.00000	40.000	120.000	$9.96-$10.44	$24.90-$26.10 (cap $90.00)
100	100	100	300	1.00	union	anytime	0.65	0.35	0.35	0.30	real effect	20	41	0.00000	0.00000	1.00000	0.00000	41.000	123.000	$10.21-$10.70	$24.90-$26.10 (cap $90.00)
100	100	100	300	1.00	union	anytime	0.65	0.35	0.35	0.30	real effect	20	42	0.00000	0.00000	1.00000	0.00000	42.000	126.000	$10.46-$10.96	$24.90-$26.10 (cap $90.00)
100	100	100	300	1.00	union	anytime	0.65	0.35	0.35	0.30	real effect	20	43	0.00000	0.00000	1.00000	0.00000	43.000	129.000	$10.71-$11.22	$24.90-$26.10 (cap $90.00)
100	100	100	300	1.00	union	anytime	0.65	0.35	0.35	0.30	real effect	20	44	0.00000	0.00000	1.00000	0.00000	44.000	132.000	$10.96-$11.48	$24.90-$26.10 (cap $90.00)
100	100	100	300	1.00	union	anytime	0.65	0.35	0.35	0.30	real effect	20	45	0.00000	0.00000	1.00000	0.00000	45.000	135.000	$11.21-$11.74	$24.90-$26.10 (cap $90.00)
100	100	100	300	1.00	union	anytime	0.65	0.35	0.35	0.30	real effect	20	46	0.00000	0.00000	1.00000	0.00000	46.000	138.000	$11.45-$12.01	$24.90-$26.10 (cap $90.00)
100	100	100	300	1.00	union	anytime	0.65	0.35	0.35	0.30	real effect	20	47	0.00000	0.00000	1.00000	0.00000	47.000	141.000	$11.70-$12.27	$24.90-$26.10 (cap $90.00)
100	100	100	300	1.00	union	anytime	0.65	0.35	0.35	0.30	real effect	20	48	0.00000	0.00000	1.00000	0.00000	48.000	144.000	$11.95-$12.53	$24.90-$26.10 (cap $90.00)
100	100	100	300	1.00	union	anytime	0.65	0.35	0.35	0.30	real effect	20	49	0.00000	0.00000	1.00000	0.00000	49.000	147.000	$12.20-$12.79	$24.90-$26.10 (cap $90.00)
100	100	100	300	1.00	union	anytime	0.65	0.35	0.35	0.30	real effect	20	50	0.00000	0.00000	1.00000	0.00000	50.000	150.000	$12.45-$13.05	$24.90-$26.10 (cap $90.00)
100	100	100	300	1.00	union	anytime	0.65	0.35	0.35	0.30	real effect	20	51	0.00000	0.00000	1.00000	0.00000	51.000	153.000	$12.70-$13.31	$24.90-$26.10 (cap $90.00)
100	100	100	300	1.00	union	anytime	0.65	0.35	0.35	0.30	real effect	20	52	0.00000	0.00000	1.00000	0.00000	52.000	156.000	$12.95-$13.57	$24.90-$26.10 (cap $90.00)
100	100	100	300	1.00	union	anytime	0.65	0.35	0.35	0.30	real effect	20	53	0.00000	0.00000	1.00000	0.00000	53.000	159.000	$13.20-$13.83	$24.90-$26.10 (cap $90.00)
100	100	100	300	1.00	union	anytime	0.65	0.35	0.35	0.30	real effect	20	54	0.00000	0.00000	1.00000	0.00000	54.000	162.000	$13.45-$14.09	$24.90-$26.10 (cap $90.00)
100	100	100	300	1.00	union	anytime	0.65	0.35	0.35	0.30	real effect	20	55	0.00000	0.00000	1.00000	0.00000	55.000	165.000	$13.70-$14.35	$24.90-$26.10 (cap $90.00)
100	100	100	300	1.00	union	anytime	0.65	0.35	0.35	0.30	real effect	20	56	0.00000	0.00000	1.00000	0.00000	56.000	168.000	$13.94-$14.62	$24.90-$26.10 (cap $90.00)
100	100	100	300	1.00	union	anytime	0.65	0.35	0.35	0.30	real effect	20	57	0.00000	0.00000	1.00000	0.00000	57.000	171.000	$14.19-$14.88	$24.90-$26.10 (cap $90.00)
100	100	100	300	1.00	union	anytime	0.65	0.35	0.35	0.30	real effect	20	58	0.00000	0.00000	1.00000	0.00000	58.000	174.000	$14.44-$15.14	$24.90-$26.10 (cap $90.00)
100	100	100	300	1.00	union	anytime	0.65	0.35	0.35	0.30	real effect	20	59	0.00000	0.00000	1.00000	0.00000	59.000	177.000	$14.69-$15.40	$24.90-$26.10 (cap $90.00)
100	100	100	300	1.00	union	anytime	0.65	0.35	0.35	0.30	real effect	20	60	0.00000	0.00000	1.00000	0.00000	60.000	180.000	$14.94-$15.66	$24.90-$26.10 (cap $90.00)
100	100	100	300	1.00	union	anytime	0.65	0.35	0.35	0.30	real effect	20	61	0.00000	0.00000	1.00000	0.00000	61.000	183.000	$15.19-$15.92	$24.90-$26.10 (cap $90.00)
100	100	100	300	1.00	union	anytime	0.65	0.35	0.35	0.30	real effect	20	62	0.00000	0.00000	1.00000	0.00000	62.000	186.000	$15.44-$16.18	$24.90-$26.10 (cap $90.00)
100	100	100	300	1.00	union	anytime	0.65	0.35	0.35	0.30	real effect	20	63	0.00000	0.00000	1.00000	0.00000	63.000	189.000	$15.69-$16.44	$24.90-$26.10 (cap $90.00)
100	100	100	300	1.00	union	anytime	0.65	0.35	0.35	0.30	real effect	20	64	0.00000	0.00000	1.00000	0.00000	64.000	192.000	$15.94-$16.70	$24.90-$26.10 (cap $90.00)
100	100	100	300	1.00	union	anytime	0.65	0.35	0.35	0.30	real effect	20	65	0.00000	0.00000	1.00000	0.00000	65.000	195.000	$16.19-$16.96	$24.90-$26.10 (cap $90.00)
100	100	100	300	1.00	union	anytime	0.65	0.35	0.35	0.30	real effect	20	66	0.00000	0.00000	1.00000	0.00000	66.000	198.000	$16.43-$17.23	$24.90-$26.10 (cap $90.00)
100	100	100	300	1.00	union	anytime	0.65	0.35	0.35	0.30	real effect	20	67	0.00000	0.00000	1.00000	0.00000	67.000	201.000	$16.68-$17.49	$24.90-$26.10 (cap $90.00)
100	100	100	300	1.00	union	anytime	0.65	0.35	0.35	0.30	real effect	20	68	0.00000	0.00000	1.00000	0.00000	68.000	204.000	$16.93-$17.75	$24.90-$26.10 (cap $90.00)
100	100	100	300	1.00	union	anytime	0.65	0.35	0.35	0.30	real effect	20	69	0.00000	0.00000	1.00000	0.00000	69.000	207.000	$17.18-$18.01	$24.90-$26.10 (cap $90.00)
100	100	100	300	1.00	union	anytime	0.65	0.35	0.35	0.30	real effect	20	70	0.00000	0.00000	1.00000	0.00000	70.000	210.000	$17.43-$18.27	$24.90-$26.10 (cap $90.00)
100	100	100	300	1.00	union	anytime	0.65	0.35	0.35	0.30	real effect	20	71	0.00000	0.00000	1.00000	0.00000	71.000	213.000	$17.68-$18.53	$24.90-$26.10 (cap $90.00)
100	100	100	300	1.00	union	anytime	0.65	0.35	0.35	0.30	real effect	20	72	0.00000	0.00000	1.00000	0.00000	72.000	216.000	$17.93-$18.79	$24.90-$26.10 (cap $90.00)
100	100	100	300	1.00	union	anytime	0.65	0.35	0.35	0.30	real effect	20	73	0.00000	0.00000	1.00000	0.00000	73.000	219.000	$18.18-$19.05	$24.90-$26.10 (cap $90.00)
100	100	100	300	1.00	union	anytime	0.65	0.35	0.35	0.30	real effect	20	74	0.00000	0.00000	1.00000	0.00000	74.000	222.000	$18.43-$19.31	$24.90-$26.10 (cap $90.00)
100	100	100	300	1.00	union	anytime	0.65	0.35	0.35	0.30	real effect	20	75	0.00000	0.00000	1.00000	0.00000	75.000	225.000	$18.68-$19.57	$24.90-$26.10 (cap $90.00)
100	100	100	300	1.00	union	anytime	0.65	0.35	0.35	0.30	real effect	20	76	0.00000	0.00000	1.00000	0.00000	76.000	228.000	$18.92-$19.84	$24.90-$26.10 (cap $90.00)
100	100	100	300	1.00	union	anytime	0.65	0.35	0.35	0.30	real effect	20	77	0.00000	0.00000	1.00000	0.00000	77.000	231.000	$19.17-$20.10	$24.90-$26.10 (cap $90.00)
100	100	100	300	1.00	union	anytime	0.65	0.35	0.35	0.30	real effect	20	78	0.00000	0.00000	1.00000	0.00000	78.000	234.000	$19.42-$20.36	$24.90-$26.10 (cap $90.00)
100	100	100	300	1.00	union	anytime	0.65	0.35	0.35	0.30	real effect	20	79	0.00000	0.00000	1.00000	0.00000	79.000	237.000	$19.67-$20.62	$24.90-$26.10 (cap $90.00)
100	100	100	300	1.00	union	anytime	0.65	0.35	0.35	0.30	real effect	20	80	0.00000	0.00000	1.00000	0.00000	80.000	240.000	$19.92-$20.88	$24.90-$26.10 (cap $90.00)
100	100	100	300	1.00	union	anytime	0.65	0.35	0.35	0.30	real effect	20	81	0.00000	0.00000	1.00000	0.00000	81.000	243.000	$20.17-$21.14	$24.90-$26.10 (cap $90.00)
100	100	100	300	1.00	union	anytime	0.65	0.35	0.35	0.30	real effect	20	82	0.00000	0.00000	1.00000	0.00000	82.000	246.000	$20.42-$21.40	$24.90-$26.10 (cap $90.00)
100	100	100	300	1.00	union	anytime	0.65	0.35	0.35	0.30	real effect	20	83	0.00000	0.00000	1.00000	0.00000	83.000	249.000	$20.67-$21.66	$24.90-$26.10 (cap $90.00)
100	100	100	300	1.00	union	anytime	0.65	0.35	0.35	0.30	real effect	20	84	0.00000	0.00000	1.00000	0.00000	84.000	252.000	$20.92-$21.92	$24.90-$26.10 (cap $90.00)
100	100	100	300	1.00	union	anytime	0.65	0.35	0.35	0.30	real effect	20	85	0.00000	0.00000	1.00000	0.00000	85.000	255.000	$21.17-$22.18	$24.90-$26.10 (cap $90.00)
100	100	100	300	1.00	union	anytime	0.65	0.35	0.35	0.30	real effect	20	86	0.00000	0.00000	1.00000	0.00000	86.000	258.000	$21.41-$22.45	$24.90-$26.10 (cap $90.00)
100	100	100	300	1.00	union	anytime	0.65	0.35	0.35	0.30	real effect	20	87	0.00000	0.00000	1.00000	0.00000	87.000	261.000	$21.66-$22.71	$24.90-$26.10 (cap $90.00)
100	100	100	300	1.00	union	anytime	0.65	0.35	0.35	0.30	real effect	20	88	0.00000	0.00000	1.00000	0.00000	88.000	264.000	$21.91-$22.97	$24.90-$26.10 (cap $90.00)
100	100	100	300	1.00	union	anytime	0.65	0.35	0.35	0.30	real effect	20	89	0.00000	0.00000	1.00000	0.00000	89.000	267.000	$22.16-$23.23	$24.90-$26.10 (cap $90.00)
100	100	100	300	1.00	union	anytime	0.65	0.35	0.35	0.30	real effect	20	90	0.00000	0.00000	1.00000	0.00000	90.000	270.000	$22.41-$23.49	$24.90-$26.10 (cap $90.00)
100	100	100	300	1.00	union	anytime	0.65	0.35	0.35	0.30	real effect	20	91	0.00000	0.00000	1.00000	0.00000	91.000	273.000	$22.66-$23.75	$24.90-$26.10 (cap $90.00)
100	100	100	300	1.00	union	anytime	0.65	0.35	0.35	0.30	real effect	20	92	0.00000	0.00000	1.00000	0.00000	92.000	276.000	$22.91-$24.01	$24.90-$26.10 (cap $90.00)
100	100	100	300	1.00	union	anytime	0.65	0.35	0.35	0.30	real effect	20	93	0.00000	0.00000	1.00000	0.00000	93.000	279.000	$23.16-$24.27	$24.90-$26.10 (cap $90.00)
100	100	100	300	1.00	union	anytime	0.65	0.35	0.35	0.30	real effect	20	94	0.00000	0.00000	1.00000	0.00000	94.000	282.000	$23.41-$24.53	$24.90-$26.10 (cap $90.00)
100	100	100	300	1.00	union	anytime	0.65	0.35	0.35	0.30	real effect	20	95	0.00000	0.00000	1.00000	0.00000	95.000	285.000	$23.66-$24.79	$24.90-$26.10 (cap $90.00)
100	100	100	300	1.00	union	anytime	0.65	0.35	0.35	0.30	real effect	20	96	0.00000	0.00000	1.00000	0.00000	96.000	288.000	$23.90-$25.06	$24.90-$26.10 (cap $90.00)
100	100	100	300	1.00	union	anytime	0.65	0.35	0.35	0.30	real effect	20	97	0.00000	0.00000	1.00000	0.00000	97.000	291.000	$24.15-$25.32	$24.90-$26.10 (cap $90.00)
100	100	100	300	1.00	union	anytime	0.65	0.35	0.35	0.30	real effect	20	98	0.00000	0.00000	1.00000	0.00000	98.000	294.000	$24.40-$25.58	$24.90-$26.10 (cap $90.00)
100	100	100	300	1.00	union	anytime	0.65	0.35	0.35	0.30	real effect	20	99	0.00000	0.00000	1.00000	0.00000	99.000	297.000	$24.65-$25.84	$24.90-$26.10 (cap $90.00)
100	100	100	300	1.00	union	anytime	0.65	0.35	0.35	0.30	real effect	20	100	0.00000	0.00000	1.00000	0.00000	100.000	300.000	$24.90-$26.10	$24.90-$26.10 (cap $90.00)
100	100	100	300	1.00	direct	anytime	0.65	0.35	0.35	0.30	real effect	20	1	0.00000	0.00000	1.00000	0.00000	1.000	3.000	$0.25-$0.26	$24.90-$26.10 (cap $90.00)
100	100	100	300	1.00	direct	anytime	0.65	0.35	0.35	0.30	real effect	20	100	0.05000	0.00000	0.95000	0.04873	97.100	291.300	$24.18-$25.34	$24.90-$26.10 (cap $90.00)
75	75	150	300	2.00	union	anytime	0.65	0.35	0.35	0.30	real effect	20	1	0.00000	0.00000	1.00000	0.00000	1.000	4.000	$0.33-$0.35	$24.90-$26.10 (cap $90.00)
75	75	150	300	2.00	union	anytime	0.65	0.35	0.35	0.30	real effect	20	75	0.00000	0.00000	1.00000	0.00000	75.000	300.000	$24.90-$26.10	$24.90-$26.10 (cap $90.00)
75	75	150	300	2.00	direct	anytime	0.65	0.35	0.35	0.30	real effect	20	1	0.00000	0.00000	1.00000	0.00000	1.000	4.000	$0.33-$0.35	$24.90-$26.10 (cap $90.00)
75	75	150	300	2.00	direct	anytime	0.65	0.35	0.35	0.30	real effect	20	75	0.00000	0.00000	1.00000	0.00000	75.000	300.000	$24.90-$26.10	$24.90-$26.10 (cap $90.00)
480	480	240	1200	0.50	union	anytime	0.65	0.35	0.35	0.30	real effect	20	1	0.00000	0.00000	1.00000	0.00000	1.000	2.000	$0.17-$0.17	$99.60-$104.40 (cap $360.00)
480	480	240	1200	0.50	union	anytime	0.65	0.35	0.35	0.30	real effect	20	480	0.00000	0.00000	1.00000	0.00000	480.000	1200.000	$99.60-$104.40	$99.60-$104.40 (cap $360.00)
480	480	240	1200	0.50	direct	anytime	0.65	0.35	0.35	0.30	real effect	20	1	0.00000	0.00000	1.00000	0.00000	1.000	2.000	$0.17-$0.17	$99.60-$104.40 (cap $360.00)
480	480	240	1200	0.50	direct	anytime	0.65	0.35	0.35	0.30	real effect	20	480	0.05000	0.00000	0.95000	0.04873	479.000	1197.500	$99.39-$104.18	$99.60-$104.40 (cap $360.00)
400	400	400	1200	1.00	union	anytime	0.65	0.35	0.35	0.30	real effect	20	1	0.00000	0.00000	1.00000	0.00000	1.000	3.000	$0.25-$0.26	$99.60-$104.40 (cap $360.00)
400	400	400	1200	1.00	union	anytime	0.65	0.35	0.35	0.30	real effect	20	400	0.00000	0.00000	1.00000	0.00000	400.000	1200.000	$99.60-$104.40	$99.60-$104.40 (cap $360.00)
400	400	400	1200	1.00	direct	anytime	0.65	0.35	0.35	0.30	real effect	20	1	0.00000	0.00000	1.00000	0.00000	1.000	3.000	$0.25-$0.26	$99.60-$104.40 (cap $360.00)
400	400	400	1200	1.00	direct	anytime	0.65	0.35	0.35	0.30	real effect	20	400	0.15000	0.00000	0.85000	0.07984	353.400	1060.200	$88.00-$92.24	$99.60-$104.40 (cap $360.00)
300	300	600	1200	2.00	union	anytime	0.65	0.35	0.35	0.30	real effect	20	1	0.00000	0.00000	1.00000	0.00000	1.000	4.000	$0.33-$0.35	$99.60-$104.40 (cap $360.00)
300	300	600	1200	2.00	union	anytime	0.65	0.35	0.35	0.30	real effect	20	300	0.00000	0.00000	1.00000	0.00000	300.000	1200.000	$99.60-$104.40	$99.60-$104.40 (cap $360.00)
300	300	600	1200	2.00	direct	anytime	0.65	0.35	0.35	0.30	real effect	20	1	0.00000	0.00000	1.00000	0.00000	1.000	4.000	$0.33-$0.35	$99.60-$104.40 (cap $360.00)
300	300	600	1200	2.00	direct	anytime	0.65	0.35	0.35	0.30	real effect	20	300	0.25000	0.00000	0.75000	0.09682	253.500	1014.000	$84.16-$88.22	$99.60-$104.40 (cap $360.00)
120	120	60	300	0.50	union	anytime	0.75	0.35	0.35	0.40	real effect	20	1	0.00000	0.00000	1.00000	0.00000	1.000	2.000	$0.17-$0.17	$24.90-$26.10 (cap $90.00)
120	120	60	300	0.50	union	anytime	0.75	0.35	0.35	0.40	real effect	20	120	0.10000	0.00000	0.90000	0.06708	114.800	287.000	$23.82-$24.97	$24.90-$26.10 (cap $90.00)
120	120	60	300	0.50	direct	anytime	0.75	0.35	0.35	0.40	real effect	20	1	0.00000	0.00000	1.00000	0.00000	1.000	2.000	$0.17-$0.17	$24.90-$26.10 (cap $90.00)
120	120	60	300	0.50	direct	anytime	0.75	0.35	0.35	0.40	real effect	20	120	0.30000	0.00000	0.70000	0.10247	107.950	269.850	$22.40-$23.48	$24.90-$26.10 (cap $90.00)
100	100	100	300	1.00	union	anytime	0.75	0.35	0.35	0.40	real effect	20	1	0.00000	0.00000	1.00000	0.00000	1.000	3.000	$0.25-$0.26	$24.90-$26.10 (cap $90.00)
100	100	100	300	1.00	union	anytime	0.75	0.35	0.35	0.40	real effect	20	2	0.00000	0.00000	1.00000	0.00000	2.000	6.000	$0.50-$0.52	$24.90-$26.10 (cap $90.00)
100	100	100	300	1.00	union	anytime	0.75	0.35	0.35	0.40	real effect	20	3	0.00000	0.00000	1.00000	0.00000	3.000	9.000	$0.75-$0.78	$24.90-$26.10 (cap $90.00)
100	100	100	300	1.00	union	anytime	0.75	0.35	0.35	0.40	real effect	20	4	0.00000	0.00000	1.00000	0.00000	4.000	12.000	$1.00-$1.04	$24.90-$26.10 (cap $90.00)
100	100	100	300	1.00	union	anytime	0.75	0.35	0.35	0.40	real effect	20	5	0.00000	0.00000	1.00000	0.00000	5.000	15.000	$1.25-$1.30	$24.90-$26.10 (cap $90.00)
100	100	100	300	1.00	union	anytime	0.75	0.35	0.35	0.40	real effect	20	6	0.00000	0.00000	1.00000	0.00000	6.000	18.000	$1.49-$1.57	$24.90-$26.10 (cap $90.00)
100	100	100	300	1.00	union	anytime	0.75	0.35	0.35	0.40	real effect	20	7	0.00000	0.00000	1.00000	0.00000	7.000	21.000	$1.74-$1.83	$24.90-$26.10 (cap $90.00)
100	100	100	300	1.00	union	anytime	0.75	0.35	0.35	0.40	real effect	20	8	0.00000	0.00000	1.00000	0.00000	8.000	24.000	$1.99-$2.09	$24.90-$26.10 (cap $90.00)
100	100	100	300	1.00	union	anytime	0.75	0.35	0.35	0.40	real effect	20	9	0.00000	0.00000	1.00000	0.00000	9.000	27.000	$2.24-$2.35	$24.90-$26.10 (cap $90.00)
100	100	100	300	1.00	union	anytime	0.75	0.35	0.35	0.40	real effect	20	10	0.00000	0.00000	1.00000	0.00000	10.000	30.000	$2.49-$2.61	$24.90-$26.10 (cap $90.00)
100	100	100	300	1.00	union	anytime	0.75	0.35	0.35	0.40	real effect	20	11	0.00000	0.00000	1.00000	0.00000	11.000	33.000	$2.74-$2.87	$24.90-$26.10 (cap $90.00)
100	100	100	300	1.00	union	anytime	0.75	0.35	0.35	0.40	real effect	20	12	0.00000	0.00000	1.00000	0.00000	12.000	36.000	$2.99-$3.13	$24.90-$26.10 (cap $90.00)
100	100	100	300	1.00	union	anytime	0.75	0.35	0.35	0.40	real effect	20	13	0.00000	0.00000	1.00000	0.00000	13.000	39.000	$3.24-$3.39	$24.90-$26.10 (cap $90.00)
100	100	100	300	1.00	union	anytime	0.75	0.35	0.35	0.40	real effect	20	14	0.00000	0.00000	1.00000	0.00000	14.000	42.000	$3.49-$3.65	$24.90-$26.10 (cap $90.00)
100	100	100	300	1.00	union	anytime	0.75	0.35	0.35	0.40	real effect	20	15	0.00000	0.00000	1.00000	0.00000	15.000	45.000	$3.74-$3.91	$24.90-$26.10 (cap $90.00)
100	100	100	300	1.00	union	anytime	0.75	0.35	0.35	0.40	real effect	20	16	0.00000	0.00000	1.00000	0.00000	16.000	48.000	$3.98-$4.18	$24.90-$26.10 (cap $90.00)
100	100	100	300	1.00	union	anytime	0.75	0.35	0.35	0.40	real effect	20	17	0.00000	0.00000	1.00000	0.00000	17.000	51.000	$4.23-$4.44	$24.90-$26.10 (cap $90.00)
100	100	100	300	1.00	union	anytime	0.75	0.35	0.35	0.40	real effect	20	18	0.00000	0.00000	1.00000	0.00000	18.000	54.000	$4.48-$4.70	$24.90-$26.10 (cap $90.00)
100	100	100	300	1.00	union	anytime	0.75	0.35	0.35	0.40	real effect	20	19	0.00000	0.00000	1.00000	0.00000	19.000	57.000	$4.73-$4.96	$24.90-$26.10 (cap $90.00)
100	100	100	300	1.00	union	anytime	0.75	0.35	0.35	0.40	real effect	20	20	0.00000	0.00000	1.00000	0.00000	20.000	60.000	$4.98-$5.22	$24.90-$26.10 (cap $90.00)
100	100	100	300	1.00	union	anytime	0.75	0.35	0.35	0.40	real effect	20	21	0.00000	0.00000	1.00000	0.00000	21.000	63.000	$5.23-$5.48	$24.90-$26.10 (cap $90.00)
100	100	100	300	1.00	union	anytime	0.75	0.35	0.35	0.40	real effect	20	22	0.00000	0.00000	1.00000	0.00000	22.000	66.000	$5.48-$5.74	$24.90-$26.10 (cap $90.00)
100	100	100	300	1.00	union	anytime	0.75	0.35	0.35	0.40	real effect	20	23	0.00000	0.00000	1.00000	0.00000	23.000	69.000	$5.73-$6.00	$24.90-$26.10 (cap $90.00)
100	100	100	300	1.00	union	anytime	0.75	0.35	0.35	0.40	real effect	20	24	0.00000	0.00000	1.00000	0.00000	24.000	72.000	$5.98-$6.26	$24.90-$26.10 (cap $90.00)
100	100	100	300	1.00	union	anytime	0.75	0.35	0.35	0.40	real effect	20	25	0.00000	0.00000	1.00000	0.00000	25.000	75.000	$6.23-$6.52	$24.90-$26.10 (cap $90.00)
100	100	100	300	1.00	union	anytime	0.75	0.35	0.35	0.40	real effect	20	26	0.00000	0.00000	1.00000	0.00000	26.000	78.000	$6.47-$6.79	$24.90-$26.10 (cap $90.00)
100	100	100	300	1.00	union	anytime	0.75	0.35	0.35	0.40	real effect	20	27	0.00000	0.00000	1.00000	0.00000	27.000	81.000	$6.72-$7.05	$24.90-$26.10 (cap $90.00)
100	100	100	300	1.00	union	anytime	0.75	0.35	0.35	0.40	real effect	20	28	0.00000	0.00000	1.00000	0.00000	28.000	84.000	$6.97-$7.31	$24.90-$26.10 (cap $90.00)
100	100	100	300	1.00	union	anytime	0.75	0.35	0.35	0.40	real effect	20	29	0.00000	0.00000	1.00000	0.00000	29.000	87.000	$7.22-$7.57	$24.90-$26.10 (cap $90.00)
100	100	100	300	1.00	union	anytime	0.75	0.35	0.35	0.40	real effect	20	30	0.00000	0.00000	1.00000	0.00000	30.000	90.000	$7.47-$7.83	$24.90-$26.10 (cap $90.00)
100	100	100	300	1.00	union	anytime	0.75	0.35	0.35	0.40	real effect	20	31	0.00000	0.00000	1.00000	0.00000	31.000	93.000	$7.72-$8.09	$24.90-$26.10 (cap $90.00)
100	100	100	300	1.00	union	anytime	0.75	0.35	0.35	0.40	real effect	20	32	0.00000	0.00000	1.00000	0.00000	32.000	96.000	$7.97-$8.35	$24.90-$26.10 (cap $90.00)
100	100	100	300	1.00	union	anytime	0.75	0.35	0.35	0.40	real effect	20	33	0.00000	0.00000	1.00000	0.00000	33.000	99.000	$8.22-$8.61	$24.90-$26.10 (cap $90.00)
100	100	100	300	1.00	union	anytime	0.75	0.35	0.35	0.40	real effect	20	34	0.00000	0.00000	1.00000	0.00000	34.000	102.000	$8.47-$8.87	$24.90-$26.10 (cap $90.00)
100	100	100	300	1.00	union	anytime	0.75	0.35	0.35	0.40	real effect	20	35	0.00000	0.00000	1.00000	0.00000	35.000	105.000	$8.71-$9.13	$24.90-$26.10 (cap $90.00)
100	100	100	300	1.00	union	anytime	0.75	0.35	0.35	0.40	real effect	20	36	0.00000	0.00000	1.00000	0.00000	36.000	108.000	$8.96-$9.40	$24.90-$26.10 (cap $90.00)
100	100	100	300	1.00	union	anytime	0.75	0.35	0.35	0.40	real effect	20	37	0.00000	0.00000	1.00000	0.00000	37.000	111.000	$9.21-$9.66	$24.90-$26.10 (cap $90.00)
100	100	100	300	1.00	union	anytime	0.75	0.35	0.35	0.40	real effect	20	38	0.00000	0.00000	1.00000	0.00000	38.000	114.000	$9.46-$9.92	$24.90-$26.10 (cap $90.00)
100	100	100	300	1.00	union	anytime	0.75	0.35	0.35	0.40	real effect	20	39	0.00000	0.00000	1.00000	0.00000	39.000	117.000	$9.71-$10.18	$24.90-$26.10 (cap $90.00)
100	100	100	300	1.00	union	anytime	0.75	0.35	0.35	0.40	real effect	20	40	0.00000	0.00000	1.00000	0.00000	40.000	120.000	$9.96-$10.44	$24.90-$26.10 (cap $90.00)
100	100	100	300	1.00	union	anytime	0.75	0.35	0.35	0.40	real effect	20	41	0.00000	0.00000	1.00000	0.00000	41.000	123.000	$10.21-$10.70	$24.90-$26.10 (cap $90.00)
100	100	100	300	1.00	union	anytime	0.75	0.35	0.35	0.40	real effect	20	42	0.00000	0.00000	1.00000	0.00000	42.000	126.000	$10.46-$10.96	$24.90-$26.10 (cap $90.00)
100	100	100	300	1.00	union	anytime	0.75	0.35	0.35	0.40	real effect	20	43	0.00000	0.00000	1.00000	0.00000	43.000	129.000	$10.71-$11.22	$24.90-$26.10 (cap $90.00)
100	100	100	300	1.00	union	anytime	0.75	0.35	0.35	0.40	real effect	20	44	0.00000	0.00000	1.00000	0.00000	44.000	132.000	$10.96-$11.48	$24.90-$26.10 (cap $90.00)
100	100	100	300	1.00	union	anytime	0.75	0.35	0.35	0.40	real effect	20	45	0.00000	0.00000	1.00000	0.00000	45.000	135.000	$11.21-$11.74	$24.90-$26.10 (cap $90.00)
100	100	100	300	1.00	union	anytime	0.75	0.35	0.35	0.40	real effect	20	46	0.00000	0.00000	1.00000	0.00000	46.000	138.000	$11.45-$12.01	$24.90-$26.10 (cap $90.00)
100	100	100	300	1.00	union	anytime	0.75	0.35	0.35	0.40	real effect	20	47	0.00000	0.00000	1.00000	0.00000	47.000	141.000	$11.70-$12.27	$24.90-$26.10 (cap $90.00)
100	100	100	300	1.00	union	anytime	0.75	0.35	0.35	0.40	real effect	20	48	0.00000	0.00000	1.00000	0.00000	48.000	144.000	$11.95-$12.53	$24.90-$26.10 (cap $90.00)
100	100	100	300	1.00	union	anytime	0.75	0.35	0.35	0.40	real effect	20	49	0.00000	0.00000	1.00000	0.00000	49.000	147.000	$12.20-$12.79	$24.90-$26.10 (cap $90.00)
100	100	100	300	1.00	union	anytime	0.75	0.35	0.35	0.40	real effect	20	50	0.00000	0.00000	1.00000	0.00000	50.000	150.000	$12.45-$13.05	$24.90-$26.10 (cap $90.00)
100	100	100	300	1.00	union	anytime	0.75	0.35	0.35	0.40	real effect	20	51	0.00000	0.00000	1.00000	0.00000	51.000	153.000	$12.70-$13.31	$24.90-$26.10 (cap $90.00)
100	100	100	300	1.00	union	anytime	0.75	0.35	0.35	0.40	real effect	20	52	0.00000	0.00000	1.00000	0.00000	52.000	156.000	$12.95-$13.57	$24.90-$26.10 (cap $90.00)
100	100	100	300	1.00	union	anytime	0.75	0.35	0.35	0.40	real effect	20	53	0.00000	0.00000	1.00000	0.00000	53.000	159.000	$13.20-$13.83	$24.90-$26.10 (cap $90.00)
100	100	100	300	1.00	union	anytime	0.75	0.35	0.35	0.40	real effect	20	54	0.00000	0.00000	1.00000	0.00000	54.000	162.000	$13.45-$14.09	$24.90-$26.10 (cap $90.00)
100	100	100	300	1.00	union	anytime	0.75	0.35	0.35	0.40	real effect	20	55	0.00000	0.00000	1.00000	0.00000	55.000	165.000	$13.70-$14.35	$24.90-$26.10 (cap $90.00)
100	100	100	300	1.00	union	anytime	0.75	0.35	0.35	0.40	real effect	20	56	0.00000	0.00000	1.00000	0.00000	56.000	168.000	$13.94-$14.62	$24.90-$26.10 (cap $90.00)
100	100	100	300	1.00	union	anytime	0.75	0.35	0.35	0.40	real effect	20	57	0.00000	0.00000	1.00000	0.00000	57.000	171.000	$14.19-$14.88	$24.90-$26.10 (cap $90.00)
100	100	100	300	1.00	union	anytime	0.75	0.35	0.35	0.40	real effect	20	58	0.00000	0.00000	1.00000	0.00000	58.000	174.000	$14.44-$15.14	$24.90-$26.10 (cap $90.00)
100	100	100	300	1.00	union	anytime	0.75	0.35	0.35	0.40	real effect	20	59	0.00000	0.00000	1.00000	0.00000	59.000	177.000	$14.69-$15.40	$24.90-$26.10 (cap $90.00)
100	100	100	300	1.00	union	anytime	0.75	0.35	0.35	0.40	real effect	20	60	0.00000	0.00000	1.00000	0.00000	60.000	180.000	$14.94-$15.66	$24.90-$26.10 (cap $90.00)
100	100	100	300	1.00	union	anytime	0.75	0.35	0.35	0.40	real effect	20	61	0.00000	0.00000	1.00000	0.00000	61.000	183.000	$15.19-$15.92	$24.90-$26.10 (cap $90.00)
100	100	100	300	1.00	union	anytime	0.75	0.35	0.35	0.40	real effect	20	62	0.00000	0.00000	1.00000	0.00000	62.000	186.000	$15.44-$16.18	$24.90-$26.10 (cap $90.00)
100	100	100	300	1.00	union	anytime	0.75	0.35	0.35	0.40	real effect	20	63	0.00000	0.00000	1.00000	0.00000	63.000	189.000	$15.69-$16.44	$24.90-$26.10 (cap $90.00)
100	100	100	300	1.00	union	anytime	0.75	0.35	0.35	0.40	real effect	20	64	0.00000	0.00000	1.00000	0.00000	64.000	192.000	$15.94-$16.70	$24.90-$26.10 (cap $90.00)
100	100	100	300	1.00	union	anytime	0.75	0.35	0.35	0.40	real effect	20	65	0.00000	0.00000	1.00000	0.00000	65.000	195.000	$16.19-$16.96	$24.90-$26.10 (cap $90.00)
100	100	100	300	1.00	union	anytime	0.75	0.35	0.35	0.40	real effect	20	66	0.00000	0.00000	1.00000	0.00000	66.000	198.000	$16.43-$17.23	$24.90-$26.10 (cap $90.00)
100	100	100	300	1.00	union	anytime	0.75	0.35	0.35	0.40	real effect	20	67	0.00000	0.00000	1.00000	0.00000	67.000	201.000	$16.68-$17.49	$24.90-$26.10 (cap $90.00)
100	100	100	300	1.00	union	anytime	0.75	0.35	0.35	0.40	real effect	20	68	0.00000	0.00000	1.00000	0.00000	68.000	204.000	$16.93-$17.75	$24.90-$26.10 (cap $90.00)
100	100	100	300	1.00	union	anytime	0.75	0.35	0.35	0.40	real effect	20	69	0.00000	0.00000	1.00000	0.00000	69.000	207.000	$17.18-$18.01	$24.90-$26.10 (cap $90.00)
100	100	100	300	1.00	union	anytime	0.75	0.35	0.35	0.40	real effect	20	70	0.00000	0.00000	1.00000	0.00000	70.000	210.000	$17.43-$18.27	$24.90-$26.10 (cap $90.00)
100	100	100	300	1.00	union	anytime	0.75	0.35	0.35	0.40	real effect	20	71	0.00000	0.00000	1.00000	0.00000	71.000	213.000	$17.68-$18.53	$24.90-$26.10 (cap $90.00)
100	100	100	300	1.00	union	anytime	0.75	0.35	0.35	0.40	real effect	20	72	0.00000	0.00000	1.00000	0.00000	72.000	216.000	$17.93-$18.79	$24.90-$26.10 (cap $90.00)
100	100	100	300	1.00	union	anytime	0.75	0.35	0.35	0.40	real effect	20	73	0.00000	0.00000	1.00000	0.00000	73.000	219.000	$18.18-$19.05	$24.90-$26.10 (cap $90.00)
100	100	100	300	1.00	union	anytime	0.75	0.35	0.35	0.40	real effect	20	74	0.00000	0.00000	1.00000	0.00000	74.000	222.000	$18.43-$19.31	$24.90-$26.10 (cap $90.00)
100	100	100	300	1.00	union	anytime	0.75	0.35	0.35	0.40	real effect	20	75	0.00000	0.00000	1.00000	0.00000	75.000	225.000	$18.68-$19.57	$24.90-$26.10 (cap $90.00)
100	100	100	300	1.00	union	anytime	0.75	0.35	0.35	0.40	real effect	20	76	0.00000	0.00000	1.00000	0.00000	76.000	228.000	$18.92-$19.84	$24.90-$26.10 (cap $90.00)
100	100	100	300	1.00	union	anytime	0.75	0.35	0.35	0.40	real effect	20	77	0.00000	0.00000	1.00000	0.00000	77.000	231.000	$19.17-$20.10	$24.90-$26.10 (cap $90.00)
100	100	100	300	1.00	union	anytime	0.75	0.35	0.35	0.40	real effect	20	78	0.00000	0.00000	1.00000	0.00000	78.000	234.000	$19.42-$20.36	$24.90-$26.10 (cap $90.00)
100	100	100	300	1.00	union	anytime	0.75	0.35	0.35	0.40	real effect	20	79	0.00000	0.00000	1.00000	0.00000	79.000	237.000	$19.67-$20.62	$24.90-$26.10 (cap $90.00)
100	100	100	300	1.00	union	anytime	0.75	0.35	0.35	0.40	real effect	20	80	0.00000	0.00000	1.00000	0.00000	80.000	240.000	$19.92-$20.88	$24.90-$26.10 (cap $90.00)
100	100	100	300	1.00	union	anytime	0.75	0.35	0.35	0.40	real effect	20	81	0.00000	0.00000	1.00000	0.00000	81.000	243.000	$20.17-$21.14	$24.90-$26.10 (cap $90.00)
100	100	100	300	1.00	union	anytime	0.75	0.35	0.35	0.40	real effect	20	82	0.00000	0.00000	1.00000	0.00000	82.000	246.000	$20.42-$21.40	$24.90-$26.10 (cap $90.00)
100	100	100	300	1.00	union	anytime	0.75	0.35	0.35	0.40	real effect	20	83	0.00000	0.00000	1.00000	0.00000	83.000	249.000	$20.67-$21.66	$24.90-$26.10 (cap $90.00)
100	100	100	300	1.00	union	anytime	0.75	0.35	0.35	0.40	real effect	20	84	0.00000	0.00000	1.00000	0.00000	84.000	252.000	$20.92-$21.92	$24.90-$26.10 (cap $90.00)
100	100	100	300	1.00	union	anytime	0.75	0.35	0.35	0.40	real effect	20	85	0.00000	0.00000	1.00000	0.00000	85.000	255.000	$21.17-$22.18	$24.90-$26.10 (cap $90.00)
100	100	100	300	1.00	union	anytime	0.75	0.35	0.35	0.40	real effect	20	86	0.00000	0.00000	1.00000	0.00000	86.000	258.000	$21.41-$22.45	$24.90-$26.10 (cap $90.00)
100	100	100	300	1.00	union	anytime	0.75	0.35	0.35	0.40	real effect	20	87	0.00000	0.00000	1.00000	0.00000	87.000	261.000	$21.66-$22.71	$24.90-$26.10 (cap $90.00)
100	100	100	300	1.00	union	anytime	0.75	0.35	0.35	0.40	real effect	20	88	0.00000	0.00000	1.00000	0.00000	88.000	264.000	$21.91-$22.97	$24.90-$26.10 (cap $90.00)
100	100	100	300	1.00	union	anytime	0.75	0.35	0.35	0.40	real effect	20	89	0.00000	0.00000	1.00000	0.00000	89.000	267.000	$22.16-$23.23	$24.90-$26.10 (cap $90.00)
100	100	100	300	1.00	union	anytime	0.75	0.35	0.35	0.40	real effect	20	90	0.00000	0.00000	1.00000	0.00000	90.000	270.000	$22.41-$23.49	$24.90-$26.10 (cap $90.00)
100	100	100	300	1.00	union	anytime	0.75	0.35	0.35	0.40	real effect	20	91	0.00000	0.00000	1.00000	0.00000	91.000	273.000	$22.66-$23.75	$24.90-$26.10 (cap $90.00)
100	100	100	300	1.00	union	anytime	0.75	0.35	0.35	0.40	real effect	20	92	0.05000	0.00000	0.95000	0.04873	92.000	276.000	$22.91-$24.01	$24.90-$26.10 (cap $90.00)
100	100	100	300	1.00	union	anytime	0.75	0.35	0.35	0.40	real effect	20	93	0.05000	0.00000	0.95000	0.04873	92.950	278.850	$23.14-$24.26	$24.90-$26.10 (cap $90.00)
100	100	100	300	1.00	union	anytime	0.75	0.35	0.35	0.40	real effect	20	94	0.05000	0.00000	0.95000	0.04873	93.900	281.700	$23.38-$24.51	$24.90-$26.10 (cap $90.00)
100	100	100	300	1.00	union	anytime	0.75	0.35	0.35	0.40	real effect	20	95	0.05000	0.00000	0.95000	0.04873	94.850	284.550	$23.62-$24.76	$24.90-$26.10 (cap $90.00)
100	100	100	300	1.00	union	anytime	0.75	0.35	0.35	0.40	real effect	20	96	0.05000	0.00000	0.95000	0.04873	95.800	287.400	$23.85-$25.00	$24.90-$26.10 (cap $90.00)
100	100	100	300	1.00	union	anytime	0.75	0.35	0.35	0.40	real effect	20	97	0.05000	0.00000	0.95000	0.04873	96.750	290.250	$24.09-$25.25	$24.90-$26.10 (cap $90.00)
100	100	100	300	1.00	union	anytime	0.75	0.35	0.35	0.40	real effect	20	98	0.05000	0.00000	0.95000	0.04873	97.700	293.100	$24.33-$25.50	$24.90-$26.10 (cap $90.00)
100	100	100	300	1.00	union	anytime	0.75	0.35	0.35	0.40	real effect	20	99	0.05000	0.00000	0.95000	0.04873	98.650	295.950	$24.56-$25.75	$24.90-$26.10 (cap $90.00)
100	100	100	300	1.00	union	anytime	0.75	0.35	0.35	0.40	real effect	20	100	0.05000	0.00000	0.95000	0.04873	99.600	298.800	$24.80-$26.00	$24.90-$26.10 (cap $90.00)
100	100	100	300	1.00	direct	anytime	0.75	0.35	0.35	0.40	real effect	20	1	0.00000	0.00000	1.00000	0.00000	1.000	3.000	$0.25-$0.26	$24.90-$26.10 (cap $90.00)
100	100	100	300	1.00	direct	anytime	0.75	0.35	0.35	0.40	real effect	20	100	0.45000	0.00000	0.55000	0.11124	88.150	264.450	$21.95-$23.01	$24.90-$26.10 (cap $90.00)
75	75	150	300	2.00	union	anytime	0.75	0.35	0.35	0.40	real effect	20	1	0.00000	0.00000	1.00000	0.00000	1.000	4.000	$0.33-$0.35	$24.90-$26.10 (cap $90.00)
75	75	150	300	2.00	union	anytime	0.75	0.35	0.35	0.40	real effect	20	75	0.00000	0.00000	1.00000	0.00000	75.000	300.000	$24.90-$26.10	$24.90-$26.10 (cap $90.00)
75	75	150	300	2.00	direct	anytime	0.75	0.35	0.35	0.40	real effect	20	1	0.00000	0.00000	1.00000	0.00000	1.000	4.000	$0.33-$0.35	$24.90-$26.10 (cap $90.00)
75	75	150	300	2.00	direct	anytime	0.75	0.35	0.35	0.40	real effect	20	75	0.15000	0.00000	0.85000	0.07984	72.150	288.600	$23.95-$25.11	$24.90-$26.10 (cap $90.00)
480	480	240	1200	0.50	union	anytime	0.75	0.35	0.35	0.40	real effect	20	1	0.00000	0.00000	1.00000	0.00000	1.000	2.000	$0.17-$0.17	$99.60-$104.40 (cap $360.00)
480	480	240	1200	0.50	union	anytime	0.75	0.35	0.35	0.40	real effect	20	480	0.55000	0.00000	0.45000	0.11124	384.150	960.300	$79.70-$83.55	$99.60-$104.40 (cap $360.00)
480	480	240	1200	0.50	direct	anytime	0.75	0.35	0.35	0.40	real effect	20	1	0.00000	0.00000	1.00000	0.00000	1.000	2.000	$0.17-$0.17	$99.60-$104.40 (cap $360.00)
480	480	240	1200	0.50	direct	anytime	0.75	0.35	0.35	0.40	real effect	20	480	0.85000	0.00000	0.15000	0.07984	264.100	660.200	$54.80-$57.44	$99.60-$104.40 (cap $360.00)
400	400	400	1200	1.00	union	anytime	0.75	0.35	0.35	0.40	real effect	20	1	0.00000	0.00000	1.00000	0.00000	1.000	3.000	$0.25-$0.26	$99.60-$104.40 (cap $360.00)
400	400	400	1200	1.00	union	anytime	0.75	0.35	0.35	0.40	real effect	20	400	0.80000	0.00000	0.20000	0.08944	243.550	730.650	$60.64-$63.57	$99.60-$104.40 (cap $360.00)
400	400	400	1200	1.00	direct	anytime	0.75	0.35	0.35	0.40	real effect	20	1	0.00000	0.00000	1.00000	0.00000	1.000	3.000	$0.25-$0.26	$99.60-$104.40 (cap $360.00)
400	400	400	1200	1.00	direct	anytime	0.75	0.35	0.35	0.40	real effect	20	400	0.95000	0.00000	0.05000	0.04873	162.750	488.250	$40.52-$42.48	$99.60-$104.40 (cap $360.00)
300	300	600	1200	2.00	union	anytime	0.75	0.35	0.35	0.40	real effect	20	1	0.00000	0.00000	1.00000	0.00000	1.000	4.000	$0.33-$0.35	$99.60-$104.40 (cap $360.00)
300	300	600	1200	2.00	union	anytime	0.75	0.35	0.35	0.40	real effect	20	300	0.55000	0.00000	0.45000	0.11124	244.950	979.800	$81.32-$85.24	$99.60-$104.40 (cap $360.00)
300	300	600	1200	2.00	direct	anytime	0.75	0.35	0.35	0.40	real effect	20	1	0.00000	0.00000	1.00000	0.00000	1.000	4.000	$0.33-$0.35	$99.60-$104.40 (cap $360.00)
300	300	600	1200	2.00	direct	anytime	0.75	0.35	0.35	0.40	real effect	20	300	0.95000	0.00000	0.05000	0.04873	151.600	606.400	$50.33-$52.76	$99.60-$104.40 (cap $360.00)
120	120	60	300	0.50	union	anytime	0.35	0.35	0.40	0.00	no-lift	20	1	0.00000	0.00000	1.00000	0.00000	1.000	2.000	$0.17-$0.17	$24.90-$26.10 (cap $90.00)
120	120	60	300	0.50	union	anytime	0.35	0.35	0.40	0.00	no-lift	20	120	0.00000	0.70000	0.30000	0.00000	76.250	190.450	$15.81-$16.57	$24.90-$26.10 (cap $90.00)
120	120	60	300	0.50	direct	anytime	0.35	0.35	0.40	0.00	no-lift	20	1	0.00000	0.00000	1.00000	0.00000	1.000	2.000	$0.17-$0.17	$24.90-$26.10 (cap $90.00)
120	120	60	300	0.50	direct	anytime	0.35	0.35	0.40	0.00	no-lift	20	120	0.00000	0.70000	0.30000	0.00000	76.250	190.450	$15.81-$16.57	$24.90-$26.10 (cap $90.00)
100	100	100	300	1.00	union	anytime	0.35	0.35	0.40	0.00	no-lift	20	1	0.00000	0.00000	1.00000	0.00000	1.000	3.000	$0.25-$0.26	$24.90-$26.10 (cap $90.00)
100	100	100	300	1.00	union	anytime	0.35	0.35	0.40	0.00	no-lift	20	100	0.00000	0.85000	0.15000	0.00000	57.500	172.500	$14.32-$15.01	$24.90-$26.10 (cap $90.00)
100	100	100	300	1.00	direct	anytime	0.35	0.35	0.40	0.00	no-lift	20	1	0.00000	0.00000	1.00000	0.00000	1.000	3.000	$0.25-$0.26	$24.90-$26.10 (cap $90.00)
100	100	100	300	1.00	direct	anytime	0.35	0.35	0.40	0.00	no-lift	20	100	0.00000	0.85000	0.15000	0.00000	57.500	172.500	$14.32-$15.01	$24.90-$26.10 (cap $90.00)
75	75	150	300	2.00	union	anytime	0.35	0.35	0.40	0.00	no-lift	20	1	0.00000	0.00000	1.00000	0.00000	1.000	4.000	$0.33-$0.35	$24.90-$26.10 (cap $90.00)
75	75	150	300	2.00	union	anytime	0.35	0.35	0.40	0.00	no-lift	20	75	0.00000	0.70000	0.30000	0.00000	46.350	185.400	$15.39-$16.13	$24.90-$26.10 (cap $90.00)
75	75	150	300	2.00	direct	anytime	0.35	0.35	0.40	0.00	no-lift	20	1	0.00000	0.00000	1.00000	0.00000	1.000	4.000	$0.33-$0.35	$24.90-$26.10 (cap $90.00)
75	75	150	300	2.00	direct	anytime	0.35	0.35	0.40	0.00	no-lift	20	75	0.00000	0.70000	0.30000	0.00000	46.350	185.400	$15.39-$16.13	$24.90-$26.10 (cap $90.00)
480	480	240	1200	0.50	union	anytime	0.35	0.35	0.40	0.00	no-lift	20	1	0.00000	0.00000	1.00000	0.00000	1.000	2.000	$0.17-$0.17	$99.60-$104.40 (cap $360.00)
480	480	240	1200	0.50	union	anytime	0.35	0.35	0.40	0.00	no-lift	20	480	0.00000	1.00000	0.00000	0.00000	79.900	199.500	$16.56-$17.36	$99.60-$104.40 (cap $360.00)
480	480	240	1200	0.50	direct	anytime	0.35	0.35	0.40	0.00	no-lift	20	1	0.00000	0.00000	1.00000	0.00000	1.000	2.000	$0.17-$0.17	$99.60-$104.40 (cap $360.00)
480	480	240	1200	0.50	direct	anytime	0.35	0.35	0.40	0.00	no-lift	20	480	0.00000	1.00000	0.00000	0.00000	79.900	199.500	$16.56-$17.36	$99.60-$104.40 (cap $360.00)
400	400	400	1200	1.00	union	anytime	0.35	0.35	0.40	0.00	no-lift	20	1	0.00000	0.00000	1.00000	0.00000	1.000	3.000	$0.25-$0.26	$99.60-$104.40 (cap $360.00)
400	400	400	1200	1.00	union	anytime	0.35	0.35	0.40	0.00	no-lift	20	400	0.00000	1.00000	0.00000	0.00000	116.300	348.900	$28.96-$30.35	$99.60-$104.40 (cap $360.00)
400	400	400	1200	1.00	direct	anytime	0.35	0.35	0.40	0.00	no-lift	20	1	0.00000	0.00000	1.00000	0.00000	1.000	3.000	$0.25-$0.26	$99.60-$104.40 (cap $360.00)
400	400	400	1200	1.00	direct	anytime	0.35	0.35	0.40	0.00	no-lift	20	400	0.00000	1.00000	0.00000	0.00000	116.300	348.900	$28.96-$30.35	$99.60-$104.40 (cap $360.00)
300	300	600	1200	2.00	union	anytime	0.35	0.35	0.40	0.00	no-lift	20	1	0.00000	0.00000	1.00000	0.00000	1.000	4.000	$0.33-$0.35	$99.60-$104.40 (cap $360.00)
300	300	600	1200	2.00	union	anytime	0.35	0.35	0.40	0.00	no-lift	20	300	0.00000	0.95000	0.05000	0.00000	78.300	313.200	$26.00-$27.25	$99.60-$104.40 (cap $360.00)
300	300	600	1200	2.00	direct	anytime	0.35	0.35	0.40	0.00	no-lift	20	1	0.00000	0.00000	1.00000	0.00000	1.000	4.000	$0.33-$0.35	$99.60-$104.40 (cap $360.00)
300	300	600	1200	2.00	direct	anytime	0.35	0.35	0.40	0.00	no-lift	20	300	0.00000	0.95000	0.05000	0.00000	78.300	313.200	$26.00-$27.25	$99.60-$104.40 (cap $360.00)
120	120	60	300	0.50	union	anytime	0.45	0.35	0.40	0.10	no-lift	20	1	0.00000	0.00000	1.00000	0.00000	1.000	2.000	$0.17-$0.17	$24.90-$26.10 (cap $90.00)
120	120	60	300	0.50	union	anytime	0.45	0.35	0.40	0.10	no-lift	20	120	0.00000	0.35000	0.65000	0.00000	84.900	212.100	$17.60-$18.45	$24.90-$26.10 (cap $90.00)
120	120	60	300	0.50	direct	anytime	0.45	0.35	0.40	0.10	no-lift	20	1	0.00000	0.00000	1.00000	0.00000	1.000	2.000	$0.17-$0.17	$24.90-$26.10 (cap $90.00)
120	120	60	300	0.50	direct	anytime	0.45	0.35	0.40	0.10	no-lift	20	120	0.00000	0.35000	0.65000	0.00000	84.900	212.100	$17.60-$18.45	$24.90-$26.10 (cap $90.00)
100	100	100	300	1.00	union	anytime	0.45	0.35	0.40	0.10	no-lift	20	1	0.00000	0.00000	1.00000	0.00000	1.000	3.000	$0.25-$0.26	$24.90-$26.10 (cap $90.00)
100	100	100	300	1.00	union	anytime	0.45	0.35	0.40	0.10	no-lift	20	100	0.00000	0.25000	0.75000	0.00000	81.600	244.800	$20.32-$21.30	$24.90-$26.10 (cap $90.00)
100	100	100	300	1.00	direct	anytime	0.45	0.35	0.40	0.10	no-lift	20	1	0.00000	0.00000	1.00000	0.00000	1.000	3.000	$0.25-$0.26	$24.90-$26.10 (cap $90.00)
100	100	100	300	1.00	direct	anytime	0.45	0.35	0.40	0.10	no-lift	20	100	0.00000	0.25000	0.75000	0.00000	81.600	244.800	$20.32-$21.30	$24.90-$26.10 (cap $90.00)
75	75	150	300	2.00	union	anytime	0.45	0.35	0.40	0.10	no-lift	20	1	0.00000	0.00000	1.00000	0.00000	1.000	4.000	$0.33-$0.35	$24.90-$26.10 (cap $90.00)
75	75	150	300	2.00	union	anytime	0.45	0.35	0.40	0.10	no-lift	20	75	0.00000	0.20000	0.80000	0.00000	63.650	254.600	$21.13-$22.15	$24.90-$26.10 (cap $90.00)
75	75	150	300	2.00	direct	anytime	0.45	0.35	0.40	0.10	no-lift	20	1	0.00000	0.00000	1.00000	0.00000	1.000	4.000	$0.33-$0.35	$24.90-$26.10 (cap $90.00)
75	75	150	300	2.00	direct	anytime	0.45	0.35	0.40	0.10	no-lift	20	75	0.00000	0.20000	0.80000	0.00000	63.650	254.600	$21.13-$22.15	$24.90-$26.10 (cap $90.00)
480	480	240	1200	0.50	union	anytime	0.45	0.35	0.40	0.10	no-lift	20	1	0.00000	0.00000	1.00000	0.00000	1.000	2.000	$0.17-$0.17	$99.60-$104.40 (cap $360.00)
480	480	240	1200	0.50	union	anytime	0.45	0.35	0.40	0.10	no-lift	20	480	0.00000	0.65000	0.35000	0.00000	277.500	693.550	$57.56-$60.34	$99.60-$104.40 (cap $360.00)
480	480	240	1200	0.50	direct	anytime	0.45	0.35	0.40	0.10	no-lift	20	1	0.00000	0.00000	1.00000	0.00000	1.000	2.000	$0.17-$0.17	$99.60-$104.40 (cap $360.00)
480	480	240	1200	0.50	direct	anytime	0.45	0.35	0.40	0.10	no-lift	20	480	0.00000	0.65000	0.35000	0.00000	277.500	693.550	$57.56-$60.34	$99.60-$104.40 (cap $360.00)
400	400	400	1200	1.00	union	anytime	0.45	0.35	0.40	0.10	no-lift	20	1	0.00000	0.00000	1.00000	0.00000	1.000	3.000	$0.25-$0.26	$99.60-$104.40 (cap $360.00)
400	400	400	1200	1.00	union	anytime	0.45	0.35	0.40	0.10	no-lift	20	400	0.00000	0.70000	0.30000	0.00000	224.150	672.450	$55.81-$58.50	$99.60-$104.40 (cap $360.00)
400	400	400	1200	1.00	direct	anytime	0.45	0.35	0.40	0.10	no-lift	20	1	0.00000	0.00000	1.00000	0.00000	1.000	3.000	$0.25-$0.26	$99.60-$104.40 (cap $360.00)
400	400	400	1200	1.00	direct	anytime	0.45	0.35	0.40	0.10	no-lift	20	400	0.00000	0.70000	0.30000	0.00000	224.150	672.450	$55.81-$58.50	$99.60-$104.40 (cap $360.00)
300	300	600	1200	2.00	union	anytime	0.45	0.35	0.40	0.10	no-lift	20	1	0.00000	0.00000	1.00000	0.00000	1.000	4.000	$0.33-$0.35	$99.60-$104.40 (cap $360.00)
300	300	600	1200	2.00	union	anytime	0.45	0.35	0.40	0.10	no-lift	20	300	0.00000	0.25000	0.75000	0.00000	247.900	991.600	$82.30-$86.27	$99.60-$104.40 (cap $360.00)
300	300	600	1200	2.00	direct	anytime	0.45	0.35	0.40	0.10	no-lift	20	1	0.00000	0.00000	1.00000	0.00000	1.000	4.000	$0.33-$0.35	$99.60-$104.40 (cap $360.00)
300	300	600	1200	2.00	direct	anytime	0.45	0.35	0.40	0.10	no-lift	20	300	0.00000	0.25000	0.75000	0.00000	247.900	991.600	$82.30-$86.27	$99.60-$104.40 (cap $360.00)
120	120	60	300	0.50	union	anytime	0.50	0.35	0.40	0.15	no-lift	20	1	0.00000	0.00000	1.00000	0.00000	1.000	2.000	$0.17-$0.17	$24.90-$26.10 (cap $90.00)
120	120	60	300	0.50	union	anytime	0.50	0.35	0.40	0.15	no-lift	20	120	0.00000	0.00000	1.00000	0.00000	120.000	300.000	$24.90-$26.10	$24.90-$26.10 (cap $90.00)
120	120	60	300	0.50	direct	anytime	0.50	0.35	0.40	0.15	no-lift	20	1	0.00000	0.00000	1.00000	0.00000	1.000	2.000	$0.17-$0.17	$24.90-$26.10 (cap $90.00)
120	120	60	300	0.50	direct	anytime	0.50	0.35	0.40	0.15	no-lift	20	120	0.00000	0.00000	1.00000	0.00000	120.000	300.000	$24.90-$26.10	$24.90-$26.10 (cap $90.00)
100	100	100	300	1.00	union	anytime	0.50	0.35	0.40	0.15	no-lift	20	1	0.00000	0.00000	1.00000	0.00000	1.000	3.000	$0.25-$0.26	$24.90-$26.10 (cap $90.00)
100	100	100	300	1.00	union	anytime	0.50	0.35	0.40	0.15	no-lift	20	100	0.00000	0.05000	0.95000	0.00000	96.650	289.950	$24.07-$25.23	$24.90-$26.10 (cap $90.00)
100	100	100	300	1.00	direct	anytime	0.50	0.35	0.40	0.15	no-lift	20	1	0.00000	0.00000	1.00000	0.00000	1.000	3.000	$0.25-$0.26	$24.90-$26.10 (cap $90.00)
100	100	100	300	1.00	direct	anytime	0.50	0.35	0.40	0.15	no-lift	20	100	0.00000	0.05000	0.95000	0.00000	96.650	289.950	$24.07-$25.23	$24.90-$26.10 (cap $90.00)
75	75	150	300	2.00	union	anytime	0.50	0.35	0.40	0.15	no-lift	20	1	0.00000	0.00000	1.00000	0.00000	1.000	4.000	$0.33-$0.35	$24.90-$26.10 (cap $90.00)
75	75	150	300	2.00	union	anytime	0.50	0.35	0.40	0.15	no-lift	20	75	0.00000	0.05000	0.95000	0.00000	74.450	297.800	$24.72-$25.91	$24.90-$26.10 (cap $90.00)
75	75	150	300	2.00	direct	anytime	0.50	0.35	0.40	0.15	no-lift	20	1	0.00000	0.00000	1.00000	0.00000	1.000	4.000	$0.33-$0.35	$24.90-$26.10 (cap $90.00)
75	75	150	300	2.00	direct	anytime	0.50	0.35	0.40	0.15	no-lift	20	75	0.00000	0.05000	0.95000	0.00000	74.450	297.800	$24.72-$25.91	$24.90-$26.10 (cap $90.00)
480	480	240	1200	0.50	union	anytime	0.50	0.35	0.40	0.15	no-lift	20	1	0.00000	0.00000	1.00000	0.00000	1.000	2.000	$0.17-$0.17	$99.60-$104.40 (cap $360.00)
480	480	240	1200	0.50	union	anytime	0.50	0.35	0.40	0.15	no-lift	20	480	0.00000	0.20000	0.80000	0.00000	419.950	1049.850	$87.14-$91.34	$99.60-$104.40 (cap $360.00)
480	480	240	1200	0.50	direct	anytime	0.50	0.35	0.40	0.15	no-lift	20	1	0.00000	0.00000	1.00000	0.00000	1.000	2.000	$0.17-$0.17	$99.60-$104.40 (cap $360.00)
480	480	240	1200	0.50	direct	anytime	0.50	0.35	0.40	0.15	no-lift	20	480	0.00000	0.20000	0.80000	0.00000	419.950	1049.850	$87.14-$91.34	$99.60-$104.40 (cap $360.00)
400	400	400	1200	1.00	union	anytime	0.50	0.35	0.40	0.15	no-lift	20	1	0.00000	0.00000	1.00000	0.00000	1.000	3.000	$0.25-$0.26	$99.60-$104.40 (cap $360.00)
400	400	400	1200	1.00	union	anytime	0.50	0.35	0.40	0.15	no-lift	20	400	0.00000	0.05000	0.95000	0.00000	380.700	1142.100	$94.79-$99.36	$99.60-$104.40 (cap $360.00)
400	400	400	1200	1.00	direct	anytime	0.50	0.35	0.40	0.15	no-lift	20	1	0.00000	0.00000	1.00000	0.00000	1.000	3.000	$0.25-$0.26	$99.60-$104.40 (cap $360.00)
400	400	400	1200	1.00	direct	anytime	0.50	0.35	0.40	0.15	no-lift	20	400	0.00000	0.05000	0.95000	0.00000	380.700	1142.100	$94.79-$99.36	$99.60-$104.40 (cap $360.00)
300	300	600	1200	2.00	union	anytime	0.50	0.35	0.40	0.15	no-lift	20	1	0.00000	0.00000	1.00000	0.00000	1.000	4.000	$0.33-$0.35	$99.60-$104.40 (cap $360.00)
300	300	600	1200	2.00	union	anytime	0.50	0.35	0.40	0.15	no-lift	20	300	0.00000	0.30000	0.70000	0.00000	246.600	986.400	$81.87-$85.82	$99.60-$104.40 (cap $360.00)
300	300	600	1200	2.00	direct	anytime	0.50	0.35	0.40	0.15	no-lift	20	1	0.00000	0.00000	1.00000	0.00000	1.000	4.000	$0.33-$0.35	$99.60-$104.40 (cap $360.00)
300	300	600	1200	2.00	direct	anytime	0.50	0.35	0.40	0.15	no-lift	20	300	0.00000	0.30000	0.70000	0.00000	246.600	986.400	$81.87-$85.82	$99.60-$104.40 (cap $360.00)
120	120	60	300	0.50	union	anytime	0.55	0.35	0.40	0.20	calibration	20	1	0.00000	0.00000	1.00000	0.00000	1.000	2.000	$0.17-$0.17	$24.90-$26.10 (cap $90.00)
120	120	60	300	0.50	union	anytime	0.55	0.35	0.40	0.20	calibration	20	120	0.00000	0.00000	1.00000	0.00000	120.000	300.000	$24.90-$26.10	$24.90-$26.10 (cap $90.00)
120	120	60	300	0.50	direct	anytime	0.55	0.35	0.40	0.20	calibration	20	1	0.00000	0.00000	1.00000	0.00000	1.000	2.000	$0.17-$0.17	$24.90-$26.10 (cap $90.00)
120	120	60	300	0.50	direct	anytime	0.55	0.35	0.40	0.20	calibration	20	120	0.00000	0.00000	1.00000	0.00000	120.000	300.000	$24.90-$26.10	$24.90-$26.10 (cap $90.00)
100	100	100	300	1.00	union	anytime	0.55	0.35	0.40	0.20	calibration	20	1	0.00000	0.00000	1.00000	0.00000	1.000	3.000	$0.25-$0.26	$24.90-$26.10 (cap $90.00)
100	100	100	300	1.00	union	anytime	0.55	0.35	0.40	0.20	calibration	20	100	0.00000	0.00000	1.00000	0.00000	100.000	300.000	$24.90-$26.10	$24.90-$26.10 (cap $90.00)
100	100	100	300	1.00	direct	anytime	0.55	0.35	0.40	0.20	calibration	20	1	0.00000	0.00000	1.00000	0.00000	1.000	3.000	$0.25-$0.26	$24.90-$26.10 (cap $90.00)
100	100	100	300	1.00	direct	anytime	0.55	0.35	0.40	0.20	calibration	20	100	0.00000	0.00000	1.00000	0.00000	100.000	300.000	$24.90-$26.10	$24.90-$26.10 (cap $90.00)
75	75	150	300	2.00	union	anytime	0.55	0.35	0.40	0.20	calibration	20	1	0.00000	0.00000	1.00000	0.00000	1.000	4.000	$0.33-$0.35	$24.90-$26.10 (cap $90.00)
75	75	150	300	2.00	union	anytime	0.55	0.35	0.40	0.20	calibration	20	75	0.00000	0.00000	1.00000	0.00000	75.000	300.000	$24.90-$26.10	$24.90-$26.10 (cap $90.00)
75	75	150	300	2.00	direct	anytime	0.55	0.35	0.40	0.20	calibration	20	1	0.00000	0.00000	1.00000	0.00000	1.000	4.000	$0.33-$0.35	$24.90-$26.10 (cap $90.00)
75	75	150	300	2.00	direct	anytime	0.55	0.35	0.40	0.20	calibration	20	75	0.00000	0.00000	1.00000	0.00000	75.000	300.000	$24.90-$26.10	$24.90-$26.10 (cap $90.00)
480	480	240	1200	0.50	union	anytime	0.55	0.35	0.40	0.20	calibration	20	1	0.00000	0.00000	1.00000	0.00000	1.000	2.000	$0.17-$0.17	$99.60-$104.40 (cap $360.00)
480	480	240	1200	0.50	union	anytime	0.55	0.35	0.40	0.20	calibration	20	480	0.00000	0.10000	0.90000	0.00000	438.350	1095.850	$90.96-$95.34	$99.60-$104.40 (cap $360.00)
480	480	240	1200	0.50	direct	anytime	0.55	0.35	0.40	0.20	calibration	20	1	0.00000	0.00000	1.00000	0.00000	1.000	2.000	$0.17-$0.17	$99.60-$104.40 (cap $360.00)
480	480	240	1200	0.50	direct	anytime	0.55	0.35	0.40	0.20	calibration	20	480	0.00000	0.10000	0.90000	0.00000	438.350	1095.850	$90.96-$95.34	$99.60-$104.40 (cap $360.00)
400	400	400	1200	1.00	union	anytime	0.55	0.35	0.40	0.20	calibration	20	1	0.00000	0.00000	1.00000	0.00000	1.000	3.000	$0.25-$0.26	$99.60-$104.40 (cap $360.00)
400	400	400	1200	1.00	union	anytime	0.55	0.35	0.40	0.20	calibration	20	400	0.00000	0.05000	0.95000	0.00000	380.700	1142.100	$94.79-$99.36	$99.60-$104.40 (cap $360.00)
400	400	400	1200	1.00	direct	anytime	0.55	0.35	0.40	0.20	calibration	20	1	0.00000	0.00000	1.00000	0.00000	1.000	3.000	$0.25-$0.26	$99.60-$104.40 (cap $360.00)
400	400	400	1200	1.00	direct	anytime	0.55	0.35	0.40	0.20	calibration	20	400	0.00000	0.05000	0.95000	0.00000	380.700	1142.100	$94.79-$99.36	$99.60-$104.40 (cap $360.00)
300	300	600	1200	2.00	union	anytime	0.55	0.35	0.40	0.20	calibration	20	1	0.00000	0.00000	1.00000	0.00000	1.000	4.000	$0.33-$0.35	$99.60-$104.40 (cap $360.00)
300	300	600	1200	2.00	union	anytime	0.55	0.35	0.40	0.20	calibration	20	300	0.00000	0.00000	1.00000	0.00000	300.000	1200.000	$99.60-$104.40	$99.60-$104.40 (cap $360.00)
300	300	600	1200	2.00	direct	anytime	0.55	0.35	0.40	0.20	calibration	20	1	0.00000	0.00000	1.00000	0.00000	1.000	4.000	$0.33-$0.35	$99.60-$104.40 (cap $360.00)
300	300	600	1200	2.00	direct	anytime	0.55	0.35	0.40	0.20	calibration	20	300	0.00000	0.00000	1.00000	0.00000	300.000	1200.000	$99.60-$104.40	$99.60-$104.40 (cap $360.00)
120	120	60	300	0.50	union	anytime	0.60	0.35	0.40	0.25	small real effect	20	1	0.00000	0.00000	1.00000	0.00000	1.000	2.000	$0.17-$0.17	$24.90-$26.10 (cap $90.00)
120	120	60	300	0.50	union	anytime	0.60	0.35	0.40	0.25	small real effect	20	120	0.00000	0.00000	1.00000	0.00000	120.000	300.000	$24.90-$26.10	$24.90-$26.10 (cap $90.00)
120	120	60	300	0.50	direct	anytime	0.60	0.35	0.40	0.25	small real effect	20	1	0.00000	0.00000	1.00000	0.00000	1.000	2.000	$0.17-$0.17	$24.90-$26.10 (cap $90.00)
120	120	60	300	0.50	direct	anytime	0.60	0.35	0.40	0.25	small real effect	20	120	0.00000	0.00000	1.00000	0.00000	120.000	300.000	$24.90-$26.10	$24.90-$26.10 (cap $90.00)
100	100	100	300	1.00	union	anytime	0.60	0.35	0.40	0.25	small real effect	20	1	0.00000	0.00000	1.00000	0.00000	1.000	3.000	$0.25-$0.26	$24.90-$26.10 (cap $90.00)
100	100	100	300	1.00	union	anytime	0.60	0.35	0.40	0.25	small real effect	20	100	0.00000	0.00000	1.00000	0.00000	100.000	300.000	$24.90-$26.10	$24.90-$26.10 (cap $90.00)
100	100	100	300	1.00	direct	anytime	0.60	0.35	0.40	0.25	small real effect	20	1	0.00000	0.00000	1.00000	0.00000	1.000	3.000	$0.25-$0.26	$24.90-$26.10 (cap $90.00)
100	100	100	300	1.00	direct	anytime	0.60	0.35	0.40	0.25	small real effect	20	100	0.00000	0.00000	1.00000	0.00000	100.000	300.000	$24.90-$26.10	$24.90-$26.10 (cap $90.00)
75	75	150	300	2.00	union	anytime	0.60	0.35	0.40	0.25	small real effect	20	1	0.00000	0.00000	1.00000	0.00000	1.000	4.000	$0.33-$0.35	$24.90-$26.10 (cap $90.00)
75	75	150	300	2.00	union	anytime	0.60	0.35	0.40	0.25	small real effect	20	75	0.00000	0.00000	1.00000	0.00000	75.000	300.000	$24.90-$26.10	$24.90-$26.10 (cap $90.00)
75	75	150	300	2.00	direct	anytime	0.60	0.35	0.40	0.25	small real effect	20	1	0.00000	0.00000	1.00000	0.00000	1.000	4.000	$0.33-$0.35	$24.90-$26.10 (cap $90.00)
75	75	150	300	2.00	direct	anytime	0.60	0.35	0.40	0.25	small real effect	20	75	0.00000	0.00000	1.00000	0.00000	75.000	300.000	$24.90-$26.10	$24.90-$26.10 (cap $90.00)
480	480	240	1200	0.50	union	anytime	0.60	0.35	0.40	0.25	small real effect	20	1	0.00000	0.00000	1.00000	0.00000	1.000	2.000	$0.17-$0.17	$99.60-$104.40 (cap $360.00)
480	480	240	1200	0.50	union	anytime	0.60	0.35	0.40	0.25	small real effect	20	480	0.00000	0.00000	1.00000	0.00000	480.000	1200.000	$99.60-$104.40	$99.60-$104.40 (cap $360.00)
480	480	240	1200	0.50	direct	anytime	0.60	0.35	0.40	0.25	small real effect	20	1	0.00000	0.00000	1.00000	0.00000	1.000	2.000	$0.17-$0.17	$99.60-$104.40 (cap $360.00)
480	480	240	1200	0.50	direct	anytime	0.60	0.35	0.40	0.25	small real effect	20	480	0.00000	0.00000	1.00000	0.00000	480.000	1200.000	$99.60-$104.40	$99.60-$104.40 (cap $360.00)
400	400	400	1200	1.00	union	anytime	0.60	0.35	0.40	0.25	small real effect	20	1	0.00000	0.00000	1.00000	0.00000	1.000	3.000	$0.25-$0.26	$99.60-$104.40 (cap $360.00)
400	400	400	1200	1.00	union	anytime	0.60	0.35	0.40	0.25	small real effect	20	400	0.00000	0.00000	1.00000	0.00000	400.000	1200.000	$99.60-$104.40	$99.60-$104.40 (cap $360.00)
400	400	400	1200	1.00	direct	anytime	0.60	0.35	0.40	0.25	small real effect	20	1	0.00000	0.00000	1.00000	0.00000	1.000	3.000	$0.25-$0.26	$99.60-$104.40 (cap $360.00)
400	400	400	1200	1.00	direct	anytime	0.60	0.35	0.40	0.25	small real effect	20	400	0.00000	0.00000	1.00000	0.00000	400.000	1200.000	$99.60-$104.40	$99.60-$104.40 (cap $360.00)
300	300	600	1200	2.00	union	anytime	0.60	0.35	0.40	0.25	small real effect	20	1	0.00000	0.00000	1.00000	0.00000	1.000	4.000	$0.33-$0.35	$99.60-$104.40 (cap $360.00)
300	300	600	1200	2.00	union	anytime	0.60	0.35	0.40	0.25	small real effect	20	300	0.00000	0.00000	1.00000	0.00000	300.000	1200.000	$99.60-$104.40	$99.60-$104.40 (cap $360.00)
300	300	600	1200	2.00	direct	anytime	0.60	0.35	0.40	0.25	small real effect	20	1	0.00000	0.00000	1.00000	0.00000	1.000	4.000	$0.33-$0.35	$99.60-$104.40 (cap $360.00)
300	300	600	1200	2.00	direct	anytime	0.60	0.35	0.40	0.25	small real effect	20	300	0.00000	0.00000	1.00000	0.00000	300.000	1200.000	$99.60-$104.40	$99.60-$104.40 (cap $360.00)
120	120	60	300	0.50	union	anytime	0.65	0.35	0.40	0.30	real effect	20	1	0.00000	0.00000	1.00000	0.00000	1.000	2.000	$0.17-$0.17	$24.90-$26.10 (cap $90.00)
120	120	60	300	0.50	union	anytime	0.65	0.35	0.40	0.30	real effect	20	120	0.00000	0.00000	1.00000	0.00000	120.000	300.000	$24.90-$26.10	$24.90-$26.10 (cap $90.00)
120	120	60	300	0.50	direct	anytime	0.65	0.35	0.40	0.30	real effect	20	1	0.00000	0.00000	1.00000	0.00000	1.000	2.000	$0.17-$0.17	$24.90-$26.10 (cap $90.00)
120	120	60	300	0.50	direct	anytime	0.65	0.35	0.40	0.30	real effect	20	120	0.00000	0.00000	1.00000	0.00000	120.000	300.000	$24.90-$26.10	$24.90-$26.10 (cap $90.00)
100	100	100	300	1.00	union	anytime	0.65	0.35	0.40	0.30	real effect	20	1	0.00000	0.00000	1.00000	0.00000	1.000	3.000	$0.25-$0.26	$24.90-$26.10 (cap $90.00)
100	100	100	300	1.00	union	anytime	0.65	0.35	0.40	0.30	real effect	20	100	0.00000	0.00000	1.00000	0.00000	100.000	300.000	$24.90-$26.10	$24.90-$26.10 (cap $90.00)
100	100	100	300	1.00	direct	anytime	0.65	0.35	0.40	0.30	real effect	20	1	0.00000	0.00000	1.00000	0.00000	1.000	3.000	$0.25-$0.26	$24.90-$26.10 (cap $90.00)
100	100	100	300	1.00	direct	anytime	0.65	0.35	0.40	0.30	real effect	20	100	0.00000	0.00000	1.00000	0.00000	100.000	300.000	$24.90-$26.10	$24.90-$26.10 (cap $90.00)
75	75	150	300	2.00	union	anytime	0.65	0.35	0.40	0.30	real effect	20	1	0.00000	0.00000	1.00000	0.00000	1.000	4.000	$0.33-$0.35	$24.90-$26.10 (cap $90.00)
75	75	150	300	2.00	union	anytime	0.65	0.35	0.40	0.30	real effect	20	75	0.00000	0.00000	1.00000	0.00000	75.000	300.000	$24.90-$26.10	$24.90-$26.10 (cap $90.00)
75	75	150	300	2.00	direct	anytime	0.65	0.35	0.40	0.30	real effect	20	1	0.00000	0.00000	1.00000	0.00000	1.000	4.000	$0.33-$0.35	$24.90-$26.10 (cap $90.00)
75	75	150	300	2.00	direct	anytime	0.65	0.35	0.40	0.30	real effect	20	75	0.00000	0.00000	1.00000	0.00000	75.000	300.000	$24.90-$26.10	$24.90-$26.10 (cap $90.00)
480	480	240	1200	0.50	union	anytime	0.65	0.35	0.40	0.30	real effect	20	1	0.00000	0.00000	1.00000	0.00000	1.000	2.000	$0.17-$0.17	$99.60-$104.40 (cap $360.00)
480	480	240	1200	0.50	union	anytime	0.65	0.35	0.40	0.30	real effect	20	480	0.00000	0.00000	1.00000	0.00000	480.000	1200.000	$99.60-$104.40	$99.60-$104.40 (cap $360.00)
480	480	240	1200	0.50	direct	anytime	0.65	0.35	0.40	0.30	real effect	20	1	0.00000	0.00000	1.00000	0.00000	1.000	2.000	$0.17-$0.17	$99.60-$104.40 (cap $360.00)
480	480	240	1200	0.50	direct	anytime	0.65	0.35	0.40	0.30	real effect	20	480	0.15000	0.00000	0.85000	0.07984	431.900	1079.750	$89.62-$93.94	$99.60-$104.40 (cap $360.00)
400	400	400	1200	1.00	union	anytime	0.65	0.35	0.40	0.30	real effect	20	1	0.00000	0.00000	1.00000	0.00000	1.000	3.000	$0.25-$0.26	$99.60-$104.40 (cap $360.00)
400	400	400	1200	1.00	union	anytime	0.65	0.35	0.40	0.30	real effect	20	400	0.00000	0.00000	1.00000	0.00000	400.000	1200.000	$99.60-$104.40	$99.60-$104.40 (cap $360.00)
400	400	400	1200	1.00	direct	anytime	0.65	0.35	0.40	0.30	real effect	20	1	0.00000	0.00000	1.00000	0.00000	1.000	3.000	$0.25-$0.26	$99.60-$104.40 (cap $360.00)
400	400	400	1200	1.00	direct	anytime	0.65	0.35	0.40	0.30	real effect	20	400	0.10000	0.00000	0.90000	0.06708	390.300	1170.900	$97.18-$101.87	$99.60-$104.40 (cap $360.00)
300	300	600	1200	2.00	union	anytime	0.65	0.35	0.40	0.30	real effect	20	1	0.00000	0.00000	1.00000	0.00000	1.000	4.000	$0.33-$0.35	$99.60-$104.40 (cap $360.00)
300	300	600	1200	2.00	union	anytime	0.65	0.35	0.40	0.30	real effect	20	300	0.00000	0.00000	1.00000	0.00000	300.000	1200.000	$99.60-$104.40	$99.60-$104.40 (cap $360.00)
300	300	600	1200	2.00	direct	anytime	0.65	0.35	0.40	0.30	real effect	20	1	0.00000	0.00000	1.00000	0.00000	1.000	4.000	$0.33-$0.35	$99.60-$104.40 (cap $360.00)
300	300	600	1200	2.00	direct	anytime	0.65	0.35	0.40	0.30	real effect	20	300	0.05000	0.00000	0.95000	0.04873	294.500	1178.000	$97.77-$102.49	$99.60-$104.40 (cap $360.00)
120	120	60	300	0.50	union	anytime	0.75	0.35	0.40	0.40	real effect	20	1	0.00000	0.00000	1.00000	0.00000	1.000	2.000	$0.17-$0.17	$24.90-$26.10 (cap $90.00)
120	120	60	300	0.50	union	anytime	0.75	0.35	0.40	0.40	real effect	20	120	0.00000	0.00000	1.00000	0.00000	120.000	300.000	$24.90-$26.10	$24.90-$26.10 (cap $90.00)
120	120	60	300	0.50	direct	anytime	0.75	0.35	0.40	0.40	real effect	20	1	0.00000	0.00000	1.00000	0.00000	1.000	2.000	$0.17-$0.17	$24.90-$26.10 (cap $90.00)
120	120	60	300	0.50	direct	anytime	0.75	0.35	0.40	0.40	real effect	20	120	0.00000	0.00000	1.00000	0.00000	120.000	300.000	$24.90-$26.10	$24.90-$26.10 (cap $90.00)
100	100	100	300	1.00	union	anytime	0.75	0.35	0.40	0.40	real effect	20	1	0.00000	0.00000	1.00000	0.00000	1.000	3.000	$0.25-$0.26	$24.90-$26.10 (cap $90.00)
100	100	100	300	1.00	union	anytime	0.75	0.35	0.40	0.40	real effect	20	100	0.00000	0.00000	1.00000	0.00000	100.000	300.000	$24.90-$26.10	$24.90-$26.10 (cap $90.00)
100	100	100	300	1.00	direct	anytime	0.75	0.35	0.40	0.40	real effect	20	1	0.00000	0.00000	1.00000	0.00000	1.000	3.000	$0.25-$0.26	$24.90-$26.10 (cap $90.00)
100	100	100	300	1.00	direct	anytime	0.75	0.35	0.40	0.40	real effect	20	100	0.25000	0.00000	0.75000	0.09682	94.450	283.350	$23.52-$24.65	$24.90-$26.10 (cap $90.00)
75	75	150	300	2.00	union	anytime	0.75	0.35	0.40	0.40	real effect	20	1	0.00000	0.00000	1.00000	0.00000	1.000	4.000	$0.33-$0.35	$24.90-$26.10 (cap $90.00)
75	75	150	300	2.00	union	anytime	0.75	0.35	0.40	0.40	real effect	20	75	0.00000	0.00000	1.00000	0.00000	75.000	300.000	$24.90-$26.10	$24.90-$26.10 (cap $90.00)
75	75	150	300	2.00	direct	anytime	0.75	0.35	0.40	0.40	real effect	20	1	0.00000	0.00000	1.00000	0.00000	1.000	4.000	$0.33-$0.35	$24.90-$26.10 (cap $90.00)
75	75	150	300	2.00	direct	anytime	0.75	0.35	0.40	0.40	real effect	20	75	0.15000	0.00000	0.85000	0.07984	70.550	282.200	$23.42-$24.55	$24.90-$26.10 (cap $90.00)
480	480	240	1200	0.50	union	anytime	0.75	0.35	0.40	0.40	real effect	20	1	0.00000	0.00000	1.00000	0.00000	1.000	2.000	$0.17-$0.17	$99.60-$104.40 (cap $360.00)
480	480	240	1200	0.50	union	anytime	0.75	0.35	0.40	0.40	real effect	20	480	0.20000	0.00000	0.80000	0.08944	447.150	1117.850	$92.78-$97.25	$99.60-$104.40 (cap $360.00)
480	480	240	1200	0.50	direct	anytime	0.75	0.35	0.40	0.40	real effect	20	1	0.00000	0.00000	1.00000	0.00000	1.000	2.000	$0.17-$0.17	$99.60-$104.40 (cap $360.00)
480	480	240	1200	0.50	direct	anytime	0.75	0.35	0.40	0.40	real effect	20	480	0.60000	0.00000	0.40000	0.10954	365.750	914.350	$75.89-$79.55	$99.60-$104.40 (cap $360.00)
400	400	400	1200	1.00	union	anytime	0.75	0.35	0.40	0.40	real effect	20	1	0.00000	0.00000	1.00000	0.00000	1.000	3.000	$0.25-$0.26	$99.60-$104.40 (cap $360.00)
400	400	400	1200	1.00	union	anytime	0.75	0.35	0.40	0.40	real effect	20	400	0.20000	0.00000	0.80000	0.08944	373.350	1120.050	$92.96-$97.44	$99.60-$104.40 (cap $360.00)
400	400	400	1200	1.00	direct	anytime	0.75	0.35	0.40	0.40	real effect	20	1	0.00000	0.00000	1.00000	0.00000	1.000	3.000	$0.25-$0.26	$99.60-$104.40 (cap $360.00)
400	400	400	1200	1.00	direct	anytime	0.75	0.35	0.40	0.40	real effect	20	400	0.90000	0.00000	0.10000	0.06708	241.650	724.950	$60.17-$63.07	$99.60-$104.40 (cap $360.00)
300	300	600	1200	2.00	union	anytime	0.75	0.35	0.40	0.40	real effect	20	1	0.00000	0.00000	1.00000	0.00000	1.000	4.000	$0.33-$0.35	$99.60-$104.40 (cap $360.00)
300	300	600	1200	2.00	union	anytime	0.75	0.35	0.40	0.40	real effect	20	300	0.20000	0.00000	0.80000	0.08944	276.050	1104.200	$91.65-$96.07	$99.60-$104.40 (cap $360.00)
300	300	600	1200	2.00	direct	anytime	0.75	0.35	0.40	0.40	real effect	20	1	0.00000	0.00000	1.00000	0.00000	1.000	4.000	$0.33-$0.35	$99.60-$104.40 (cap $360.00)
300	300	600	1200	2.00	direct	anytime	0.75	0.35	0.40	0.40	real effect	20	300	0.90000	0.00000	0.10000	0.06708	169.400	677.600	$56.24-$58.95	$99.60-$104.40 (cap $360.00)
120	120	60	300	0.50	union	anytime	0.40	0.40	0.30	0.00	no-lift	20	1	0.00000	0.00000	1.00000	0.00000	1.000	2.000	$0.17-$0.17	$24.90-$26.10 (cap $90.00)
120	120	60	300	0.50	union	anytime	0.40	0.40	0.30	0.00	no-lift	20	120	0.00000	0.50000	0.50000	0.00000	93.050	232.500	$19.30-$20.23	$24.90-$26.10 (cap $90.00)
120	120	60	300	0.50	direct	anytime	0.40	0.40	0.30	0.00	no-lift	20	1	0.00000	0.00000	1.00000	0.00000	1.000	2.000	$0.17-$0.17	$24.90-$26.10 (cap $90.00)
120	120	60	300	0.50	direct	anytime	0.40	0.40	0.30	0.00	no-lift	20	120	0.00000	0.50000	0.50000	0.00000	93.050	232.500	$19.30-$20.23	$24.90-$26.10 (cap $90.00)
100	100	100	300	1.00	union	anytime	0.40	0.40	0.30	0.00	no-lift	20	1	0.00000	0.00000	1.00000	0.00000	1.000	3.000	$0.25-$0.26	$24.90-$26.10 (cap $90.00)
100	100	100	300	1.00	union	anytime	0.40	0.40	0.30	0.00	no-lift	20	100	0.00000	0.45000	0.55000	0.00000	68.600	205.800	$17.08-$17.90	$24.90-$26.10 (cap $90.00)
100	100	100	300	1.00	direct	anytime	0.40	0.40	0.30	0.00	no-lift	20	1	0.00000	0.00000	1.00000	0.00000	1.000	3.000	$0.25-$0.26	$24.90-$26.10 (cap $90.00)
100	100	100	300	1.00	direct	anytime	0.40	0.40	0.30	0.00	no-lift	20	100	0.00000	0.45000	0.55000	0.00000	68.600	205.800	$17.08-$17.90	$24.90-$26.10 (cap $90.00)
75	75	150	300	2.00	union	anytime	0.40	0.40	0.30	0.00	no-lift	20	1	0.00000	0.00000	1.00000	0.00000	1.000	4.000	$0.33-$0.35	$24.90-$26.10 (cap $90.00)
75	75	150	300	2.00	union	anytime	0.40	0.40	0.30	0.00	no-lift	20	75	0.00000	0.30000	0.70000	0.00000	61.300	245.200	$20.35-$21.33	$24.90-$26.10 (cap $90.00)
75	75	150	300	2.00	direct	anytime	0.40	0.40	0.30	0.00	no-lift	20	1	0.00000	0.00000	1.00000	0.00000	1.000	4.000	$0.33-$0.35	$24.90-$26.10 (cap $90.00)
75	75	150	300	2.00	direct	anytime	0.40	0.40	0.30	0.00	no-lift	20	75	0.00000	0.30000	0.70000	0.00000	61.300	245.200	$20.35-$21.33	$24.90-$26.10 (cap $90.00)
480	480	240	1200	0.50	union	anytime	0.40	0.40	0.30	0.00	no-lift	20	1	0.00000	0.00000	1.00000	0.00000	1.000	2.000	$0.17-$0.17	$99.60-$104.40 (cap $360.00)
480	480	240	1200	0.50	union	anytime	0.40	0.40	0.30	0.00	no-lift	20	480	0.00000	0.95000	0.05000	0.00000	152.500	381.050	$31.63-$33.15	$99.60-$104.40 (cap $360.00)
480	480	240	1200	0.50	direct	anytime	0.40	0.40	0.30	0.00	no-lift	20	1	0.00000	0.00000	1.00000	0.00000	1.000	2.000	$0.17-$0.17	$99.60-$104.40 (cap $360.00)
480	480	240	1200	0.50	direct	anytime	0.40	0.40	0.30	0.00	no-lift	20	480	0.00000	0.95000	0.05000	0.00000	152.500	381.050	$31.63-$33.15	$99.60-$104.40 (cap $360.00)
400	400	400	1200	1.00	union	anytime	0.40	0.40	0.30	0.00	no-lift	20	1	0.00000	0.00000	1.00000	0.00000	1.000	3.000	$0.25-$0.26	$99.60-$104.40 (cap $360.00)
400	400	400	1200	1.00	union	anytime	0.40	0.40	0.30	0.00	no-lift	20	400	0.00000	0.95000	0.05000	0.00000	142.550	427.650	$35.49-$37.21	$99.60-$104.40 (cap $360.00)
400	400	400	1200	1.00	direct	anytime	0.40	0.40	0.30	0.00	no-lift	20	1	0.00000	0.00000	1.00000	0.00000	1.000	3.000	$0.25-$0.26	$99.60-$104.40 (cap $360.00)
400	400	400	1200	1.00	direct	anytime	0.40	0.40	0.30	0.00	no-lift	20	400	0.00000	0.95000	0.05000	0.00000	142.550	427.650	$35.49-$37.21	$99.60-$104.40 (cap $360.00)
300	300	600	1200	2.00	union	anytime	0.40	0.40	0.30	0.00	no-lift	20	1	0.00000	0.00000	1.00000	0.00000	1.000	4.000	$0.33-$0.35	$99.60-$104.40 (cap $360.00)
300	300	600	1200	2.00	union	anytime	0.40	0.40	0.30	0.00	no-lift	20	300	0.00000	0.95000	0.05000	0.00000	105.350	421.400	$34.98-$36.66	$99.60-$104.40 (cap $360.00)
300	300	600	1200	2.00	direct	anytime	0.40	0.40	0.30	0.00	no-lift	20	1	0.00000	0.00000	1.00000	0.00000	1.000	4.000	$0.33-$0.35	$99.60-$104.40 (cap $360.00)
300	300	600	1200	2.00	direct	anytime	0.40	0.40	0.30	0.00	no-lift	20	300	0.00000	0.95000	0.05000	0.00000	105.350	421.400	$34.98-$36.66	$99.60-$104.40 (cap $360.00)
120	120	60	300	0.50	union	anytime	0.50	0.40	0.30	0.10	no-lift	20	1	0.00000	0.00000	1.00000	0.00000	1.000	2.000	$0.17-$0.17	$24.90-$26.10 (cap $90.00)
120	120	60	300	0.50	union	anytime	0.50	0.40	0.30	0.10	no-lift	20	120	0.00000	0.15000	0.85000	0.00000	105.850	264.550	$21.96-$23.02	$24.90-$26.10 (cap $90.00)
120	120	60	300	0.50	direct	anytime	0.50	0.40	0.30	0.10	no-lift	20	1	0.00000	0.00000	1.00000	0.00000	1.000	2.000	$0.17-$0.17	$24.90-$26.10 (cap $90.00)
120	120	60	300	0.50	direct	anytime	0.50	0.40	0.30	0.10	no-lift	20	120	0.00000	0.15000	0.85000	0.00000	105.850	264.550	$21.96-$23.02	$24.90-$26.10 (cap $90.00)
100	100	100	300	1.00	union	anytime	0.50	0.40	0.30	0.10	no-lift	20	1	0.00000	0.00000	1.00000	0.00000	1.000	3.000	$0.25-$0.26	$24.90-$26.10 (cap $90.00)
100	100	100	300	1.00	union	anytime	0.50	0.40	0.30	0.10	no-lift	20	100	0.00000	0.15000	0.85000	0.00000	91.700	275.100	$22.83-$23.93	$24.90-$26.10 (cap $90.00)
100	100	100	300	1.00	direct	anytime	0.50	0.40	0.30	0.10	no-lift	20	1	0.00000	0.00000	1.00000	0.00000	1.000	3.000	$0.25-$0.26	$24.90-$26.10 (cap $90.00)
100	100	100	300	1.00	direct	anytime	0.50	0.40	0.30	0.10	no-lift	20	100	0.00000	0.15000	0.85000	0.00000	91.700	275.100	$22.83-$23.93	$24.90-$26.10 (cap $90.00)
75	75	150	300	2.00	union	anytime	0.50	0.40	0.30	0.10	no-lift	20	1	0.00000	0.00000	1.00000	0.00000	1.000	4.000	$0.33-$0.35	$24.90-$26.10 (cap $90.00)
75	75	150	300	2.00	union	anytime	0.50	0.40	0.30	0.10	no-lift	20	75	0.00000	0.20000	0.80000	0.00000	66.500	266.000	$22.08-$23.14	$24.90-$26.10 (cap $90.00)
75	75	150	300	2.00	direct	anytime	0.50	0.40	0.30	0.10	no-lift	20	1	0.00000	0.00000	1.00000	0.00000	1.000	4.000	$0.33-$0.35	$24.90-$26.10 (cap $90.00)
75	75	150	300	2.00	direct	anytime	0.50	0.40	0.30	0.10	no-lift	20	75	0.00000	0.20000	0.80000	0.00000	66.500	266.000	$22.08-$23.14	$24.90-$26.10 (cap $90.00)
480	480	240	1200	0.50	union	anytime	0.50	0.40	0.30	0.10	no-lift	20	1	0.00000	0.00000	1.00000	0.00000	1.000	2.000	$0.17-$0.17	$99.60-$104.40 (cap $360.00)
480	480	240	1200	0.50	union	anytime	0.50	0.40	0.30	0.10	no-lift	20	480	0.00000	0.75000	0.25000	0.00000	293.050	732.450	$60.79-$63.72	$99.60-$104.40 (cap $360.00)
480	480	240	1200	0.50	direct	anytime	0.50	0.40	0.30	0.10	no-lift	20	1	0.00000	0.00000	1.00000	0.00000	1.000	2.000	$0.17-$0.17	$99.60-$104.40 (cap $360.00)
480	480	240	1200	0.50	direct	anytime	0.50	0.40	0.30	0.10	no-lift	20	480	0.00000	0.75000	0.25000	0.00000	293.050	732.450	$60.79-$63.72	$99.60-$104.40 (cap $360.00)
400	400	400	1200	1.00	union	anytime	0.50	0.40	0.30	0.10	no-lift	20	1	0.00000	0.00000	1.00000	0.00000	1.000	3.000	$0.25-$0.26	$99.60-$104.40 (cap $360.00)
400	400	400	1200	1.00	union	anytime	0.50	0.40	0.30	0.10	no-lift	20	400	0.00000	0.40000	0.60000	0.00000	300.350	901.050	$74.79-$78.39	$99.60-$104.40 (cap $360.00)
400	400	400	1200	1.00	direct	anytime	0.50	0.40	0.30	0.10	no-lift	20	1	0.00000	0.00000	1.00000	0.00000	1.000	3.000	$0.25-$0.26	$99.60-$104.40 (cap $360.00)
400	400	400	1200	1.00	direct	anytime	0.50	0.40	0.30	0.10	no-lift	20	400	0.00000	0.40000	0.60000	0.00000	300.350	901.050	$74.79-$78.39	$99.60-$104.40 (cap $360.00)
300	300	600	1200	2.00	union	anytime	0.50	0.40	0.30	0.10	no-lift	20	1	0.00000	0.00000	1.00000	0.00000	1.000	4.000	$0.33-$0.35	$99.60-$104.40 (cap $360.00)
300	300	600	1200	2.00	union	anytime	0.50	0.40	0.30	0.10	no-lift	20	300	0.00000	0.50000	0.50000	0.00000	194.900	779.600	$64.71-$67.83	$99.60-$104.40 (cap $360.00)
300	300	600	1200	2.00	direct	anytime	0.50	0.40	0.30	0.10	no-lift	20	1	0.00000	0.00000	1.00000	0.00000	1.000	4.000	$0.33-$0.35	$99.60-$104.40 (cap $360.00)
300	300	600	1200	2.00	direct	anytime	0.50	0.40	0.30	0.10	no-lift	20	300	0.00000	0.50000	0.50000	0.00000	194.900	779.600	$64.71-$67.83	$99.60-$104.40 (cap $360.00)
120	120	60	300	0.50	union	anytime	0.55	0.40	0.30	0.15	no-lift	20	1	0.00000	0.00000	1.00000	0.00000	1.000	2.000	$0.17-$0.17	$24.90-$26.10 (cap $90.00)
120	120	60	300	0.50	union	anytime	0.55	0.40	0.30	0.15	no-lift	20	120	0.00000	0.10000	0.90000	0.00000	110.200	275.450	$22.86-$23.96	$24.90-$26.10 (cap $90.00)
120	120	60	300	0.50	direct	anytime	0.55	0.40	0.30	0.15	no-lift	20	1	0.00000	0.00000	1.00000	0.00000	1.000	2.000	$0.17-$0.17	$24.90-$26.10 (cap $90.00)
120	120	60	300	0.50	direct	anytime	0.55	0.40	0.30	0.15	no-lift	20	120	0.00000	0.10000	0.90000	0.00000	110.200	275.450	$22.86-$23.96	$24.90-$26.10 (cap $90.00)
100	100	100	300	1.00	union	anytime	0.55	0.40	0.30	0.15	no-lift	20	1	0.00000	0.00000	1.00000	0.00000	1.000	3.000	$0.25-$0.26	$24.90-$26.10 (cap $90.00)
100	100	100	300	1.00	union	anytime	0.55	0.40	0.30	0.15	no-lift	20	100	0.00000	0.10000	0.90000	0.00000	93.400	280.200	$23.26-$24.38	$24.90-$26.10 (cap $90.00)
100	100	100	300	1.00	direct	anytime	0.55	0.40	0.30	0.15	no-lift	20	1	0.00000	0.00000	1.00000	0.00000	1.000	3.000	$0.25-$0.26	$24.90-$26.10 (cap $90.00)
100	100	100	300	1.00	direct	anytime	0.55	0.40	0.30	0.15	no-lift	20	100	0.00000	0.10000	0.90000	0.00000	93.400	280.200	$23.26-$24.38	$24.90-$26.10 (cap $90.00)
75	75	150	300	2.00	union	anytime	0.55	0.40	0.30	0.15	no-lift	20	1	0.00000	0.00000	1.00000	0.00000	1.000	4.000	$0.33-$0.35	$24.90-$26.10 (cap $90.00)
75	75	150	300	2.00	union	anytime	0.55	0.40	0.30	0.15	no-lift	20	75	0.00000	0.05000	0.95000	0.00000	72.400	289.600	$24.04-$25.20	$24.90-$26.10 (cap $90.00)
75	75	150	300	2.00	direct	anytime	0.55	0.40	0.30	0.15	no-lift	20	1	0.00000	0.00000	1.00000	0.00000	1.000	4.000	$0.33-$0.35	$24.90-$26.10 (cap $90.00)
75	75	150	300	2.00	direct	anytime	0.55	0.40	0.30	0.15	no-lift	20	75	0.00000	0.05000	0.95000	0.00000	72.400	289.600	$24.04-$25.20	$24.90-$26.10 (cap $90.00)
480	480	240	1200	0.50	union	anytime	0.55	0.40	0.30	0.15	no-lift	20	1	0.00000	0.00000	1.00000	0.00000	1.000	2.000	$0.17-$0.17	$99.60-$104.40 (cap $360.00)
480	480	240	1200	0.50	union	anytime	0.55	0.40	0.30	0.15	no-lift	20	480	0.00000	0.20000	0.80000	0.00000	415.300	1038.200	$86.17-$90.32	$99.60-$104.40 (cap $360.00)
480	480	240	1200	0.50	direct	anytime	0.55	0.40	0.30	0.15	no-lift	20	1	0.00000	0.00000	1.00000	0.00000	1.000	2.000	$0.17-$0.17	$99.60-$104.40 (cap $360.00)
480	480	240	1200	0.50	direct	anytime	0.55	0.40	0.30	0.15	no-lift	20	480	0.00000	0.20000	0.80000	0.00000	415.300	1038.200	$86.17-$90.32	$99.60-$104.40 (cap $360.00)
400	400	400	1200	1.00	union	anytime	0.55	0.40	0.30	0.15	no-lift	20	1	0.00000	0.00000	1.00000	0.00000	1.000	3.000	$0.25-$0.26	$99.60-$104.40 (cap $360.00)
400	400	400	1200	1.00	union	anytime	0.55	0.40	0.30	0.15	no-lift	20	400	0.00000	0.10000	0.90000	0.00000	381.450	1144.350	$94.98-$99.56	$99.60-$104.40 (cap $360.00)
400	400	400	1200	1.00	direct	anytime	0.55	0.40	0.30	0.15	no-lift	20	1	0.00000	0.00000	1.00000	0.00000	1.000	3.000	$0.25-$0.26	$99.60-$104.40 (cap $360.00)
400	400	400	1200	1.00	direct	anytime	0.55	0.40	0.30	0.15	no-lift	20	400	0.00000	0.10000	0.90000	0.00000	381.450	1144.350	$94.98-$99.56	$99.60-$104.40 (cap $360.00)
300	300	600	1200	2.00	union	anytime	0.55	0.40	0.30	0.15	no-lift	20	1	0.00000	0.00000	1.00000	0.00000	1.000	4.000	$0.33-$0.35	$99.60-$104.40 (cap $360.00)
300	300	600	1200	2.00	union	anytime	0.55	0.40	0.30	0.15	no-lift	20	300	0.00000	0.15000	0.85000	0.00000	268.350	1073.400	$89.09-$93.39	$99.60-$104.40 (cap $360.00)
300	300	600	1200	2.00	direct	anytime	0.55	0.40	0.30	0.15	no-lift	20	1	0.00000	0.00000	1.00000	0.00000	1.000	4.000	$0.33-$0.35	$99.60-$104.40 (cap $360.00)
300	300	600	1200	2.00	direct	anytime	0.55	0.40	0.30	0.15	no-lift	20	300	0.00000	0.15000	0.85000	0.00000	268.350	1073.400	$89.09-$93.39	$99.60-$104.40 (cap $360.00)
120	120	60	300	0.50	union	anytime	0.60	0.40	0.30	0.20	calibration	20	1	0.00000	0.00000	1.00000	0.00000	1.000	2.000	$0.17-$0.17	$24.90-$26.10 (cap $90.00)
120	120	60	300	0.50	union	anytime	0.60	0.40	0.30	0.20	calibration	20	120	0.00000	0.00000	1.00000	0.00000	120.000	300.000	$24.90-$26.10	$24.90-$26.10 (cap $90.00)
120	120	60	300	0.50	direct	anytime	0.60	0.40	0.30	0.20	calibration	20	1	0.00000	0.00000	1.00000	0.00000	1.000	2.000	$0.17-$0.17	$24.90-$26.10 (cap $90.00)
120	120	60	300	0.50	direct	anytime	0.60	0.40	0.30	0.20	calibration	20	120	0.00000	0.00000	1.00000	0.00000	120.000	300.000	$24.90-$26.10	$24.90-$26.10 (cap $90.00)
100	100	100	300	1.00	union	anytime	0.60	0.40	0.30	0.20	calibration	20	1	0.00000	0.00000	1.00000	0.00000	1.000	3.000	$0.25-$0.26	$24.90-$26.10 (cap $90.00)
100	100	100	300	1.00	union	anytime	0.60	0.40	0.30	0.20	calibration	20	100	0.00000	0.00000	1.00000	0.00000	100.000	300.000	$24.90-$26.10	$24.90-$26.10 (cap $90.00)
100	100	100	300	1.00	direct	anytime	0.60	0.40	0.30	0.20	calibration	20	1	0.00000	0.00000	1.00000	0.00000	1.000	3.000	$0.25-$0.26	$24.90-$26.10 (cap $90.00)
100	100	100	300	1.00	direct	anytime	0.60	0.40	0.30	0.20	calibration	20	100	0.00000	0.00000	1.00000	0.00000	100.000	300.000	$24.90-$26.10	$24.90-$26.10 (cap $90.00)
75	75	150	300	2.00	union	anytime	0.60	0.40	0.30	0.20	calibration	20	1	0.00000	0.00000	1.00000	0.00000	1.000	4.000	$0.33-$0.35	$24.90-$26.10 (cap $90.00)
75	75	150	300	2.00	union	anytime	0.60	0.40	0.30	0.20	calibration	20	75	0.00000	0.05000	0.95000	0.00000	72.700	290.800	$24.14-$25.30	$24.90-$26.10 (cap $90.00)
75	75	150	300	2.00	direct	anytime	0.60	0.40	0.30	0.20	calibration	20	1	0.00000	0.00000	1.00000	0.00000	1.000	4.000	$0.33-$0.35	$24.90-$26.10 (cap $90.00)
75	75	150	300	2.00	direct	anytime	0.60	0.40	0.30	0.20	calibration	20	75	0.00000	0.05000	0.95000	0.00000	72.700	290.800	$24.14-$25.30	$24.90-$26.10 (cap $90.00)
480	480	240	1200	0.50	union	anytime	0.60	0.40	0.30	0.20	calibration	20	1	0.00000	0.00000	1.00000	0.00000	1.000	2.000	$0.17-$0.17	$99.60-$104.40 (cap $360.00)
480	480	240	1200	0.50	union	anytime	0.60	0.40	0.30	0.20	calibration	20	480	0.00000	0.05000	0.95000	0.00000	461.350	1153.350	$95.73-$100.34	$99.60-$104.40 (cap $360.00)
480	480	240	1200	0.50	direct	anytime	0.60	0.40	0.30	0.20	calibration	20	1	0.00000	0.00000	1.00000	0.00000	1.000	2.000	$0.17-$0.17	$99.60-$104.40 (cap $360.00)
480	480	240	1200	0.50	direct	anytime	0.60	0.40	0.30	0.20	calibration	20	480	0.00000	0.05000	0.95000	0.00000	461.350	1153.350	$95.73-$100.34	$99.60-$104.40 (cap $360.00)
400	400	400	1200	1.00	union	anytime	0.60	0.40	0.30	0.20	calibration	20	1	0.00000	0.00000	1.00000	0.00000	1.000	3.000	$0.25-$0.26	$99.60-$104.40 (cap $360.00)
400	400	400	1200	1.00	union	anytime	0.60	0.40	0.30	0.20	calibration	20	400	0.00000	0.00000	1.00000	0.00000	400.000	1200.000	$99.60-$104.40	$99.60-$104.40 (cap $360.00)
400	400	400	1200	1.00	direct	anytime	0.60	0.40	0.30	0.20	calibration	20	1	0.00000	0.00000	1.00000	0.00000	1.000	3.000	$0.25-$0.26	$99.60-$104.40 (cap $360.00)
400	400	400	1200	1.00	direct	anytime	0.60	0.40	0.30	0.20	calibration	20	400	0.00000	0.00000	1.00000	0.00000	400.000	1200.000	$99.60-$104.40	$99.60-$104.40 (cap $360.00)
300	300	600	1200	2.00	union	anytime	0.60	0.40	0.30	0.20	calibration	20	1	0.00000	0.00000	1.00000	0.00000	1.000	4.000	$0.33-$0.35	$99.60-$104.40 (cap $360.00)
300	300	600	1200	2.00	union	anytime	0.60	0.40	0.30	0.20	calibration	20	300	0.00000	0.00000	1.00000	0.00000	300.000	1200.000	$99.60-$104.40	$99.60-$104.40 (cap $360.00)
300	300	600	1200	2.00	direct	anytime	0.60	0.40	0.30	0.20	calibration	20	1	0.00000	0.00000	1.00000	0.00000	1.000	4.000	$0.33-$0.35	$99.60-$104.40 (cap $360.00)
300	300	600	1200	2.00	direct	anytime	0.60	0.40	0.30	0.20	calibration	20	300	0.00000	0.00000	1.00000	0.00000	300.000	1200.000	$99.60-$104.40	$99.60-$104.40 (cap $360.00)
120	120	60	300	0.50	union	anytime	0.65	0.40	0.30	0.25	small real effect	20	1	0.00000	0.00000	1.00000	0.00000	1.000	2.000	$0.17-$0.17	$24.90-$26.10 (cap $90.00)
120	120	60	300	0.50	union	anytime	0.65	0.40	0.30	0.25	small real effect	20	120	0.00000	0.00000	1.00000	0.00000	120.000	300.000	$24.90-$26.10	$24.90-$26.10 (cap $90.00)
120	120	60	300	0.50	direct	anytime	0.65	0.40	0.30	0.25	small real effect	20	1	0.00000	0.00000	1.00000	0.00000	1.000	2.000	$0.17-$0.17	$24.90-$26.10 (cap $90.00)
120	120	60	300	0.50	direct	anytime	0.65	0.40	0.30	0.25	small real effect	20	120	0.00000	0.00000	1.00000	0.00000	120.000	300.000	$24.90-$26.10	$24.90-$26.10 (cap $90.00)
100	100	100	300	1.00	union	anytime	0.65	0.40	0.30	0.25	small real effect	20	1	0.00000	0.00000	1.00000	0.00000	1.000	3.000	$0.25-$0.26	$24.90-$26.10 (cap $90.00)
100	100	100	300	1.00	union	anytime	0.65	0.40	0.30	0.25	small real effect	20	100	0.00000	0.00000	1.00000	0.00000	100.000	300.000	$24.90-$26.10	$24.90-$26.10 (cap $90.00)
100	100	100	300	1.00	direct	anytime	0.65	0.40	0.30	0.25	small real effect	20	1	0.00000	0.00000	1.00000	0.00000	1.000	3.000	$0.25-$0.26	$24.90-$26.10 (cap $90.00)
100	100	100	300	1.00	direct	anytime	0.65	0.40	0.30	0.25	small real effect	20	100	0.00000	0.00000	1.00000	0.00000	100.000	300.000	$24.90-$26.10	$24.90-$26.10 (cap $90.00)
75	75	150	300	2.00	union	anytime	0.65	0.40	0.30	0.25	small real effect	20	1	0.00000	0.00000	1.00000	0.00000	1.000	4.000	$0.33-$0.35	$24.90-$26.10 (cap $90.00)
75	75	150	300	2.00	union	anytime	0.65	0.40	0.30	0.25	small real effect	20	75	0.00000	0.05000	0.95000	0.00000	71.950	287.800	$23.89-$25.04	$24.90-$26.10 (cap $90.00)
75	75	150	300	2.00	direct	anytime	0.65	0.40	0.30	0.25	small real effect	20	1	0.00000	0.00000	1.00000	0.00000	1.000	4.000	$0.33-$0.35	$24.90-$26.10 (cap $90.00)
75	75	150	300	2.00	direct	anytime	0.65	0.40	0.30	0.25	small real effect	20	75	0.00000	0.05000	0.95000	0.00000	71.950	287.800	$23.89-$25.04	$24.90-$26.10 (cap $90.00)
480	480	240	1200	0.50	union	anytime	0.65	0.40	0.30	0.25	small real effect	20	1	0.00000	0.00000	1.00000	0.00000	1.000	2.000	$0.17-$0.17	$99.60-$104.40 (cap $360.00)
480	480	240	1200	0.50	union	anytime	0.65	0.40	0.30	0.25	small real effect	20	480	0.15000	0.00000	0.85000	0.07984	457.450	1143.600	$94.92-$99.49	$99.60-$104.40 (cap $360.00)
480	480	240	1200	0.50	direct	anytime	0.65	0.40	0.30	0.25	small real effect	20	1	0.00000	0.00000	1.00000	0.00000	1.000	2.000	$0.17-$0.17	$99.60-$104.40 (cap $360.00)
480	480	240	1200	0.50	direct	anytime	0.65	0.40	0.30	0.25	small real effect	20	480	0.20000	0.00000	0.80000	0.08944	433.350	1083.350	$89.92-$94.25	$99.60-$104.40 (cap $360.00)
400	400	400	1200	1.00	union	anytime	0.65	0.40	0.30	0.25	small real effect	20	1	0.00000	0.00000	1.00000	0.00000	1.000	3.000	$0.25-$0.26	$99.60-$104.40 (cap $360.00)
400	400	400	1200	1.00	union	anytime	0.65	0.40	0.30	0.25	small real effect	20	400	0.05000	0.00000	0.95000	0.04873	391.150	1173.450	$97.40-$102.09	$99.60-$104.40 (cap $360.00)
400	400	400	1200	1.00	direct	anytime	0.65	0.40	0.30	0.25	small real effect	20	1	0.00000	0.00000	1.00000	0.00000	1.000	3.000	$0.25-$0.26	$99.60-$104.40 (cap $360.00)
400	400	400	1200	1.00	direct	anytime	0.65	0.40	0.30	0.25	small real effect	20	400	0.10000	0.00000	0.90000	0.06708	384.750	1154.250	$95.80-$100.42	$99.60-$104.40 (cap $360.00)
300	300	600	1200	2.00	union	anytime	0.65	0.40	0.30	0.25	small real effect	20	1	0.00000	0.00000	1.00000	0.00000	1.000	4.000	$0.33-$0.35	$99.60-$104.40 (cap $360.00)
300	300	600	1200	2.00	union	anytime	0.65	0.40	0.30	0.25	small real effect	20	300	0.00000	0.00000	1.00000	0.00000	300.000	1200.000	$99.60-$104.40	$99.60-$104.40 (cap $360.00)
300	300	600	1200	2.00	direct	anytime	0.65	0.40	0.30	0.25	small real effect	20	1	0.00000	0.00000	1.00000	0.00000	1.000	4.000	$0.33-$0.35	$99.60-$104.40 (cap $360.00)
300	300	600	1200	2.00	direct	anytime	0.65	0.40	0.30	0.25	small real effect	20	300	0.00000	0.00000	1.00000	0.00000	300.000	1200.000	$99.60-$104.40	$99.60-$104.40 (cap $360.00)
120	120	60	300	0.50	union	anytime	0.70	0.40	0.30	0.30	real effect	20	1	0.00000	0.00000	1.00000	0.00000	1.000	2.000	$0.17-$0.17	$24.90-$26.10 (cap $90.00)
120	120	60	300	0.50	union	anytime	0.70	0.40	0.30	0.30	real effect	20	120	0.00000	0.00000	1.00000	0.00000	120.000	300.000	$24.90-$26.10	$24.90-$26.10 (cap $90.00)
120	120	60	300	0.50	direct	anytime	0.70	0.40	0.30	0.30	real effect	20	1	0.00000	0.00000	1.00000	0.00000	1.000	2.000	$0.17-$0.17	$24.90-$26.10 (cap $90.00)
120	120	60	300	0.50	direct	anytime	0.70	0.40	0.30	0.30	real effect	20	120	0.05000	0.00000	0.95000	0.04873	117.900	294.750	$24.46-$25.64	$24.90-$26.10 (cap $90.00)
100	100	100	300	1.00	union	anytime	0.70	0.40	0.30	0.30	real effect	20	1	0.00000	0.00000	1.00000	0.00000	1.000	3.000	$0.25-$0.26	$24.90-$26.10 (cap $90.00)
100	100	100	300	1.00	union	anytime	0.70	0.40	0.30	0.30	real effect	20	100	0.10000	0.00000	0.90000	0.06708	99.400	298.200	$24.75-$25.94	$24.90-$26.10 (cap $90.00)
100	100	100	300	1.00	direct	anytime	0.70	0.40	0.30	0.30	real effect	20	1	0.00000	0.00000	1.00000	0.00000	1.000	3.000	$0.25-$0.26	$24.90-$26.10 (cap $90.00)
100	100	100	300	1.00	direct	anytime	0.70	0.40	0.30	0.30	real effect	20	100	0.15000	0.00000	0.85000	0.07984	93.600	280.800	$23.31-$24.43	$24.90-$26.10 (cap $90.00)
75	75	150	300	2.00	union	anytime	0.70	0.40	0.30	0.30	real effect	20	1	0.00000	0.00000	1.00000	0.00000	1.000	4.000	$0.33-$0.35	$24.90-$26.10 (cap $90.00)
75	75	150	300	2.00	union	anytime	0.70	0.40	0.30	0.30	real effect	20	75	0.00000	0.00000	1.00000	0.00000	75.000	300.000	$24.90-$26.10	$24.90-$26.10 (cap $90.00)
75	75	150	300	2.00	direct	anytime	0.70	0.40	0.30	0.30	real effect	20	1	0.00000	0.00000	1.00000	0.00000	1.000	4.000	$0.33-$0.35	$24.90-$26.10 (cap $90.00)
75	75	150	300	2.00	direct	anytime	0.70	0.40	0.30	0.30	real effect	20	75	0.10000	0.00000	0.90000	0.06708	72.750	291.000	$24.15-$25.32	$24.90-$26.10 (cap $90.00)
480	480	240	1200	0.50	union	anytime	0.70	0.40	0.30	0.30	real effect	20	1	0.00000	0.00000	1.00000	0.00000	1.000	2.000	$0.17-$0.17	$99.60-$104.40 (cap $360.00)
480	480	240	1200	0.50	union	anytime	0.70	0.40	0.30	0.30	real effect	20	480	0.25000	0.00000	0.75000	0.09682	457.500	1143.700	$94.93-$99.50	$99.60-$104.40 (cap $360.00)
480	480	240	1200	0.50	direct	anytime	0.70	0.40	0.30	0.30	real effect	20	1	0.00000	0.00000	1.00000	0.00000	1.000	2.000	$0.17-$0.17	$99.60-$104.40 (cap $360.00)
480	480	240	1200	0.50	direct	anytime	0.70	0.40	0.30	0.30	real effect	20	480	0.40000	0.00000	0.60000	0.10954	431.300	1078.200	$89.49-$93.80	$99.60-$104.40 (cap $360.00)
400	400	400	1200	1.00	union	anytime	0.70	0.40	0.30	0.30	real effect	20	1	0.00000	0.00000	1.00000	0.00000	1.000	3.000	$0.25-$0.26	$99.60-$104.40 (cap $360.00)
400	400	400	1200	1.00	union	anytime	0.70	0.40	0.30	0.30	real effect	20	400	0.35000	0.00000	0.65000	0.10665	357.350	1072.050	$88.98-$93.27	$99.60-$104.40 (cap $360.00)
400	400	400	1200	1.00	direct	anytime	0.70	0.40	0.30	0.30	real effect	20	1	0.00000	0.00000	1.00000	0.00000	1.000	3.000	$0.25-$0.26	$99.60-$104.40 (cap $360.00)
400	400	400	1200	1.00	direct	anytime	0.70	0.40	0.30	0.30	real effect	20	400	0.45000	0.00000	0.55000	0.11124	334.800	1004.400	$83.37-$87.38	$99.60-$104.40 (cap $360.00)
300	300	600	1200	2.00	union	anytime	0.70	0.40	0.30	0.30	real effect	20	1	0.00000	0.00000	1.00000	0.00000	1.000	4.000	$0.33-$0.35	$99.60-$104.40 (cap $360.00)
300	300	600	1200	2.00	union	anytime	0.70	0.40	0.30	0.30	real effect	20	300	0.20000	0.00000	0.80000	0.08944	276.650	1106.600	$91.85-$96.27	$99.60-$104.40 (cap $360.00)
300	300	600	1200	2.00	direct	anytime	0.70	0.40	0.30	0.30	real effect	20	1	0.00000	0.00000	1.00000	0.00000	1.000	4.000	$0.33-$0.35	$99.60-$104.40 (cap $360.00)
300	300	600	1200	2.00	direct	anytime	0.70	0.40	0.30	0.30	real effect	20	300	0.25000	0.00000	0.75000	0.09682	271.050	1084.200	$89.99-$94.33	$99.60-$104.40 (cap $360.00)
120	120	60	300	0.50	union	anytime	0.80	0.40	0.30	0.40	real effect	20	1	0.00000	0.00000	1.00000	0.00000	1.000	2.000	$0.17-$0.17	$24.90-$26.10 (cap $90.00)
120	120	60	300	0.50	union	anytime	0.80	0.40	0.30	0.40	real effect	20	120	0.20000	0.00000	0.80000	0.08944	108.700	271.700	$22.55-$23.64	$24.90-$26.10 (cap $90.00)
120	120	60	300	0.50	direct	anytime	0.80	0.40	0.30	0.40	real effect	20	1	0.00000	0.00000	1.00000	0.00000	1.000	2.000	$0.17-$0.17	$24.90-$26.10 (cap $90.00)
120	120	60	300	0.50	direct	anytime	0.80	0.40	0.30	0.40	real effect	20	120	0.45000	0.00000	0.55000	0.11124	103.400	258.450	$21.45-$22.49	$24.90-$26.10 (cap $90.00)
100	100	100	300	1.00	union	anytime	0.80	0.40	0.30	0.40	real effect	20	1	0.00000	0.00000	1.00000	0.00000	1.000	3.000	$0.25-$0.26	$24.90-$26.10 (cap $90.00)
100	100	100	300	1.00	union	anytime	0.80	0.40	0.30	0.40	real effect	20	100	0.20000	0.00000	0.80000	0.08944	95.350	286.050	$23.74-$24.89	$24.90-$26.10 (cap $90.00)
100	100	100	300	1.00	direct	anytime	0.80	0.40	0.30	0.40	real effect	20	1	0.00000	0.00000	1.00000	0.00000	1.000	3.000	$0.25-$0.26	$24.90-$26.10 (cap $90.00)
100	100	100	300	1.00	direct	anytime	0.80	0.40	0.30	0.40	real effect	20	100	0.45000	0.00000	0.55000	0.11124	87.700	263.100	$21.84-$22.89	$24.90-$26.10 (cap $90.00)
75	75	150	300	2.00	union	anytime	0.80	0.40	0.30	0.40	real effect	20	1	0.00000	0.00000	1.00000	0.00000	1.000	4.000	$0.33-$0.35	$24.90-$26.10 (cap $90.00)
75	75	150	300	2.00	union	anytime	0.80	0.40	0.30	0.40	real effect	20	75	0.25000	0.00000	0.75000	0.09682	70.400	281.600	$23.37-$24.50	$24.90-$26.10 (cap $90.00)
75	75	150	300	2.00	direct	anytime	0.80	0.40	0.30	0.40	real effect	20	1	0.00000	0.00000	1.00000	0.00000	1.000	4.000	$0.33-$0.35	$24.90-$26.10 (cap $90.00)
75	75	150	300	2.00	direct	anytime	0.80	0.40	0.30	0.40	real effect	20	75	0.35000	0.00000	0.65000	0.10665	69.050	276.200	$22.92-$24.03	$24.90-$26.10 (cap $90.00)
480	480	240	1200	0.50	union	anytime	0.80	0.40	0.30	0.40	real effect	20	1	0.00000	0.00000	1.00000	0.00000	1.000	2.000	$0.17-$0.17	$99.60-$104.40 (cap $360.00)
480	480	240	1200	0.50	union	anytime	0.80	0.40	0.30	0.40	real effect	20	480	1.00000	0.00000	0.00000	0.00000	201.050	502.500	$41.71-$43.72	$99.60-$104.40 (cap $360.00)
480	480	240	1200	0.50	direct	anytime	0.80	0.40	0.30	0.40	real effect	20	1	0.00000	0.00000	1.00000	0.00000	1.000	2.000	$0.17-$0.17	$99.60-$104.40 (cap $360.00)
480	480	240	1200	0.50	direct	anytime	0.80	0.40	0.30	0.40	real effect	20	480	1.00000	0.00000	0.00000	0.00000	143.850	359.500	$29.84-$31.28	$99.60-$104.40 (cap $360.00)
400	400	400	1200	1.00	union	anytime	0.80	0.40	0.30	0.40	real effect	20	1	0.00000	0.00000	1.00000	0.00000	1.000	3.000	$0.25-$0.26	$99.60-$104.40 (cap $360.00)
400	400	400	1200	1.00	union	anytime	0.80	0.40	0.30	0.40	real effect	20	400	1.00000	0.00000	0.00000	0.00000	108.400	325.200	$26.99-$28.29	$99.60-$104.40 (cap $360.00)
400	400	400	1200	1.00	direct	anytime	0.80	0.40	0.30	0.40	real effect	20	1	0.00000	0.00000	1.00000	0.00000	1.000	3.000	$0.25-$0.26	$99.60-$104.40 (cap $360.00)
400	400	400	1200	1.00	direct	anytime	0.80	0.40	0.30	0.40	real effect	20	400	1.00000	0.00000	0.00000	0.00000	93.450	280.350	$23.27-$24.39	$99.60-$104.40 (cap $360.00)
300	300	600	1200	2.00	union	anytime	0.80	0.40	0.30	0.40	real effect	20	1	0.00000	0.00000	1.00000	0.00000	1.000	4.000	$0.33-$0.35	$99.60-$104.40 (cap $360.00)
300	300	600	1200	2.00	union	anytime	0.80	0.40	0.30	0.40	real effect	20	300	1.00000	0.00000	0.00000	0.00000	125.800	503.200	$41.77-$43.78	$99.60-$104.40 (cap $360.00)
300	300	600	1200	2.00	direct	anytime	0.80	0.40	0.30	0.40	real effect	20	1	0.00000	0.00000	1.00000	0.00000	1.000	4.000	$0.33-$0.35	$99.60-$104.40 (cap $360.00)
300	300	600	1200	2.00	direct	anytime	0.80	0.40	0.30	0.40	real effect	20	300	1.00000	0.00000	0.00000	0.00000	124.550	498.200	$41.35-$43.34	$99.60-$104.40 (cap $360.00)
120	120	60	300	0.50	union	anytime	0.40	0.40	0.35	0.00	no-lift	20	1	0.00000	0.00000	1.00000	0.00000	1.000	2.000	$0.17-$0.17	$24.90-$26.10 (cap $90.00)
120	120	60	300	0.50	union	anytime	0.40	0.40	0.35	0.00	no-lift	20	120	0.00000	0.60000	0.40000	0.00000	82.250	205.550	$17.06-$17.88	$24.90-$26.10 (cap $90.00)
120	120	60	300	0.50	direct	anytime	0.40	0.40	0.35	0.00	no-lift	20	1	0.00000	0.00000	1.00000	0.00000	1.000	2.000	$0.17-$0.17	$24.90-$26.10 (cap $90.00)
120	120	60	300	0.50	direct	anytime	0.40	0.40	0.35	0.00	no-lift	20	120	0.00000	0.60000	0.40000	0.00000	82.250	205.550	$17.06-$17.88	$24.90-$26.10 (cap $90.00)
100	100	100	300	1.00	union	anytime	0.40	0.40	0.35	0.00	no-lift	20	1	0.00000	0.00000	1.00000	0.00000	1.000	3.000	$0.25-$0.26	$24.90-$26.10 (cap $90.00)
100	100	100	300	1.00	union	anytime	0.40	0.40	0.35	0.00	no-lift	20	100	0.00000	0.60000	0.40000	0.00000	68.550	205.650	$17.07-$17.89	$24.90-$26.10 (cap $90.00)
100	100	100	300	1.00	direct	anytime	0.40	0.40	0.35	0.00	no-lift	20	1	0.00000	0.00000	1.00000	0.00000	1.000	3.000	$0.25-$0.26	$24.90-$26.10 (cap $90.00)
100	100	100	300	1.00	direct	anytime	0.40	0.40	0.35	0.00	no-lift	20	100	0.00000	0.60000	0.40000	0.00000	68.550	205.650	$17.07-$17.89	$24.90-$26.10 (cap $90.00)
75	75	150	300	2.00	union	anytime	0.40	0.40	0.35	0.00	no-lift	20	1	0.00000	0.00000	1.00000	0.00000	1.000	4.000	$0.33-$0.35	$24.90-$26.10 (cap $90.00)
75	75	150	300	2.00	union	anytime	0.40	0.40	0.35	0.00	no-lift	20	75	0.00000	0.45000	0.55000	0.00000	62.300	249.200	$20.68-$21.68	$24.90-$26.10 (cap $90.00)
75	75	150	300	2.00	direct	anytime	0.40	0.40	0.35	0.00	no-lift	20	1	0.00000	0.00000	1.00000	0.00000	1.000	4.000	$0.33-$0.35	$24.90-$26.10 (cap $90.00)
75	75	150	300	2.00	direct	anytime	0.40	0.40	0.35	0.00	no-lift	20	75	0.00000	0.45000	0.55000	0.00000	62.300	249.200	$20.68-$21.68	$24.90-$26.10 (cap $90.00)
480	480	240	1200	0.50	union	anytime	0.40	0.40	0.35	0.00	no-lift	20	1	0.00000	0.00000	1.00000	0.00000	1.000	2.000	$0.17-$0.17	$99.60-$104.40 (cap $360.00)
480	480	240	1200	0.50	union	anytime	0.40	0.40	0.35	0.00	no-lift	20	480	0.00000	1.00000	0.00000	0.00000	134.200	335.150	$27.82-$29.16	$99.60-$104.40 (cap $360.00)
480	480	240	1200	0.50	direct	anytime	0.40	0.40	0.35	0.00	no-lift	20	1	0.00000	0.00000	1.00000	0.00000	1.000	2.000	$0.17-$0.17	$99.60-$104.40 (cap $360.00)
480	480	240	1200	0.50	direct	anytime	0.40	0.40	0.35	0.00	no-lift	20	480	0.00000	1.00000	0.00000	0.00000	134.200	335.150	$27.82-$29.16	$99.60-$104.40 (cap $360.00)
400	400	400	1200	1.00	union	anytime	0.40	0.40	0.35	0.00	no-lift	20	1	0.00000	0.00000	1.00000	0.00000	1.000	3.000	$0.25-$0.26	$99.60-$104.40 (cap $360.00)
400	400	400	1200	1.00	union	anytime	0.40	0.40	0.35	0.00	no-lift	20	400	0.00000	0.95000	0.05000	0.00000	108.950	326.850	$27.13-$28.44	$99.60-$104.40 (cap $360.00)
400	400	400	1200	1.00	direct	anytime	0.40	0.40	0.35	0.00	no-lift	20	1	0.00000	0.00000	1.00000	0.00000	1.000	3.000	$0.25-$0.26	$99.60-$104.40 (cap $360.00)
400	400	400	1200	1.00	direct	anytime	0.40	0.40	0.35	0.00	no-lift	20	400	0.00000	0.95000	0.05000	0.00000	108.950	326.850	$27.13-$28.44	$99.60-$104.40 (cap $360.00)
300	300	600	1200	2.00	union	anytime	0.40	0.40	0.35	0.00	no-lift	20	1	0.00000	0.00000	1.00000	0.00000	1.000	4.000	$0.33-$0.35	$99.60-$104.40 (cap $360.00)
300	300	600	1200	2.00	union	anytime	0.40	0.40	0.35	0.00	no-lift	20	300	0.00000	0.90000	0.10000	0.00000	113.100	452.400	$37.55-$39.36	$99.60-$104.40 (cap $360.00)
300	300	600	1200	2.00	direct	anytime	0.40	0.40	0.35	0.00	no-lift	20	1	0.00000	0.00000	1.00000	0.00000	1.000	4.000	$0.33-$0.35	$99.60-$104.40 (cap $360.00)
300	300	600	1200	2.00	direct	anytime	0.40	0.40	0.35	0.00	no-lift	20	300	0.00000	0.90000	0.10000	0.00000	113.100	452.400	$37.55-$39.36	$99.60-$104.40 (cap $360.00)
120	120	60	300	0.50	union	anytime	0.50	0.40	0.35	0.10	no-lift	20	1	0.00000	0.00000	1.00000	0.00000	1.000	2.000	$0.17-$0.17	$24.90-$26.10 (cap $90.00)
120	120	60	300	0.50	union	anytime	0.50	0.40	0.35	0.10	no-lift	20	120	0.00000	0.25000	0.75000	0.00000	110.550	276.300	$22.93-$24.04	$24.90-$26.10 (cap $90.00)
120	120	60	300	0.50	direct	anytime	0.50	0.40	0.35	0.10	no-lift	20	1	0.00000	0.00000	1.00000	0.00000	1.000	2.000	$0.17-$0.17	$24.90-$26.10 (cap $90.00)
120	120	60	300	0.50	direct	anytime	0.50	0.40	0.35	0.10	no-lift	20	120	0.00000	0.25000	0.75000	0.00000	110.550	276.300	$22.93-$24.04	$24.90-$26.10 (cap $90.00)
100	100	100	300	1.00	union	anytime	0.50	0.40	0.35	0.10	no-lift	20	1	0.00000	0.00000	1.00000	0.00000	1.000	3.000	$0.25-$0.26	$24.90-$26.10 (cap $90.00)
100	100	100	300	1.00	union	anytime	0.50	0.40	0.35	0.10	no-lift	20	100	0.00000	0.20000	0.80000	0.00000	90.650	271.950	$22.57-$23.66	$24.90-$26.10 (cap $90.00)
100	100	100	300	1.00	direct	anytime	0.50	0.40	0.35	0.10	no-lift	20	1	0.00000	0.00000	1.00000	0.00000	1.000	3.000	$0.25-$0.26	$24.90-$26.10 (cap $90.00)
100	100	100	300	1.00	direct	anytime	0.50	0.40	0.35	0.10	no-lift	20	100	0.00000	0.20000	0.80000	0.00000	90.650	271.950	$22.57-$23.66	$24.90-$26.10 (cap $90.00)
75	75	150	300	2.00	union	anytime	0.50	0.40	0.35	0.10	no-lift	20	1	0.00000	0.00000	1.00000	0.00000	1.000	4.000	$0.33-$0.35	$24.90-$26.10 (cap $90.00)
75	75	150	300	2.00	union	anytime	0.50	0.40	0.35	0.10	no-lift	20	75	0.00000	0.15000	0.85000	0.00000	66.500	266.000	$22.08-$23.14	$24.90-$26.10 (cap $90.00)
75	75	150	300	2.00	direct	anytime	0.50	0.40	0.35	0.10	no-lift	20	1	0.00000	0.00000	1.00000	0.00000	1.000	4.000	$0.33-$0.35	$24.90-$26.10 (cap $90.00)
75	75	150	300	2.00	direct	anytime	0.50	0.40	0.35	0.10	no-lift	20	75	0.00000	0.15000	0.85000	0.00000	66.500	266.000	$22.08-$23.14	$24.90-$26.10 (cap $90.00)
480	480	240	1200	0.50	union	anytime	0.50	0.40	0.35	0.10	no-lift	20	1	0.00000	0.00000	1.00000	0.00000	1.000	2.000	$0.17-$0.17	$99.60-$104.40 (cap $360.00)
480	480	240	1200	0.50	union	anytime	0.50	0.40	0.35	0.10	no-lift	20	480	0.00000	0.50000	0.50000	0.00000	357.300	893.150	$74.13-$77.70	$99.60-$104.40 (cap $360.00)
480	480	240	1200	0.50	direct	anytime	0.50	0.40	0.35	0.10	no-lift	20	1	0.00000	0.00000	1.00000	0.00000	1.000	2.000	$0.17-$0.17	$99.60-$104.40 (cap $360.00)
480	480	240	1200	0.50	direct	anytime	0.50	0.40	0.35	0.10	no-lift	20	480	0.00000	0.50000	0.50000	0.00000	357.300	893.150	$74.13-$77.70	$99.60-$104.40 (cap $360.00)
400	400	400	1200	1.00	union	anytime	0.50	0.40	0.35	0.10	no-lift	20	1	0.00000	0.00000	1.00000	0.00000	1.000	3.000	$0.25-$0.26	$99.60-$104.40 (cap $360.00)
400	400	400	1200	1.00	union	anytime	0.50	0.40	0.35	0.10	no-lift	20	400	0.00000	0.35000	0.65000	0.00000	352.000	1056.000	$87.65-$91.87	$99.60-$104.40 (cap $360.00)
400	400	400	1200	1.00	direct	anytime	0.50	0.40	0.35	0.10	no-lift	20	1	0.00000	0.00000	1.00000	0.00000	1.000	3.000	$0.25-$0.26	$99.60-$104.40 (cap $360.00)
400	400	400	1200	1.00	direct	anytime	0.50	0.40	0.35	0.10	no-lift	20	400	0.00000	0.35000	0.65000	0.00000	352.000	1056.000	$87.65-$91.87	$99.60-$104.40 (cap $360.00)
300	300	600	1200	2.00	union	anytime	0.50	0.40	0.35	0.10	no-lift	20	1	0.00000	0.00000	1.00000	0.00000	1.000	4.000	$0.33-$0.35	$99.60-$104.40 (cap $360.00)
300	300	600	1200	2.00	union	anytime	0.50	0.40	0.35	0.10	no-lift	20	300	0.00000	0.40000	0.60000	0.00000	215.800	863.200	$71.65-$75.10	$99.60-$104.40 (cap $360.00)
300	300	600	1200	2.00	direct	anytime	0.50	0.40	0.35	0.10	no-lift	20	1	0.00000	0.00000	1.00000	0.00000	1.000	4.000	$0.33-$0.35	$99.60-$104.40 (cap $360.00)
300	300	600	1200	2.00	direct	anytime	0.50	0.40	0.35	0.10	no-lift	20	300	0.00000	0.40000	0.60000	0.00000	215.800	863.200	$71.65-$75.10	$99.60-$104.40 (cap $360.00)
120	120	60	300	0.50	union	anytime	0.55	0.40	0.35	0.15	no-lift	20	1	0.00000	0.00000	1.00000	0.00000	1.000	2.000	$0.17-$0.17	$24.90-$26.10 (cap $90.00)
120	120	60	300	0.50	union	anytime	0.55	0.40	0.35	0.15	no-lift	20	120	0.00000	0.05000	0.95000	0.00000	116.800	292.000	$24.24-$25.40	$24.90-$26.10 (cap $90.00)
120	120	60	300	0.50	direct	anytime	0.55	0.40	0.35	0.15	no-lift	20	1	0.00000	0.00000	1.00000	0.00000	1.000	2.000	$0.17-$0.17	$24.90-$26.10 (cap $90.00)
120	120	60	300	0.50	direct	anytime	0.55	0.40	0.35	0.15	no-lift	20	120	0.00000	0.05000	0.95000	0.00000	116.800	292.000	$24.24-$25.40	$24.90-$26.10 (cap $90.00)
100	100	100	300	1.00	union	anytime	0.55	0.40	0.35	0.15	no-lift	20	1	0.00000	0.00000	1.00000	0.00000	1.000	3.000	$0.25-$0.26	$24.90-$26.10 (cap $90.00)
100	100	100	300	1.00	union	anytime	0.55	0.40	0.35	0.15	no-lift	20	100	0.00000	0.10000	0.90000	0.00000	94.400	283.200	$23.51-$24.64	$24.90-$26.10 (cap $90.00)
100	100	100	300	1.00	direct	anytime	0.55	0.40	0.35	0.15	no-lift	20	1	0.00000	0.00000	1.00000	0.00000	1.000	3.000	$0.25-$0.26	$24.90-$26.10 (cap $90.00)
100	100	100	300	1.00	direct	anytime	0.55	0.40	0.35	0.15	no-lift	20	100	0.00000	0.10000	0.90000	0.00000	94.400	283.200	$23.51-$24.64	$24.90-$26.10 (cap $90.00)
75	75	150	300	2.00	union	anytime	0.55	0.40	0.35	0.15	no-lift	20	1	0.00000	0.00000	1.00000	0.00000	1.000	4.000	$0.33-$0.35	$24.90-$26.10 (cap $90.00)
75	75	150	300	2.00	union	anytime	0.55	0.40	0.35	0.15	no-lift	20	75	0.00000	0.05000	0.95000	0.00000	71.800	287.200	$23.84-$24.99	$24.90-$26.10 (cap $90.00)
75	75	150	300	2.00	direct	anytime	0.55	0.40	0.35	0.15	no-lift	20	1	0.00000	0.00000	1.00000	0.00000	1.000	4.000	$0.33-$0.35	$24.90-$26.10 (cap $90.00)
75	75	150	300	2.00	direct	anytime	0.55	0.40	0.35	0.15	no-lift	20	75	0.00000	0.05000	0.95000	0.00000	71.800	287.200	$23.84-$24.99	$24.90-$26.10 (cap $90.00)
480	480	240	1200	0.50	union	anytime	0.55	0.40	0.35	0.15	no-lift	20	1	0.00000	0.00000	1.00000	0.00000	1.000	2.000	$0.17-$0.17	$99.60-$104.40 (cap $360.00)
480	480	240	1200	0.50	union	anytime	0.55	0.40	0.35	0.15	no-lift	20	480	0.00000	0.10000	0.90000	0.00000	442.500	1106.250	$91.82-$96.24	$99.60-$104.40 (cap $360.00)
480	480	240	1200	0.50	direct	anytime	0.55	0.40	0.35	0.15	no-lift	20	1	0.00000	0.00000	1.00000	0.00000	1.000	2.000	$0.17-$0.17	$99.60-$104.40 (cap $360.00)
480	480	240	1200	0.50	direct	anytime	0.55	0.40	0.35	0.15	no-lift	20	480	0.00000	0.10000	0.90000	0.00000	442.500	1106.250	$91.82-$96.24	$99.60-$104.40 (cap $360.00)
400	400	400	1200	1.00	union	anytime	0.55	0.40	0.35	0.15	no-lift	20	1	0.00000	0.00000	1.00000	0.00000	1.000	3.000	$0.25-$0.26	$99.60-$104.40 (cap $360.00)
400	400	400	1200	1.00	union	anytime	0.55	0.40	0.35	0.15	no-lift	20	400	0.00000	0.05000	0.95000	0.00000	391.300	1173.900	$97.43-$102.13	$99.60-$104.40 (cap $360.00)
400	400	400	1200	1.00	direct	anytime	0.55	0.40	0.35	0.15	no-lift	20	1	0.00000	0.00000	1.00000	0.00000	1.000	3.000	$0.25-$0.26	$99.60-$104.40 (cap $360.00)
400	400	400	1200	1.00	direct	anytime	0.55	0.40	0.35	0.15	no-lift	20	400	0.00000	0.05000	0.95000	0.00000	391.300	1173.900	$97.43-$102.13	$99.60-$104.40 (cap $360.00)
300	300	600	1200	2.00	union	anytime	0.55	0.40	0.35	0.15	no-lift	20	1	0.00000	0.00000	1.00000	0.00000	1.000	4.000	$0.33-$0.35	$99.60-$104.40 (cap $360.00)
300	300	600	1200	2.00	union	anytime	0.55	0.40	0.35	0.15	no-lift	20	300	0.00000	0.10000	0.90000	0.00000	273.150	1092.600	$90.69-$95.06	$99.60-$104.40 (cap $360.00)
300	300	600	1200	2.00	direct	anytime	0.55	0.40	0.35	0.15	no-lift	20	1	0.00000	0.00000	1.00000	0.00000	1.000	4.000	$0.33-$0.35	$99.60-$104.40 (cap $360.00)
300	300	600	1200	2.00	direct	anytime	0.55	0.40	0.35	0.15	no-lift	20	300	0.00000	0.10000	0.90000	0.00000	273.150	1092.600	$90.69-$95.06	$99.60-$104.40 (cap $360.00)
120	120	60	300	0.50	union	anytime	0.60	0.40	0.35	0.20	calibration	20	1	0.00000	0.00000	1.00000	0.00000	1.000	2.000	$0.17-$0.17	$24.90-$26.10 (cap $90.00)
120	120	60	300	0.50	union	anytime	0.60	0.40	0.35	0.20	calibration	20	120	0.00000	0.10000	0.90000	0.00000	112.550	281.350	$23.35-$24.48	$24.90-$26.10 (cap $90.00)
120	120	60	300	0.50	direct	anytime	0.60	0.40	0.35	0.20	calibration	20	1	0.00000	0.00000	1.00000	0.00000	1.000	2.000	$0.17-$0.17	$24.90-$26.10 (cap $90.00)
120	120	60	300	0.50	direct	anytime	0.60	0.40	0.35	0.20	calibration	20	120	0.00000	0.10000	0.90000	0.00000	112.550	281.350	$23.35-$24.48	$24.90-$26.10 (cap $90.00)
100	100	100	300	1.00	union	anytime	0.60	0.40	0.35	0.20	calibration	20	1	0.00000	0.00000	1.00000	0.00000	1.000	3.000	$0.25-$0.26	$24.90-$26.10 (cap $90.00)
100	100	100	300	1.00	union	anytime	0.60	0.40	0.35	0.20	calibration	20	100	0.00000	0.05000	0.95000	0.00000	96.300	288.900	$23.98-$25.13	$24.90-$26.10 (cap $90.00)
100	100	100	300	1.00	direct	anytime	0.60	0.40	0.35	0.20	calibration	20	1	0.00000	0.00000	1.00000	0.00000	1.000	3.000	$0.25-$0.26	$24.90-$26.10 (cap $90.00)
100	100	100	300	1.00	direct	anytime	0.60	0.40	0.35	0.20	calibration	20	100	0.00000	0.05000	0.95000	0.00000	96.300	288.900	$23.98-$25.13	$24.90-$26.10 (cap $90.00)
75	75	150	300	2.00	union	anytime	0.60	0.40	0.35	0.20	calibration	20	1	0.00000	0.00000	1.00000	0.00000	1.000	4.000	$0.33-$0.35	$24.90-$26.10 (cap $90.00)
75	75	150	300	2.00	union	anytime	0.60	0.40	0.35	0.20	calibration	20	75	0.00000	0.05000	0.95000	0.00000	71.950	287.800	$23.89-$25.04	$24.90-$26.10 (cap $90.00)
75	75	150	300	2.00	direct	anytime	0.60	0.40	0.35	0.20	calibration	20	1	0.00000	0.00000	1.00000	0.00000	1.000	4.000	$0.33-$0.35	$24.90-$26.10 (cap $90.00)
75	75	150	300	2.00	direct	anytime	0.60	0.40	0.35	0.20	calibration	20	75	0.00000	0.05000	0.95000	0.00000	71.950	287.800	$23.89-$25.04	$24.90-$26.10 (cap $90.00)
480	480	240	1200	0.50	union	anytime	0.60	0.40	0.35	0.20	calibration	20	1	0.00000	0.00000	1.00000	0.00000	1.000	2.000	$0.17-$0.17	$99.60-$104.40 (cap $360.00)
480	480	240	1200	0.50	union	anytime	0.60	0.40	0.35	0.20	calibration	20	480	0.00000	0.10000	0.90000	0.00000	456.600	1141.450	$94.74-$99.31	$99.60-$104.40 (cap $360.00)
480	480	240	1200	0.50	direct	anytime	0.60	0.40	0.35	0.20	calibration	20	1	0.00000	0.00000	1.00000	0.00000	1.000	2.000	$0.17-$0.17	$99.60-$104.40 (cap $360.00)
480	480	240	1200	0.50	direct	anytime	0.60	0.40	0.35	0.20	calibration	20	480	0.00000	0.10000	0.90000	0.00000	456.600	1141.450	$94.74-$99.31	$99.60-$104.40 (cap $360.00)
400	400	400	1200	1.00	union	anytime	0.60	0.40	0.35	0.20	calibration	20	1	0.00000	0.00000	1.00000	0.00000	1.000	3.000	$0.25-$0.26	$99.60-$104.40 (cap $360.00)
400	400	400	1200	1.00	union	anytime	0.60	0.40	0.35	0.20	calibration	20	400	0.00000	0.00000	1.00000	0.00000	400.000	1200.000	$99.60-$104.40	$99.60-$104.40 (cap $360.00)
400	400	400	1200	1.00	direct	anytime	0.60	0.40	0.35	0.20	calibration	20	1	0.00000	0.00000	1.00000	0.00000	1.000	3.000	$0.25-$0.26	$99.60-$104.40 (cap $360.00)
400	400	400	1200	1.00	direct	anytime	0.60	0.40	0.35	0.20	calibration	20	400	0.00000	0.00000	1.00000	0.00000	400.000	1200.000	$99.60-$104.40	$99.60-$104.40 (cap $360.00)
300	300	600	1200	2.00	union	anytime	0.60	0.40	0.35	0.20	calibration	20	1	0.00000	0.00000	1.00000	0.00000	1.000	4.000	$0.33-$0.35	$99.60-$104.40 (cap $360.00)
300	300	600	1200	2.00	union	anytime	0.60	0.40	0.35	0.20	calibration	20	300	0.00000	0.05000	0.95000	0.00000	285.950	1143.800	$94.94-$99.51	$99.60-$104.40 (cap $360.00)
300	300	600	1200	2.00	direct	anytime	0.60	0.40	0.35	0.20	calibration	20	1	0.00000	0.00000	1.00000	0.00000	1.000	4.000	$0.33-$0.35	$99.60-$104.40 (cap $360.00)
300	300	600	1200	2.00	direct	anytime	0.60	0.40	0.35	0.20	calibration	20	300	0.00000	0.05000	0.95000	0.00000	285.950	1143.800	$94.94-$99.51	$99.60-$104.40 (cap $360.00)
120	120	60	300	0.50	union	anytime	0.65	0.40	0.35	0.25	small real effect	20	1	0.00000	0.00000	1.00000	0.00000	1.000	2.000	$0.17-$0.17	$24.90-$26.10 (cap $90.00)
120	120	60	300	0.50	union	anytime	0.65	0.40	0.35	0.25	small real effect	20	120	0.00000	0.00000	1.00000	0.00000	120.000	300.000	$24.90-$26.10	$24.90-$26.10 (cap $90.00)
120	120	60	300	0.50	direct	anytime	0.65	0.40	0.35	0.25	small real effect	20	1	0.00000	0.00000	1.00000	0.00000	1.000	2.000	$0.17-$0.17	$24.90-$26.10 (cap $90.00)
120	120	60	300	0.50	direct	anytime	0.65	0.40	0.35	0.25	small real effect	20	120	0.00000	0.00000	1.00000	0.00000	120.000	300.000	$24.90-$26.10	$24.90-$26.10 (cap $90.00)
100	100	100	300	1.00	union	anytime	0.65	0.40	0.35	0.25	small real effect	20	1	0.00000	0.00000	1.00000	0.00000	1.000	3.000	$0.25-$0.26	$24.90-$26.10 (cap $90.00)
100	100	100	300	1.00	union	anytime	0.65	0.40	0.35	0.25	small real effect	20	100	0.00000	0.00000	1.00000	0.00000	100.000	300.000	$24.90-$26.10	$24.90-$26.10 (cap $90.00)
100	100	100	300	1.00	direct	anytime	0.65	0.40	0.35	0.25	small real effect	20	1	0.00000	0.00000	1.00000	0.00000	1.000	3.000	$0.25-$0.26	$24.90-$26.10 (cap $90.00)
100	100	100	300	1.00	direct	anytime	0.65	0.40	0.35	0.25	small real effect	20	100	0.05000	0.00000	0.95000	0.04873	98.550	295.650	$24.54-$25.72	$24.90-$26.10 (cap $90.00)
75	75	150	300	2.00	union	anytime	0.65	0.40	0.35	0.25	small real effect	20	1	0.00000	0.00000	1.00000	0.00000	1.000	4.000	$0.33-$0.35	$24.90-$26.10 (cap $90.00)
75	75	150	300	2.00	union	anytime	0.65	0.40	0.35	0.25	small real effect	20	75	0.00000	0.05000	0.95000	0.00000	72.250	289.000	$23.99-$25.14	$24.90-$26.10 (cap $90.00)
75	75	150	300	2.00	direct	anytime	0.65	0.40	0.35	0.25	small real effect	20	1	0.00000	0.00000	1.00000	0.00000	1.000	4.000	$0.33-$0.35	$24.90-$26.10 (cap $90.00)
75	75	150	300	2.00	direct	anytime	0.65	0.40	0.35	0.25	small real effect	20	75	0.00000	0.05000	0.95000	0.00000	72.250	289.000	$23.99-$25.14	$24.90-$26.10 (cap $90.00)
480	480	240	1200	0.50	union	anytime	0.65	0.40	0.35	0.25	small real effect	20	1	0.00000	0.00000	1.00000	0.00000	1.000	2.000	$0.17-$0.17	$99.60-$104.40 (cap $360.00)
480	480	240	1200	0.50	union	anytime	0.65	0.40	0.35	0.25	small real effect	20	480	0.00000	0.00000	1.00000	0.00000	480.000	1200.000	$99.60-$104.40	$99.60-$104.40 (cap $360.00)
480	480	240	1200	0.50	direct	anytime	0.65	0.40	0.35	0.25	small real effect	20	1	0.00000	0.00000	1.00000	0.00000	1.000	2.000	$0.17-$0.17	$99.60-$104.40 (cap $360.00)
480	480	240	1200	0.50	direct	anytime	0.65	0.40	0.35	0.25	small real effect	20	480	0.00000	0.00000	1.00000	0.00000	480.000	1200.000	$99.60-$104.40	$99.60-$104.40 (cap $360.00)
400	400	400	1200	1.00	union	anytime	0.65	0.40	0.35	0.25	small real effect	20	1	0.00000	0.00000	1.00000	0.00000	1.000	3.000	$0.25-$0.26	$99.60-$104.40 (cap $360.00)
400	400	400	1200	1.00	union	anytime	0.65	0.40	0.35	0.25	small real effect	20	400	0.00000	0.00000	1.00000	0.00000	400.000	1200.000	$99.60-$104.40	$99.60-$104.40 (cap $360.00)
400	400	400	1200	1.00	direct	anytime	0.65	0.40	0.35	0.25	small real effect	20	1	0.00000	0.00000	1.00000	0.00000	1.000	3.000	$0.25-$0.26	$99.60-$104.40 (cap $360.00)
400	400	400	1200	1.00	direct	anytime	0.65	0.40	0.35	0.25	small real effect	20	400	0.05000	0.00000	0.95000	0.04873	395.050	1185.150	$98.37-$103.11	$99.60-$104.40 (cap $360.00)
300	300	600	1200	2.00	union	anytime	0.65	0.40	0.35	0.25	small real effect	20	1	0.00000	0.00000	1.00000	0.00000	1.000	4.000	$0.33-$0.35	$99.60-$104.40 (cap $360.00)
300	300	600	1200	2.00	union	anytime	0.65	0.40	0.35	0.25	small real effect	20	300	0.00000	0.00000	1.00000	0.00000	300.000	1200.000	$99.60-$104.40	$99.60-$104.40 (cap $360.00)
300	300	600	1200	2.00	direct	anytime	0.65	0.40	0.35	0.25	small real effect	20	1	0.00000	0.00000	1.00000	0.00000	1.000	4.000	$0.33-$0.35	$99.60-$104.40 (cap $360.00)
300	300	600	1200	2.00	direct	anytime	0.65	0.40	0.35	0.25	small real effect	20	300	0.05000	0.00000	0.95000	0.04873	295.000	1180.000	$97.94-$102.66	$99.60-$104.40 (cap $360.00)
120	120	60	300	0.50	union	anytime	0.70	0.40	0.35	0.30	real effect	20	1	0.00000	0.00000	1.00000	0.00000	1.000	2.000	$0.17-$0.17	$24.90-$26.10 (cap $90.00)
120	120	60	300	0.50	union	anytime	0.70	0.40	0.35	0.30	real effect	20	120	0.05000	0.00000	0.95000	0.04873	117.850	294.600	$24.45-$25.63	$24.90-$26.10 (cap $90.00)
120	120	60	300	0.50	direct	anytime	0.70	0.40	0.35	0.30	real effect	20	1	0.00000	0.00000	1.00000	0.00000	1.000	2.000	$0.17-$0.17	$24.90-$26.10 (cap $90.00)
120	120	60	300	0.50	direct	anytime	0.70	0.40	0.35	0.30	real effect	20	120	0.05000	0.00000	0.95000	0.04873	117.850	294.600	$24.45-$25.63	$24.90-$26.10 (cap $90.00)
100	100	100	300	1.00	union	anytime	0.70	0.40	0.35	0.30	real effect	20	1	0.00000	0.00000	1.00000	0.00000	1.000	3.000	$0.25-$0.26	$24.90-$26.10 (cap $90.00)
100	100	100	300	1.00	union	anytime	0.70	0.40	0.35	0.30	real effect	20	100	0.00000	0.00000	1.00000	0.00000	100.000	300.000	$24.90-$26.10	$24.90-$26.10 (cap $90.00)
100	100	100	300	1.00	direct	anytime	0.70	0.40	0.35	0.30	real effect	20	1	0.00000	0.00000	1.00000	0.00000	1.000	3.000	$0.25-$0.26	$24.90-$26.10 (cap $90.00)
100	100	100	300	1.00	direct	anytime	0.70	0.40	0.35	0.30	real effect	20	100	0.05000	0.00000	0.95000	0.04873	97.150	291.450	$24.19-$25.36	$24.90-$26.10 (cap $90.00)
75	75	150	300	2.00	union	anytime	0.70	0.40	0.35	0.30	real effect	20	1	0.00000	0.00000	1.00000	0.00000	1.000	4.000	$0.33-$0.35	$24.90-$26.10 (cap $90.00)
75	75	150	300	2.00	union	anytime	0.70	0.40	0.35	0.30	real effect	20	75	0.00000	0.00000	1.00000	0.00000	75.000	300.000	$24.90-$26.10	$24.90-$26.10 (cap $90.00)
75	75	150	300	2.00	direct	anytime	0.70	0.40	0.35	0.30	real effect	20	1	0.00000	0.00000	1.00000	0.00000	1.000	4.000	$0.33-$0.35	$24.90-$26.10 (cap $90.00)
75	75	150	300	2.00	direct	anytime	0.70	0.40	0.35	0.30	real effect	20	75	0.10000	0.00000	0.90000	0.06708	73.450	293.800	$24.39-$25.56	$24.90-$26.10 (cap $90.00)
480	480	240	1200	0.50	union	anytime	0.70	0.40	0.35	0.30	real effect	20	1	0.00000	0.00000	1.00000	0.00000	1.000	2.000	$0.17-$0.17	$99.60-$104.40 (cap $360.00)
480	480	240	1200	0.50	union	anytime	0.70	0.40	0.35	0.30	real effect	20	480	0.05000	0.00000	0.95000	0.04873	471.150	1177.850	$97.76-$102.47	$99.60-$104.40 (cap $360.00)
480	480	240	1200	0.50	direct	anytime	0.70	0.40	0.35	0.30	real effect	20	1	0.00000	0.00000	1.00000	0.00000	1.000	2.000	$0.17-$0.17	$99.60-$104.40 (cap $360.00)
480	480	240	1200	0.50	direct	anytime	0.70	0.40	0.35	0.30	real effect	20	480	0.20000	0.00000	0.80000	0.08944	457.800	1144.450	$94.99-$99.57	$99.60-$104.40 (cap $360.00)
400	400	400	1200	1.00	union	anytime	0.70	0.40	0.35	0.30	real effect	20	1	0.00000	0.00000	1.00000	0.00000	1.000	3.000	$0.25-$0.26	$99.60-$104.40 (cap $360.00)
400	400	400	1200	1.00	union	anytime	0.70	0.40	0.35	0.30	real effect	20	400	0.10000	0.00000	0.90000	0.06708	397.400	1192.200	$98.95-$103.72	$99.60-$104.40 (cap $360.00)
400	400	400	1200	1.00	direct	anytime	0.70	0.40	0.35	0.30	real effect	20	1	0.00000	0.00000	1.00000	0.00000	1.000	3.000	$0.25-$0.26	$99.60-$104.40 (cap $360.00)
400	400	400	1200	1.00	direct	anytime	0.70	0.40	0.35	0.30	real effect	20	400	0.20000	0.00000	0.80000	0.08944	369.200	1107.600	$91.93-$96.36	$99.60-$104.40 (cap $360.00)
300	300	600	1200	2.00	union	anytime	0.70	0.40	0.35	0.30	real effect	20	1	0.00000	0.00000	1.00000	0.00000	1.000	4.000	$0.33-$0.35	$99.60-$104.40 (cap $360.00)
300	300	600	1200	2.00	union	anytime	0.70	0.40	0.35	0.30	real effect	20	300	0.05000	0.00000	0.95000	0.04873	293.450	1173.800	$97.43-$102.12	$99.60-$104.40 (cap $360.00)
300	300	600	1200	2.00	direct	anytime	0.70	0.40	0.35	0.30	real effect	20	1	0.00000	0.00000	1.00000	0.00000	1.000	4.000	$0.33-$0.35	$99.60-$104.40 (cap $360.00)
300	300	600	1200	2.00	direct	anytime	0.70	0.40	0.35	0.30	real effect	20	300	0.10000	0.00000	0.90000	0.06708	286.750	1147.000	$95.20-$99.79	$99.60-$104.40 (cap $360.00)
120	120	60	300	0.50	union	anytime	0.80	0.40	0.35	0.40	real effect	20	1	0.00000	0.00000	1.00000	0.00000	1.000	2.000	$0.17-$0.17	$24.90-$26.10 (cap $90.00)
120	120	60	300	0.50	union	anytime	0.80	0.40	0.35	0.40	real effect	20	120	0.05000	0.00000	0.95000	0.04873	119.650	299.100	$24.83-$26.02	$24.90-$26.10 (cap $90.00)
120	120	60	300	0.50	direct	anytime	0.80	0.40	0.35	0.40	real effect	20	1	0.00000	0.00000	1.00000	0.00000	1.000	2.000	$0.17-$0.17	$24.90-$26.10 (cap $90.00)
120	120	60	300	0.50	direct	anytime	0.80	0.40	0.35	0.40	real effect	20	120	0.35000	0.00000	0.65000	0.10665	105.900	264.750	$21.97-$23.03	$24.90-$26.10 (cap $90.00)
100	100	100	300	1.00	union	anytime	0.80	0.40	0.35	0.40	real effect	20	1	0.00000	0.00000	1.00000	0.00000	1.000	3.000	$0.25-$0.26	$24.90-$26.10 (cap $90.00)
100	100	100	300	1.00	union	anytime	0.80	0.40	0.35	0.40	real effect	20	100	0.15000	0.00000	0.85000	0.07984	94.500	283.500	$23.53-$24.66	$24.90-$26.10 (cap $90.00)
100	100	100	300	1.00	direct	anytime	0.80	0.40	0.35	0.40	real effect	20	1	0.00000	0.00000	1.00000	0.00000	1.000	3.000	$0.25-$0.26	$24.90-$26.10 (cap $90.00)
100	100	100	300	1.00	direct	anytime	0.80	0.40	0.35	0.40	real effect	20	100	0.30000	0.00000	0.70000	0.10247	83.700	251.100	$20.84-$21.85	$24.90-$26.10 (cap $90.00)
75	75	150	300	2.00	union	anytime	0.80	0.40	0.35	0.40	real effect	20	1	0.00000	0.00000	1.00000	0.00000	1.000	4.000	$0.33-$0.35	$24.90-$26.10 (cap $90.00)
75	75	150	300	2.00	union	anytime	0.80	0.40	0.35	0.40	real effect	20	75	0.10000	0.00000	0.90000	0.06708	73.350	293.400	$24.35-$25.53	$24.90-$26.10 (cap $90.00)
75	75	150	300	2.00	direct	anytime	0.80	0.40	0.35	0.40	real effect	20	1	0.00000	0.00000	1.00000	0.00000	1.000	4.000	$0.33-$0.35	$24.90-$26.10 (cap $90.00)
75	75	150	300	2.00	direct	anytime	0.80	0.40	0.35	0.40	real effect	20	75	0.25000	0.00000	0.75000	0.09682	69.500	278.000	$23.07-$24.19	$24.90-$26.10 (cap $90.00)
480	480	240	1200	0.50	union	anytime	0.80	0.40	0.35	0.40	real effect	20	1	0.00000	0.00000	1.00000	0.00000	1.000	2.000	$0.17-$0.17	$99.60-$104.40 (cap $360.00)
480	480	240	1200	0.50	union	anytime	0.80	0.40	0.35	0.40	real effect	20	480	0.95000	0.00000	0.05000	0.04873	275.350	688.250	$57.12-$59.88	$99.60-$104.40 (cap $360.00)
480	480	240	1200	0.50	direct	anytime	0.80	0.40	0.35	0.40	real effect	20	1	0.00000	0.00000	1.00000	0.00000	1.000	2.000	$0.17-$0.17	$99.60-$104.40 (cap $360.00)
480	480	240	1200	0.50	direct	anytime	0.80	0.40	0.35	0.40	real effect	20	480	0.95000	0.00000	0.05000	0.04873	173.550	433.800	$36.01-$37.74	$99.60-$104.40 (cap $360.00)
400	400	400	1200	1.00	union	anytime	0.80	0.40	0.35	0.40	real effect	20	1	0.00000	0.00000	1.00000	0.00000	1.000	3.000	$0.25-$0.26	$99.60-$104.40 (cap $360.00)
400	400	400	1200	1.00	union	anytime	0.80	0.40	0.35	0.40	real effect	20	400	0.95000	0.00000	0.05000	0.04873	167.900	503.700	$41.81-$43.82	$99.60-$104.40 (cap $360.00)
400	400	400	1200	1.00	direct	anytime	0.80	0.40	0.35	0.40	real effect	20	1	0.00000	0.00000	1.00000	0.00000	1.000	3.000	$0.25-$0.26	$99.60-$104.40 (cap $360.00)
400	400	400	1200	1.00	direct	anytime	0.80	0.40	0.35	0.40	real effect	20	400	1.00000	0.00000	0.00000	0.00000	107.100	321.300	$26.67-$27.95	$99.60-$104.40 (cap $360.00)
300	300	600	1200	2.00	union	anytime	0.80	0.40	0.35	0.40	real effect	20	1	0.00000	0.00000	1.00000	0.00000	1.000	4.000	$0.33-$0.35	$99.60-$104.40 (cap $360.00)
300	300	600	1200	2.00	union	anytime	0.80	0.40	0.35	0.40	real effect	20	300	1.00000	0.00000	0.00000	0.00000	123.300	493.200	$40.94-$42.91	$99.60-$104.40 (cap $360.00)
300	300	600	1200	2.00	direct	anytime	0.80	0.40	0.35	0.40	real effect	20	1	0.00000	0.00000	1.00000	0.00000	1.000	4.000	$0.33-$0.35	$99.60-$104.40 (cap $360.00)
300	300	600	1200	2.00	direct	anytime	0.80	0.40	0.35	0.40	real effect	20	300	1.00000	0.00000	0.00000	0.00000	94.250	377.000	$31.29-$32.80	$99.60-$104.40 (cap $360.00)
120	120	60	300	0.50	union	anytime	0.40	0.40	0.40	0.00	no-lift	20	1	0.00000	0.00000	1.00000	0.00000	1.000	2.000	$0.17-$0.17	$24.90-$26.10 (cap $90.00)
120	120	60	300	0.50	union	anytime	0.40	0.40	0.40	0.00	no-lift	20	120	0.00000	0.80000	0.20000	0.00000	58.150	145.200	$12.05-$12.63	$24.90-$26.10 (cap $90.00)
120	120	60	300	0.50	direct	anytime	0.40	0.40	0.40	0.00	no-lift	20	1	0.00000	0.00000	1.00000	0.00000	1.000	2.000	$0.17-$0.17	$24.90-$26.10 (cap $90.00)
120	120	60	300	0.50	direct	anytime	0.40	0.40	0.40	0.00	no-lift	20	120	0.00000	0.80000	0.20000	0.00000	58.150	145.200	$12.05-$12.63	$24.90-$26.10 (cap $90.00)
100	100	100	300	1.00	union	anytime	0.40	0.40	0.40	0.00	no-lift	20	1	0.00000	0.00000	1.00000	0.00000	1.000	3.000	$0.25-$0.26	$24.90-$26.10 (cap $90.00)
100	100	100	300	1.00	union	anytime	0.40	0.40	0.40	0.00	no-lift	20	100	0.00000	0.65000	0.35000	0.00000	69.200	207.600	$17.23-$18.06	$24.90-$26.10 (cap $90.00)
100	100	100	300	1.00	direct	anytime	0.40	0.40	0.40	0.00	no-lift	20	1	0.00000	0.00000	1.00000	0.00000	1.000	3.000	$0.25-$0.26	$24.90-$26.10 (cap $90.00)
100	100	100	300	1.00	direct	anytime	0.40	0.40	0.40	0.00	no-lift	20	100	0.00000	0.65000	0.35000	0.00000	69.200	207.600	$17.23-$18.06	$24.90-$26.10 (cap $90.00)
75	75	150	300	2.00	union	anytime	0.40	0.40	0.40	0.00	no-lift	20	1	0.00000	0.00000	1.00000	0.00000	1.000	4.000	$0.33-$0.35	$24.90-$26.10 (cap $90.00)
75	75	150	300	2.00	union	anytime	0.40	0.40	0.40	0.00	no-lift	20	75	0.00000	0.55000	0.45000	0.00000	55.450	221.800	$18.41-$19.30	$24.90-$26.10 (cap $90.00)
75	75	150	300	2.00	direct	anytime	0.40	0.40	0.40	0.00	no-lift	20	1	0.00000	0.00000	1.00000	0.00000	1.000	4.000	$0.33-$0.35	$24.90-$26.10 (cap $90.00)
75	75	150	300	2.00	direct	anytime	0.40	0.40	0.40	0.00	no-lift	20	75	0.00000	0.55000	0.45000	0.00000	55.450	221.800	$18.41-$19.30	$24.90-$26.10 (cap $90.00)
480	480	240	1200	0.50	union	anytime	0.40	0.40	0.40	0.00	no-lift	20	1	0.00000	0.00000	1.00000	0.00000	1.000	2.000	$0.17-$0.17	$99.60-$104.40 (cap $360.00)
480	480	240	1200	0.50	union	anytime	0.40	0.40	0.40	0.00	no-lift	20	480	0.00000	1.00000	0.00000	0.00000	97.600	243.750	$20.23-$21.21	$99.60-$104.40 (cap $360.00)
480	480	240	1200	0.50	direct	anytime	0.40	0.40	0.40	0.00	no-lift	20	1	0.00000	0.00000	1.00000	0.00000	1.000	2.000	$0.17-$0.17	$99.60-$104.40 (cap $360.00)
480	480	240	1200	0.50	direct	anytime	0.40	0.40	0.40	0.00	no-lift	20	480	0.00000	1.00000	0.00000	0.00000	97.600	243.750	$20.23-$21.21	$99.60-$104.40 (cap $360.00)
400	400	400	1200	1.00	union	anytime	0.40	0.40	0.40	0.00	no-lift	20	1	0.00000	0.00000	1.00000	0.00000	1.000	3.000	$0.25-$0.26	$99.60-$104.40 (cap $360.00)
400	400	400	1200	1.00	union	anytime	0.40	0.40	0.40	0.00	no-lift	20	400	0.00000	0.95000	0.05000	0.00000	83.600	250.800	$20.82-$21.82	$99.60-$104.40 (cap $360.00)
400	400	400	1200	1.00	direct	anytime	0.40	0.40	0.40	0.00	no-lift	20	1	0.00000	0.00000	1.00000	0.00000	1.000	3.000	$0.25-$0.26	$99.60-$104.40 (cap $360.00)
400	400	400	1200	1.00	direct	anytime	0.40	0.40	0.40	0.00	no-lift	20	400	0.00000	0.95000	0.05000	0.00000	83.600	250.800	$20.82-$21.82	$99.60-$104.40 (cap $360.00)
300	300	600	1200	2.00	union	anytime	0.40	0.40	0.40	0.00	no-lift	20	1	0.00000	0.00000	1.00000	0.00000	1.000	4.000	$0.33-$0.35	$99.60-$104.40 (cap $360.00)
300	300	600	1200	2.00	union	anytime	0.40	0.40	0.40	0.00	no-lift	20	300	0.00000	0.95000	0.05000	0.00000	105.650	422.600	$35.08-$36.77	$99.60-$104.40 (cap $360.00)
300	300	600	1200	2.00	direct	anytime	0.40	0.40	0.40	0.00	no-lift	20	1	0.00000	0.00000	1.00000	0.00000	1.000	4.000	$0.33-$0.35	$99.60-$104.40 (cap $360.00)
300	300	600	1200	2.00	direct	anytime	0.40	0.40	0.40	0.00	no-lift	20	300	0.00000	0.95000	0.05000	0.00000	105.650	422.600	$35.08-$36.77	$99.60-$104.40 (cap $360.00)
120	120	60	300	0.50	union	anytime	0.50	0.40	0.40	0.10	no-lift	20	1	0.00000	0.00000	1.00000	0.00000	1.000	2.000	$0.17-$0.17	$24.90-$26.10 (cap $90.00)
120	120	60	300	0.50	union	anytime	0.50	0.40	0.40	0.10	no-lift	20	120	0.00000	0.15000	0.85000	0.00000	106.450	266.100	$22.09-$23.15	$24.90-$26.10 (cap $90.00)
120	120	60	300	0.50	direct	anytime	0.50	0.40	0.40	0.10	no-lift	20	1	0.00000	0.00000	1.00000	0.00000	1.000	2.000	$0.17-$0.17	$24.90-$26.10 (cap $90.00)
120	120	60	300	0.50	direct	anytime	0.50	0.40	0.40	0.10	no-lift	20	120	0.00000	0.15000	0.85000	0.00000	106.450	266.100	$22.09-$23.15	$24.90-$26.10 (cap $90.00)
100	100	100	300	1.00	union	anytime	0.50	0.40	0.40	0.10	no-lift	20	1	0.00000	0.00000	1.00000	0.00000	1.000	3.000	$0.25-$0.26	$24.90-$26.10 (cap $90.00)
100	100	100	300	1.00	union	anytime	0.50	0.40	0.40	0.10	no-lift	20	100	0.00000	0.25000	0.75000	0.00000	83.650	250.950	$20.83-$21.83	$24.90-$26.10 (cap $90.00)
100	100	100	300	1.00	direct	anytime	0.50	0.40	0.40	0.10	no-lift	20	1	0.00000	0.00000	1.00000	0.00000	1.000	3.000	$0.25-$0.26	$24.90-$26.10 (cap $90.00)
100	100	100	300	1.00	direct	anytime	0.50	0.40	0.40	0.10	no-lift	20	100	0.00000	0.25000	0.75000	0.00000	83.650	250.950	$20.83-$21.83	$24.90-$26.10 (cap $90.00)
75	75	150	300	2.00	union	anytime	0.50	0.40	0.40	0.10	no-lift	20	1	0.00000	0.00000	1.00000	0.00000	1.000	4.000	$0.33-$0.35	$24.90-$26.10 (cap $90.00)
75	75	150	300	2.00	union	anytime	0.50	0.40	0.40	0.10	no-lift	20	75	0.00000	0.25000	0.75000	0.00000	67.300	269.200	$22.34-$23.42	$24.90-$26.10 (cap $90.00)
75	75	150	300	2.00	direct	anytime	0.50	0.40	0.40	0.10	no-lift	20	1	0.00000	0.00000	1.00000	0.00000	1.000	4.000	$0.33-$0.35	$24.90-$26.10 (cap $90.00)
75	75	150	300	2.00	direct	anytime	0.50	0.40	0.40	0.10	no-lift	20	75	0.00000	0.25000	0.75000	0.00000	67.300	269.200	$22.34-$23.42	$24.90-$26.10 (cap $90.00)
480	480	240	1200	0.50	union	anytime	0.50	0.40	0.40	0.10	no-lift	20	1	0.00000	0.00000	1.00000	0.00000	1.000	2.000	$0.17-$0.17	$99.60-$104.40 (cap $360.00)
480	480	240	1200	0.50	union	anytime	0.50	0.40	0.40	0.10	no-lift	20	480	0.00000	0.35000	0.65000	0.00000	363.800	909.400	$75.48-$79.12	$99.60-$104.40 (cap $360.00)
480	480	240	1200	0.50	direct	anytime	0.50	0.40	0.40	0.10	no-lift	20	1	0.00000	0.00000	1.00000	0.00000	1.000	2.000	$0.17-$0.17	$99.60-$104.40 (cap $360.00)
480	480	240	1200	0.50	direct	anytime	0.50	0.40	0.40	0.10	no-lift	20	480	0.00000	0.35000	0.65000	0.00000	363.800	909.400	$75.48-$79.12	$99.60-$104.40 (cap $360.00)
400	400	400	1200	1.00	union	anytime	0.50	0.40	0.40	0.10	no-lift	20	1	0.00000	0.00000	1.00000	0.00000	1.000	3.000	$0.25-$0.26	$99.60-$104.40 (cap $360.00)
400	400	400	1200	1.00	union	anytime	0.50	0.40	0.40	0.10	no-lift	20	400	0.00000	0.50000	0.50000	0.00000	281.800	845.400	$70.17-$73.55	$99.60-$104.40 (cap $360.00)
400	400	400	1200	1.00	direct	anytime	0.50	0.40	0.40	0.10	no-lift	20	1	0.00000	0.00000	1.00000	0.00000	1.000	3.000	$0.25-$0.26	$99.60-$104.40 (cap $360.00)
400	400	400	1200	1.00	direct	anytime	0.50	0.40	0.40	0.10	no-lift	20	400	0.00000	0.50000	0.50000	0.00000	281.800	845.400	$70.17-$73.55	$99.60-$104.40 (cap $360.00)
300	300	600	1200	2.00	union	anytime	0.50	0.40	0.40	0.10	no-lift	20	1	0.00000	0.00000	1.00000	0.00000	1.000	4.000	$0.33-$0.35	$99.60-$104.40 (cap $360.00)
300	300	600	1200	2.00	union	anytime	0.50	0.40	0.40	0.10	no-lift	20	300	0.00000	0.30000	0.70000	0.00000	238.200	952.800	$79.08-$82.89	$99.60-$104.40 (cap $360.00)
300	300	600	1200	2.00	direct	anytime	0.50	0.40	0.40	0.10	no-lift	20	1	0.00000	0.00000	1.00000	0.00000	1.000	4.000	$0.33-$0.35	$99.60-$104.40 (cap $360.00)
300	300	600	1200	2.00	direct	anytime	0.50	0.40	0.40	0.10	no-lift	20	300	0.00000	0.30000	0.70000	0.00000	238.200	952.800	$79.08-$82.89	$99.60-$104.40 (cap $360.00)
120	120	60	300	0.50	union	anytime	0.55	0.40	0.40	0.15	no-lift	20	1	0.00000	0.00000	1.00000	0.00000	1.000	2.000	$0.17-$0.17	$24.90-$26.10 (cap $90.00)
120	120	60	300	0.50	union	anytime	0.55	0.40	0.40	0.15	no-lift	20	120	0.00000	0.10000	0.90000	0.00000	111.400	278.500	$23.12-$24.23	$24.90-$26.10 (cap $90.00)
120	120	60	300	0.50	direct	anytime	0.55	0.40	0.40	0.15	no-lift	20	1	0.00000	0.00000	1.00000	0.00000	1.000	2.000	$0.17-$0.17	$24.90-$26.10 (cap $90.00)
120	120	60	300	0.50	direct	anytime	0.55	0.40	0.40	0.15	no-lift	20	120	0.00000	0.10000	0.90000	0.00000	111.400	278.500	$23.12-$24.23	$24.90-$26.10 (cap $90.00)
100	100	100	300	1.00	union	anytime	0.55	0.40	0.40	0.15	no-lift	20	1	0.00000	0.00000	1.00000	0.00000	1.000	3.000	$0.25-$0.26	$24.90-$26.10 (cap $90.00)
100	100	100	300	1.00	union	anytime	0.55	0.40	0.40	0.15	no-lift	20	100	0.00000	0.05000	0.95000	0.00000	96.050	288.150	$23.92-$25.07	$24.90-$26.10 (cap $90.00)
100	100	100	300	1.00	direct	anytime	0.55	0.40	0.40	0.15	no-lift	20	1	0.00000	0.00000	1.00000	0.00000	1.000	3.000	$0.25-$0.26	$24.90-$26.10 (cap $90.00)
100	100	100	300	1.00	direct	anytime	0.55	0.40	0.40	0.15	no-lift	20	100	0.00000	0.05000	0.95000	0.00000	96.050	288.150	$23.92-$25.07	$24.90-$26.10 (cap $90.00)
75	75	150	300	2.00	union	anytime	0.55	0.40	0.40	0.15	no-lift	20	1	0.00000	0.00000	1.00000	0.00000	1.000	4.000	$0.33-$0.35	$24.90-$26.10 (cap $90.00)
75	75	150	300	2.00	union	anytime	0.55	0.40	0.40	0.15	no-lift	20	75	0.00000	0.05000	0.95000	0.00000	72.450	289.800	$24.05-$25.21	$24.90-$26.10 (cap $90.00)
75	75	150	300	2.00	direct	anytime	0.55	0.40	0.40	0.15	no-lift	20	1	0.00000	0.00000	1.00000	0.00000	1.000	4.000	$0.33-$0.35	$24.90-$26.10 (cap $90.00)
75	75	150	300	2.00	direct	anytime	0.55	0.40	0.40	0.15	no-lift	20	75	0.00000	0.05000	0.95000	0.00000	72.450	289.800	$24.05-$25.21	$24.90-$26.10 (cap $90.00)
480	480	240	1200	0.50	union	anytime	0.55	0.40	0.40	0.15	no-lift	20	1	0.00000	0.00000	1.00000	0.00000	1.000	2.000	$0.17-$0.17	$99.60-$104.40 (cap $360.00)
480	480	240	1200	0.50	union	anytime	0.55	0.40	0.40	0.15	no-lift	20	480	0.00000	0.25000	0.75000	0.00000	430.350	1075.850	$89.30-$93.60	$99.60-$104.40 (cap $360.00)
480	480	240	1200	0.50	direct	anytime	0.55	0.40	0.40	0.15	no-lift	20	1	0.00000	0.00000	1.00000	0.00000	1.000	2.000	$0.17-$0.17	$99.60-$104.40 (cap $360.00)
480	480	240	1200	0.50	direct	anytime	0.55	0.40	0.40	0.15	no-lift	20	480	0.00000	0.25000	0.75000	0.00000	430.350	1075.850	$89.30-$93.60	$99.60-$104.40 (cap $360.00)
400	400	400	1200	1.00	union	anytime	0.55	0.40	0.40	0.15	no-lift	20	1	0.00000	0.00000	1.00000	0.00000	1.000	3.000	$0.25-$0.26	$99.60-$104.40 (cap $360.00)
400	400	400	1200	1.00	union	anytime	0.55	0.40	0.40	0.15	no-lift	20	400	0.00000	0.10000	0.90000	0.00000	369.450	1108.350	$91.99-$96.43	$99.60-$104.40 (cap $360.00)
400	400	400	1200	1.00	direct	anytime	0.55	0.40	0.40	0.15	no-lift	20	1	0.00000	0.00000	1.00000	0.00000	1.000	3.000	$0.25-$0.26	$99.60-$104.40 (cap $360.00)
400	400	400	1200	1.00	direct	anytime	0.55	0.40	0.40	0.15	no-lift	20	400	0.00000	0.10000	0.90000	0.00000	369.450	1108.350	$91.99-$96.43	$99.60-$104.40 (cap $360.00)
300	300	600	1200	2.00	union	anytime	0.55	0.40	0.40	0.15	no-lift	20	1	0.00000	0.00000	1.00000	0.00000	1.000	4.000	$0.33-$0.35	$99.60-$104.40 (cap $360.00)
300	300	600	1200	2.00	union	anytime	0.55	0.40	0.40	0.15	no-lift	20	300	0.00000	0.05000	0.95000	0.00000	287.800	1151.200	$95.55-$100.15	$99.60-$104.40 (cap $360.00)
300	300	600	1200	2.00	direct	anytime	0.55	0.40	0.40	0.15	no-lift	20	1	0.00000	0.00000	1.00000	0.00000	1.000	4.000	$0.33-$0.35	$99.60-$104.40 (cap $360.00)
300	300	600	1200	2.00	direct	anytime	0.55	0.40	0.40	0.15	no-lift	20	300	0.00000	0.05000	0.95000	0.00000	287.800	1151.200	$95.55-$100.15	$99.60-$104.40 (cap $360.00)
120	120	60	300	0.50	union	anytime	0.60	0.40	0.40	0.20	calibration	20	1	0.00000	0.00000	1.00000	0.00000	1.000	2.000	$0.17-$0.17	$24.90-$26.10 (cap $90.00)
120	120	60	300	0.50	union	anytime	0.60	0.40	0.40	0.20	calibration	20	120	0.00000	0.00000	1.00000	0.00000	120.000	300.000	$24.90-$26.10	$24.90-$26.10 (cap $90.00)
120	120	60	300	0.50	direct	anytime	0.60	0.40	0.40	0.20	calibration	20	1	0.00000	0.00000	1.00000	0.00000	1.000	2.000	$0.17-$0.17	$24.90-$26.10 (cap $90.00)
120	120	60	300	0.50	direct	anytime	0.60	0.40	0.40	0.20	calibration	20	120	0.00000	0.00000	1.00000	0.00000	120.000	300.000	$24.90-$26.10	$24.90-$26.10 (cap $90.00)
100	100	100	300	1.00	union	anytime	0.60	0.40	0.40	0.20	calibration	20	1	0.00000	0.00000	1.00000	0.00000	1.000	3.000	$0.25-$0.26	$24.90-$26.10 (cap $90.00)
100	100	100	300	1.00	union	anytime	0.60	0.40	0.40	0.20	calibration	20	100	0.00000	0.00000	1.00000	0.00000	100.000	300.000	$24.90-$26.10	$24.90-$26.10 (cap $90.00)
100	100	100	300	1.00	direct	anytime	0.60	0.40	0.40	0.20	calibration	20	1	0.00000	0.00000	1.00000	0.00000	1.000	3.000	$0.25-$0.26	$24.90-$26.10 (cap $90.00)
100	100	100	300	1.00	direct	anytime	0.60	0.40	0.40	0.20	calibration	20	100	0.00000	0.00000	1.00000	0.00000	100.000	300.000	$24.90-$26.10	$24.90-$26.10 (cap $90.00)
75	75	150	300	2.00	union	anytime	0.60	0.40	0.40	0.20	calibration	20	1	0.00000	0.00000	1.00000	0.00000	1.000	4.000	$0.33-$0.35	$24.90-$26.10 (cap $90.00)
75	75	150	300	2.00	union	anytime	0.60	0.40	0.40	0.20	calibration	20	75	0.00000	0.00000	1.00000	0.00000	75.000	300.000	$24.90-$26.10	$24.90-$26.10 (cap $90.00)
75	75	150	300	2.00	direct	anytime	0.60	0.40	0.40	0.20	calibration	20	1	0.00000	0.00000	1.00000	0.00000	1.000	4.000	$0.33-$0.35	$24.90-$26.10 (cap $90.00)
75	75	150	300	2.00	direct	anytime	0.60	0.40	0.40	0.20	calibration	20	75	0.00000	0.00000	1.00000	0.00000	75.000	300.000	$24.90-$26.10	$24.90-$26.10 (cap $90.00)
480	480	240	1200	0.50	union	anytime	0.60	0.40	0.40	0.20	calibration	20	1	0.00000	0.00000	1.00000	0.00000	1.000	2.000	$0.17-$0.17	$99.60-$104.40 (cap $360.00)
480	480	240	1200	0.50	union	anytime	0.60	0.40	0.40	0.20	calibration	20	480	0.00000	0.05000	0.95000	0.00000	456.700	1141.750	$94.77-$99.33	$99.60-$104.40 (cap $360.00)
480	480	240	1200	0.50	direct	anytime	0.60	0.40	0.40	0.20	calibration	20	1	0.00000	0.00000	1.00000	0.00000	1.000	2.000	$0.17-$0.17	$99.60-$104.40 (cap $360.00)
480	480	240	1200	0.50	direct	anytime	0.60	0.40	0.40	0.20	calibration	20	480	0.00000	0.05000	0.95000	0.00000	456.700	1141.750	$94.77-$99.33	$99.60-$104.40 (cap $360.00)
400	400	400	1200	1.00	union	anytime	0.60	0.40	0.40	0.20	calibration	20	1	0.00000	0.00000	1.00000	0.00000	1.000	3.000	$0.25-$0.26	$99.60-$104.40 (cap $360.00)
400	400	400	1200	1.00	union	anytime	0.60	0.40	0.40	0.20	calibration	20	400	0.00000	0.20000	0.80000	0.00000	332.750	998.250	$82.85-$86.85	$99.60-$104.40 (cap $360.00)
400	400	400	1200	1.00	direct	anytime	0.60	0.40	0.40	0.20	calibration	20	1	0.00000	0.00000	1.00000	0.00000	1.000	3.000	$0.25-$0.26	$99.60-$104.40 (cap $360.00)
400	400	400	1200	1.00	direct	anytime	0.60	0.40	0.40	0.20	calibration	20	400	0.00000	0.20000	0.80000	0.00000	332.750	998.250	$82.85-$86.85	$99.60-$104.40 (cap $360.00)
300	300	600	1200	2.00	union	anytime	0.60	0.40	0.40	0.20	calibration	20	1	0.00000	0.00000	1.00000	0.00000	1.000	4.000	$0.33-$0.35	$99.60-$104.40 (cap $360.00)
300	300	600	1200	2.00	union	anytime	0.60	0.40	0.40	0.20	calibration	20	300	0.00000	0.00000	1.00000	0.00000	300.000	1200.000	$99.60-$104.40	$99.60-$104.40 (cap $360.00)
300	300	600	1200	2.00	direct	anytime	0.60	0.40	0.40	0.20	calibration	20	1	0.00000	0.00000	1.00000	0.00000	1.000	4.000	$0.33-$0.35	$99.60-$104.40 (cap $360.00)
300	300	600	1200	2.00	direct	anytime	0.60	0.40	0.40	0.20	calibration	20	300	0.00000	0.00000	1.00000	0.00000	300.000	1200.000	$99.60-$104.40	$99.60-$104.40 (cap $360.00)
120	120	60	300	0.50	union	anytime	0.65	0.40	0.40	0.25	small real effect	20	1	0.00000	0.00000	1.00000	0.00000	1.000	2.000	$0.17-$0.17	$24.90-$26.10 (cap $90.00)
120	120	60	300	0.50	union	anytime	0.65	0.40	0.40	0.25	small real effect	20	120	0.00000	0.00000	1.00000	0.00000	120.000	300.000	$24.90-$26.10	$24.90-$26.10 (cap $90.00)
120	120	60	300	0.50	direct	anytime	0.65	0.40	0.40	0.25	small real effect	20	1	0.00000	0.00000	1.00000	0.00000	1.000	2.000	$0.17-$0.17	$24.90-$26.10 (cap $90.00)
120	120	60	300	0.50	direct	anytime	0.65	0.40	0.40	0.25	small real effect	20	120	0.00000	0.00000	1.00000	0.00000	120.000	300.000	$24.90-$26.10	$24.90-$26.10 (cap $90.00)
100	100	100	300	1.00	union	anytime	0.65	0.40	0.40	0.25	small real effect	20	1	0.00000	0.00000	1.00000	0.00000	1.000	3.000	$0.25-$0.26	$24.90-$26.10 (cap $90.00)
100	100	100	300	1.00	union	anytime	0.65	0.40	0.40	0.25	small real effect	20	100	0.00000	0.00000	1.00000	0.00000	100.000	300.000	$24.90-$26.10	$24.90-$26.10 (cap $90.00)
100	100	100	300	1.00	direct	anytime	0.65	0.40	0.40	0.25	small real effect	20	1	0.00000	0.00000	1.00000	0.00000	1.000	3.000	$0.25-$0.26	$24.90-$26.10 (cap $90.00)
100	100	100	300	1.00	direct	anytime	0.65	0.40	0.40	0.25	small real effect	20	100	0.00000	0.00000	1.00000	0.00000	100.000	300.000	$24.90-$26.10	$24.90-$26.10 (cap $90.00)
75	75	150	300	2.00	union	anytime	0.65	0.40	0.40	0.25	small real effect	20	1	0.00000	0.00000	1.00000	0.00000	1.000	4.000	$0.33-$0.35	$24.90-$26.10 (cap $90.00)
75	75	150	300	2.00	union	anytime	0.65	0.40	0.40	0.25	small real effect	20	75	0.00000	0.00000	1.00000	0.00000	75.000	300.000	$24.90-$26.10	$24.90-$26.10 (cap $90.00)
75	75	150	300	2.00	direct	anytime	0.65	0.40	0.40	0.25	small real effect	20	1	0.00000	0.00000	1.00000	0.00000	1.000	4.000	$0.33-$0.35	$24.90-$26.10 (cap $90.00)
75	75	150	300	2.00	direct	anytime	0.65	0.40	0.40	0.25	small real effect	20	75	0.00000	0.00000	1.00000	0.00000	75.000	300.000	$24.90-$26.10	$24.90-$26.10 (cap $90.00)
480	480	240	1200	0.50	union	anytime	0.65	0.40	0.40	0.25	small real effect	20	1	0.00000	0.00000	1.00000	0.00000	1.000	2.000	$0.17-$0.17	$99.60-$104.40 (cap $360.00)
480	480	240	1200	0.50	union	anytime	0.65	0.40	0.40	0.25	small real effect	20	480	0.00000	0.00000	1.00000	0.00000	480.000	1200.000	$99.60-$104.40	$99.60-$104.40 (cap $360.00)
480	480	240	1200	0.50	direct	anytime	0.65	0.40	0.40	0.25	small real effect	20	1	0.00000	0.00000	1.00000	0.00000	1.000	2.000	$0.17-$0.17	$99.60-$104.40 (cap $360.00)
480	480	240	1200	0.50	direct	anytime	0.65	0.40	0.40	0.25	small real effect	20	480	0.05000	0.00000	0.95000	0.04873	465.500	1163.750	$96.59-$101.25	$99.60-$104.40 (cap $360.00)
400	400	400	1200	1.00	union	anytime	0.65	0.40	0.40	0.25	small real effect	20	1	0.00000	0.00000	1.00000	0.00000	1.000	3.000	$0.25-$0.26	$99.60-$104.40 (cap $360.00)
400	400	400	1200	1.00	union	anytime	0.65	0.40	0.40	0.25	small real effect	20	400	0.00000	0.00000	1.00000	0.00000	400.000	1200.000	$99.60-$104.40	$99.60-$104.40 (cap $360.00)
400	400	400	1200	1.00	direct	anytime	0.65	0.40	0.40	0.25	small real effect	20	1	0.00000	0.00000	1.00000	0.00000	1.000	3.000	$0.25-$0.26	$99.60-$104.40 (cap $360.00)
400	400	400	1200	1.00	direct	anytime	0.65	0.40	0.40	0.25	small real effect	20	400	0.05000	0.00000	0.95000	0.04873	396.050	1188.150	$98.62-$103.37	$99.60-$104.40 (cap $360.00)
300	300	600	1200	2.00	union	anytime	0.65	0.40	0.40	0.25	small real effect	20	1	0.00000	0.00000	1.00000	0.00000	1.000	4.000	$0.33-$0.35	$99.60-$104.40 (cap $360.00)
300	300	600	1200	2.00	union	anytime	0.65	0.40	0.40	0.25	small real effect	20	300	0.00000	0.00000	1.00000	0.00000	300.000	1200.000	$99.60-$104.40	$99.60-$104.40 (cap $360.00)
300	300	600	1200	2.00	direct	anytime	0.65	0.40	0.40	0.25	small real effect	20	1	0.00000	0.00000	1.00000	0.00000	1.000	4.000	$0.33-$0.35	$99.60-$104.40 (cap $360.00)
300	300	600	1200	2.00	direct	anytime	0.65	0.40	0.40	0.25	small real effect	20	300	0.00000	0.00000	1.00000	0.00000	300.000	1200.000	$99.60-$104.40	$99.60-$104.40 (cap $360.00)
120	120	60	300	0.50	union	anytime	0.70	0.40	0.40	0.30	real effect	20	1	0.00000	0.00000	1.00000	0.00000	1.000	2.000	$0.17-$0.17	$24.90-$26.10 (cap $90.00)
120	120	60	300	0.50	union	anytime	0.70	0.40	0.40	0.30	real effect	20	120	0.00000	0.00000	1.00000	0.00000	120.000	300.000	$24.90-$26.10	$24.90-$26.10 (cap $90.00)
120	120	60	300	0.50	direct	anytime	0.70	0.40	0.40	0.30	real effect	20	1	0.00000	0.00000	1.00000	0.00000	1.000	2.000	$0.17-$0.17	$24.90-$26.10 (cap $90.00)
120	120	60	300	0.50	direct	anytime	0.70	0.40	0.40	0.30	real effect	20	120	0.05000	0.00000	0.95000	0.04873	118.650	296.600	$24.62-$25.80	$24.90-$26.10 (cap $90.00)
100	100	100	300	1.00	union	anytime	0.70	0.40	0.40	0.30	real effect	20	1	0.00000	0.00000	1.00000	0.00000	1.000	3.000	$0.25-$0.26	$24.90-$26.10 (cap $90.00)
100	100	100	300	1.00	union	anytime	0.70	0.40	0.40	0.30	real effect	20	100	0.00000	0.00000	1.00000	0.00000	100.000	300.000	$24.90-$26.10	$24.90-$26.10 (cap $90.00)
100	100	100	300	1.00	direct	anytime	0.70	0.40	0.40	0.30	real effect	20	1	0.00000	0.00000	1.00000	0.00000	1.000	3.000	$0.25-$0.26	$24.90-$26.10 (cap $90.00)
100	100	100	300	1.00	direct	anytime	0.70	0.40	0.40	0.30	real effect	20	100	0.15000	0.00000	0.85000	0.07984	92.850	278.550	$23.12-$24.23	$24.90-$26.10 (cap $90.00)
75	75	150	300	2.00	union	anytime	0.70	0.40	0.40	0.30	real effect	20	1	0.00000	0.00000	1.00000	0.00000	1.000	4.000	$0.33-$0.35	$24.90-$26.10 (cap $90.00)
75	75	150	300	2.00	union	anytime	0.70	0.40	0.40	0.30	real effect	20	75	0.00000	0.00000	1.00000	0.00000	75.000	300.000	$24.90-$26.10	$24.90-$26.10 (cap $90.00)
75	75	150	300	2.00	direct	anytime	0.70	0.40	0.40	0.30	real effect	20	1	0.00000	0.00000	1.00000	0.00000	1.000	4.000	$0.33-$0.35	$24.90-$26.10 (cap $90.00)
75	75	150	300	2.00	direct	anytime	0.70	0.40	0.40	0.30	real effect	20	75	0.00000	0.00000	1.00000	0.00000	75.000	300.000	$24.90-$26.10	$24.90-$26.10 (cap $90.00)
480	480	240	1200	0.50	union	anytime	0.70	0.40	0.40	0.30	real effect	20	1	0.00000	0.00000	1.00000	0.00000	1.000	2.000	$0.17-$0.17	$99.60-$104.40 (cap $360.00)
480	480	240	1200	0.50	union	anytime	0.70	0.40	0.40	0.30	real effect	20	480	0.05000	0.00000	0.95000	0.04873	466.000	1165.000	$96.70-$101.35	$99.60-$104.40 (cap $360.00)
480	480	240	1200	0.50	direct	anytime	0.70	0.40	0.40	0.30	real effect	20	1	0.00000	0.00000	1.00000	0.00000	1.000	2.000	$0.17-$0.17	$99.60-$104.40 (cap $360.00)
480	480	240	1200	0.50	direct	anytime	0.70	0.40	0.40	0.30	real effect	20	480	0.10000	0.00000	0.90000	0.06708	450.900	1127.250	$93.56-$98.07	$99.60-$104.40 (cap $360.00)
400	400	400	1200	1.00	union	anytime	0.70	0.40	0.40	0.30	real effect	20	1	0.00000	0.00000	1.00000	0.00000	1.000	3.000	$0.25-$0.26	$99.60-$104.40 (cap $360.00)
400	400	400	1200	1.00	union	anytime	0.70	0.40	0.40	0.30	real effect	20	400	0.05000	0.00000	0.95000	0.04873	391.600	1174.800	$97.51-$102.21	$99.60-$104.40 (cap $360.00)
400	400	400	1200	1.00	direct	anytime	0.70	0.40	0.40	0.30	real effect	20	1	0.00000	0.00000	1.00000	0.00000	1.000	3.000	$0.25-$0.26	$99.60-$104.40 (cap $360.00)
400	400	400	1200	1.00	direct	anytime	0.70	0.40	0.40	0.30	real effect	20	400	0.30000	0.00000	0.70000	0.10247	357.050	1071.150	$88.91-$93.19	$99.60-$104.40 (cap $360.00)
300	300	600	1200	2.00	union	anytime	0.70	0.40	0.40	0.30	real effect	20	1	0.00000	0.00000	1.00000	0.00000	1.000	4.000	$0.33-$0.35	$99.60-$104.40 (cap $360.00)
300	300	600	1200	2.00	union	anytime	0.70	0.40	0.40	0.30	real effect	20	300	0.05000	0.00000	0.95000	0.04873	292.400	1169.600	$97.08-$101.76	$99.60-$104.40 (cap $360.00)
300	300	600	1200	2.00	direct	anytime	0.70	0.40	0.40	0.30	real effect	20	1	0.00000	0.00000	1.00000	0.00000	1.000	4.000	$0.33-$0.35	$99.60-$104.40 (cap $360.00)
300	300	600	1200	2.00	direct	anytime	0.70	0.40	0.40	0.30	real effect	20	300	0.40000	0.00000	0.60000	0.10954	248.200	992.800	$82.40-$86.37	$99.60-$104.40 (cap $360.00)
120	120	60	300	0.50	union	anytime	0.80	0.40	0.40	0.40	real effect	20	1	0.00000	0.00000	1.00000	0.00000	1.000	2.000	$0.17-$0.17	$24.90-$26.10 (cap $90.00)
120	120	60	300	0.50	union	anytime	0.80	0.40	0.40	0.40	real effect	20	120	0.05000	0.00000	0.95000	0.04873	118.050	295.100	$24.49-$25.67	$24.90-$26.10 (cap $90.00)
120	120	60	300	0.50	direct	anytime	0.80	0.40	0.40	0.40	real effect	20	1	0.00000	0.00000	1.00000	0.00000	1.000	2.000	$0.17-$0.17	$24.90-$26.10 (cap $90.00)
120	120	60	300	0.50	direct	anytime	0.80	0.40	0.40	0.40	real effect	20	120	0.10000	0.00000	0.90000	0.06708	114.900	287.250	$23.84-$24.99	$24.90-$26.10 (cap $90.00)
100	100	100	300	1.00	union	anytime	0.80	0.40	0.40	0.40	real effect	20	1	0.00000	0.00000	1.00000	0.00000	1.000	3.000	$0.25-$0.26	$24.90-$26.10 (cap $90.00)
100	100	100	300	1.00	union	anytime	0.80	0.40	0.40	0.40	real effect	20	100	0.05000	0.00000	0.95000	0.04873	97.900	293.700	$24.38-$25.55	$24.90-$26.10 (cap $90.00)
100	100	100	300	1.00	direct	anytime	0.80	0.40	0.40	0.40	real effect	20	1	0.00000	0.00000	1.00000	0.00000	1.000	3.000	$0.25-$0.26	$24.90-$26.10 (cap $90.00)
100	100	100	300	1.00	direct	anytime	0.80	0.40	0.40	0.40	real effect	20	100	0.30000	0.00000	0.70000	0.10247	88.550	265.650	$22.05-$23.11	$24.90-$26.10 (cap $90.00)
75	75	150	300	2.00	union	anytime	0.80	0.40	0.40	0.40	real effect	20	1	0.00000	0.00000	1.00000	0.00000	1.000	4.000	$0.33-$0.35	$24.90-$26.10 (cap $90.00)
75	75	150	300	2.00	union	anytime	0.80	0.40	0.40	0.40	real effect	20	75	0.05000	0.00000	0.95000	0.04873	74.700	298.800	$24.80-$26.00	$24.90-$26.10 (cap $90.00)
75	75	150	300	2.00	direct	anytime	0.80	0.40	0.40	0.40	real effect	20	1	0.00000	0.00000	1.00000	0.00000	1.000	4.000	$0.33-$0.35	$24.90-$26.10 (cap $90.00)
75	75	150	300	2.00	direct	anytime	0.80	0.40	0.40	0.40	real effect	20	75	0.25000	0.00000	0.75000	0.09682	68.600	274.400	$22.78-$23.87	$24.90-$26.10 (cap $90.00)
480	480	240	1200	0.50	union	anytime	0.80	0.40	0.40	0.40	real effect	20	1	0.00000	0.00000	1.00000	0.00000	1.000	2.000	$0.17-$0.17	$99.60-$104.40 (cap $360.00)
480	480	240	1200	0.50	union	anytime	0.80	0.40	0.40	0.40	real effect	20	480	0.70000	0.00000	0.30000	0.10247	361.750	904.300	$75.06-$78.67	$99.60-$104.40 (cap $360.00)
480	480	240	1200	0.50	direct	anytime	0.80	0.40	0.40	0.40	real effect	20	1	0.00000	0.00000	1.00000	0.00000	1.000	2.000	$0.17-$0.17	$99.60-$104.40 (cap $360.00)
480	480	240	1200	0.50	direct	anytime	0.80	0.40	0.40	0.40	real effect	20	480	0.95000	0.00000	0.05000	0.04873	214.700	536.700	$44.55-$46.69	$99.60-$104.40 (cap $360.00)
400	400	400	1200	1.00	union	anytime	0.80	0.40	0.40	0.40	real effect	20	1	0.00000	0.00000	1.00000	0.00000	1.000	3.000	$0.25-$0.26	$99.60-$104.40 (cap $360.00)
400	400	400	1200	1.00	union	anytime	0.80	0.40	0.40	0.40	real effect	20	400	0.90000	0.00000	0.10000	0.06708	243.000	729.000	$60.51-$63.42	$99.60-$104.40 (cap $360.00)
400	400	400	1200	1.00	direct	anytime	0.80	0.40	0.40	0.40	real effect	20	1	0.00000	0.00000	1.00000	0.00000	1.000	3.000	$0.25-$0.26	$99.60-$104.40 (cap $360.00)
400	400	400	1200	1.00	direct	anytime	0.80	0.40	0.40	0.40	real effect	20	400	1.00000	0.00000	0.00000	0.00000	129.050	387.150	$32.13-$33.68	$99.60-$104.40 (cap $360.00)
300	300	600	1200	2.00	union	anytime	0.80	0.40	0.40	0.40	real effect	20	1	0.00000	0.00000	1.00000	0.00000	1.000	4.000	$0.33-$0.35	$99.60-$104.40 (cap $360.00)
300	300	600	1200	2.00	union	anytime	0.80	0.40	0.40	0.40	real effect	20	300	0.90000	0.00000	0.10000	0.06708	179.050	716.200	$59.44-$62.31	$99.60-$104.40 (cap $360.00)
300	300	600	1200	2.00	direct	anytime	0.80	0.40	0.40	0.40	real effect	20	1	0.00000	0.00000	1.00000	0.00000	1.000	4.000	$0.33-$0.35	$99.60-$104.40 (cap $360.00)
300	300	600	1200	2.00	direct	anytime	0.80	0.40	0.40	0.40	real effect	20	300	0.95000	0.00000	0.05000	0.04873	115.800	463.200	$38.45-$40.30	$99.60-$104.40 (cap $360.00)
