n_full	n_placebo	n_null	total_epochs	null_per_pair	fn_construction	stopping	pass_alpha	starting_wealth	p_full	p_placebo	p_null	d	role	replicates	p_fp_half	p_fn_half	p_joint_pass	p_cut	p_cant_tell_yet	se_pass	expected_pairs	expected_epochs	expected_spend	price_range	holds_level	look
100	100	100	300	1.00	union	anytime	0.020900	1.00	0.30	0.30	0.30	0.00	no-lift	200	0.0000000000	0.0000000000	0.0000000000	0.7200000000	0.2800000000	0.0000000000	60.6950000000	182.0850000000	$15.11-$15.84	$24.90-$26.10 (cap $90.00)	yes	100
100	100	100	300	1.00	direct	anytime	0.020900	1.00	0.30	0.30	0.30	0.00	no-lift	200	0.0000000000	0.0000000000	0.0000000000	0.7200000000	0.2800000000	0.0000000000	60.6950000000	182.0850000000	$15.11-$15.84	$24.90-$26.10 (cap $90.00)	yes	100
100	100	100	300	1.00	direct	anytime-tuned	0.020900	1.00	0.30	0.30	0.30	0.00	no-lift	200	0.0000000000	0.0000000000	0.0000000000	0.6600000000	0.3400000000	0.0000000000	79.7050000000	239.1150000000	$19.85-$20.80	$24.90-$26.10 (cap $90.00)	yes	100
100	100	100	300	1.00	direct	anytime-tuned	0.020900	0.50	0.30	0.30	0.30	0.00	no-lift	200	0.0000000000	0.0000000000	0.0000000000	0.4200000000	0.5800000000	0.0000000000	89.5350000000	268.6050000000	$22.29-$23.37	$24.90-$26.10 (cap $90.00)	yes	100
100	100	100	300	1.00	direct	anytime-tuned	0.020900	0.25	0.30	0.30	0.30	0.00	no-lift	200	0.0000000000	0.0000000000	0.0000000000	0.2650000000	0.7350000000	0.0000000000	95.4500000000	286.3500000000	$23.77-$24.91	$24.90-$26.10 (cap $90.00)	yes	100
100	100	100	300	1.00	direct	fixed-n-betting	0.020900	1.00	0.30	0.30	0.30	0.00	no-lift	200	0.0000000000	0.0000000000	0.0000000000	0.7800000000	0.2200000000	0.0000000000	100.0000000000	300.0000000000	$24.90-$26.10	$24.90-$26.10 (cap $90.00)	yes	100
100	100	100	300	1.00	direct	fixed-n-score	0.020900	1.00	0.30	0.30	0.30	0.00	no-lift	200	0.0000000000	0.0000000000	0.0000000000	0.9300000000	0.0700000000	0.0000000000	100.0000000000	300.0000000000	$24.90-$26.10	$24.90-$26.10 (cap $90.00)	yes	100
100	100	100	300	1.00	direct	fixed-n-betting	0.010500	1.00	0.30	0.30	0.30	0.00	no-lift	200	0.0000000000	0.0000000000	0.0000000000	0.7800000000	0.2200000000	0.0000000000	100.0000000000	300.0000000000	$24.90-$26.10	$24.90-$26.10 (cap $90.00)	yes	100
100	100	100	300	1.00	direct	fixed-n-score	0.010500	1.00	0.30	0.30	0.30	0.00	no-lift	200	0.0000000000	0.0000000000	0.0000000000	0.9300000000	0.0700000000	0.0000000000	100.0000000000	300.0000000000	$24.90-$26.10	$24.90-$26.10 (cap $90.00)	yes	100
100	100	100	300	1.00	direct	fixed-n-betting	0.005000	1.00	0.30	0.30	0.30	0.00	no-lift	200	0.0000000000	0.0000000000	0.0000000000	0.7800000000	0.2200000000	0.0000000000	100.0000000000	300.0000000000	$24.90-$26.10	$24.90-$26.10 (cap $90.00)	yes	100
100	100	100	300	1.00	direct	fixed-n-score	0.005000	1.00	0.30	0.30	0.30	0.00	no-lift	200	0.0000000000	0.0000000000	0.0000000000	0.9300000000	0.0700000000	0.0000000000	100.0000000000	300.0000000000	$24.90-$26.10	$24.90-$26.10 (cap $90.00)	yes	100
100	100	50	250	0.50	union	anytime	0.020900	1.00	0.30	0.30	0.30	0.00	no-lift	200	0.0000000000	0.0000000000	0.0000000000	0.7200000000	0.2800000000	0.0000000000	60.6950000000	151.5600000000	$12.58-$13.19	$20.75-$21.75 (cap $75.00)	yes	100
100	100	50	250	0.50	direct	anytime	0.020900	1.00	0.30	0.30	0.30	0.00	no-lift	200	0.0000000000	0.0000000000	0.0000000000	0.7200000000	0.2800000000	0.0000000000	60.6950000000	151.5600000000	$12.58-$13.19	$20.75-$21.75 (cap $75.00)	yes	100
100	100	50	250	0.50	direct	anytime-tuned	0.020900	1.00	0.30	0.30	0.30	0.00	no-lift	200	0.0000000000	0.0000000000	0.0000000000	0.6600000000	0.3400000000	0.0000000000	79.7050000000	199.0950000000	$16.52-$17.32	$20.75-$21.75 (cap $75.00)	yes	100
100	100	50	250	0.50	direct	anytime-tuned	0.020900	0.50	0.30	0.30	0.30	0.00	no-lift	200	0.0000000000	0.0000000000	0.0000000000	0.4200000000	0.5800000000	0.0000000000	89.5350000000	223.7150000000	$18.57-$19.46	$20.75-$21.75 (cap $75.00)	yes	100
100	100	50	250	0.50	direct	anytime-tuned	0.020900	0.25	0.30	0.30	0.30	0.00	no-lift	200	0.0000000000	0.0000000000	0.0000000000	0.2650000000	0.7350000000	0.0000000000	95.4500000000	238.5500000000	$19.80-$20.75	$20.75-$21.75 (cap $75.00)	yes	100
100	100	50	250	0.50	direct	fixed-n-betting	0.020900	1.00	0.30	0.30	0.30	0.00	no-lift	200	0.0000000000	0.0000000000	0.0000000000	0.7800000000	0.2200000000	0.0000000000	100.0000000000	250.0000000000	$20.75-$21.75	$20.75-$21.75 (cap $75.00)	yes	100
100	100	50	250	0.50	direct	fixed-n-score	0.020900	1.00	0.30	0.30	0.30	0.00	no-lift	200	0.0000000000	0.0000000000	0.0000000000	0.9300000000	0.0700000000	0.0000000000	100.0000000000	250.0000000000	$20.75-$21.75	$20.75-$21.75 (cap $75.00)	yes	100
100	100	50	250	0.50	direct	fixed-n-betting	0.010500	1.00	0.30	0.30	0.30	0.00	no-lift	200	0.0000000000	0.0000000000	0.0000000000	0.7800000000	0.2200000000	0.0000000000	100.0000000000	250.0000000000	$20.75-$21.75	$20.75-$21.75 (cap $75.00)	yes	100
100	100	50	250	0.50	direct	fixed-n-score	0.010500	1.00	0.30	0.30	0.30	0.00	no-lift	200	0.0000000000	0.0000000000	0.0000000000	0.9300000000	0.0700000000	0.0000000000	100.0000000000	250.0000000000	$20.75-$21.75	$20.75-$21.75 (cap $75.00)	yes	100
100	100	50	250	0.50	direct	fixed-n-betting	0.005000	1.00	0.30	0.30	0.30	0.00	no-lift	200	0.0000000000	0.0000000000	0.0000000000	0.7800000000	0.2200000000	0.0000000000	100.0000000000	250.0000000000	$20.75-$21.75	$20.75-$21.75 (cap $75.00)	yes	100
100	100	50	250	0.50	direct	fixed-n-score	0.005000	1.00	0.30	0.30	0.30	0.00	no-lift	200	0.0000000000	0.0000000000	0.0000000000	0.9300000000	0.0700000000	0.0000000000	100.0000000000	250.0000000000	$20.75-$21.75	$20.75-$21.75 (cap $75.00)	yes	100
100	100	100	300	1.00	union	anytime	0.020900	1.00	0.40	0.30	0.30	0.10	no-lift	200	0.0000000000	0.0000000000	0.0000000000	0.2000000000	0.8000000000	0.0000000000	88.0050000000	264.0150000000	$21.91-$22.97	$24.90-$26.10 (cap $90.00)	yes	100
100	100	100	300	1.00	direct	anytime	0.020900	1.00	0.40	0.30	0.30	0.10	no-lift	200	0.0000000000	0.0000000000	0.0000000000	0.2000000000	0.8000000000	0.0000000000	88.0050000000	264.0150000000	$21.91-$22.97	$24.90-$26.10 (cap $90.00)	yes	100
100	100	100	300	1.00	direct	anytime-tuned	0.020900	1.00	0.40	0.30	0.30	0.10	no-lift	200	0.0000000000	0.0000000000	0.0000000000	0.1450000000	0.8550000000	0.0000000000	96.0350000000	288.1050000000	$23.91-$25.07	$24.90-$26.10 (cap $90.00)	yes	100
100	100	100	300	1.00	direct	anytime-tuned	0.020900	0.50	0.40	0.30	0.30	0.10	no-lift	200	0.0000000000	0.0000000000	0.0000000000	0.0400000000	0.9600000000	0.0000000000	99.0550000000	297.1650000000	$24.66-$25.85	$24.90-$26.10 (cap $90.00)	yes	100
100	100	100	300	1.00	direct	anytime-tuned	0.020900	0.25	0.40	0.30	0.30	0.10	no-lift	200	0.0000000000	0.0000000000	0.0000000000	0.0150000000	0.9850000000	0.0000000000	99.8650000000	299.5950000000	$24.87-$26.06	$24.90-$26.10 (cap $90.00)	yes	100
100	100	100	300	1.00	direct	fixed-n-betting	0.020900	1.00	0.40	0.30	0.30	0.10	no-lift	200	0.0000000000	0.0000000000	0.0000000000	0.1300000000	0.8700000000	0.0000000000	100.0000000000	300.0000000000	$24.90-$26.10	$24.90-$26.10 (cap $90.00)	yes	100
100	100	100	300	1.00	direct	fixed-n-score	0.020900	1.00	0.40	0.30	0.30	0.10	no-lift	200	0.0000000000	0.0000000000	0.0000000000	0.3950000000	0.6050000000	0.0000000000	100.0000000000	300.0000000000	$24.90-$26.10	$24.90-$26.10 (cap $90.00)	yes	100
100	100	100	300	1.00	direct	fixed-n-betting	0.010500	1.00	0.40	0.30	0.30	0.10	no-lift	200	0.0000000000	0.0000000000	0.0000000000	0.1300000000	0.8700000000	0.0000000000	100.0000000000	300.0000000000	$24.90-$26.10	$24.90-$26.10 (cap $90.00)	yes	100
100	100	100	300	1.00	direct	fixed-n-score	0.010500	1.00	0.40	0.30	0.30	0.10	no-lift	200	0.0000000000	0.0000000000	0.0000000000	0.3950000000	0.6050000000	0.0000000000	100.0000000000	300.0000000000	$24.90-$26.10	$24.90-$26.10 (cap $90.00)	yes	100
100	100	100	300	1.00	direct	fixed-n-betting	0.005000	1.00	0.40	0.30	0.30	0.10	no-lift	200	0.0000000000	0.0000000000	0.0000000000	0.1300000000	0.8700000000	0.0000000000	100.0000000000	300.0000000000	$24.90-$26.10	$24.90-$26.10 (cap $90.00)	yes	100
100	100	100	300	1.00	direct	fixed-n-score	0.005000	1.00	0.40	0.30	0.30	0.10	no-lift	200	0.0000000000	0.0000000000	0.0000000000	0.3950000000	0.6050000000	0.0000000000	100.0000000000	300.0000000000	$24.90-$26.10	$24.90-$26.10 (cap $90.00)	yes	100
100	100	50	250	0.50	union	anytime	0.020900	1.00	0.40	0.30	0.30	0.10	no-lift	200	0.0000000000	0.0000000000	0.0000000000	0.2000000000	0.8000000000	0.0000000000	88.0050000000	219.9600000000	$18.26-$19.14	$20.75-$21.75 (cap $75.00)	yes	100
100	100	50	250	0.50	direct	anytime	0.020900	1.00	0.40	0.30	0.30	0.10	no-lift	200	0.0000000000	0.0000000000	0.0000000000	0.2000000000	0.8000000000	0.0000000000	88.0050000000	219.9600000000	$18.26-$19.14	$20.75-$21.75 (cap $75.00)	yes	100
100	100	50	250	0.50	direct	anytime-tuned	0.020900	1.00	0.40	0.30	0.30	0.10	no-lift	200	0.0000000000	0.0000000000	0.0000000000	0.1450000000	0.8550000000	0.0000000000	96.0350000000	240.0500000000	$19.92-$20.88	$20.75-$21.75 (cap $75.00)	yes	100
100	100	50	250	0.50	direct	anytime-tuned	0.020900	0.50	0.40	0.30	0.30	0.10	no-lift	200	0.0000000000	0.0000000000	0.0000000000	0.0400000000	0.9600000000	0.0000000000	99.0550000000	247.6200000000	$20.55-$21.54	$20.75-$21.75 (cap $75.00)	yes	100
100	100	50	250	0.50	direct	anytime-tuned	0.020900	0.25	0.40	0.30	0.30	0.10	no-lift	200	0.0000000000	0.0000000000	0.0000000000	0.0150000000	0.9850000000	0.0000000000	99.8650000000	249.6600000000	$20.72-$21.72	$20.75-$21.75 (cap $75.00)	yes	100
100	100	50	250	0.50	direct	fixed-n-betting	0.020900	1.00	0.40	0.30	0.30	0.10	no-lift	200	0.0000000000	0.0000000000	0.0000000000	0.1300000000	0.8700000000	0.0000000000	100.0000000000	250.0000000000	$20.75-$21.75	$20.75-$21.75 (cap $75.00)	yes	100
100	100	50	250	0.50	direct	fixed-n-score	0.020900	1.00	0.40	0.30	0.30	0.10	no-lift	200	0.0000000000	0.0000000000	0.0000000000	0.3950000000	0.6050000000	0.0000000000	100.0000000000	250.0000000000	$20.75-$21.75	$20.75-$21.75 (cap $75.00)	yes	100
100	100	50	250	0.50	direct	fixed-n-betting	0.010500	1.00	0.40	0.30	0.30	0.10	no-lift	200	0.0000000000	0.0000000000	0.0000000000	0.1300000000	0.8700000000	0.0000000000	100.0000000000	250.0000000000	$20.75-$21.75	$20.75-$21.75 (cap $75.00)	yes	100
100	100	50	250	0.50	direct	fixed-n-score	0.010500	1.00	0.40	0.30	0.30	0.10	no-lift	200	0.0000000000	0.0000000000	0.0000000000	0.3950000000	0.6050000000	0.0000000000	100.0000000000	250.0000000000	$20.75-$21.75	$20.75-$21.75 (cap $75.00)	yes	100
100	100	50	250	0.50	direct	fixed-n-betting	0.005000	1.00	0.40	0.30	0.30	0.10	no-lift	200	0.0000000000	0.0000000000	0.0000000000	0.1300000000	0.8700000000	0.0000000000	100.0000000000	250.0000000000	$20.75-$21.75	$20.75-$21.75 (cap $75.00)	yes	100
100	100	50	250	0.50	direct	fixed-n-score	0.005000	1.00	0.40	0.30	0.30	0.10	no-lift	200	0.0000000000	0.0000000000	0.0000000000	0.3950000000	0.6050000000	0.0000000000	100.0000000000	250.0000000000	$20.75-$21.75	$20.75-$21.75 (cap $75.00)	yes	100
100	100	100	300	1.00	union	anytime	0.020900	1.00	0.50	0.30	0.30	0.20	calibration	200	0.0050000000	0.0000000000	0.0000000000	0.0350000000	0.9650000000	0.0000000000	97.3500000000	292.0500000000	$24.24-$25.41	$24.90-$26.10 (cap $90.00)	yes	100
100	100	100	300	1.00	direct	anytime	0.020900	1.00	0.50	0.30	0.30	0.20	calibration	200	0.0050000000	0.0050000000	0.0000000000	0.0350000000	0.9650000000	0.0000000000	97.3500000000	292.0500000000	$24.24-$25.41	$24.90-$26.10 (cap $90.00)	yes	100
100	100	100	300	1.00	direct	anytime-tuned	0.020900	1.00	0.50	0.30	0.30	0.20	calibration	200	0.0000000000	0.0000000000	0.0000000000	0.0100000000	0.9900000000	0.0000000000	99.6900000000	299.0700000000	$24.82-$26.02	$24.90-$26.10 (cap $90.00)	yes	100
100	100	100	300	1.00	direct	anytime-tuned	0.020900	0.50	0.50	0.30	0.30	0.20	calibration	200	0.0000000000	0.0000000000	0.0000000000	0.0000000000	1.0000000000	0.0000000000	100.0000000000	300.0000000000	$24.90-$26.10	$24.90-$26.10 (cap $90.00)	yes	100
100	100	100	300	1.00	direct	anytime-tuned	0.020900	0.25	0.50	0.30	0.30	0.20	calibration	200	0.0000000000	0.0000000000	0.0000000000	0.0000000000	1.0000000000	0.0000000000	100.0000000000	300.0000000000	$24.90-$26.10	$24.90-$26.10 (cap $90.00)	yes	100
100	100	100	300	1.00	direct	fixed-n-betting	0.020900	1.00	0.50	0.30	0.30	0.20	calibration	200	0.0050000000	0.0050000000	0.0000000000	0.0000000000	1.0000000000	0.0000000000	100.0000000000	300.0000000000	$24.90-$26.10	$24.90-$26.10 (cap $90.00)	yes	100
100	100	100	300	1.00	direct	fixed-n-score	0.020900	1.00	0.50	0.30	0.30	0.20	calibration	200	0.0150000000	0.0150000000	0.0050000000	0.0850000000	0.9100000000	0.0049874843	100.0000000000	300.0000000000	$24.90-$26.10	$24.90-$26.10 (cap $90.00)	yes	100
100	100	100	300	1.00	direct	fixed-n-betting	0.010500	1.00	0.50	0.30	0.30	0.20	calibration	200	0.0050000000	0.0000000000	0.0000000000	0.0000000000	1.0000000000	0.0000000000	100.0000000000	300.0000000000	$24.90-$26.10	$24.90-$26.10 (cap $90.00)	yes	100
100	100	100	300	1.00	direct	fixed-n-score	0.010500	1.00	0.50	0.30	0.30	0.20	calibration	200	0.0100000000	0.0150000000	0.0000000000	0.0850000000	0.9150000000	0.0000000000	100.0000000000	300.0000000000	$24.90-$26.10	$24.90-$26.10 (cap $90.00)	yes	100
100	100	100	300	1.00	direct	fixed-n-betting	0.005000	1.00	0.50	0.30	0.30	0.20	calibration	200	0.0000000000	0.0000000000	0.0000000000	0.0000000000	1.0000000000	0.0000000000	100.0000000000	300.0000000000	$24.90-$26.10	$24.90-$26.10 (cap $90.00)	yes	100
100	100	100	300	1.00	direct	fixed-n-score	0.005000	1.00	0.50	0.30	0.30	0.20	calibration	200	0.0050000000	0.0100000000	0.0000000000	0.0850000000	0.9150000000	0.0000000000	100.0000000000	300.0000000000	$24.90-$26.10	$24.90-$26.10 (cap $90.00)	yes	100
100	100	50	250	0.50	union	anytime	0.020900	1.00	0.50	0.30	0.30	0.20	calibration	200	0.0050000000	0.0000000000	0.0000000000	0.0350000000	0.9650000000	0.0000000000	97.3500000000	243.3650000000	$20.20-$21.17	$20.75-$21.75 (cap $75.00)	yes	100
100	100	50	250	0.50	direct	anytime	0.020900	1.00	0.50	0.30	0.30	0.20	calibration	200	0.0050000000	0.0000000000	0.0000000000	0.0350000000	0.9650000000	0.0000000000	97.3500000000	243.3650000000	$20.20-$21.17	$20.75-$21.75 (cap $75.00)	yes	100
100	100	50	250	0.50	direct	anytime-tuned	0.020900	1.00	0.50	0.30	0.30	0.20	calibration	200	0.0000000000	0.0000000000	0.0000000000	0.0100000000	0.9900000000	0.0000000000	99.6900000000	249.2200000000	$20.69-$21.68	$20.75-$21.75 (cap $75.00)	yes	100
100	100	50	250	0.50	direct	anytime-tuned	0.020900	0.50	0.50	0.30	0.30	0.20	calibration	200	0.0000000000	0.0000000000	0.0000000000	0.0000000000	1.0000000000	0.0000000000	100.0000000000	250.0000000000	$20.75-$21.75	$20.75-$21.75 (cap $75.00)	yes	100
100	100	50	250	0.50	direct	anytime-tuned	0.020900	0.25	0.50	0.30	0.30	0.20	calibration	200	0.0000000000	0.0000000000	0.0000000000	0.0000000000	1.0000000000	0.0000000000	100.0000000000	250.0000000000	$20.75-$21.75	$20.75-$21.75 (cap $75.00)	yes	100
100	100	50	250	0.50	direct	fixed-n-betting	0.020900	1.00	0.50	0.30	0.30	0.20	calibration	200	0.0050000000	0.0000000000	0.0000000000	0.0000000000	1.0000000000	0.0000000000	100.0000000000	250.0000000000	$20.75-$21.75	$20.75-$21.75 (cap $75.00)	yes	100
100	100	50	250	0.50	direct	fixed-n-score	0.020900	1.00	0.50	0.30	0.30	0.20	calibration	200	0.0150000000	0.0150000000	0.0050000000	0.0850000000	0.9100000000	0.0049874843	100.0000000000	250.0000000000	$20.75-$21.75	$20.75-$21.75 (cap $75.00)	yes	100
100	100	50	250	0.50	direct	fixed-n-betting	0.010500	1.00	0.50	0.30	0.30	0.20	calibration	200	0.0050000000	0.0000000000	0.0000000000	0.0000000000	1.0000000000	0.0000000000	100.0000000000	250.0000000000	$20.75-$21.75	$20.75-$21.75 (cap $75.00)	yes	100
100	100	50	250	0.50	direct	fixed-n-score	0.010500	1.00	0.50	0.30	0.30	0.20	calibration	200	0.0100000000	0.0100000000	0.0000000000	0.0850000000	0.9150000000	0.0000000000	100.0000000000	250.0000000000	$20.75-$21.75	$20.75-$21.75 (cap $75.00)	yes	100
100	100	50	250	0.50	direct	fixed-n-betting	0.005000	1.00	0.50	0.30	0.30	0.20	calibration	200	0.0000000000	0.0000000000	0.0000000000	0.0000000000	1.0000000000	0.0000000000	100.0000000000	250.0000000000	$20.75-$21.75	$20.75-$21.75 (cap $75.00)	yes	100
100	100	50	250	0.50	direct	fixed-n-score	0.005000	1.00	0.50	0.30	0.30	0.20	calibration	200	0.0050000000	0.0000000000	0.0000000000	0.0850000000	0.9150000000	0.0000000000	100.0000000000	250.0000000000	$20.75-$21.75	$20.75-$21.75 (cap $75.00)	yes	100
100	100	100	300	1.00	union	anytime	0.020900	1.00	0.60	0.30	0.30	0.30	real effect	200	0.0700000000	0.0050000000	0.0050000000	0.0000000000	0.9950000000	0.0049874843	99.9100000000	299.7300000000	$24.88-$26.08	$24.90-$26.10 (cap $90.00)	yes	100
100	100	100	300	1.00	direct	anytime	0.020900	1.00	0.60	0.30	0.30	0.30	real effect	200	0.0800000000	0.0600000000	0.0250000000	0.0000000000	0.9750000000	0.0110397011	98.8600000000	296.5800000000	$24.62-$25.80	$24.90-$26.10 (cap $90.00)	yes	100
100	100	100	300	1.00	direct	anytime-tuned	0.020900	1.00	0.60	0.30	0.30	0.30	real effect	200	0.0500000000	0.0300000000	0.0100000000	0.0000000000	0.9900000000	0.0070356236	99.8550000000	299.5650000000	$24.86-$26.06	$24.90-$26.10 (cap $90.00)	yes	100
100	100	100	300	1.00	direct	anytime-tuned	0.020900	0.50	0.60	0.30	0.30	0.30	real effect	200	0.0100000000	0.0200000000	0.0000000000	0.0000000000	1.0000000000	0.0000000000	100.0000000000	300.0000000000	$24.90-$26.10	$24.90-$26.10 (cap $90.00)	yes	100
100	100	100	300	1.00	direct	anytime-tuned	0.020900	0.25	0.60	0.30	0.30	0.30	real effect	200	0.0000000000	0.0000000000	0.0000000000	0.0000000000	1.0000000000	0.0000000000	100.0000000000	300.0000000000	$24.90-$26.10	$24.90-$26.10 (cap $90.00)	yes	100
100	100	100	300	1.00	direct	fixed-n-betting	0.020900	1.00	0.60	0.30	0.30	0.30	real effect	200	0.0950000000	0.0750000000	0.0200000000	0.0000000000	0.9800000000	0.0098994949	100.0000000000	300.0000000000	$24.90-$26.10	$24.90-$26.10 (cap $90.00)	yes	100
100	100	100	300	1.00	direct	fixed-n-score	0.020900	1.00	0.60	0.30	0.30	0.30	real effect	200	0.2900000000	0.2450000000	0.1400000000	0.0000000000	0.8600000000	0.0245356883	100.0000000000	300.0000000000	$24.90-$26.10	$24.90-$26.10 (cap $90.00)	yes	100
100	100	100	300	1.00	direct	fixed-n-betting	0.010500	1.00	0.60	0.30	0.30	0.30	real effect	200	0.0900000000	0.0450000000	0.0100000000	0.0000000000	0.9900000000	0.0070356236	100.0000000000	300.0000000000	$24.90-$26.10	$24.90-$26.10 (cap $90.00)	yes	100
100	100	100	300	1.00	direct	fixed-n-score	0.010500	1.00	0.60	0.30	0.30	0.30	real effect	200	0.1650000000	0.1900000000	0.0850000000	0.0000000000	0.9150000000	0.0197199138	100.0000000000	300.0000000000	$24.90-$26.10	$24.90-$26.10 (cap $90.00)	yes	100
100	100	100	300	1.00	direct	fixed-n-betting	0.005000	1.00	0.60	0.30	0.30	0.30	real effect	200	0.0500000000	0.0350000000	0.0100000000	0.0000000000	0.9900000000	0.0070356236	100.0000000000	300.0000000000	$24.90-$26.10	$24.90-$26.10 (cap $90.00)	yes	100
100	100	100	300	1.00	direct	fixed-n-score	0.005000	1.00	0.60	0.30	0.30	0.30	real effect	200	0.1150000000	0.1250000000	0.0400000000	0.0000000000	0.9600000000	0.0138564065	100.0000000000	300.0000000000	$24.90-$26.10	$24.90-$26.10 (cap $90.00)	yes	100
100	100	50	250	0.50	union	anytime	0.020900	1.00	0.60	0.30	0.30	0.30	real effect	200	0.0700000000	0.0100000000	0.0100000000	0.0000000000	0.9900000000	0.0070356236	99.5600000000	248.9000000000	$20.66-$21.65	$20.75-$21.75 (cap $75.00)	yes	100
100	100	50	250	0.50	direct	anytime	0.020900	1.00	0.60	0.30	0.30	0.30	real effect	200	0.0750000000	0.0400000000	0.0200000000	0.0000000000	0.9800000000	0.0098994949	99.3350000000	248.3350000000	$20.61-$21.61	$20.75-$21.75 (cap $75.00)	yes	100
100	100	50	250	0.50	direct	anytime-tuned	0.020900	1.00	0.60	0.30	0.30	0.30	real effect	200	0.0500000000	0.0000000000	0.0000000000	0.0000000000	1.0000000000	0.0000000000	100.0000000000	250.0000000000	$20.75-$21.75	$20.75-$21.75 (cap $75.00)	yes	100
100	100	50	250	0.50	direct	anytime-tuned	0.020900	0.50	0.60	0.30	0.30	0.30	real effect	200	0.0100000000	0.0000000000	0.0000000000	0.0000000000	1.0000000000	0.0000000000	100.0000000000	250.0000000000	$20.75-$21.75	$20.75-$21.75 (cap $75.00)	yes	100
100	100	50	250	0.50	direct	anytime-tuned	0.020900	0.25	0.60	0.30	0.30	0.30	real effect	200	0.0000000000	0.0000000000	0.0000000000	0.0000000000	1.0000000000	0.0000000000	100.0000000000	250.0000000000	$20.75-$21.75	$20.75-$21.75 (cap $75.00)	yes	100
100	100	50	250	0.50	direct	fixed-n-betting	0.020900	1.00	0.60	0.30	0.30	0.30	real effect	200	0.0950000000	0.0400000000	0.0100000000	0.0000000000	0.9900000000	0.0070356236	100.0000000000	250.0000000000	$20.75-$21.75	$20.75-$21.75 (cap $75.00)	yes	100
100	100	50	250	0.50	direct	fixed-n-score	0.020900	1.00	0.60	0.30	0.30	0.30	real effect	200	0.2900000000	0.1850000000	0.1150000000	0.0000000000	0.8850000000	0.0225582579	100.0000000000	250.0000000000	$20.75-$21.75	$20.75-$21.75 (cap $75.00)	yes	100
100	100	50	250	0.50	direct	fixed-n-betting	0.010500	1.00	0.60	0.30	0.30	0.30	real effect	200	0.0900000000	0.0200000000	0.0100000000	0.0000000000	0.9900000000	0.0070356236	100.0000000000	250.0000000000	$20.75-$21.75	$20.75-$21.75 (cap $75.00)	yes	100
100	100	50	250	0.50	direct	fixed-n-score	0.010500	1.00	0.60	0.30	0.30	0.30	real effect	200	0.1650000000	0.1200000000	0.0550000000	0.0000000000	0.9450000000	0.0161206389	100.0000000000	250.0000000000	$20.75-$21.75	$20.75-$21.75 (cap $75.00)	yes	100
100	100	50	250	0.50	direct	fixed-n-betting	0.005000	1.00	0.60	0.30	0.30	0.30	real effect	200	0.0500000000	0.0050000000	0.0050000000	0.0000000000	0.9950000000	0.0049874843	100.0000000000	250.0000000000	$20.75-$21.75	$20.75-$21.75 (cap $75.00)	yes	100
100	100	50	250	0.50	direct	fixed-n-score	0.005000	1.00	0.60	0.30	0.30	0.30	real effect	200	0.1150000000	0.0950000000	0.0400000000	0.0000000000	0.9600000000	0.0138564065	100.0000000000	250.0000000000	$20.75-$21.75	$20.75-$21.75 (cap $75.00)	yes	100
100	100	100	300	1.00	union	anytime	0.020900	1.00	0.30	0.30	0.35	0.00	no-lift	200	0.0000000000	0.0000000000	0.0000000000	0.6450000000	0.3550000000	0.0000000000	66.2600000000	198.7800000000	$16.50-$17.29	$24.90-$26.10 (cap $90.00)	yes	100
100	100	100	300	1.00	direct	anytime	0.020900	1.00	0.30	0.30	0.35	0.00	no-lift	200	0.0000000000	0.0000000000	0.0000000000	0.6450000000	0.3550000000	0.0000000000	66.2600000000	198.7800000000	$16.50-$17.29	$24.90-$26.10 (cap $90.00)	yes	100
100	100	100	300	1.00	direct	anytime-tuned	0.020900	1.00	0.30	0.30	0.35	0.00	no-lift	200	0.0000000000	0.0000000000	0.0000000000	0.6250000000	0.3750000000	0.0000000000	81.9950000000	245.9850000000	$20.42-$21.40	$24.90-$26.10 (cap $90.00)	yes	100
100	100	100	300	1.00	direct	anytime-tuned	0.020900	0.50	0.30	0.30	0.35	0.00	no-lift	200	0.0000000000	0.0000000000	0.0000000000	0.4050000000	0.5950000000	0.0000000000	91.3550000000	274.0650000000	$22.75-$23.84	$24.90-$26.10 (cap $90.00)	yes	100
100	100	100	300	1.00	direct	anytime-tuned	0.020900	0.25	0.30	0.30	0.35	0.00	no-lift	200	0.0000000000	0.0000000000	0.0000000000	0.2050000000	0.7950000000	0.0000000000	96.5250000000	289.5750000000	$24.03-$25.19	$24.90-$26.10 (cap $90.00)	yes	100
100	100	100	300	1.00	direct	fixed-n-betting	0.020900	1.00	0.30	0.30	0.35	0.00	no-lift	200	0.0000000000	0.0000000000	0.0000000000	0.7000000000	0.3000000000	0.0000000000	100.0000000000	300.0000000000	$24.90-$26.10	$24.90-$26.10 (cap $90.00)	yes	100
100	100	100	300	1.00	direct	fixed-n-score	0.020900	1.00	0.30	0.30	0.35	0.00	no-lift	200	0.0000000000	0.0000000000	0.0000000000	0.9350000000	0.0650000000	0.0000000000	100.0000000000	300.0000000000	$24.90-$26.10	$24.90-$26.10 (cap $90.00)	yes	100
100	100	100	300	1.00	direct	fixed-n-betting	0.010500	1.00	0.30	0.30	0.35	0.00	no-lift	200	0.0000000000	0.0000000000	0.0000000000	0.7000000000	0.3000000000	0.0000000000	100.0000000000	300.0000000000	$24.90-$26.10	$24.90-$26.10 (cap $90.00)	yes	100
100	100	100	300	1.00	direct	fixed-n-score	0.010500	1.00	0.30	0.30	0.35	0.00	no-lift	200	0.0000000000	0.0000000000	0.0000000000	0.9350000000	0.0650000000	0.0000000000	100.0000000000	300.0000000000	$24.90-$26.10	$24.90-$26.10 (cap $90.00)	yes	100
100	100	100	300	1.00	direct	fixed-n-betting	0.005000	1.00	0.30	0.30	0.35	0.00	no-lift	200	0.0000000000	0.0000000000	0.0000000000	0.7000000000	0.3000000000	0.0000000000	100.0000000000	300.0000000000	$24.90-$26.10	$24.90-$26.10 (cap $90.00)	yes	100
100	100	100	300	1.00	direct	fixed-n-score	0.005000	1.00	0.30	0.30	0.35	0.00	no-lift	200	0.0000000000	0.0000000000	0.0000000000	0.9350000000	0.0650000000	0.0000000000	100.0000000000	300.0000000000	$24.90-$26.10	$24.90-$26.10 (cap $90.00)	yes	100
100	100	50	250	0.50	union	anytime	0.020900	1.00	0.30	0.30	0.35	0.00	no-lift	200	0.0000000000	0.0000000000	0.0000000000	0.6450000000	0.3550000000	0.0000000000	66.2600000000	165.4800000000	$13.73-$14.40	$20.75-$21.75 (cap $75.00)	yes	100
100	100	50	250	0.50	direct	anytime	0.020900	1.00	0.30	0.30	0.35	0.00	no-lift	200	0.0000000000	0.0000000000	0.0000000000	0.6450000000	0.3550000000	0.0000000000	66.2600000000	165.4800000000	$13.73-$14.40	$20.75-$21.75 (cap $75.00)	yes	100
100	100	50	250	0.50	direct	anytime-tuned	0.020900	1.00	0.30	0.30	0.35	0.00	no-lift	200	0.0000000000	0.0000000000	0.0000000000	0.6250000000	0.3750000000	0.0000000000	81.9950000000	204.8200000000	$17.00-$17.82	$20.75-$21.75 (cap $75.00)	yes	100
100	100	50	250	0.50	direct	anytime-tuned	0.020900	0.50	0.30	0.30	0.35	0.00	no-lift	200	0.0000000000	0.0000000000	0.0000000000	0.4050000000	0.5950000000	0.0000000000	91.3550000000	228.2800000000	$18.95-$19.86	$20.75-$21.75 (cap $75.00)	yes	100
100	100	50	250	0.50	direct	anytime-tuned	0.020900	0.25	0.30	0.30	0.35	0.00	no-lift	200	0.0000000000	0.0000000000	0.0000000000	0.2050000000	0.7950000000	0.0000000000	96.5250000000	241.2550000000	$20.02-$20.99	$20.75-$21.75 (cap $75.00)	yes	100
100	100	50	250	0.50	direct	fixed-n-betting	0.020900	1.00	0.30	0.30	0.35	0.00	no-lift	200	0.0000000000	0.0000000000	0.0000000000	0.7000000000	0.3000000000	0.0000000000	100.0000000000	250.0000000000	$20.75-$21.75	$20.75-$21.75 (cap $75.00)	yes	100
100	100	50	250	0.50	direct	fixed-n-score	0.020900	1.00	0.30	0.30	0.35	0.00	no-lift	200	0.0000000000	0.0000000000	0.0000000000	0.9350000000	0.0650000000	0.0000000000	100.0000000000	250.0000000000	$20.75-$21.75	$20.75-$21.75 (cap $75.00)	yes	100
100	100	50	250	0.50	direct	fixed-n-betting	0.010500	1.00	0.30	0.30	0.35	0.00	no-lift	200	0.0000000000	0.0000000000	0.0000000000	0.7000000000	0.3000000000	0.0000000000	100.0000000000	250.0000000000	$20.75-$21.75	$20.75-$21.75 (cap $75.00)	yes	100
100	100	50	250	0.50	direct	fixed-n-score	0.010500	1.00	0.30	0.30	0.35	0.00	no-lift	200	0.0000000000	0.0000000000	0.0000000000	0.9350000000	0.0650000000	0.0000000000	100.0000000000	250.0000000000	$20.75-$21.75	$20.75-$21.75 (cap $75.00)	yes	100
100	100	50	250	0.50	direct	fixed-n-betting	0.005000	1.00	0.30	0.30	0.35	0.00	no-lift	200	0.0000000000	0.0000000000	0.0000000000	0.7000000000	0.3000000000	0.0000000000	100.0000000000	250.0000000000	$20.75-$21.75	$20.75-$21.75 (cap $75.00)	yes	100
100	100	50	250	0.50	direct	fixed-n-score	0.005000	1.00	0.30	0.30	0.35	0.00	no-lift	200	0.0000000000	0.0000000000	0.0000000000	0.9350000000	0.0650000000	0.0000000000	100.0000000000	250.0000000000	$20.75-$21.75	$20.75-$21.75 (cap $75.00)	yes	100
100	100	100	300	1.00	union	anytime	0.020900	1.00	0.40	0.30	0.35	0.10	no-lift	200	0.0000000000	0.0000000000	0.0000000000	0.1500000000	0.8500000000	0.0000000000	92.2750000000	276.8250000000	$22.98-$24.08	$24.90-$26.10 (cap $90.00)	yes	100
100	100	100	300	1.00	direct	anytime	0.020900	1.00	0.40	0.30	0.35	0.10	no-lift	200	0.0000000000	0.0000000000	0.0000000000	0.1500000000	0.8500000000	0.0000000000	92.2750000000	276.8250000000	$22.98-$24.08	$24.90-$26.10 (cap $90.00)	yes	100
100	100	100	300	1.00	direct	anytime-tuned	0.020900	1.00	0.40	0.30	0.35	0.10	no-lift	200	0.0000000000	0.0000000000	0.0000000000	0.1050000000	0.8950000000	0.0000000000	97.4600000000	292.3800000000	$24.27-$25.44	$24.90-$26.10 (cap $90.00)	yes	100
100	100	100	300	1.00	direct	anytime-tuned	0.020900	0.50	0.40	0.30	0.35	0.10	no-lift	200	0.0000000000	0.0000000000	0.0000000000	0.0300000000	0.9700000000	0.0000000000	99.1950000000	297.5850000000	$24.70-$25.89	$24.90-$26.10 (cap $90.00)	yes	100
100	100	100	300	1.00	direct	anytime-tuned	0.020900	0.25	0.40	0.30	0.35	0.10	no-lift	200	0.0000000000	0.0000000000	0.0000000000	0.0100000000	0.9900000000	0.0000000000	99.9000000000	299.7000000000	$24.88-$26.07	$24.90-$26.10 (cap $90.00)	yes	100
100	100	100	300	1.00	direct	fixed-n-betting	0.020900	1.00	0.40	0.30	0.35	0.10	no-lift	200	0.0000000000	0.0000000000	0.0000000000	0.1350000000	0.8650000000	0.0000000000	100.0000000000	300.0000000000	$24.90-$26.10	$24.90-$26.10 (cap $90.00)	yes	100
100	100	100	300	1.00	direct	fixed-n-score	0.020900	1.00	0.40	0.30	0.35	0.10	no-lift	200	0.0000000000	0.0000000000	0.0000000000	0.5000000000	0.5000000000	0.0000000000	100.0000000000	300.0000000000	$24.90-$26.10	$24.90-$26.10 (cap $90.00)	yes	100
100	100	100	300	1.00	direct	fixed-n-betting	0.010500	1.00	0.40	0.30	0.35	0.10	no-lift	200	0.0000000000	0.0000000000	0.0000000000	0.1350000000	0.8650000000	0.0000000000	100.0000000000	300.0000000000	$24.90-$26.10	$24.90-$26.10 (cap $90.00)	yes	100
100	100	100	300	1.00	direct	fixed-n-score	0.010500	1.00	0.40	0.30	0.35	0.10	no-lift	200	0.0000000000	0.0000000000	0.0000000000	0.5000000000	0.5000000000	0.0000000000	100.0000000000	300.0000000000	$24.90-$26.10	$24.90-$26.10 (cap $90.00)	yes	100
100	100	100	300	1.00	direct	fixed-n-betting	0.005000	1.00	0.40	0.30	0.35	0.10	no-lift	200	0.0000000000	0.0000000000	0.0000000000	0.1350000000	0.8650000000	0.0000000000	100.0000000000	300.0000000000	$24.90-$26.10	$24.90-$26.10 (cap $90.00)	yes	100
100	100	100	300	1.00	direct	fixed-n-score	0.005000	1.00	0.40	0.30	0.35	0.10	no-lift	200	0.0000000000	0.0000000000	0.0000000000	0.5000000000	0.5000000000	0.0000000000	100.0000000000	300.0000000000	$24.90-$26.10	$24.90-$26.10 (cap $90.00)	yes	100
100	100	50	250	0.50	union	anytime	0.020900	1.00	0.40	0.30	0.35	0.10	no-lift	200	0.0000000000	0.0000000000	0.0000000000	0.1500000000	0.8500000000	0.0000000000	92.2750000000	230.6550000000	$19.14-$20.07	$20.75-$21.75 (cap $75.00)	yes	100
100	100	50	250	0.50	direct	anytime	0.020900	1.00	0.40	0.30	0.35	0.10	no-lift	200	0.0000000000	0.0000000000	0.0000000000	0.1500000000	0.8500000000	0.0000000000	92.2750000000	230.6550000000	$19.14-$20.07	$20.75-$21.75 (cap $75.00)	yes	100
100	100	50	250	0.50	direct	anytime-tuned	0.020900	1.00	0.40	0.30	0.35	0.10	no-lift	200	0.0000000000	0.0000000000	0.0000000000	0.1050000000	0.8950000000	0.0000000000	97.4600000000	243.6250000000	$20.22-$21.20	$20.75-$21.75 (cap $75.00)	yes	100
100	100	50	250	0.50	direct	anytime-tuned	0.020900	0.50	0.40	0.30	0.35	0.10	no-lift	200	0.0000000000	0.0000000000	0.0000000000	0.0300000000	0.9700000000	0.0000000000	99.1950000000	247.9800000000	$20.58-$21.57	$20.75-$21.75 (cap $75.00)	yes	100
100	100	50	250	0.50	direct	anytime-tuned	0.020900	0.25	0.40	0.30	0.35	0.10	no-lift	200	0.0000000000	0.0000000000	0.0000000000	0.0100000000	0.9900000000	0.0000000000	99.9000000000	249.7500000000	$20.73-$21.73	$20.75-$21.75 (cap $75.00)	yes	100
100	100	50	250	0.50	direct	fixed-n-betting	0.020900	1.00	0.40	0.30	0.35	0.10	no-lift	200	0.0000000000	0.0000000000	0.0000000000	0.1350000000	0.8650000000	0.0000000000	100.0000000000	250.0000000000	$20.75-$21.75	$20.75-$21.75 (cap $75.00)	yes	100
100	100	50	250	0.50	direct	fixed-n-score	0.020900	1.00	0.40	0.30	0.35	0.10	no-lift	200	0.0000000000	0.0000000000	0.0000000000	0.5000000000	0.5000000000	0.0000000000	100.0000000000	250.0000000000	$20.75-$21.75	$20.75-$21.75 (cap $75.00)	yes	100
100	100	50	250	0.50	direct	fixed-n-betting	0.010500	1.00	0.40	0.30	0.35	0.10	no-lift	200	0.0000000000	0.0000000000	0.0000000000	0.1350000000	0.8650000000	0.0000000000	100.0000000000	250.0000000000	$20.75-$21.75	$20.75-$21.75 (cap $75.00)	yes	100
100	100	50	250	0.50	direct	fixed-n-score	0.010500	1.00	0.40	0.30	0.35	0.10	no-lift	200	0.0000000000	0.0000000000	0.0000000000	0.5000000000	0.5000000000	0.0000000000	100.0000000000	250.0000000000	$20.75-$21.75	$20.75-$21.75 (cap $75.00)	yes	100
100	100	50	250	0.50	direct	fixed-n-betting	0.005000	1.00	0.40	0.30	0.35	0.10	no-lift	200	0.0000000000	0.0000000000	0.0000000000	0.1350000000	0.8650000000	0.0000000000	100.0000000000	250.0000000000	$20.75-$21.75	$20.75-$21.75 (cap $75.00)	yes	100
100	100	50	250	0.50	direct	fixed-n-score	0.005000	1.00	0.40	0.30	0.35	0.10	no-lift	200	0.0000000000	0.0000000000	0.0000000000	0.5000000000	0.5000000000	0.0000000000	100.0000000000	250.0000000000	$20.75-$21.75	$20.75-$21.75 (cap $75.00)	yes	100
100	100	100	300	1.00	union	anytime	0.020900	1.00	0.50	0.30	0.35	0.20	calibration	200	0.0050000000	0.0000000000	0.0000000000	0.0050000000	0.9950000000	0.0000000000	99.5650000000	298.6950000000	$24.79-$25.99	$24.90-$26.10 (cap $90.00)	yes	100
100	100	100	300	1.00	direct	anytime	0.020900	1.00	0.50	0.30	0.35	0.20	calibration	200	0.0050000000	0.0050000000	0.0050000000	0.0050000000	0.9900000000	0.0049874843	99.2600000000	297.7800000000	$24.72-$25.91	$24.90-$26.10 (cap $90.00)	yes	100
100	100	100	300	1.00	direct	anytime-tuned	0.020900	1.00	0.50	0.30	0.35	0.20	calibration	200	0.0000000000	0.0000000000	0.0000000000	0.0000000000	1.0000000000	0.0000000000	100.0000000000	300.0000000000	$24.90-$26.10	$24.90-$26.10 (cap $90.00)	yes	100
100	100	100	300	1.00	direct	anytime-tuned	0.020900	0.50	0.50	0.30	0.35	0.20	calibration	200	0.0000000000	0.0000000000	0.0000000000	0.0000000000	1.0000000000	0.0000000000	100.0000000000	300.0000000000	$24.90-$26.10	$24.90-$26.10 (cap $90.00)	yes	100
100	100	100	300	1.00	direct	anytime-tuned	0.020900	0.25	0.50	0.30	0.35	0.20	calibration	200	0.0000000000	0.0000000000	0.0000000000	0.0000000000	1.0000000000	0.0000000000	100.0000000000	300.0000000000	$24.90-$26.10	$24.90-$26.10 (cap $90.00)	yes	100
100	100	100	300	1.00	direct	fixed-n-betting	0.020900	1.00	0.50	0.30	0.35	0.20	calibration	200	0.0050000000	0.0000000000	0.0000000000	0.0000000000	1.0000000000	0.0000000000	100.0000000000	300.0000000000	$24.90-$26.10	$24.90-$26.10 (cap $90.00)	yes	100
100	100	100	300	1.00	direct	fixed-n-score	0.020900	1.00	0.50	0.30	0.35	0.20	calibration	200	0.0150000000	0.0100000000	0.0000000000	0.0350000000	0.9650000000	0.0000000000	100.0000000000	300.0000000000	$24.90-$26.10	$24.90-$26.10 (cap $90.00)	yes	100
100	100	100	300	1.00	direct	fixed-n-betting	0.010500	1.00	0.50	0.30	0.35	0.20	calibration	200	0.0050000000	0.0000000000	0.0000000000	0.0000000000	1.0000000000	0.0000000000	100.0000000000	300.0000000000	$24.90-$26.10	$24.90-$26.10 (cap $90.00)	yes	100
100	100	100	300	1.00	direct	fixed-n-score	0.010500	1.00	0.50	0.30	0.35	0.20	calibration	200	0.0100000000	0.0050000000	0.0000000000	0.0350000000	0.9650000000	0.0000000000	100.0000000000	300.0000000000	$24.90-$26.10	$24.90-$26.10 (cap $90.00)	yes	100
100	100	100	300	1.00	direct	fixed-n-betting	0.005000	1.00	0.50	0.30	0.35	0.20	calibration	200	0.0000000000	0.0000000000	0.0000000000	0.0000000000	1.0000000000	0.0000000000	100.0000000000	300.0000000000	$24.90-$26.10	$24.90-$26.10 (cap $90.00)	yes	100
100	100	100	300	1.00	direct	fixed-n-score	0.005000	1.00	0.50	0.30	0.35	0.20	calibration	200	0.0050000000	0.0000000000	0.0000000000	0.0350000000	0.9650000000	0.0000000000	100.0000000000	300.0000000000	$24.90-$26.10	$24.90-$26.10 (cap $90.00)	yes	100
100	100	50	250	0.50	union	anytime	0.020900	1.00	0.50	0.30	0.35	0.20	calibration	200	0.0050000000	0.0000000000	0.0000000000	0.0050000000	0.9950000000	0.0000000000	99.5650000000	248.9100000000	$20.66-$21.66	$20.75-$21.75 (cap $75.00)	yes	100
100	100	50	250	0.50	direct	anytime	0.020900	1.00	0.50	0.30	0.35	0.20	calibration	200	0.0050000000	0.0000000000	0.0000000000	0.0050000000	0.9950000000	0.0000000000	99.5650000000	248.9100000000	$20.66-$21.66	$20.75-$21.75 (cap $75.00)	yes	100
100	100	50	250	0.50	direct	anytime-tuned	0.020900	1.00	0.50	0.30	0.35	0.20	calibration	200	0.0000000000	0.0000000000	0.0000000000	0.0000000000	1.0000000000	0.0000000000	100.0000000000	250.0000000000	$20.75-$21.75	$20.75-$21.75 (cap $75.00)	yes	100
100	100	50	250	0.50	direct	anytime-tuned	0.020900	0.50	0.50	0.30	0.35	0.20	calibration	200	0.0000000000	0.0000000000	0.0000000000	0.0000000000	1.0000000000	0.0000000000	100.0000000000	250.0000000000	$20.75-$21.75	$20.75-$21.75 (cap $75.00)	yes	100
100	100	50	250	0.50	direct	anytime-tuned	0.020900	0.25	0.50	0.30	0.35	0.20	calibration	200	0.0000000000	0.0000000000	0.0000000000	0.0000000000	1.0000000000	0.0000000000	100.0000000000	250.0000000000	$20.75-$21.75	$20.75-$21.75 (cap $75.00)	yes	100
100	100	50	250	0.50	direct	fixed-n-betting	0.020900	1.00	0.50	0.30	0.35	0.20	calibration	200	0.0050000000	0.0000000000	0.0000000000	0.0000000000	1.0000000000	0.0000000000	100.0000000000	250.0000000000	$20.75-$21.75	$20.75-$21.75 (cap $75.00)	yes	100
100	100	50	250	0.50	direct	fixed-n-score	0.020900	1.00	0.50	0.30	0.35	0.20	calibration	200	0.0150000000	0.0050000000	0.0000000000	0.0350000000	0.9650000000	0.0000000000	100.0000000000	250.0000000000	$20.75-$21.75	$20.75-$21.75 (cap $75.00)	yes	100
100	100	50	250	0.50	direct	fixed-n-betting	0.010500	1.00	0.50	0.30	0.35	0.20	calibration	200	0.0050000000	0.0000000000	0.0000000000	0.0000000000	1.0000000000	0.0000000000	100.0000000000	250.0000000000	$20.75-$21.75	$20.75-$21.75 (cap $75.00)	yes	100
100	100	50	250	0.50	direct	fixed-n-score	0.010500	1.00	0.50	0.30	0.35	0.20	calibration	200	0.0100000000	0.0050000000	0.0000000000	0.0350000000	0.9650000000	0.0000000000	100.0000000000	250.0000000000	$20.75-$21.75	$20.75-$21.75 (cap $75.00)	yes	100
100	100	50	250	0.50	direct	fixed-n-betting	0.005000	1.00	0.50	0.30	0.35	0.20	calibration	200	0.0000000000	0.0000000000	0.0000000000	0.0000000000	1.0000000000	0.0000000000	100.0000000000	250.0000000000	$20.75-$21.75	$20.75-$21.75 (cap $75.00)	yes	100
100	100	50	250	0.50	direct	fixed-n-score	0.005000	1.00	0.50	0.30	0.35	0.20	calibration	200	0.0050000000	0.0000000000	0.0000000000	0.0350000000	0.9650000000	0.0000000000	100.0000000000	250.0000000000	$20.75-$21.75	$20.75-$21.75 (cap $75.00)	yes	100
100	100	100	300	1.00	union	anytime	0.020900	1.00	0.60	0.30	0.35	0.30	real effect	200	0.0850000000	0.0000000000	0.0000000000	0.0000000000	1.0000000000	0.0000000000	100.0000000000	300.0000000000	$24.90-$26.10	$24.90-$26.10 (cap $90.00)	yes	100
100	100	100	300	1.00	direct	anytime	0.020900	1.00	0.60	0.30	0.35	0.30	real effect	200	0.0900000000	0.0050000000	0.0050000000	0.0000000000	0.9950000000	0.0049874843	99.7850000000	299.3550000000	$24.85-$26.04	$24.90-$26.10 (cap $90.00)	yes	100
100	100	100	300	1.00	direct	anytime-tuned	0.020900	1.00	0.60	0.30	0.35	0.30	real effect	200	0.0500000000	0.0000000000	0.0000000000	0.0000000000	1.0000000000	0.0000000000	100.0000000000	300.0000000000	$24.90-$26.10	$24.90-$26.10 (cap $90.00)	yes	100
100	100	100	300	1.00	direct	anytime-tuned	0.020900	0.50	0.60	0.30	0.35	0.30	real effect	200	0.0000000000	0.0000000000	0.0000000000	0.0000000000	1.0000000000	0.0000000000	100.0000000000	300.0000000000	$24.90-$26.10	$24.90-$26.10 (cap $90.00)	yes	100
100	100	100	300	1.00	direct	anytime-tuned	0.020900	0.25	0.60	0.30	0.35	0.30	real effect	200	0.0000000000	0.0000000000	0.0000000000	0.0000000000	1.0000000000	0.0000000000	100.0000000000	300.0000000000	$24.90-$26.10	$24.90-$26.10 (cap $90.00)	yes	100
100	100	100	300	1.00	direct	fixed-n-betting	0.020900	1.00	0.60	0.30	0.35	0.30	real effect	200	0.0900000000	0.0100000000	0.0050000000	0.0000000000	0.9950000000	0.0049874843	100.0000000000	300.0000000000	$24.90-$26.10	$24.90-$26.10 (cap $90.00)	yes	100
100	100	100	300	1.00	direct	fixed-n-score	0.020900	1.00	0.60	0.30	0.35	0.30	real effect	200	0.3050000000	0.0650000000	0.0400000000	0.0000000000	0.9600000000	0.0138564065	100.0000000000	300.0000000000	$24.90-$26.10	$24.90-$26.10 (cap $90.00)	yes	100
100	100	100	300	1.00	direct	fixed-n-betting	0.010500	1.00	0.60	0.30	0.35	0.30	real effect	200	0.0750000000	0.0000000000	0.0000000000	0.0000000000	1.0000000000	0.0000000000	100.0000000000	300.0000000000	$24.90-$26.10	$24.90-$26.10 (cap $90.00)	yes	100
100	100	100	300	1.00	direct	fixed-n-score	0.010500	1.00	0.60	0.30	0.35	0.30	real effect	200	0.2200000000	0.0400000000	0.0300000000	0.0000000000	0.9700000000	0.0120623381	100.0000000000	300.0000000000	$24.90-$26.10	$24.90-$26.10 (cap $90.00)	yes	100
100	100	100	300	1.00	direct	fixed-n-betting	0.005000	1.00	0.60	0.30	0.35	0.30	real effect	200	0.0350000000	0.0000000000	0.0000000000	0.0000000000	1.0000000000	0.0000000000	100.0000000000	300.0000000000	$24.90-$26.10	$24.90-$26.10 (cap $90.00)	yes	100
100	100	100	300	1.00	direct	fixed-n-score	0.005000	1.00	0.60	0.30	0.35	0.30	real effect	200	0.1500000000	0.0150000000	0.0100000000	0.0000000000	0.9900000000	0.0070356236	100.0000000000	300.0000000000	$24.90-$26.10	$24.90-$26.10 (cap $90.00)	yes	100
100	100	50	250	0.50	union	anytime	0.020900	1.00	0.60	0.30	0.35	0.30	real effect	200	0.0850000000	0.0000000000	0.0000000000	0.0000000000	1.0000000000	0.0000000000	100.0000000000	250.0000000000	$20.75-$21.75	$20.75-$21.75 (cap $75.00)	yes	100
100	100	50	250	0.50	direct	anytime	0.020900	1.00	0.60	0.30	0.35	0.30	real effect	200	0.0900000000	0.0050000000	0.0050000000	0.0000000000	0.9950000000	0.0049874843	99.9250000000	249.8100000000	$20.73-$21.73	$20.75-$21.75 (cap $75.00)	yes	100
100	100	50	250	0.50	direct	anytime-tuned	0.020900	1.00	0.60	0.30	0.35	0.30	real effect	200	0.0500000000	0.0000000000	0.0000000000	0.0000000000	1.0000000000	0.0000000000	100.0000000000	250.0000000000	$20.75-$21.75	$20.75-$21.75 (cap $75.00)	yes	100
100	100	50	250	0.50	direct	anytime-tuned	0.020900	0.50	0.60	0.30	0.35	0.30	real effect	200	0.0000000000	0.0000000000	0.0000000000	0.0000000000	1.0000000000	0.0000000000	100.0000000000	250.0000000000	$20.75-$21.75	$20.75-$21.75 (cap $75.00)	yes	100
100	100	50	250	0.50	direct	anytime-tuned	0.020900	0.25	0.60	0.30	0.35	0.30	real effect	200	0.0000000000	0.0000000000	0.0000000000	0.0000000000	1.0000000000	0.0000000000	100.0000000000	250.0000000000	$20.75-$21.75	$20.75-$21.75 (cap $75.00)	yes	100
100	100	50	250	0.50	direct	fixed-n-betting	0.020900	1.00	0.60	0.30	0.35	0.30	real effect	200	0.0900000000	0.0000000000	0.0000000000	0.0000000000	1.0000000000	0.0000000000	100.0000000000	250.0000000000	$20.75-$21.75	$20.75-$21.75 (cap $75.00)	yes	100
100	100	50	250	0.50	direct	fixed-n-score	0.020900	1.00	0.60	0.30	0.35	0.30	real effect	200	0.3050000000	0.0600000000	0.0400000000	0.0000000000	0.9600000000	0.0138564065	100.0000000000	250.0000000000	$20.75-$21.75	$20.75-$21.75 (cap $75.00)	yes	100
100	100	50	250	0.50	direct	fixed-n-betting	0.010500	1.00	0.60	0.30	0.35	0.30	real effect	200	0.0750000000	0.0000000000	0.0000000000	0.0000000000	1.0000000000	0.0000000000	100.0000000000	250.0000000000	$20.75-$21.75	$20.75-$21.75 (cap $75.00)	yes	100
100	100	50	250	0.50	direct	fixed-n-score	0.010500	1.00	0.60	0.30	0.35	0.30	real effect	200	0.2200000000	0.0250000000	0.0200000000	0.0000000000	0.9800000000	0.0098994949	100.0000000000	250.0000000000	$20.75-$21.75	$20.75-$21.75 (cap $75.00)	yes	100
100	100	50	250	0.50	direct	fixed-n-betting	0.005000	1.00	0.60	0.30	0.35	0.30	real effect	200	0.0350000000	0.0000000000	0.0000000000	0.0000000000	1.0000000000	0.0000000000	100.0000000000	250.0000000000	$20.75-$21.75	$20.75-$21.75 (cap $75.00)	yes	100
100	100	50	250	0.50	direct	fixed-n-score	0.005000	1.00	0.60	0.30	0.35	0.30	real effect	200	0.1500000000	0.0200000000	0.0150000000	0.0000000000	0.9850000000	0.0085950567	100.0000000000	250.0000000000	$20.75-$21.75	$20.75-$21.75 (cap $75.00)	yes	100
100	100	100	300	1.00	union	anytime	0.020900	1.00	0.30	0.30	0.40	0.00	no-lift	200	0.0000000000	0.0000000000	0.0000000000	0.6250000000	0.3750000000	0.0000000000	63.1200000000	189.3600000000	$15.72-$16.47	$24.90-$26.10 (cap $90.00)	yes	100
100	100	100	300	1.00	direct	anytime	0.020900	1.00	0.30	0.30	0.40	0.00	no-lift	200	0.0000000000	0.0000000000	0.0000000000	0.6250000000	0.3750000000	0.0000000000	63.1200000000	189.3600000000	$15.72-$16.47	$24.90-$26.10 (cap $90.00)	yes	100
100	100	100	300	1.00	direct	anytime-tuned	0.020900	1.00	0.30	0.30	0.40	0.00	no-lift	200	0.0000000000	0.0000000000	0.0000000000	0.6400000000	0.3600000000	0.0000000000	80.2850000000	240.8550000000	$19.99-$20.95	$24.90-$26.10 (cap $90.00)	yes	100
100	100	100	300	1.00	direct	anytime-tuned	0.020900	0.50	0.30	0.30	0.40	0.00	no-lift	200	0.0000000000	0.0000000000	0.0000000000	0.4500000000	0.5500000000	0.0000000000	90.6500000000	271.9500000000	$22.57-$23.66	$24.90-$26.10 (cap $90.00)	yes	100
100	100	100	300	1.00	direct	anytime-tuned	0.020900	0.25	0.30	0.30	0.40	0.00	no-lift	200	0.0000000000	0.0000000000	0.0000000000	0.2450000000	0.7550000000	0.0000000000	96.5350000000	289.6050000000	$24.04-$25.20	$24.90-$26.10 (cap $90.00)	yes	100
100	100	100	300	1.00	direct	fixed-n-betting	0.020900	1.00	0.30	0.30	0.40	0.00	no-lift	200	0.0000000000	0.0000000000	0.0000000000	0.7600000000	0.2400000000	0.0000000000	100.0000000000	300.0000000000	$24.90-$26.10	$24.90-$26.10 (cap $90.00)	yes	100
100	100	100	300	1.00	direct	fixed-n-score	0.020900	1.00	0.30	0.30	0.40	0.00	no-lift	200	0.0000000000	0.0000000000	0.0000000000	0.9800000000	0.0200000000	0.0000000000	100.0000000000	300.0000000000	$24.90-$26.10	$24.90-$26.10 (cap $90.00)	yes	100
100	100	100	300	1.00	direct	fixed-n-betting	0.010500	1.00	0.30	0.30	0.40	0.00	no-lift	200	0.0000000000	0.0000000000	0.0000000000	0.7600000000	0.2400000000	0.0000000000	100.0000000000	300.0000000000	$24.90-$26.10	$24.90-$26.10 (cap $90.00)	yes	100
100	100	100	300	1.00	direct	fixed-n-score	0.010500	1.00	0.30	0.30	0.40	0.00	no-lift	200	0.0000000000	0.0000000000	0.0000000000	0.9800000000	0.0200000000	0.0000000000	100.0000000000	300.0000000000	$24.90-$26.10	$24.90-$26.10 (cap $90.00)	yes	100
100	100	100	300	1.00	direct	fixed-n-betting	0.005000	1.00	0.30	0.30	0.40	0.00	no-lift	200	0.0000000000	0.0000000000	0.0000000000	0.7600000000	0.2400000000	0.0000000000	100.0000000000	300.0000000000	$24.90-$26.10	$24.90-$26.10 (cap $90.00)	yes	100
100	100	100	300	1.00	direct	fixed-n-score	0.005000	1.00	0.30	0.30	0.40	0.00	no-lift	200	0.0000000000	0.0000000000	0.0000000000	0.9800000000	0.0200000000	0.0000000000	100.0000000000	300.0000000000	$24.90-$26.10	$24.90-$26.10 (cap $90.00)	yes	100
100	100	50	250	0.50	union	anytime	0.020900	1.00	0.30	0.30	0.40	0.00	no-lift	200	0.0000000000	0.0000000000	0.0000000000	0.6250000000	0.3750000000	0.0000000000	63.1200000000	157.6450000000	$13.08-$13.72	$20.75-$21.75 (cap $75.00)	yes	100
100	100	50	250	0.50	direct	anytime	0.020900	1.00	0.30	0.30	0.40	0.00	no-lift	200	0.0000000000	0.0000000000	0.0000000000	0.6250000000	0.3750000000	0.0000000000	63.1200000000	157.6450000000	$13.08-$13.72	$20.75-$21.75 (cap $75.00)	yes	100
100	100	50	250	0.50	direct	anytime-tuned	0.020900	1.00	0.30	0.30	0.40	0.00	no-lift	200	0.0000000000	0.0000000000	0.0000000000	0.6400000000	0.3600000000	0.0000000000	80.2850000000	200.5500000000	$16.65-$17.45	$20.75-$21.75 (cap $75.00)	yes	100
100	100	50	250	0.50	direct	anytime-tuned	0.020900	0.50	0.30	0.30	0.40	0.00	no-lift	200	0.0000000000	0.0000000000	0.0000000000	0.4500000000	0.5500000000	0.0000000000	90.6500000000	226.5150000000	$18.80-$19.71	$20.75-$21.75 (cap $75.00)	yes	100
100	100	50	250	0.50	direct	anytime-tuned	0.020900	0.25	0.30	0.30	0.40	0.00	no-lift	200	0.0000000000	0.0000000000	0.0000000000	0.2450000000	0.7550000000	0.0000000000	96.5350000000	241.2600000000	$20.02-$20.99	$20.75-$21.75 (cap $75.00)	yes	100
100	100	50	250	0.50	direct	fixed-n-betting	0.020900	1.00	0.30	0.30	0.40	0.00	no-lift	200	0.0000000000	0.0000000000	0.0000000000	0.7600000000	0.2400000000	0.0000000000	100.0000000000	250.0000000000	$20.75-$21.75	$20.75-$21.75 (cap $75.00)	yes	100
100	100	50	250	0.50	direct	fixed-n-score	0.020900	1.00	0.30	0.30	0.40	0.00	no-lift	200	0.0000000000	0.0000000000	0.0000000000	0.9800000000	0.0200000000	0.0000000000	100.0000000000	250.0000000000	$20.75-$21.75	$20.75-$21.75 (cap $75.00)	yes	100
100	100	50	250	0.50	direct	fixed-n-betting	0.010500	1.00	0.30	0.30	0.40	0.00	no-lift	200	0.0000000000	0.0000000000	0.0000000000	0.7600000000	0.2400000000	0.0000000000	100.0000000000	250.0000000000	$20.75-$21.75	$20.75-$21.75 (cap $75.00)	yes	100
100	100	50	250	0.50	direct	fixed-n-score	0.010500	1.00	0.30	0.30	0.40	0.00	no-lift	200	0.0000000000	0.0000000000	0.0000000000	0.9800000000	0.0200000000	0.0000000000	100.0000000000	250.0000000000	$20.75-$21.75	$20.75-$21.75 (cap $75.00)	yes	100
100	100	50	250	0.50	direct	fixed-n-betting	0.005000	1.00	0.30	0.30	0.40	0.00	no-lift	200	0.0000000000	0.0000000000	0.0000000000	0.7600000000	0.2400000000	0.0000000000	100.0000000000	250.0000000000	$20.75-$21.75	$20.75-$21.75 (cap $75.00)	yes	100
100	100	50	250	0.50	direct	fixed-n-score	0.005000	1.00	0.30	0.30	0.40	0.00	no-lift	200	0.0000000000	0.0000000000	0.0000000000	0.9800000000	0.0200000000	0.0000000000	100.0000000000	250.0000000000	$20.75-$21.75	$20.75-$21.75 (cap $75.00)	yes	100
100	100	100	300	1.00	union	anytime	0.020900	1.00	0.40	0.30	0.40	0.10	no-lift	200	0.0000000000	0.0000000000	0.0000000000	0.1900000000	0.8100000000	0.0000000000	90.1000000000	270.3000000000	$22.43-$23.52	$24.90-$26.10 (cap $90.00)	yes	100
100	100	100	300	1.00	direct	anytime	0.020900	1.00	0.40	0.30	0.40	0.10	no-lift	200	0.0000000000	0.0000000000	0.0000000000	0.1900000000	0.8100000000	0.0000000000	90.1000000000	270.3000000000	$22.43-$23.52	$24.90-$26.10 (cap $90.00)	yes	100
100	100	100	300	1.00	direct	anytime-tuned	0.020900	1.00	0.40	0.30	0.40	0.10	no-lift	200	0.0000000000	0.0000000000	0.0000000000	0.1150000000	0.8850000000	0.0000000000	96.8600000000	290.5800000000	$24.12-$25.28	$24.90-$26.10 (cap $90.00)	yes	100
100	100	100	300	1.00	direct	anytime-tuned	0.020900	0.50	0.40	0.30	0.40	0.10	no-lift	200	0.0000000000	0.0000000000	0.0000000000	0.0450000000	0.9550000000	0.0000000000	99.0500000000	297.1500000000	$24.66-$25.85	$24.90-$26.10 (cap $90.00)	yes	100
100	100	100	300	1.00	direct	anytime-tuned	0.020900	0.25	0.40	0.30	0.40	0.10	no-lift	200	0.0000000000	0.0000000000	0.0000000000	0.0100000000	0.9900000000	0.0000000000	99.8050000000	299.4150000000	$24.85-$26.05	$24.90-$26.10 (cap $90.00)	yes	100
100	100	100	300	1.00	direct	fixed-n-betting	0.020900	1.00	0.40	0.30	0.40	0.10	no-lift	200	0.0000000000	0.0000000000	0.0000000000	0.1600000000	0.8400000000	0.0000000000	100.0000000000	300.0000000000	$24.90-$26.10	$24.90-$26.10 (cap $90.00)	yes	100
100	100	100	300	1.00	direct	fixed-n-score	0.020900	1.00	0.40	0.30	0.40	0.10	no-lift	200	0.0000000000	0.0000000000	0.0000000000	0.4500000000	0.5500000000	0.0000000000	100.0000000000	300.0000000000	$24.90-$26.10	$24.90-$26.10 (cap $90.00)	yes	100
100	100	100	300	1.00	direct	fixed-n-betting	0.010500	1.00	0.40	0.30	0.40	0.10	no-lift	200	0.0000000000	0.0000000000	0.0000000000	0.1600000000	0.8400000000	0.0000000000	100.0000000000	300.0000000000	$24.90-$26.10	$24.90-$26.10 (cap $90.00)	yes	100
100	100	100	300	1.00	direct	fixed-n-score	0.010500	1.00	0.40	0.30	0.40	0.10	no-lift	200	0.0000000000	0.0000000000	0.0000000000	0.4500000000	0.5500000000	0.0000000000	100.0000000000	300.0000000000	$24.90-$26.10	$24.90-$26.10 (cap $90.00)	yes	100
100	100	100	300	1.00	direct	fixed-n-betting	0.005000	1.00	0.40	0.30	0.40	0.10	no-lift	200	0.0000000000	0.0000000000	0.0000000000	0.1600000000	0.8400000000	0.0000000000	100.0000000000	300.0000000000	$24.90-$26.10	$24.90-$26.10 (cap $90.00)	yes	100
100	100	100	300	1.00	direct	fixed-n-score	0.005000	1.00	0.40	0.30	0.40	0.10	no-lift	200	0.0000000000	0.0000000000	0.0000000000	0.4500000000	0.5500000000	0.0000000000	100.0000000000	300.0000000000	$24.90-$26.10	$24.90-$26.10 (cap $90.00)	yes	100
100	100	50	250	0.50	union	anytime	0.020900	1.00	0.40	0.30	0.40	0.10	no-lift	200	0.0000000000	0.0000000000	0.0000000000	0.1900000000	0.8100000000	0.0000000000	90.1000000000	225.2150000000	$18.69-$19.59	$20.75-$21.75 (cap $75.00)	yes	100
100	100	50	250	0.50	direct	anytime	0.020900	1.00	0.40	0.30	0.40	0.10	no-lift	200	0.0000000000	0.0000000000	0.0000000000	0.1900000000	0.8100000000	0.0000000000	90.1000000000	225.2150000000	$18.69-$19.59	$20.75-$21.75 (cap $75.00)	yes	100
100	100	50	250	0.50	direct	anytime-tuned	0.020900	1.00	0.40	0.30	0.40	0.10	no-lift	200	0.0000000000	0.0000000000	0.0000000000	0.1150000000	0.8850000000	0.0000000000	96.8600000000	242.1200000000	$20.10-$21.06	$20.75-$21.75 (cap $75.00)	yes	100
100	100	50	250	0.50	direct	anytime-tuned	0.020900	0.50	0.40	0.30	0.40	0.10	no-lift	200	0.0000000000	0.0000000000	0.0000000000	0.0450000000	0.9550000000	0.0000000000	99.0500000000	247.6150000000	$20.55-$21.54	$20.75-$21.75 (cap $75.00)	yes	100
100	100	50	250	0.50	direct	anytime-tuned	0.020900	0.25	0.40	0.30	0.40	0.10	no-lift	200	0.0000000000	0.0000000000	0.0000000000	0.0100000000	0.9900000000	0.0000000000	99.8050000000	249.5100000000	$20.71-$21.71	$20.75-$21.75 (cap $75.00)	yes	100
100	100	50	250	0.50	direct	fixed-n-betting	0.020900	1.00	0.40	0.30	0.40	0.10	no-lift	200	0.0000000000	0.0000000000	0.0000000000	0.1600000000	0.8400000000	0.0000000000	100.0000000000	250.0000000000	$20.75-$21.75	$20.75-$21.75 (cap $75.00)	yes	100
100	100	50	250	0.50	direct	fixed-n-score	0.020900	1.00	0.40	0.30	0.40	0.10	no-lift	200	0.0000000000	0.0000000000	0.0000000000	0.4500000000	0.5500000000	0.0000000000	100.0000000000	250.0000000000	$20.75-$21.75	$20.75-$21.75 (cap $75.00)	yes	100
100	100	50	250	0.50	direct	fixed-n-betting	0.010500	1.00	0.40	0.30	0.40	0.10	no-lift	200	0.0000000000	0.0000000000	0.0000000000	0.1600000000	0.8400000000	0.0000000000	100.0000000000	250.0000000000	$20.75-$21.75	$20.75-$21.75 (cap $75.00)	yes	100
100	100	50	250	0.50	direct	fixed-n-score	0.010500	1.00	0.40	0.30	0.40	0.10	no-lift	200	0.0000000000	0.0000000000	0.0000000000	0.4500000000	0.5500000000	0.0000000000	100.0000000000	250.0000000000	$20.75-$21.75	$20.75-$21.75 (cap $75.00)	yes	100
100	100	50	250	0.50	direct	fixed-n-betting	0.005000	1.00	0.40	0.30	0.40	0.10	no-lift	200	0.0000000000	0.0000000000	0.0000000000	0.1600000000	0.8400000000	0.0000000000	100.0000000000	250.0000000000	$20.75-$21.75	$20.75-$21.75 (cap $75.00)	yes	100
100	100	50	250	0.50	direct	fixed-n-score	0.005000	1.00	0.40	0.30	0.40	0.10	no-lift	200	0.0000000000	0.0000000000	0.0000000000	0.4500000000	0.5500000000	0.0000000000	100.0000000000	250.0000000000	$20.75-$21.75	$20.75-$21.75 (cap $75.00)	yes	100
100	100	100	300	1.00	union	anytime	0.020900	1.00	0.50	0.30	0.40	0.20	calibration	200	0.0050000000	0.0000000000	0.0000000000	0.0450000000	0.9550000000	0.0000000000	96.8050000000	290.4150000000	$24.10-$25.27	$24.90-$26.10 (cap $90.00)	yes	100
100	100	100	300	1.00	direct	anytime	0.020900	1.00	0.50	0.30	0.40	0.20	calibration	200	0.0050000000	0.0000000000	0.0000000000	0.0450000000	0.9550000000	0.0000000000	96.8050000000	290.4150000000	$24.10-$25.27	$24.90-$26.10 (cap $90.00)	yes	100
100	100	100	300	1.00	direct	anytime-tuned	0.020900	1.00	0.50	0.30	0.40	0.20	calibration	200	0.0000000000	0.0000000000	0.0000000000	0.0150000000	0.9850000000	0.0000000000	99.8450000000	299.5350000000	$24.86-$26.06	$24.90-$26.10 (cap $90.00)	yes	100
100	100	100	300	1.00	direct	anytime-tuned	0.020900	0.50	0.50	0.30	0.40	0.20	calibration	200	0.0000000000	0.0000000000	0.0000000000	0.0000000000	1.0000000000	0.0000000000	100.0000000000	300.0000000000	$24.90-$26.10	$24.90-$26.10 (cap $90.00)	yes	100
100	100	100	300	1.00	direct	anytime-tuned	0.020900	0.25	0.50	0.30	0.40	0.20	calibration	200	0.0000000000	0.0000000000	0.0000000000	0.0000000000	1.0000000000	0.0000000000	100.0000000000	300.0000000000	$24.90-$26.10	$24.90-$26.10 (cap $90.00)	yes	100
100	100	100	300	1.00	direct	fixed-n-betting	0.020900	1.00	0.50	0.30	0.40	0.20	calibration	200	0.0000000000	0.0000000000	0.0000000000	0.0150000000	0.9850000000	0.0000000000	100.0000000000	300.0000000000	$24.90-$26.10	$24.90-$26.10 (cap $90.00)	yes	100
100	100	100	300	1.00	direct	fixed-n-score	0.020900	1.00	0.50	0.30	0.40	0.20	calibration	200	0.0150000000	0.0000000000	0.0000000000	0.0400000000	0.9600000000	0.0000000000	100.0000000000	300.0000000000	$24.90-$26.10	$24.90-$26.10 (cap $90.00)	yes	100
100	100	100	300	1.00	direct	fixed-n-betting	0.010500	1.00	0.50	0.30	0.40	0.20	calibration	200	0.0000000000	0.0000000000	0.0000000000	0.0150000000	0.9850000000	0.0000000000	100.0000000000	300.0000000000	$24.90-$26.10	$24.90-$26.10 (cap $90.00)	yes	100
100	100	100	300	1.00	direct	fixed-n-score	0.010500	1.00	0.50	0.30	0.40	0.20	calibration	200	0.0100000000	0.0000000000	0.0000000000	0.0400000000	0.9600000000	0.0000000000	100.0000000000	300.0000000000	$24.90-$26.10	$24.90-$26.10 (cap $90.00)	yes	100
100	100	100	300	1.00	direct	fixed-n-betting	0.005000	1.00	0.50	0.30	0.40	0.20	calibration	200	0.0000000000	0.0000000000	0.0000000000	0.0150000000	0.9850000000	0.0000000000	100.0000000000	300.0000000000	$24.90-$26.10	$24.90-$26.10 (cap $90.00)	yes	100
100	100	100	300	1.00	direct	fixed-n-score	0.005000	1.00	0.50	0.30	0.40	0.20	calibration	200	0.0100000000	0.0000000000	0.0000000000	0.0400000000	0.9600000000	0.0000000000	100.0000000000	300.0000000000	$24.90-$26.10	$24.90-$26.10 (cap $90.00)	yes	100
100	100	50	250	0.50	union	anytime	0.020900	1.00	0.50	0.30	0.40	0.20	calibration	200	0.0050000000	0.0000000000	0.0000000000	0.0450000000	0.9550000000	0.0000000000	96.8050000000	242.0000000000	$20.09-$21.05	$20.75-$21.75 (cap $75.00)	yes	100
100	100	50	250	0.50	direct	anytime	0.020900	1.00	0.50	0.30	0.40	0.20	calibration	200	0.0050000000	0.0000000000	0.0000000000	0.0450000000	0.9550000000	0.0000000000	96.8050000000	242.0000000000	$20.09-$21.05	$20.75-$21.75 (cap $75.00)	yes	100
100	100	50	250	0.50	direct	anytime-tuned	0.020900	1.00	0.50	0.30	0.40	0.20	calibration	200	0.0000000000	0.0000000000	0.0000000000	0.0150000000	0.9850000000	0.0000000000	99.8450000000	249.6100000000	$20.72-$21.72	$20.75-$21.75 (cap $75.00)	yes	100
100	100	50	250	0.50	direct	anytime-tuned	0.020900	0.50	0.50	0.30	0.40	0.20	calibration	200	0.0000000000	0.0000000000	0.0000000000	0.0000000000	1.0000000000	0.0000000000	100.0000000000	250.0000000000	$20.75-$21.75	$20.75-$21.75 (cap $75.00)	yes	100
100	100	50	250	0.50	direct	anytime-tuned	0.020900	0.25	0.50	0.30	0.40	0.20	calibration	200	0.0000000000	0.0000000000	0.0000000000	0.0000000000	1.0000000000	0.0000000000	100.0000000000	250.0000000000	$20.75-$21.75	$20.75-$21.75 (cap $75.00)	yes	100
100	100	50	250	0.50	direct	fixed-n-betting	0.020900	1.00	0.50	0.30	0.40	0.20	calibration	200	0.0000000000	0.0000000000	0.0000000000	0.0150000000	0.9850000000	0.0000000000	100.0000000000	250.0000000000	$20.75-$21.75	$20.75-$21.75 (cap $75.00)	yes	100
100	100	50	250	0.50	direct	fixed-n-score	0.020900	1.00	0.50	0.30	0.40	0.20	calibration	200	0.0150000000	0.0000000000	0.0000000000	0.0400000000	0.9600000000	0.0000000000	100.0000000000	250.0000000000	$20.75-$21.75	$20.75-$21.75 (cap $75.00)	yes	100
100	100	50	250	0.50	direct	fixed-n-betting	0.010500	1.00	0.50	0.30	0.40	0.20	calibration	200	0.0000000000	0.0000000000	0.0000000000	0.0150000000	0.9850000000	0.0000000000	100.0000000000	250.0000000000	$20.75-$21.75	$20.75-$21.75 (cap $75.00)	yes	100
100	100	50	250	0.50	direct	fixed-n-score	0.010500	1.00	0.50	0.30	0.40	0.20	calibration	200	0.0100000000	0.0000000000	0.0000000000	0.0400000000	0.9600000000	0.0000000000	100.0000000000	250.0000000000	$20.75-$21.75	$20.75-$21.75 (cap $75.00)	yes	100
100	100	50	250	0.50	direct	fixed-n-betting	0.005000	1.00	0.50	0.30	0.40	0.20	calibration	200	0.0000000000	0.0000000000	0.0000000000	0.0150000000	0.9850000000	0.0000000000	100.0000000000	250.0000000000	$20.75-$21.75	$20.75-$21.75 (cap $75.00)	yes	100
100	100	50	250	0.50	direct	fixed-n-score	0.005000	1.00	0.50	0.30	0.40	0.20	calibration	200	0.0100000000	0.0000000000	0.0000000000	0.0400000000	0.9600000000	0.0000000000	100.0000000000	250.0000000000	$20.75-$21.75	$20.75-$21.75 (cap $75.00)	yes	100
100	100	100	300	1.00	union	anytime	0.020900	1.00	0.60	0.30	0.40	0.30	real effect	200	0.0700000000	0.0000000000	0.0000000000	0.0050000000	0.9950000000	0.0000000000	99.5850000000	298.7550000000	$24.80-$25.99	$24.90-$26.10 (cap $90.00)	yes	100
100	100	100	300	1.00	direct	anytime	0.020900	1.00	0.60	0.30	0.40	0.30	real effect	200	0.0750000000	0.0050000000	0.0050000000	0.0050000000	0.9900000000	0.0049874843	99.2650000000	297.7950000000	$24.72-$25.91	$24.90-$26.10 (cap $90.00)	yes	100
100	100	100	300	1.00	direct	anytime-tuned	0.020900	1.00	0.60	0.30	0.40	0.30	real effect	200	0.0200000000	0.0000000000	0.0000000000	0.0000000000	1.0000000000	0.0000000000	100.0000000000	300.0000000000	$24.90-$26.10	$24.90-$26.10 (cap $90.00)	yes	100
100	100	100	300	1.00	direct	anytime-tuned	0.020900	0.50	0.60	0.30	0.40	0.30	real effect	200	0.0000000000	0.0000000000	0.0000000000	0.0000000000	1.0000000000	0.0000000000	100.0000000000	300.0000000000	$24.90-$26.10	$24.90-$26.10 (cap $90.00)	yes	100
100	100	100	300	1.00	direct	anytime-tuned	0.020900	0.25	0.60	0.30	0.40	0.30	real effect	200	0.0000000000	0.0000000000	0.0000000000	0.0000000000	1.0000000000	0.0000000000	100.0000000000	300.0000000000	$24.90-$26.10	$24.90-$26.10 (cap $90.00)	yes	100
100	100	100	300	1.00	direct	fixed-n-betting	0.020900	1.00	0.60	0.30	0.40	0.30	real effect	200	0.1350000000	0.0050000000	0.0050000000	0.0000000000	0.9950000000	0.0049874843	100.0000000000	300.0000000000	$24.90-$26.10	$24.90-$26.10 (cap $90.00)	yes	100
100	100	100	300	1.00	direct	fixed-n-score	0.020900	1.00	0.60	0.30	0.40	0.30	real effect	200	0.3300000000	0.0300000000	0.0300000000	0.0000000000	0.9700000000	0.0120623381	100.0000000000	300.0000000000	$24.90-$26.10	$24.90-$26.10 (cap $90.00)	yes	100
100	100	100	300	1.00	direct	fixed-n-betting	0.010500	1.00	0.60	0.30	0.40	0.30	real effect	200	0.0850000000	0.0050000000	0.0050000000	0.0000000000	0.9950000000	0.0049874843	100.0000000000	300.0000000000	$24.90-$26.10	$24.90-$26.10 (cap $90.00)	yes	100
100	100	100	300	1.00	direct	fixed-n-score	0.010500	1.00	0.60	0.30	0.40	0.30	real effect	200	0.2050000000	0.0150000000	0.0150000000	0.0000000000	0.9850000000	0.0085950567	100.0000000000	300.0000000000	$24.90-$26.10	$24.90-$26.10 (cap $90.00)	yes	100
100	100	100	300	1.00	direct	fixed-n-betting	0.005000	1.00	0.60	0.30	0.40	0.30	real effect	200	0.0350000000	0.0000000000	0.0000000000	0.0000000000	1.0000000000	0.0000000000	100.0000000000	300.0000000000	$24.90-$26.10	$24.90-$26.10 (cap $90.00)	yes	100
100	100	100	300	1.00	direct	fixed-n-score	0.005000	1.00	0.60	0.30	0.40	0.30	real effect	200	0.1600000000	0.0050000000	0.0050000000	0.0000000000	0.9950000000	0.0049874843	100.0000000000	300.0000000000	$24.90-$26.10	$24.90-$26.10 (cap $90.00)	yes	100
100	100	50	250	0.50	union	anytime	0.020900	1.00	0.60	0.30	0.40	0.30	real effect	200	0.0700000000	0.0000000000	0.0000000000	0.0050000000	0.9950000000	0.0000000000	99.5850000000	248.9600000000	$20.66-$21.66	$20.75-$21.75 (cap $75.00)	yes	100
100	100	50	250	0.50	direct	anytime	0.020900	1.00	0.60	0.30	0.40	0.30	real effect	200	0.0750000000	0.0050000000	0.0050000000	0.0050000000	0.9900000000	0.0049874843	99.5700000000	248.9200000000	$20.66-$21.66	$20.75-$21.75 (cap $75.00)	yes	100
100	100	50	250	0.50	direct	anytime-tuned	0.020900	1.00	0.60	0.30	0.40	0.30	real effect	200	0.0200000000	0.0000000000	0.0000000000	0.0000000000	1.0000000000	0.0000000000	100.0000000000	250.0000000000	$20.75-$21.75	$20.75-$21.75 (cap $75.00)	yes	100
100	100	50	250	0.50	direct	anytime-tuned	0.020900	0.50	0.60	0.30	0.40	0.30	real effect	200	0.0000000000	0.0000000000	0.0000000000	0.0000000000	1.0000000000	0.0000000000	100.0000000000	250.0000000000	$20.75-$21.75	$20.75-$21.75 (cap $75.00)	yes	100
100	100	50	250	0.50	direct	anytime-tuned	0.020900	0.25	0.60	0.30	0.40	0.30	real effect	200	0.0000000000	0.0000000000	0.0000000000	0.0000000000	1.0000000000	0.0000000000	100.0000000000	250.0000000000	$20.75-$21.75	$20.75-$21.75 (cap $75.00)	yes	100
100	100	50	250	0.50	direct	fixed-n-betting	0.020900	1.00	0.60	0.30	0.40	0.30	real effect	200	0.1350000000	0.0050000000	0.0000000000	0.0000000000	1.0000000000	0.0000000000	100.0000000000	250.0000000000	$20.75-$21.75	$20.75-$21.75 (cap $75.00)	yes	100
100	100	50	250	0.50	direct	fixed-n-score	0.020900	1.00	0.60	0.30	0.40	0.30	real effect	200	0.3300000000	0.0150000000	0.0100000000	0.0000000000	0.9900000000	0.0070356236	100.0000000000	250.0000000000	$20.75-$21.75	$20.75-$21.75 (cap $75.00)	yes	100
100	100	50	250	0.50	direct	fixed-n-betting	0.010500	1.00	0.60	0.30	0.40	0.30	real effect	200	0.0850000000	0.0000000000	0.0000000000	0.0000000000	1.0000000000	0.0000000000	100.0000000000	250.0000000000	$20.75-$21.75	$20.75-$21.75 (cap $75.00)	yes	100
100	100	50	250	0.50	direct	fixed-n-score	0.010500	1.00	0.60	0.30	0.40	0.30	real effect	200	0.2050000000	0.0150000000	0.0050000000	0.0000000000	0.9950000000	0.0049874843	100.0000000000	250.0000000000	$20.75-$21.75	$20.75-$21.75 (cap $75.00)	yes	100
100	100	50	250	0.50	direct	fixed-n-betting	0.005000	1.00	0.60	0.30	0.40	0.30	real effect	200	0.0350000000	0.0000000000	0.0000000000	0.0000000000	1.0000000000	0.0000000000	100.0000000000	250.0000000000	$20.75-$21.75	$20.75-$21.75 (cap $75.00)	yes	100
100	100	50	250	0.50	direct	fixed-n-score	0.005000	1.00	0.60	0.30	0.40	0.30	real effect	200	0.1600000000	0.0050000000	0.0050000000	0.0000000000	0.9950000000	0.0049874843	100.0000000000	250.0000000000	$20.75-$21.75	$20.75-$21.75 (cap $75.00)	yes	100
100	100	100	300	1.00	union	anytime	0.020900	1.00	0.35	0.35	0.30	0.00	no-lift	200	0.0000000000	0.0000000000	0.0000000000	0.6500000000	0.3500000000	0.0000000000	63.7050000000	191.1150000000	$15.86-$16.63	$24.90-$26.10 (cap $90.00)	yes	100
100	100	100	300	1.00	direct	anytime	0.020900	1.00	0.35	0.35	0.30	0.00	no-lift	200	0.0000000000	0.0000000000	0.0000000000	0.6500000000	0.3500000000	0.0000000000	63.7050000000	191.1150000000	$15.86-$16.63	$24.90-$26.10 (cap $90.00)	yes	100
100	100	100	300	1.00	direct	anytime-tuned	0.020900	1.00	0.35	0.35	0.30	0.00	no-lift	200	0.0000000000	0.0000000000	0.0000000000	0.6200000000	0.3800000000	0.0000000000	80.4400000000	241.3200000000	$20.03-$20.99	$24.90-$26.10 (cap $90.00)	yes	100
100	100	100	300	1.00	direct	anytime-tuned	0.020900	0.50	0.35	0.35	0.30	0.00	no-lift	200	0.0000000000	0.0000000000	0.0000000000	0.4400000000	0.5600000000	0.0000000000	89.9400000000	269.8200000000	$22.40-$23.47	$24.90-$26.10 (cap $90.00)	yes	100
100	100	100	300	1.00	direct	anytime-tuned	0.020900	0.25	0.35	0.35	0.30	0.00	no-lift	200	0.0000000000	0.0000000000	0.0000000000	0.2450000000	0.7550000000	0.0000000000	96.2000000000	288.6000000000	$23.95-$25.11	$24.90-$26.10 (cap $90.00)	yes	100
100	100	100	300	1.00	direct	fixed-n-betting	0.020900	1.00	0.35	0.35	0.30	0.00	no-lift	200	0.0000000000	0.0000000000	0.0000000000	0.6850000000	0.3150000000	0.0000000000	100.0000000000	300.0000000000	$24.90-$26.10	$24.90-$26.10 (cap $90.00)	yes	100
100	100	100	300	1.00	direct	fixed-n-score	0.020900	1.00	0.35	0.35	0.30	0.00	no-lift	200	0.0000000000	0.0000000000	0.0000000000	0.9150000000	0.0850000000	0.0000000000	100.0000000000	300.0000000000	$24.90-$26.10	$24.90-$26.10 (cap $90.00)	yes	100
100	100	100	300	1.00	direct	fixed-n-betting	0.010500	1.00	0.35	0.35	0.30	0.00	no-lift	200	0.0000000000	0.0000000000	0.0000000000	0.6850000000	0.3150000000	0.0000000000	100.0000000000	300.0000000000	$24.90-$26.10	$24.90-$26.10 (cap $90.00)	yes	100
100	100	100	300	1.00	direct	fixed-n-score	0.010500	1.00	0.35	0.35	0.30	0.00	no-lift	200	0.0000000000	0.0000000000	0.0000000000	0.9150000000	0.0850000000	0.0000000000	100.0000000000	300.0000000000	$24.90-$26.10	$24.90-$26.10 (cap $90.00)	yes	100
100	100	100	300	1.00	direct	fixed-n-betting	0.005000	1.00	0.35	0.35	0.30	0.00	no-lift	200	0.0000000000	0.0000000000	0.0000000000	0.6850000000	0.3150000000	0.0000000000	100.0000000000	300.0000000000	$24.90-$26.10	$24.90-$26.10 (cap $90.00)	yes	100
100	100	100	300	1.00	direct	fixed-n-score	0.005000	1.00	0.35	0.35	0.30	0.00	no-lift	200	0.0000000000	0.0000000000	0.0000000000	0.9150000000	0.0850000000	0.0000000000	100.0000000000	300.0000000000	$24.90-$26.10	$24.90-$26.10 (cap $90.00)	yes	100
100	100	50	250	0.50	union	anytime	0.020900	1.00	0.35	0.35	0.30	0.00	no-lift	200	0.0000000000	0.0000000000	0.0000000000	0.6500000000	0.3500000000	0.0000000000	63.7050000000	159.1000000000	$13.21-$13.84	$20.75-$21.75 (cap $75.00)	yes	100
100	100	50	250	0.50	direct	anytime	0.020900	1.00	0.35	0.35	0.30	0.00	no-lift	200	0.0000000000	0.0000000000	0.0000000000	0.6500000000	0.3500000000	0.0000000000	63.7050000000	159.1000000000	$13.21-$13.84	$20.75-$21.75 (cap $75.00)	yes	100
100	100	50	250	0.50	direct	anytime-tuned	0.020900	1.00	0.35	0.35	0.30	0.00	no-lift	200	0.0000000000	0.0000000000	0.0000000000	0.6200000000	0.3800000000	0.0000000000	80.4400000000	200.9550000000	$16.68-$17.48	$20.75-$21.75 (cap $75.00)	yes	100
100	100	50	250	0.50	direct	anytime-tuned	0.020900	0.50	0.35	0.35	0.30	0.00	no-lift	200	0.0000000000	0.0000000000	0.0000000000	0.4400000000	0.5600000000	0.0000000000	89.9400000000	224.7500000000	$18.65-$19.55	$20.75-$21.75 (cap $75.00)	yes	100
100	100	50	250	0.50	direct	anytime-tuned	0.020900	0.25	0.35	0.35	0.30	0.00	no-lift	200	0.0000000000	0.0000000000	0.0000000000	0.2450000000	0.7550000000	0.0000000000	96.2000000000	240.4300000000	$19.96-$20.92	$20.75-$21.75 (cap $75.00)	yes	100
100	100	50	250	0.50	direct	fixed-n-betting	0.020900	1.00	0.35	0.35	0.30	0.00	no-lift	200	0.0000000000	0.0000000000	0.0000000000	0.6850000000	0.3150000000	0.0000000000	100.0000000000	250.0000000000	$20.75-$21.75	$20.75-$21.75 (cap $75.00)	yes	100
100	100	50	250	0.50	direct	fixed-n-score	0.020900	1.00	0.35	0.35	0.30	0.00	no-lift	200	0.0000000000	0.0000000000	0.0000000000	0.9150000000	0.0850000000	0.0000000000	100.0000000000	250.0000000000	$20.75-$21.75	$20.75-$21.75 (cap $75.00)	yes	100
100	100	50	250	0.50	direct	fixed-n-betting	0.010500	1.00	0.35	0.35	0.30	0.00	no-lift	200	0.0000000000	0.0000000000	0.0000000000	0.6850000000	0.3150000000	0.0000000000	100.0000000000	250.0000000000	$20.75-$21.75	$20.75-$21.75 (cap $75.00)	yes	100
100	100	50	250	0.50	direct	fixed-n-score	0.010500	1.00	0.35	0.35	0.30	0.00	no-lift	200	0.0000000000	0.0000000000	0.0000000000	0.9150000000	0.0850000000	0.0000000000	100.0000000000	250.0000000000	$20.75-$21.75	$20.75-$21.75 (cap $75.00)	yes	100
100	100	50	250	0.50	direct	fixed-n-betting	0.005000	1.00	0.35	0.35	0.30	0.00	no-lift	200	0.0000000000	0.0000000000	0.0000000000	0.6850000000	0.3150000000	0.0000000000	100.0000000000	250.0000000000	$20.75-$21.75	$20.75-$21.75 (cap $75.00)	yes	100
100	100	50	250	0.50	direct	fixed-n-score	0.005000	1.00	0.35	0.35	0.30	0.00	no-lift	200	0.0000000000	0.0000000000	0.0000000000	0.9150000000	0.0850000000	0.0000000000	100.0000000000	250.0000000000	$20.75-$21.75	$20.75-$21.75 (cap $75.00)	yes	100
100	100	100	300	1.00	union	anytime	0.020900	1.00	0.45	0.35	0.30	0.10	no-lift	200	0.0000000000	0.0000000000	0.0000000000	0.1800000000	0.8200000000	0.0000000000	90.6950000000	272.0850000000	$22.58-$23.67	$24.90-$26.10 (cap $90.00)	yes	100
100	100	100	300	1.00	direct	anytime	0.020900	1.00	0.45	0.35	0.30	0.10	no-lift	200	0.0000000000	0.0000000000	0.0000000000	0.1800000000	0.8200000000	0.0000000000	90.6950000000	272.0850000000	$22.58-$23.67	$24.90-$26.10 (cap $90.00)	yes	100
100	100	100	300	1.00	direct	anytime-tuned	0.020900	1.00	0.45	0.35	0.30	0.10	no-lift	200	0.0000000000	0.0000000000	0.0000000000	0.1550000000	0.8450000000	0.0000000000	96.7950000000	290.3850000000	$24.10-$25.26	$24.90-$26.10 (cap $90.00)	yes	100
100	100	100	300	1.00	direct	anytime-tuned	0.020900	0.50	0.45	0.35	0.30	0.10	no-lift	200	0.0000000000	0.0000000000	0.0000000000	0.0600000000	0.9400000000	0.0000000000	99.1850000000	297.5550000000	$24.70-$25.89	$24.90-$26.10 (cap $90.00)	yes	100
100	100	100	300	1.00	direct	anytime-tuned	0.020900	0.25	0.45	0.35	0.30	0.10	no-lift	200	0.0000000000	0.0000000000	0.0000000000	0.0000000000	1.0000000000	0.0000000000	100.0000000000	300.0000000000	$24.90-$26.10	$24.90-$26.10 (cap $90.00)	yes	100
100	100	100	300	1.00	direct	fixed-n-betting	0.020900	1.00	0.45	0.35	0.30	0.10	no-lift	200	0.0000000000	0.0000000000	0.0000000000	0.2100000000	0.7900000000	0.0000000000	100.0000000000	300.0000000000	$24.90-$26.10	$24.90-$26.10 (cap $90.00)	yes	100
100	100	100	300	1.00	direct	fixed-n-score	0.020900	1.00	0.45	0.35	0.30	0.10	no-lift	200	0.0000000000	0.0050000000	0.0000000000	0.4800000000	0.5200000000	0.0000000000	100.0000000000	300.0000000000	$24.90-$26.10	$24.90-$26.10 (cap $90.00)	yes	100
100	100	100	300	1.00	direct	fixed-n-betting	0.010500	1.00	0.45	0.35	0.30	0.10	no-lift	200	0.0000000000	0.0000000000	0.0000000000	0.2100000000	0.7900000000	0.0000000000	100.0000000000	300.0000000000	$24.90-$26.10	$24.90-$26.10 (cap $90.00)	yes	100
100	100	100	300	1.00	direct	fixed-n-score	0.010500	1.00	0.45	0.35	0.30	0.10	no-lift	200	0.0000000000	0.0050000000	0.0000000000	0.4800000000	0.5200000000	0.0000000000	100.0000000000	300.0000000000	$24.90-$26.10	$24.90-$26.10 (cap $90.00)	yes	100
100	100	100	300	1.00	direct	fixed-n-betting	0.005000	1.00	0.45	0.35	0.30	0.10	no-lift	200	0.0000000000	0.0000000000	0.0000000000	0.2100000000	0.7900000000	0.0000000000	100.0000000000	300.0000000000	$24.90-$26.10	$24.90-$26.10 (cap $90.00)	yes	100
100	100	100	300	1.00	direct	fixed-n-score	0.005000	1.00	0.45	0.35	0.30	0.10	no-lift	200	0.0000000000	0.0000000000	0.0000000000	0.4800000000	0.5200000000	0.0000000000	100.0000000000	300.0000000000	$24.90-$26.10	$24.90-$26.10 (cap $90.00)	yes	100
100	100	50	250	0.50	union	anytime	0.020900	1.00	0.45	0.35	0.30	0.10	no-lift	200	0.0000000000	0.0000000000	0.0000000000	0.1800000000	0.8200000000	0.0000000000	90.6950000000	226.6900000000	$18.82-$19.72	$20.75-$21.75 (cap $75.00)	yes	100
100	100	50	250	0.50	direct	anytime	0.020900	1.00	0.45	0.35	0.30	0.10	no-lift	200	0.0000000000	0.0000000000	0.0000000000	0.1800000000	0.8200000000	0.0000000000	90.6950000000	226.6900000000	$18.82-$19.72	$20.75-$21.75 (cap $75.00)	yes	100
100	100	50	250	0.50	direct	anytime-tuned	0.020900	1.00	0.45	0.35	0.30	0.10	no-lift	200	0.0000000000	0.0000000000	0.0000000000	0.1550000000	0.8450000000	0.0000000000	96.7950000000	241.9350000000	$20.08-$21.05	$20.75-$21.75 (cap $75.00)	yes	100
100	100	50	250	0.50	direct	anytime-tuned	0.020900	0.50	0.45	0.35	0.30	0.10	no-lift	200	0.0000000000	0.0000000000	0.0000000000	0.0600000000	0.9400000000	0.0000000000	99.1850000000	247.9450000000	$20.58-$21.57	$20.75-$21.75 (cap $75.00)	yes	100
100	100	50	250	0.50	direct	anytime-tuned	0.020900	0.25	0.45	0.35	0.30	0.10	no-lift	200	0.0000000000	0.0000000000	0.0000000000	0.0000000000	1.0000000000	0.0000000000	100.0000000000	250.0000000000	$20.75-$21.75	$20.75-$21.75 (cap $75.00)	yes	100
100	100	50	250	0.50	direct	fixed-n-betting	0.020900	1.00	0.45	0.35	0.30	0.10	no-lift	200	0.0000000000	0.0000000000	0.0000000000	0.2100000000	0.7900000000	0.0000000000	100.0000000000	250.0000000000	$20.75-$21.75	$20.75-$21.75 (cap $75.00)	yes	100
100	100	50	250	0.50	direct	fixed-n-score	0.020900	1.00	0.45	0.35	0.30	0.10	no-lift	200	0.0000000000	0.0100000000	0.0000000000	0.4800000000	0.5200000000	0.0000000000	100.0000000000	250.0000000000	$20.75-$21.75	$20.75-$21.75 (cap $75.00)	yes	100
100	100	50	250	0.50	direct	fixed-n-betting	0.010500	1.00	0.45	0.35	0.30	0.10	no-lift	200	0.0000000000	0.0000000000	0.0000000000	0.2100000000	0.7900000000	0.0000000000	100.0000000000	250.0000000000	$20.75-$21.75	$20.75-$21.75 (cap $75.00)	yes	100
100	100	50	250	0.50	direct	fixed-n-score	0.010500	1.00	0.45	0.35	0.30	0.10	no-lift	200	0.0000000000	0.0100000000	0.0000000000	0.4800000000	0.5200000000	0.0000000000	100.0000000000	250.0000000000	$20.75-$21.75	$20.75-$21.75 (cap $75.00)	yes	100
100	100	50	250	0.50	direct	fixed-n-betting	0.005000	1.00	0.45	0.35	0.30	0.10	no-lift	200	0.0000000000	0.0000000000	0.0000000000	0.2100000000	0.7900000000	0.0000000000	100.0000000000	250.0000000000	$20.75-$21.75	$20.75-$21.75 (cap $75.00)	yes	100
100	100	50	250	0.50	direct	fixed-n-score	0.005000	1.00	0.45	0.35	0.30	0.10	no-lift	200	0.0000000000	0.0000000000	0.0000000000	0.4800000000	0.5200000000	0.0000000000	100.0000000000	250.0000000000	$20.75-$21.75	$20.75-$21.75 (cap $75.00)	yes	100
100	100	100	300	1.00	union	anytime	0.020900	1.00	0.55	0.35	0.30	0.20	calibration	200	0.0000000000	0.0000000000	0.0000000000	0.0100000000	0.9900000000	0.0000000000	99.5850000000	298.7550000000	$24.80-$25.99	$24.90-$26.10 (cap $90.00)	yes	100
100	100	100	300	1.00	direct	anytime	0.020900	1.00	0.55	0.35	0.30	0.20	calibration	200	0.0000000000	0.0100000000	0.0000000000	0.0100000000	0.9900000000	0.0000000000	99.5850000000	298.7550000000	$24.80-$25.99	$24.90-$26.10 (cap $90.00)	yes	100
100	100	100	300	1.00	direct	anytime-tuned	0.020900	1.00	0.55	0.35	0.30	0.20	calibration	200	0.0000000000	0.0000000000	0.0000000000	0.0150000000	0.9850000000	0.0000000000	99.7900000000	299.3700000000	$24.85-$26.05	$24.90-$26.10 (cap $90.00)	yes	100
100	100	100	300	1.00	direct	anytime-tuned	0.020900	0.50	0.55	0.35	0.30	0.20	calibration	200	0.0000000000	0.0000000000	0.0000000000	0.0050000000	0.9950000000	0.0000000000	99.9950000000	299.9850000000	$24.90-$26.10	$24.90-$26.10 (cap $90.00)	yes	100
100	100	100	300	1.00	direct	anytime-tuned	0.020900	0.25	0.55	0.35	0.30	0.20	calibration	200	0.0000000000	0.0000000000	0.0000000000	0.0000000000	1.0000000000	0.0000000000	100.0000000000	300.0000000000	$24.90-$26.10	$24.90-$26.10 (cap $90.00)	yes	100
100	100	100	300	1.00	direct	fixed-n-betting	0.020900	1.00	0.55	0.35	0.30	0.20	calibration	200	0.0050000000	0.0250000000	0.0050000000	0.0200000000	0.9750000000	0.0049874843	100.0000000000	300.0000000000	$24.90-$26.10	$24.90-$26.10 (cap $90.00)	yes	100
100	100	100	300	1.00	direct	fixed-n-score	0.020900	1.00	0.55	0.35	0.30	0.20	calibration	200	0.0200000000	0.1150000000	0.0150000000	0.0850000000	0.9000000000	0.0085950567	100.0000000000	300.0000000000	$24.90-$26.10	$24.90-$26.10 (cap $90.00)	yes	100
100	100	100	300	1.00	direct	fixed-n-betting	0.010500	1.00	0.55	0.35	0.30	0.20	calibration	200	0.0000000000	0.0050000000	0.0000000000	0.0200000000	0.9800000000	0.0000000000	100.0000000000	300.0000000000	$24.90-$26.10	$24.90-$26.10 (cap $90.00)	yes	100
100	100	100	300	1.00	direct	fixed-n-score	0.010500	1.00	0.55	0.35	0.30	0.20	calibration	200	0.0100000000	0.0650000000	0.0050000000	0.0850000000	0.9100000000	0.0049874843	100.0000000000	300.0000000000	$24.90-$26.10	$24.90-$26.10 (cap $90.00)	yes	100
100	100	100	300	1.00	direct	fixed-n-betting	0.005000	1.00	0.55	0.35	0.30	0.20	calibration	200	0.0000000000	0.0050000000	0.0000000000	0.0200000000	0.9800000000	0.0000000000	100.0000000000	300.0000000000	$24.90-$26.10	$24.90-$26.10 (cap $90.00)	yes	100
100	100	100	300	1.00	direct	fixed-n-score	0.005000	1.00	0.55	0.35	0.30	0.20	calibration	200	0.0100000000	0.0350000000	0.0050000000	0.0850000000	0.9100000000	0.0049874843	100.0000000000	300.0000000000	$24.90-$26.10	$24.90-$26.10 (cap $90.00)	yes	100
100	100	50	250	0.50	union	anytime	0.020900	1.00	0.55	0.35	0.30	0.20	calibration	200	0.0000000000	0.0000000000	0.0000000000	0.0100000000	0.9900000000	0.0000000000	99.5850000000	248.9600000000	$20.66-$21.66	$20.75-$21.75 (cap $75.00)	yes	100
100	100	50	250	0.50	direct	anytime	0.020900	1.00	0.55	0.35	0.30	0.20	calibration	200	0.0000000000	0.0000000000	0.0000000000	0.0100000000	0.9900000000	0.0000000000	99.5850000000	248.9600000000	$20.66-$21.66	$20.75-$21.75 (cap $75.00)	yes	100
100	100	50	250	0.50	direct	anytime-tuned	0.020900	1.00	0.55	0.35	0.30	0.20	calibration	200	0.0000000000	0.0000000000	0.0000000000	0.0150000000	0.9850000000	0.0000000000	99.7900000000	249.4700000000	$20.71-$21.70	$20.75-$21.75 (cap $75.00)	yes	100
100	100	50	250	0.50	direct	anytime-tuned	0.020900	0.50	0.55	0.35	0.30	0.20	calibration	200	0.0000000000	0.0000000000	0.0000000000	0.0050000000	0.9950000000	0.0000000000	99.9950000000	249.9850000000	$20.75-$21.75	$20.75-$21.75 (cap $75.00)	yes	100
100	100	50	250	0.50	direct	anytime-tuned	0.020900	0.25	0.55	0.35	0.30	0.20	calibration	200	0.0000000000	0.0000000000	0.0000000000	0.0000000000	1.0000000000	0.0000000000	100.0000000000	250.0000000000	$20.75-$21.75	$20.75-$21.75 (cap $75.00)	yes	100
100	100	50	250	0.50	direct	fixed-n-betting	0.020900	1.00	0.55	0.35	0.30	0.20	calibration	200	0.0050000000	0.0000000000	0.0000000000	0.0200000000	0.9800000000	0.0000000000	100.0000000000	250.0000000000	$20.75-$21.75	$20.75-$21.75 (cap $75.00)	yes	100
100	100	50	250	0.50	direct	fixed-n-score	0.020900	1.00	0.55	0.35	0.30	0.20	calibration	200	0.0200000000	0.0650000000	0.0100000000	0.0850000000	0.9050000000	0.0070356236	100.0000000000	250.0000000000	$20.75-$21.75	$20.75-$21.75 (cap $75.00)	yes	100
100	100	50	250	0.50	direct	fixed-n-betting	0.010500	1.00	0.55	0.35	0.30	0.20	calibration	200	0.0000000000	0.0000000000	0.0000000000	0.0200000000	0.9800000000	0.0000000000	100.0000000000	250.0000000000	$20.75-$21.75	$20.75-$21.75 (cap $75.00)	yes	100
100	100	50	250	0.50	direct	fixed-n-score	0.010500	1.00	0.55	0.35	0.30	0.20	calibration	200	0.0100000000	0.0450000000	0.0050000000	0.0850000000	0.9100000000	0.0049874843	100.0000000000	250.0000000000	$20.75-$21.75	$20.75-$21.75 (cap $75.00)	yes	100
100	100	50	250	0.50	direct	fixed-n-betting	0.005000	1.00	0.55	0.35	0.30	0.20	calibration	200	0.0000000000	0.0000000000	0.0000000000	0.0200000000	0.9800000000	0.0000000000	100.0000000000	250.0000000000	$20.75-$21.75	$20.75-$21.75 (cap $75.00)	yes	100
100	100	50	250	0.50	direct	fixed-n-score	0.005000	1.00	0.55	0.35	0.30	0.20	calibration	200	0.0100000000	0.0250000000	0.0050000000	0.0850000000	0.9100000000	0.0049874843	100.0000000000	250.0000000000	$20.75-$21.75	$20.75-$21.75 (cap $75.00)	yes	100
100	100	100	300	1.00	union	anytime	0.020900	1.00	0.65	0.35	0.30	0.30	real effect	200	0.0750000000	0.0250000000	0.0150000000	0.0000000000	0.9850000000	0.0085950567	99.7800000000	299.3400000000	$24.85-$26.04	$24.90-$26.10 (cap $90.00)	yes	100
100	100	100	300	1.00	direct	anytime	0.020900	1.00	0.65	0.35	0.30	0.30	real effect	200	0.0800000000	0.2400000000	0.0700000000	0.0000000000	0.9300000000	0.0180416186	98.0950000000	294.2850000000	$24.43-$25.60	$24.90-$26.10 (cap $90.00)	yes	100
100	100	100	300	1.00	direct	anytime-tuned	0.020900	1.00	0.65	0.35	0.30	0.30	real effect	200	0.0400000000	0.1250000000	0.0250000000	0.0000000000	0.9750000000	0.0110397011	99.7850000000	299.3550000000	$24.85-$26.04	$24.90-$26.10 (cap $90.00)	yes	100
100	100	100	300	1.00	direct	anytime-tuned	0.020900	0.50	0.65	0.35	0.30	0.30	real effect	200	0.0050000000	0.0750000000	0.0050000000	0.0000000000	0.9950000000	0.0049874843	99.9900000000	299.9700000000	$24.90-$26.10	$24.90-$26.10 (cap $90.00)	yes	100
100	100	100	300	1.00	direct	anytime-tuned	0.020900	0.25	0.65	0.35	0.30	0.30	real effect	200	0.0000000000	0.0250000000	0.0000000000	0.0000000000	1.0000000000	0.0000000000	100.0000000000	300.0000000000	$24.90-$26.10	$24.90-$26.10 (cap $90.00)	yes	100
100	100	100	300	1.00	direct	fixed-n-betting	0.020900	1.00	0.65	0.35	0.30	0.30	real effect	200	0.0850000000	0.2850000000	0.0650000000	0.0000000000	0.9350000000	0.0174320108	100.0000000000	300.0000000000	$24.90-$26.10	$24.90-$26.10 (cap $90.00)	yes	100
100	100	100	300	1.00	direct	fixed-n-score	0.020900	1.00	0.65	0.35	0.30	0.30	real effect	200	0.2400000000	0.5700000000	0.1900000000	0.0050000000	0.8050000000	0.0277398630	100.0000000000	300.0000000000	$24.90-$26.10	$24.90-$26.10 (cap $90.00)	yes	100
100	100	100	300	1.00	direct	fixed-n-betting	0.010500	1.00	0.65	0.35	0.30	0.30	real effect	200	0.0550000000	0.1900000000	0.0400000000	0.0000000000	0.9600000000	0.0138564065	100.0000000000	300.0000000000	$24.90-$26.10	$24.90-$26.10 (cap $90.00)	yes	100
100	100	100	300	1.00	direct	fixed-n-score	0.010500	1.00	0.65	0.35	0.30	0.30	real effect	200	0.1700000000	0.5000000000	0.1450000000	0.0050000000	0.8500000000	0.0248972890	100.0000000000	300.0000000000	$24.90-$26.10	$24.90-$26.10 (cap $90.00)	yes	100
100	100	100	300	1.00	direct	fixed-n-betting	0.005000	1.00	0.65	0.35	0.30	0.30	real effect	200	0.0250000000	0.1400000000	0.0250000000	0.0000000000	0.9750000000	0.0110397011	100.0000000000	300.0000000000	$24.90-$26.10	$24.90-$26.10 (cap $90.00)	yes	100
100	100	100	300	1.00	direct	fixed-n-score	0.005000	1.00	0.65	0.35	0.30	0.30	real effect	200	0.1050000000	0.3750000000	0.0900000000	0.0050000000	0.9050000000	0.0202361063	100.0000000000	300.0000000000	$24.90-$26.10	$24.90-$26.10 (cap $90.00)	yes	100
100	100	50	250	0.50	union	anytime	0.020900	1.00	0.65	0.35	0.30	0.30	real effect	200	0.0700000000	0.0000000000	0.0000000000	0.0000000000	1.0000000000	0.0000000000	100.0000000000	250.0000000000	$20.75-$21.75	$20.75-$21.75 (cap $75.00)	yes	100
100	100	50	250	0.50	direct	anytime	0.020900	1.00	0.65	0.35	0.30	0.30	real effect	200	0.0800000000	0.1000000000	0.0450000000	0.0000000000	0.9550000000	0.0146586152	99.1300000000	247.8200000000	$20.57-$21.56	$20.75-$21.75 (cap $75.00)	yes	100
100	100	50	250	0.50	direct	anytime-tuned	0.020900	1.00	0.65	0.35	0.30	0.30	real effect	200	0.0400000000	0.0000000000	0.0000000000	0.0000000000	1.0000000000	0.0000000000	100.0000000000	250.0000000000	$20.75-$21.75	$20.75-$21.75 (cap $75.00)	yes	100
100	100	50	250	0.50	direct	anytime-tuned	0.020900	0.50	0.65	0.35	0.30	0.30	real effect	200	0.0050000000	0.0000000000	0.0000000000	0.0000000000	1.0000000000	0.0000000000	100.0000000000	250.0000000000	$20.75-$21.75	$20.75-$21.75 (cap $75.00)	yes	100
100	100	50	250	0.50	direct	anytime-tuned	0.020900	0.25	0.65	0.35	0.30	0.30	real effect	200	0.0000000000	0.0000000000	0.0000000000	0.0000000000	1.0000000000	0.0000000000	100.0000000000	250.0000000000	$20.75-$21.75	$20.75-$21.75 (cap $75.00)	yes	100
100	100	50	250	0.50	direct	fixed-n-betting	0.020900	1.00	0.65	0.35	0.30	0.30	real effect	200	0.0850000000	0.1150000000	0.0300000000	0.0000000000	0.9700000000	0.0120623381	100.0000000000	250.0000000000	$20.75-$21.75	$20.75-$21.75 (cap $75.00)	yes	100
100	100	50	250	0.50	direct	fixed-n-score	0.020900	1.00	0.65	0.35	0.30	0.30	real effect	200	0.2400000000	0.4250000000	0.1650000000	0.0050000000	0.8300000000	0.0262464283	100.0000000000	250.0000000000	$20.75-$21.75	$20.75-$21.75 (cap $75.00)	yes	100
100	100	50	250	0.50	direct	fixed-n-betting	0.010500	1.00	0.65	0.35	0.30	0.30	real effect	200	0.0550000000	0.0300000000	0.0200000000	0.0000000000	0.9800000000	0.0098994949	100.0000000000	250.0000000000	$20.75-$21.75	$20.75-$21.75 (cap $75.00)	yes	100
100	100	50	250	0.50	direct	fixed-n-score	0.010500	1.00	0.65	0.35	0.30	0.30	real effect	200	0.1700000000	0.3300000000	0.1100000000	0.0050000000	0.8850000000	0.0221246469	100.0000000000	250.0000000000	$20.75-$21.75	$20.75-$21.75 (cap $75.00)	yes	100
100	100	50	250	0.50	direct	fixed-n-betting	0.005000	1.00	0.65	0.35	0.30	0.30	real effect	200	0.0250000000	0.0150000000	0.0100000000	0.0000000000	0.9900000000	0.0070356236	100.0000000000	250.0000000000	$20.75-$21.75	$20.75-$21.75 (cap $75.00)	yes	100
100	100	50	250	0.50	direct	fixed-n-score	0.005000	1.00	0.65	0.35	0.30	0.30	real effect	200	0.1050000000	0.2450000000	0.0700000000	0.0050000000	0.9250000000	0.0180416186	100.0000000000	250.0000000000	$20.75-$21.75	$20.75-$21.75 (cap $75.00)	yes	100
100	100	100	300	1.00	union	anytime	0.020900	1.00	0.35	0.35	0.35	0.00	no-lift	200	0.0000000000	0.0000000000	0.0000000000	0.6200000000	0.3800000000	0.0000000000	64.7400000000	194.2200000000	$16.12-$16.90	$24.90-$26.10 (cap $90.00)	yes	100
100	100	100	300	1.00	direct	anytime	0.020900	1.00	0.35	0.35	0.35	0.00	no-lift	200	0.0000000000	0.0000000000	0.0000000000	0.6200000000	0.3800000000	0.0000000000	64.7400000000	194.2200000000	$16.12-$16.90	$24.90-$26.10 (cap $90.00)	yes	100
100	100	100	300	1.00	direct	anytime-tuned	0.020900	1.00	0.35	0.35	0.35	0.00	no-lift	200	0.0000000000	0.0000000000	0.0000000000	0.6450000000	0.3550000000	0.0000000000	80.3700000000	241.1100000000	$20.01-$20.98	$24.90-$26.10 (cap $90.00)	yes	100
100	100	100	300	1.00	direct	anytime-tuned	0.020900	0.50	0.35	0.35	0.35	0.00	no-lift	200	0.0000000000	0.0000000000	0.0000000000	0.4100000000	0.5900000000	0.0000000000	89.4050000000	268.2150000000	$22.26-$23.33	$24.90-$26.10 (cap $90.00)	yes	100
100	100	100	300	1.00	direct	anytime-tuned	0.020900	0.25	0.35	0.35	0.35	0.00	no-lift	200	0.0000000000	0.0000000000	0.0000000000	0.2650000000	0.7350000000	0.0000000000	95.6800000000	287.0400000000	$23.82-$24.97	$24.90-$26.10 (cap $90.00)	yes	100
100	100	100	300	1.00	direct	fixed-n-betting	0.020900	1.00	0.35	0.35	0.35	0.00	no-lift	200	0.0000000000	0.0000000000	0.0000000000	0.6850000000	0.3150000000	0.0000000000	100.0000000000	300.0000000000	$24.90-$26.10	$24.90-$26.10 (cap $90.00)	yes	100
100	100	100	300	1.00	direct	fixed-n-score	0.020900	1.00	0.35	0.35	0.35	0.00	no-lift	200	0.0000000000	0.0000000000	0.0000000000	0.9350000000	0.0650000000	0.0000000000	100.0000000000	300.0000000000	$24.90-$26.10	$24.90-$26.10 (cap $90.00)	yes	100
100	100	100	300	1.00	direct	fixed-n-betting	0.010500	1.00	0.35	0.35	0.35	0.00	no-lift	200	0.0000000000	0.0000000000	0.0000000000	0.6850000000	0.3150000000	0.0000000000	100.0000000000	300.0000000000	$24.90-$26.10	$24.90-$26.10 (cap $90.00)	yes	100
100	100	100	300	1.00	direct	fixed-n-score	0.010500	1.00	0.35	0.35	0.35	0.00	no-lift	200	0.0000000000	0.0000000000	0.0000000000	0.9350000000	0.0650000000	0.0000000000	100.0000000000	300.0000000000	$24.90-$26.10	$24.90-$26.10 (cap $90.00)	yes	100
100	100	100	300	1.00	direct	fixed-n-betting	0.005000	1.00	0.35	0.35	0.35	0.00	no-lift	200	0.0000000000	0.0000000000	0.0000000000	0.6850000000	0.3150000000	0.0000000000	100.0000000000	300.0000000000	$24.90-$26.10	$24.90-$26.10 (cap $90.00)	yes	100
100	100	100	300	1.00	direct	fixed-n-score	0.005000	1.00	0.35	0.35	0.35	0.00	no-lift	200	0.0000000000	0.0000000000	0.0000000000	0.9350000000	0.0650000000	0.0000000000	100.0000000000	300.0000000000	$24.90-$26.10	$24.90-$26.10 (cap $90.00)	yes	100
100	100	50	250	0.50	union	anytime	0.020900	1.00	0.35	0.35	0.35	0.00	no-lift	200	0.0000000000	0.0000000000	0.0000000000	0.6200000000	0.3800000000	0.0000000000	64.7400000000	161.7100000000	$13.42-$14.07	$20.75-$21.75 (cap $75.00)	yes	100
100	100	50	250	0.50	direct	anytime	0.020900	1.00	0.35	0.35	0.35	0.00	no-lift	200	0.0000000000	0.0000000000	0.0000000000	0.6200000000	0.3800000000	0.0000000000	64.7400000000	161.7100000000	$13.42-$14.07	$20.75-$21.75 (cap $75.00)	yes	100
100	100	50	250	0.50	direct	anytime-tuned	0.020900	1.00	0.35	0.35	0.35	0.00	no-lift	200	0.0000000000	0.0000000000	0.0000000000	0.6450000000	0.3550000000	0.0000000000	80.3700000000	200.7600000000	$16.66-$17.47	$20.75-$21.75 (cap $75.00)	yes	100
100	100	50	250	0.50	direct	anytime-tuned	0.020900	0.50	0.35	0.35	0.35	0.00	no-lift	200	0.0000000000	0.0000000000	0.0000000000	0.4100000000	0.5900000000	0.0000000000	89.4050000000	223.4050000000	$18.54-$19.44	$20.75-$21.75 (cap $75.00)	yes	100
100	100	50	250	0.50	direct	anytime-tuned	0.020900	0.25	0.35	0.35	0.35	0.00	no-lift	200	0.0000000000	0.0000000000	0.0000000000	0.2650000000	0.7350000000	0.0000000000	95.6800000000	239.1400000000	$19.85-$20.81	$20.75-$21.75 (cap $75.00)	yes	100
100	100	50	250	0.50	direct	fixed-n-betting	0.020900	1.00	0.35	0.35	0.35	0.00	no-lift	200	0.0000000000	0.0000000000	0.0000000000	0.6850000000	0.3150000000	0.0000000000	100.0000000000	250.0000000000	$20.75-$21.75	$20.75-$21.75 (cap $75.00)	yes	100
100	100	50	250	0.50	direct	fixed-n-score	0.020900	1.00	0.35	0.35	0.35	0.00	no-lift	200	0.0000000000	0.0000000000	0.0000000000	0.9350000000	0.0650000000	0.0000000000	100.0000000000	250.0000000000	$20.75-$21.75	$20.75-$21.75 (cap $75.00)	yes	100
100	100	50	250	0.50	direct	fixed-n-betting	0.010500	1.00	0.35	0.35	0.35	0.00	no-lift	200	0.0000000000	0.0000000000	0.0000000000	0.6850000000	0.3150000000	0.0000000000	100.0000000000	250.0000000000	$20.75-$21.75	$20.75-$21.75 (cap $75.00)	yes	100
100	100	50	250	0.50	direct	fixed-n-score	0.010500	1.00	0.35	0.35	0.35	0.00	no-lift	200	0.0000000000	0.0000000000	0.0000000000	0.9350000000	0.0650000000	0.0000000000	100.0000000000	250.0000000000	$20.75-$21.75	$20.75-$21.75 (cap $75.00)	yes	100
100	100	50	250	0.50	direct	fixed-n-betting	0.005000	1.00	0.35	0.35	0.35	0.00	no-lift	200	0.0000000000	0.0000000000	0.0000000000	0.6850000000	0.3150000000	0.0000000000	100.0000000000	250.0000000000	$20.75-$21.75	$20.75-$21.75 (cap $75.00)	yes	100
100	100	50	250	0.50	direct	fixed-n-score	0.005000	1.00	0.35	0.35	0.35	0.00	no-lift	200	0.0000000000	0.0000000000	0.0000000000	0.9350000000	0.0650000000	0.0000000000	100.0000000000	250.0000000000	$20.75-$21.75	$20.75-$21.75 (cap $75.00)	yes	100
100	100	100	300	1.00	union	anytime	0.020900	1.00	0.45	0.35	0.35	0.10	no-lift	200	0.0000000000	0.0000000000	0.0000000000	0.1900000000	0.8100000000	0.0000000000	90.5950000000	271.7850000000	$22.56-$23.65	$24.90-$26.10 (cap $90.00)	yes	100
100	100	100	300	1.00	direct	anytime	0.020900	1.00	0.45	0.35	0.35	0.10	no-lift	200	0.0000000000	0.0000000000	0.0000000000	0.1900000000	0.8100000000	0.0000000000	90.5950000000	271.7850000000	$22.56-$23.65	$24.90-$26.10 (cap $90.00)	yes	100
100	100	100	300	1.00	direct	anytime-tuned	0.020900	1.00	0.45	0.35	0.35	0.10	no-lift	200	0.0000000000	0.0000000000	0.0000000000	0.1500000000	0.8500000000	0.0000000000	96.7550000000	290.2650000000	$24.09-$25.25	$24.90-$26.10 (cap $90.00)	yes	100
100	100	100	300	1.00	direct	anytime-tuned	0.020900	0.50	0.45	0.35	0.35	0.10	no-lift	200	0.0000000000	0.0000000000	0.0000000000	0.0600000000	0.9400000000	0.0000000000	99.4500000000	298.3500000000	$24.76-$25.96	$24.90-$26.10 (cap $90.00)	yes	100
100	100	100	300	1.00	direct	anytime-tuned	0.020900	0.25	0.45	0.35	0.35	0.10	no-lift	200	0.0000000000	0.0000000000	0.0000000000	0.0100000000	0.9900000000	0.0000000000	99.9750000000	299.9250000000	$24.89-$26.09	$24.90-$26.10 (cap $90.00)	yes	100
100	100	100	300	1.00	direct	fixed-n-betting	0.020900	1.00	0.45	0.35	0.35	0.10	no-lift	200	0.0000000000	0.0000000000	0.0000000000	0.1850000000	0.8150000000	0.0000000000	100.0000000000	300.0000000000	$24.90-$26.10	$24.90-$26.10 (cap $90.00)	yes	100
100	100	100	300	1.00	direct	fixed-n-score	0.020900	1.00	0.45	0.35	0.35	0.10	no-lift	200	0.0000000000	0.0000000000	0.0000000000	0.4800000000	0.5200000000	0.0000000000	100.0000000000	300.0000000000	$24.90-$26.10	$24.90-$26.10 (cap $90.00)	yes	100
100	100	100	300	1.00	direct	fixed-n-betting	0.010500	1.00	0.45	0.35	0.35	0.10	no-lift	200	0.0000000000	0.0000000000	0.0000000000	0.1850000000	0.8150000000	0.0000000000	100.0000000000	300.0000000000	$24.90-$26.10	$24.90-$26.10 (cap $90.00)	yes	100
100	100	100	300	1.00	direct	fixed-n-score	0.010500	1.00	0.45	0.35	0.35	0.10	no-lift	200	0.0000000000	0.0000000000	0.0000000000	0.4800000000	0.5200000000	0.0000000000	100.0000000000	300.0000000000	$24.90-$26.10	$24.90-$26.10 (cap $90.00)	yes	100
100	100	100	300	1.00	direct	fixed-n-betting	0.005000	1.00	0.45	0.35	0.35	0.10	no-lift	200	0.0000000000	0.0000000000	0.0000000000	0.1850000000	0.8150000000	0.0000000000	100.0000000000	300.0000000000	$24.90-$26.10	$24.90-$26.10 (cap $90.00)	yes	100
100	100	100	300	1.00	direct	fixed-n-score	0.005000	1.00	0.45	0.35	0.35	0.10	no-lift	200	0.0000000000	0.0000000000	0.0000000000	0.4800000000	0.5200000000	0.0000000000	100.0000000000	300.0000000000	$24.90-$26.10	$24.90-$26.10 (cap $90.00)	yes	100
100	100	50	250	0.50	union	anytime	0.020900	1.00	0.45	0.35	0.35	0.10	no-lift	200	0.0000000000	0.0000000000	0.0000000000	0.1900000000	0.8100000000	0.0000000000	90.5950000000	226.4400000000	$18.79-$19.70	$20.75-$21.75 (cap $75.00)	yes	100
100	100	50	250	0.50	direct	anytime	0.020900	1.00	0.45	0.35	0.35	0.10	no-lift	200	0.0000000000	0.0000000000	0.0000000000	0.1900000000	0.8100000000	0.0000000000	90.5950000000	226.4400000000	$18.79-$19.70	$20.75-$21.75 (cap $75.00)	yes	100
100	100	50	250	0.50	direct	anytime-tuned	0.020900	1.00	0.45	0.35	0.35	0.10	no-lift	200	0.0000000000	0.0000000000	0.0000000000	0.1500000000	0.8500000000	0.0000000000	96.7550000000	241.8500000000	$20.07-$21.04	$20.75-$21.75 (cap $75.00)	yes	100
100	100	50	250	0.50	direct	anytime-tuned	0.020900	0.50	0.45	0.35	0.35	0.10	no-lift	200	0.0000000000	0.0000000000	0.0000000000	0.0600000000	0.9400000000	0.0000000000	99.4500000000	248.6050000000	$20.63-$21.63	$20.75-$21.75 (cap $75.00)	yes	100
100	100	50	250	0.50	direct	anytime-tuned	0.020900	0.25	0.45	0.35	0.35	0.10	no-lift	200	0.0000000000	0.0000000000	0.0000000000	0.0100000000	0.9900000000	0.0000000000	99.9750000000	249.9350000000	$20.74-$21.74	$20.75-$21.75 (cap $75.00)	yes	100
100	100	50	250	0.50	direct	fixed-n-betting	0.020900	1.00	0.45	0.35	0.35	0.10	no-lift	200	0.0000000000	0.0000000000	0.0000000000	0.1850000000	0.8150000000	0.0000000000	100.0000000000	250.0000000000	$20.75-$21.75	$20.75-$21.75 (cap $75.00)	yes	100
100	100	50	250	0.50	direct	fixed-n-score	0.020900	1.00	0.45	0.35	0.35	0.10	no-lift	200	0.0000000000	0.0000000000	0.0000000000	0.4800000000	0.5200000000	0.0000000000	100.0000000000	250.0000000000	$20.75-$21.75	$20.75-$21.75 (cap $75.00)	yes	100
100	100	50	250	0.50	direct	fixed-n-betting	0.010500	1.00	0.45	0.35	0.35	0.10	no-lift	200	0.0000000000	0.0000000000	0.0000000000	0.1850000000	0.8150000000	0.0000000000	100.0000000000	250.0000000000	$20.75-$21.75	$20.75-$21.75 (cap $75.00)	yes	100
100	100	50	250	0.50	direct	fixed-n-score	0.010500	1.00	0.45	0.35	0.35	0.10	no-lift	200	0.0000000000	0.0000000000	0.0000000000	0.4800000000	0.5200000000	0.0000000000	100.0000000000	250.0000000000	$20.75-$21.75	$20.75-$21.75 (cap $75.00)	yes	100
100	100	50	250	0.50	direct	fixed-n-betting	0.005000	1.00	0.45	0.35	0.35	0.10	no-lift	200	0.0000000000	0.0000000000	0.0000000000	0.1850000000	0.8150000000	0.0000000000	100.0000000000	250.0000000000	$20.75-$21.75	$20.75-$21.75 (cap $75.00)	yes	100
100	100	50	250	0.50	direct	fixed-n-score	0.005000	1.00	0.45	0.35	0.35	0.10	no-lift	200	0.0000000000	0.0000000000	0.0000000000	0.4800000000	0.5200000000	0.0000000000	100.0000000000	250.0000000000	$20.75-$21.75	$20.75-$21.75 (cap $75.00)	yes	100
100	100	100	300	1.00	union	anytime	0.020900	1.00	0.55	0.35	0.35	0.20	calibration	200	0.0000000000	0.0000000000	0.0000000000	0.0250000000	0.9750000000	0.0000000000	98.4100000000	295.2300000000	$24.50-$25.69	$24.90-$26.10 (cap $90.00)	yes	100
100	100	100	300	1.00	direct	anytime	0.020900	1.00	0.55	0.35	0.35	0.20	calibration	200	0.0050000000	0.0100000000	0.0050000000	0.0250000000	0.9700000000	0.0049874843	98.2000000000	294.6000000000	$24.45-$25.63	$24.90-$26.10 (cap $90.00)	yes	100
100	100	100	300	1.00	direct	anytime-tuned	0.020900	1.00	0.55	0.35	0.35	0.20	calibration	200	0.0000000000	0.0000000000	0.0000000000	0.0150000000	0.9850000000	0.0000000000	99.4250000000	298.2750000000	$24.76-$25.95	$24.90-$26.10 (cap $90.00)	yes	100
100	100	100	300	1.00	direct	anytime-tuned	0.020900	0.50	0.55	0.35	0.35	0.20	calibration	200	0.0000000000	0.0000000000	0.0000000000	0.0000000000	1.0000000000	0.0000000000	100.0000000000	300.0000000000	$24.90-$26.10	$24.90-$26.10 (cap $90.00)	yes	100
100	100	100	300	1.00	direct	anytime-tuned	0.020900	0.25	0.55	0.35	0.35	0.20	calibration	200	0.0000000000	0.0000000000	0.0000000000	0.0000000000	1.0000000000	0.0000000000	100.0000000000	300.0000000000	$24.90-$26.10	$24.90-$26.10 (cap $90.00)	yes	100
100	100	100	300	1.00	direct	fixed-n-betting	0.020900	1.00	0.55	0.35	0.35	0.20	calibration	200	0.0000000000	0.0050000000	0.0000000000	0.0050000000	0.9950000000	0.0000000000	100.0000000000	300.0000000000	$24.90-$26.10	$24.90-$26.10 (cap $90.00)	yes	100
100	100	100	300	1.00	direct	fixed-n-score	0.020900	1.00	0.55	0.35	0.35	0.20	calibration	200	0.0200000000	0.0150000000	0.0050000000	0.0700000000	0.9250000000	0.0049874843	100.0000000000	300.0000000000	$24.90-$26.10	$24.90-$26.10 (cap $90.00)	yes	100
100	100	100	300	1.00	direct	fixed-n-betting	0.010500	1.00	0.55	0.35	0.35	0.20	calibration	200	0.0000000000	0.0050000000	0.0000000000	0.0050000000	0.9950000000	0.0000000000	100.0000000000	300.0000000000	$24.90-$26.10	$24.90-$26.10 (cap $90.00)	yes	100
100	100	100	300	1.00	direct	fixed-n-score	0.010500	1.00	0.55	0.35	0.35	0.20	calibration	200	0.0100000000	0.0100000000	0.0050000000	0.0700000000	0.9250000000	0.0049874843	100.0000000000	300.0000000000	$24.90-$26.10	$24.90-$26.10 (cap $90.00)	yes	100
100	100	100	300	1.00	direct	fixed-n-betting	0.005000	1.00	0.55	0.35	0.35	0.20	calibration	200	0.0000000000	0.0050000000	0.0000000000	0.0050000000	0.9950000000	0.0000000000	100.0000000000	300.0000000000	$24.90-$26.10	$24.90-$26.10 (cap $90.00)	yes	100
100	100	100	300	1.00	direct	fixed-n-score	0.005000	1.00	0.55	0.35	0.35	0.20	calibration	200	0.0000000000	0.0050000000	0.0000000000	0.0700000000	0.9300000000	0.0000000000	100.0000000000	300.0000000000	$24.90-$26.10	$24.90-$26.10 (cap $90.00)	yes	100
100	100	50	250	0.50	union	anytime	0.020900	1.00	0.55	0.35	0.35	0.20	calibration	200	0.0000000000	0.0000000000	0.0000000000	0.0250000000	0.9750000000	0.0000000000	98.4100000000	246.0200000000	$20.42-$21.40	$20.75-$21.75 (cap $75.00)	yes	100
100	100	50	250	0.50	direct	anytime	0.020900	1.00	0.55	0.35	0.35	0.20	calibration	200	0.0000000000	0.0050000000	0.0000000000	0.0250000000	0.9750000000	0.0000000000	98.4100000000	246.0200000000	$20.42-$21.40	$20.75-$21.75 (cap $75.00)	yes	100
100	100	50	250	0.50	direct	anytime-tuned	0.020900	1.00	0.55	0.35	0.35	0.20	calibration	200	0.0000000000	0.0000000000	0.0000000000	0.0150000000	0.9850000000	0.0000000000	99.4250000000	248.5550000000	$20.63-$21.62	$20.75-$21.75 (cap $75.00)	yes	100
100	100	50	250	0.50	direct	anytime-tuned	0.020900	0.50	0.55	0.35	0.35	0.20	calibration	200	0.0000000000	0.0000000000	0.0000000000	0.0000000000	1.0000000000	0.0000000000	100.0000000000	250.0000000000	$20.75-$21.75	$20.75-$21.75 (cap $75.00)	yes	100
100	100	50	250	0.50	direct	anytime-tuned	0.020900	0.25	0.55	0.35	0.35	0.20	calibration	200	0.0000000000	0.0000000000	0.0000000000	0.0000000000	1.0000000000	0.0000000000	100.0000000000	250.0000000000	$20.75-$21.75	$20.75-$21.75 (cap $75.00)	yes	100
100	100	50	250	0.50	direct	fixed-n-betting	0.020900	1.00	0.55	0.35	0.35	0.20	calibration	200	0.0000000000	0.0050000000	0.0000000000	0.0050000000	0.9950000000	0.0000000000	100.0000000000	250.0000000000	$20.75-$21.75	$20.75-$21.75 (cap $75.00)	yes	100
100	100	50	250	0.50	direct	fixed-n-score	0.020900	1.00	0.55	0.35	0.35	0.20	calibration	200	0.0200000000	0.0150000000	0.0050000000	0.0700000000	0.9250000000	0.0049874843	100.0000000000	250.0000000000	$20.75-$21.75	$20.75-$21.75 (cap $75.00)	yes	100
100	100	50	250	0.50	direct	fixed-n-betting	0.010500	1.00	0.55	0.35	0.35	0.20	calibration	200	0.0000000000	0.0000000000	0.0000000000	0.0050000000	0.9950000000	0.0000000000	100.0000000000	250.0000000000	$20.75-$21.75	$20.75-$21.75 (cap $75.00)	yes	100
100	100	50	250	0.50	direct	fixed-n-score	0.010500	1.00	0.55	0.35	0.35	0.20	calibration	200	0.0100000000	0.0150000000	0.0050000000	0.0700000000	0.9250000000	0.0049874843	100.0000000000	250.0000000000	$20.75-$21.75	$20.75-$21.75 (cap $75.00)	yes	100
100	100	50	250	0.50	direct	fixed-n-betting	0.005000	1.00	0.55	0.35	0.35	0.20	calibration	200	0.0000000000	0.0000000000	0.0000000000	0.0050000000	0.9950000000	0.0000000000	100.0000000000	250.0000000000	$20.75-$21.75	$20.75-$21.75 (cap $75.00)	yes	100
100	100	50	250	0.50	direct	fixed-n-score	0.005000	1.00	0.55	0.35	0.35	0.20	calibration	200	0.0000000000	0.0100000000	0.0000000000	0.0700000000	0.9300000000	0.0000000000	100.0000000000	250.0000000000	$20.75-$21.75	$20.75-$21.75 (cap $75.00)	yes	100
100	100	100	300	1.00	union	anytime	0.020900	1.00	0.65	0.35	0.35	0.30	real effect	200	0.0850000000	0.0000000000	0.0000000000	0.0000000000	1.0000000000	0.0000000000	100.0000000000	300.0000000000	$24.90-$26.10	$24.90-$26.10 (cap $90.00)	yes	100
100	100	100	300	1.00	direct	anytime	0.020900	1.00	0.65	0.35	0.35	0.30	real effect	200	0.0900000000	0.0700000000	0.0200000000	0.0000000000	0.9800000000	0.0098994949	99.1300000000	297.3900000000	$24.68-$25.87	$24.90-$26.10 (cap $90.00)	yes	100
100	100	100	300	1.00	direct	anytime-tuned	0.020900	1.00	0.65	0.35	0.35	0.30	real effect	200	0.0400000000	0.0350000000	0.0050000000	0.0000000000	0.9950000000	0.0049874843	99.9850000000	299.9550000000	$24.90-$26.10	$24.90-$26.10 (cap $90.00)	yes	100
100	100	100	300	1.00	direct	anytime-tuned	0.020900	0.50	0.65	0.35	0.35	0.30	real effect	200	0.0100000000	0.0100000000	0.0000000000	0.0000000000	1.0000000000	0.0000000000	100.0000000000	300.0000000000	$24.90-$26.10	$24.90-$26.10 (cap $90.00)	yes	100
100	100	100	300	1.00	direct	anytime-tuned	0.020900	0.25	0.65	0.35	0.35	0.30	real effect	200	0.0000000000	0.0000000000	0.0000000000	0.0000000000	1.0000000000	0.0000000000	100.0000000000	300.0000000000	$24.90-$26.10	$24.90-$26.10 (cap $90.00)	yes	100
100	100	100	300	1.00	direct	fixed-n-betting	0.020900	1.00	0.65	0.35	0.35	0.30	real effect	200	0.0950000000	0.0750000000	0.0150000000	0.0000000000	0.9850000000	0.0085950567	100.0000000000	300.0000000000	$24.90-$26.10	$24.90-$26.10 (cap $90.00)	yes	100
100	100	100	300	1.00	direct	fixed-n-score	0.020900	1.00	0.65	0.35	0.35	0.30	real effect	200	0.2650000000	0.2250000000	0.1150000000	0.0000000000	0.8850000000	0.0225582579	100.0000000000	300.0000000000	$24.90-$26.10	$24.90-$26.10 (cap $90.00)	yes	100
100	100	100	300	1.00	direct	fixed-n-betting	0.010500	1.00	0.65	0.35	0.35	0.30	real effect	200	0.0750000000	0.0400000000	0.0100000000	0.0000000000	0.9900000000	0.0070356236	100.0000000000	300.0000000000	$24.90-$26.10	$24.90-$26.10 (cap $90.00)	yes	100
100	100	100	300	1.00	direct	fixed-n-score	0.010500	1.00	0.65	0.35	0.35	0.30	real effect	200	0.1750000000	0.1900000000	0.0550000000	0.0000000000	0.9450000000	0.0161206389	100.0000000000	300.0000000000	$24.90-$26.10	$24.90-$26.10 (cap $90.00)	yes	100
100	100	100	300	1.00	direct	fixed-n-betting	0.005000	1.00	0.65	0.35	0.35	0.30	real effect	200	0.0500000000	0.0200000000	0.0050000000	0.0000000000	0.9950000000	0.0049874843	100.0000000000	300.0000000000	$24.90-$26.10	$24.90-$26.10 (cap $90.00)	yes	100
100	100	100	300	1.00	direct	fixed-n-score	0.005000	1.00	0.65	0.35	0.35	0.30	real effect	200	0.1200000000	0.1200000000	0.0250000000	0.0000000000	0.9750000000	0.0110397011	100.0000000000	300.0000000000	$24.90-$26.10	$24.90-$26.10 (cap $90.00)	yes	100
100	100	50	250	0.50	union	anytime	0.020900	1.00	0.65	0.35	0.35	0.30	real effect	200	0.0850000000	0.0000000000	0.0000000000	0.0000000000	1.0000000000	0.0000000000	100.0000000000	250.0000000000	$20.75-$21.75	$20.75-$21.75 (cap $75.00)	yes	100
100	100	50	250	0.50	direct	anytime	0.020900	1.00	0.65	0.35	0.35	0.30	real effect	200	0.0900000000	0.0300000000	0.0050000000	0.0000000000	0.9950000000	0.0049874843	99.8750000000	249.6850000000	$20.72-$21.72	$20.75-$21.75 (cap $75.00)	yes	100
100	100	50	250	0.50	direct	anytime-tuned	0.020900	1.00	0.65	0.35	0.35	0.30	real effect	200	0.0400000000	0.0000000000	0.0000000000	0.0000000000	1.0000000000	0.0000000000	100.0000000000	250.0000000000	$20.75-$21.75	$20.75-$21.75 (cap $75.00)	yes	100
100	100	50	250	0.50	direct	anytime-tuned	0.020900	0.50	0.65	0.35	0.35	0.30	real effect	200	0.0100000000	0.0000000000	0.0000000000	0.0000000000	1.0000000000	0.0000000000	100.0000000000	250.0000000000	$20.75-$21.75	$20.75-$21.75 (cap $75.00)	yes	100
100	100	50	250	0.50	direct	anytime-tuned	0.020900	0.25	0.65	0.35	0.35	0.30	real effect	200	0.0000000000	0.0000000000	0.0000000000	0.0000000000	1.0000000000	0.0000000000	100.0000000000	250.0000000000	$20.75-$21.75	$20.75-$21.75 (cap $75.00)	yes	100
100	100	50	250	0.50	direct	fixed-n-betting	0.020900	1.00	0.65	0.35	0.35	0.30	real effect	200	0.0950000000	0.0250000000	0.0000000000	0.0000000000	1.0000000000	0.0000000000	100.0000000000	250.0000000000	$20.75-$21.75	$20.75-$21.75 (cap $75.00)	yes	100
100	100	50	250	0.50	direct	fixed-n-score	0.020900	1.00	0.65	0.35	0.35	0.30	real effect	200	0.2650000000	0.1850000000	0.0700000000	0.0000000000	0.9300000000	0.0180416186	100.0000000000	250.0000000000	$20.75-$21.75	$20.75-$21.75 (cap $75.00)	yes	100
100	100	50	250	0.50	direct	fixed-n-betting	0.010500	1.00	0.65	0.35	0.35	0.30	real effect	200	0.0750000000	0.0050000000	0.0000000000	0.0000000000	1.0000000000	0.0000000000	100.0000000000	250.0000000000	$20.75-$21.75	$20.75-$21.75 (cap $75.00)	yes	100
100	100	50	250	0.50	direct	fixed-n-score	0.010500	1.00	0.65	0.35	0.35	0.30	real effect	200	0.1750000000	0.1250000000	0.0300000000	0.0000000000	0.9700000000	0.0120623381	100.0000000000	250.0000000000	$20.75-$21.75	$20.75-$21.75 (cap $75.00)	yes	100
100	100	50	250	0.50	direct	fixed-n-betting	0.005000	1.00	0.65	0.35	0.35	0.30	real effect	200	0.0500000000	0.0000000000	0.0000000000	0.0000000000	1.0000000000	0.0000000000	100.0000000000	250.0000000000	$20.75-$21.75	$20.75-$21.75 (cap $75.00)	yes	100
100	100	50	250	0.50	direct	fixed-n-score	0.005000	1.00	0.65	0.35	0.35	0.30	real effect	200	0.1200000000	0.0850000000	0.0100000000	0.0000000000	0.9900000000	0.0070356236	100.0000000000	250.0000000000	$20.75-$21.75	$20.75-$21.75 (cap $75.00)	yes	100
100	100	100	300	1.00	union	anytime	0.020900	1.00	0.35	0.35	0.40	0.00	no-lift	200	0.0000000000	0.0000000000	0.0000000000	0.6550000000	0.3450000000	0.0000000000	63.1550000000	189.4650000000	$15.73-$16.48	$24.90-$26.10 (cap $90.00)	yes	100
100	100	100	300	1.00	direct	anytime	0.020900	1.00	0.35	0.35	0.40	0.00	no-lift	200	0.0000000000	0.0000000000	0.0000000000	0.6550000000	0.3450000000	0.0000000000	63.1550000000	189.4650000000	$15.73-$16.48	$24.90-$26.10 (cap $90.00)	yes	100
100	100	100	300	1.00	direct	anytime-tuned	0.020900	1.00	0.35	0.35	0.40	0.00	no-lift	200	0.0000000000	0.0000000000	0.0000000000	0.6450000000	0.3550000000	0.0000000000	79.7000000000	239.1000000000	$19.85-$20.80	$24.90-$26.10 (cap $90.00)	yes	100
100	100	100	300	1.00	direct	anytime-tuned	0.020900	0.50	0.35	0.35	0.40	0.00	no-lift	200	0.0000000000	0.0000000000	0.0000000000	0.4900000000	0.5100000000	0.0000000000	89.2650000000	267.7950000000	$22.23-$23.30	$24.90-$26.10 (cap $90.00)	yes	100
100	100	100	300	1.00	direct	anytime-tuned	0.020900	0.25	0.35	0.35	0.40	0.00	no-lift	200	0.0000000000	0.0000000000	0.0000000000	0.2850000000	0.7150000000	0.0000000000	95.5150000000	286.5450000000	$23.78-$24.93	$24.90-$26.10 (cap $90.00)	yes	100
100	100	100	300	1.00	direct	fixed-n-betting	0.020900	1.00	0.35	0.35	0.40	0.00	no-lift	200	0.0000000000	0.0000000000	0.0000000000	0.7250000000	0.2750000000	0.0000000000	100.0000000000	300.0000000000	$24.90-$26.10	$24.90-$26.10 (cap $90.00)	yes	100
100	100	100	300	1.00	direct	fixed-n-score	0.020900	1.00	0.35	0.35	0.40	0.00	no-lift	200	0.0000000000	0.0000000000	0.0000000000	0.9050000000	0.0950000000	0.0000000000	100.0000000000	300.0000000000	$24.90-$26.10	$24.90-$26.10 (cap $90.00)	yes	100
100	100	100	300	1.00	direct	fixed-n-betting	0.010500	1.00	0.35	0.35	0.40	0.00	no-lift	200	0.0000000000	0.0000000000	0.0000000000	0.7250000000	0.2750000000	0.0000000000	100.0000000000	300.0000000000	$24.90-$26.10	$24.90-$26.10 (cap $90.00)	yes	100
100	100	100	300	1.00	direct	fixed-n-score	0.010500	1.00	0.35	0.35	0.40	0.00	no-lift	200	0.0000000000	0.0000000000	0.0000000000	0.9050000000	0.0950000000	0.0000000000	100.0000000000	300.0000000000	$24.90-$26.10	$24.90-$26.10 (cap $90.00)	yes	100
100	100	100	300	1.00	direct	fixed-n-betting	0.005000	1.00	0.35	0.35	0.40	0.00	no-lift	200	0.0000000000	0.0000000000	0.0000000000	0.7250000000	0.2750000000	0.0000000000	100.0000000000	300.0000000000	$24.90-$26.10	$24.90-$26.10 (cap $90.00)	yes	100
100	100	100	300	1.00	direct	fixed-n-score	0.005000	1.00	0.35	0.35	0.40	0.00	no-lift	200	0.0000000000	0.0000000000	0.0000000000	0.9050000000	0.0950000000	0.0000000000	100.0000000000	300.0000000000	$24.90-$26.10	$24.90-$26.10 (cap $90.00)	yes	100
100	100	50	250	0.50	union	anytime	0.020900	1.00	0.35	0.35	0.40	0.00	no-lift	200	0.0000000000	0.0000000000	0.0000000000	0.6550000000	0.3450000000	0.0000000000	63.1550000000	157.7400000000	$13.09-$13.72	$20.75-$21.75 (cap $75.00)	yes	100
100	100	50	250	0.50	direct	anytime	0.020900	1.00	0.35	0.35	0.40	0.00	no-lift	200	0.0000000000	0.0000000000	0.0000000000	0.6550000000	0.3450000000	0.0000000000	63.1550000000	157.7400000000	$13.09-$13.72	$20.75-$21.75 (cap $75.00)	yes	100
100	100	50	250	0.50	direct	anytime-tuned	0.020900	1.00	0.35	0.35	0.40	0.00	no-lift	200	0.0000000000	0.0000000000	0.0000000000	0.6450000000	0.3550000000	0.0000000000	79.7000000000	199.0950000000	$16.52-$17.32	$20.75-$21.75 (cap $75.00)	yes	100
100	100	50	250	0.50	direct	anytime-tuned	0.020900	0.50	0.35	0.35	0.40	0.00	no-lift	200	0.0000000000	0.0000000000	0.0000000000	0.4900000000	0.5100000000	0.0000000000	89.2650000000	223.0450000000	$18.51-$19.40	$20.75-$21.75 (cap $75.00)	yes	100
100	100	50	250	0.50	direct	anytime-tuned	0.020900	0.25	0.35	0.35	0.40	0.00	no-lift	200	0.0000000000	0.0000000000	0.0000000000	0.2850000000	0.7150000000	0.0000000000	95.5150000000	238.7000000000	$19.81-$20.77	$20.75-$21.75 (cap $75.00)	yes	100
100	100	50	250	0.50	direct	fixed-n-betting	0.020900	1.00	0.35	0.35	0.40	0.00	no-lift	200	0.0000000000	0.0000000000	0.0000000000	0.7250000000	0.2750000000	0.0000000000	100.0000000000	250.0000000000	$20.75-$21.75	$20.75-$21.75 (cap $75.00)	yes	100
100	100	50	250	0.50	direct	fixed-n-score	0.020900	1.00	0.35	0.35	0.40	0.00	no-lift	200	0.0000000000	0.0000000000	0.0000000000	0.9050000000	0.0950000000	0.0000000000	100.0000000000	250.0000000000	$20.75-$21.75	$20.75-$21.75 (cap $75.00)	yes	100
100	100	50	250	0.50	direct	fixed-n-betting	0.010500	1.00	0.35	0.35	0.40	0.00	no-lift	200	0.0000000000	0.0000000000	0.0000000000	0.7250000000	0.2750000000	0.0000000000	100.0000000000	250.0000000000	$20.75-$21.75	$20.75-$21.75 (cap $75.00)	yes	100
100	100	50	250	0.50	direct	fixed-n-score	0.010500	1.00	0.35	0.35	0.40	0.00	no-lift	200	0.0000000000	0.0000000000	0.0000000000	0.9050000000	0.0950000000	0.0000000000	100.0000000000	250.0000000000	$20.75-$21.75	$20.75-$21.75 (cap $75.00)	yes	100
100	100	50	250	0.50	direct	fixed-n-betting	0.005000	1.00	0.35	0.35	0.40	0.00	no-lift	200	0.0000000000	0.0000000000	0.0000000000	0.7250000000	0.2750000000	0.0000000000	100.0000000000	250.0000000000	$20.75-$21.75	$20.75-$21.75 (cap $75.00)	yes	100
100	100	50	250	0.50	direct	fixed-n-score	0.005000	1.00	0.35	0.35	0.40	0.00	no-lift	200	0.0000000000	0.0000000000	0.0000000000	0.9050000000	0.0950000000	0.0000000000	100.0000000000	250.0000000000	$20.75-$21.75	$20.75-$21.75 (cap $75.00)	yes	100
100	100	100	300	1.00	union	anytime	0.020900	1.00	0.45	0.35	0.40	0.10	no-lift	200	0.0000000000	0.0000000000	0.0000000000	0.1500000000	0.8500000000	0.0000000000	92.6500000000	277.9500000000	$23.07-$24.18	$24.90-$26.10 (cap $90.00)	yes	100
100	100	100	300	1.00	direct	anytime	0.020900	1.00	0.45	0.35	0.40	0.10	no-lift	200	0.0000000000	0.0000000000	0.0000000000	0.1500000000	0.8500000000	0.0000000000	92.6500000000	277.9500000000	$23.07-$24.18	$24.90-$26.10 (cap $90.00)	yes	100
100	100	100	300	1.00	direct	anytime-tuned	0.020900	1.00	0.45	0.35	0.40	0.10	no-lift	200	0.0000000000	0.0000000000	0.0000000000	0.1250000000	0.8750000000	0.0000000000	97.5700000000	292.7100000000	$24.29-$25.47	$24.90-$26.10 (cap $90.00)	yes	100
100	100	100	300	1.00	direct	anytime-tuned	0.020900	0.50	0.45	0.35	0.40	0.10	no-lift	200	0.0000000000	0.0000000000	0.0000000000	0.0300000000	0.9700000000	0.0000000000	99.4350000000	298.3050000000	$24.76-$25.95	$24.90-$26.10 (cap $90.00)	yes	100
100	100	100	300	1.00	direct	anytime-tuned	0.020900	0.25	0.45	0.35	0.40	0.10	no-lift	200	0.0000000000	0.0000000000	0.0000000000	0.0050000000	0.9950000000	0.0000000000	99.8450000000	299.5350000000	$24.86-$26.06	$24.90-$26.10 (cap $90.00)	yes	100
100	100	100	300	1.00	direct	fixed-n-betting	0.020900	1.00	0.45	0.35	0.40	0.10	no-lift	200	0.0000000000	0.0000000000	0.0000000000	0.1450000000	0.8550000000	0.0000000000	100.0000000000	300.0000000000	$24.90-$26.10	$24.90-$26.10 (cap $90.00)	yes	100
100	100	100	300	1.00	direct	fixed-n-score	0.020900	1.00	0.45	0.35	0.40	0.10	no-lift	200	0.0000000000	0.0000000000	0.0000000000	0.3850000000	0.6150000000	0.0000000000	100.0000000000	300.0000000000	$24.90-$26.10	$24.90-$26.10 (cap $90.00)	yes	100
100	100	100	300	1.00	direct	fixed-n-betting	0.010500	1.00	0.45	0.35	0.40	0.10	no-lift	200	0.0000000000	0.0000000000	0.0000000000	0.1450000000	0.8550000000	0.0000000000	100.0000000000	300.0000000000	$24.90-$26.10	$24.90-$26.10 (cap $90.00)	yes	100
100	100	100	300	1.00	direct	fixed-n-score	0.010500	1.00	0.45	0.35	0.40	0.10	no-lift	200	0.0000000000	0.0000000000	0.0000000000	0.3850000000	0.6150000000	0.0000000000	100.0000000000	300.0000000000	$24.90-$26.10	$24.90-$26.10 (cap $90.00)	yes	100
100	100	100	300	1.00	direct	fixed-n-betting	0.005000	1.00	0.45	0.35	0.40	0.10	no-lift	200	0.0000000000	0.0000000000	0.0000000000	0.1450000000	0.8550000000	0.0000000000	100.0000000000	300.0000000000	$24.90-$26.10	$24.90-$26.10 (cap $90.00)	yes	100
100	100	100	300	1.00	direct	fixed-n-score	0.005000	1.00	0.45	0.35	0.40	0.10	no-lift	200	0.0000000000	0.0000000000	0.0000000000	0.3850000000	0.6150000000	0.0000000000	100.0000000000	300.0000000000	$24.90-$26.10	$24.90-$26.10 (cap $90.00)	yes	100
100	100	50	250	0.50	union	anytime	0.020900	1.00	0.45	0.35	0.40	0.10	no-lift	200	0.0000000000	0.0000000000	0.0000000000	0.1500000000	0.8500000000	0.0000000000	92.6500000000	231.5900000000	$19.22-$20.15	$20.75-$21.75 (cap $75.00)	yes	100
100	100	50	250	0.50	direct	anytime	0.020900	1.00	0.45	0.35	0.40	0.10	no-lift	200	0.0000000000	0.0000000000	0.0000000000	0.1500000000	0.8500000000	0.0000000000	92.6500000000	231.5900000000	$19.22-$20.15	$20.75-$21.75 (cap $75.00)	yes	100
100	100	50	250	0.50	direct	anytime-tuned	0.020900	1.00	0.45	0.35	0.40	0.10	no-lift	200	0.0000000000	0.0000000000	0.0000000000	0.1250000000	0.8750000000	0.0000000000	97.5700000000	243.8800000000	$20.24-$21.22	$20.75-$21.75 (cap $75.00)	yes	100
100	100	50	250	0.50	direct	anytime-tuned	0.020900	0.50	0.45	0.35	0.40	0.10	no-lift	200	0.0000000000	0.0000000000	0.0000000000	0.0300000000	0.9700000000	0.0000000000	99.4350000000	248.5800000000	$20.63-$21.63	$20.75-$21.75 (cap $75.00)	yes	100
100	100	50	250	0.50	direct	anytime-tuned	0.020900	0.25	0.45	0.35	0.40	0.10	no-lift	200	0.0000000000	0.0000000000	0.0000000000	0.0050000000	0.9950000000	0.0000000000	99.8450000000	249.6100000000	$20.72-$21.72	$20.75-$21.75 (cap $75.00)	yes	100
100	100	50	250	0.50	direct	fixed-n-betting	0.020900	1.00	0.45	0.35	0.40	0.10	no-lift	200	0.0000000000	0.0000000000	0.0000000000	0.1450000000	0.8550000000	0.0000000000	100.0000000000	250.0000000000	$20.75-$21.75	$20.75-$21.75 (cap $75.00)	yes	100
100	100	50	250	0.50	direct	fixed-n-score	0.020900	1.00	0.45	0.35	0.40	0.10	no-lift	200	0.0000000000	0.0000000000	0.0000000000	0.3850000000	0.6150000000	0.0000000000	100.0000000000	250.0000000000	$20.75-$21.75	$20.75-$21.75 (cap $75.00)	yes	100
100	100	50	250	0.50	direct	fixed-n-betting	0.010500	1.00	0.45	0.35	0.40	0.10	no-lift	200	0.0000000000	0.0000000000	0.0000000000	0.1450000000	0.8550000000	0.0000000000	100.0000000000	250.0000000000	$20.75-$21.75	$20.75-$21.75 (cap $75.00)	yes	100
100	100	50	250	0.50	direct	fixed-n-score	0.010500	1.00	0.45	0.35	0.40	0.10	no-lift	200	0.0000000000	0.0000000000	0.0000000000	0.3850000000	0.6150000000	0.0000000000	100.0000000000	250.0000000000	$20.75-$21.75	$20.75-$21.75 (cap $75.00)	yes	100
100	100	50	250	0.50	direct	fixed-n-betting	0.005000	1.00	0.45	0.35	0.40	0.10	no-lift	200	0.0000000000	0.0000000000	0.0000000000	0.1450000000	0.8550000000	0.0000000000	100.0000000000	250.0000000000	$20.75-$21.75	$20.75-$21.75 (cap $75.00)	yes	100
100	100	50	250	0.50	direct	fixed-n-score	0.005000	1.00	0.45	0.35	0.40	0.10	no-lift	200	0.0000000000	0.0000000000	0.0000000000	0.3850000000	0.6150000000	0.0000000000	100.0000000000	250.0000000000	$20.75-$21.75	$20.75-$21.75 (cap $75.00)	yes	100
100	100	100	300	1.00	union	anytime	0.020900	1.00	0.55	0.35	0.40	0.20	calibration	200	0.0000000000	0.0000000000	0.0000000000	0.0150000000	0.9850000000	0.0000000000	99.1500000000	297.4500000000	$24.69-$25.88	$24.90-$26.10 (cap $90.00)	yes	100
100	100	100	300	1.00	direct	anytime	0.020900	1.00	0.55	0.35	0.40	0.20	calibration	200	0.0000000000	0.0000000000	0.0000000000	0.0150000000	0.9850000000	0.0000000000	99.1500000000	297.4500000000	$24.69-$25.88	$24.90-$26.10 (cap $90.00)	yes	100
100	100	100	300	1.00	direct	anytime-tuned	0.020900	1.00	0.55	0.35	0.40	0.20	calibration	200	0.0000000000	0.0000000000	0.0000000000	0.0000000000	1.0000000000	0.0000000000	100.0000000000	300.0000000000	$24.90-$26.10	$24.90-$26.10 (cap $90.00)	yes	100
100	100	100	300	1.00	direct	anytime-tuned	0.020900	0.50	0.55	0.35	0.40	0.20	calibration	200	0.0000000000	0.0000000000	0.0000000000	0.0000000000	1.0000000000	0.0000000000	100.0000000000	300.0000000000	$24.90-$26.10	$24.90-$26.10 (cap $90.00)	yes	100
100	100	100	300	1.00	direct	anytime-tuned	0.020900	0.25	0.55	0.35	0.40	0.20	calibration	200	0.0000000000	0.0000000000	0.0000000000	0.0000000000	1.0000000000	0.0000000000	100.0000000000	300.0000000000	$24.90-$26.10	$24.90-$26.10 (cap $90.00)	yes	100
100	100	100	300	1.00	direct	fixed-n-betting	0.020900	1.00	0.55	0.35	0.40	0.20	calibration	200	0.0000000000	0.0000000000	0.0000000000	0.0000000000	1.0000000000	0.0000000000	100.0000000000	300.0000000000	$24.90-$26.10	$24.90-$26.10 (cap $90.00)	yes	100
100	100	100	300	1.00	direct	fixed-n-score	0.020900	1.00	0.55	0.35	0.40	0.20	calibration	200	0.0250000000	0.0000000000	0.0000000000	0.0450000000	0.9550000000	0.0000000000	100.0000000000	300.0000000000	$24.90-$26.10	$24.90-$26.10 (cap $90.00)	yes	100
100	100	100	300	1.00	direct	fixed-n-betting	0.010500	1.00	0.55	0.35	0.40	0.20	calibration	200	0.0000000000	0.0000000000	0.0000000000	0.0000000000	1.0000000000	0.0000000000	100.0000000000	300.0000000000	$24.90-$26.10	$24.90-$26.10 (cap $90.00)	yes	100
100	100	100	300	1.00	direct	fixed-n-score	0.010500	1.00	0.55	0.35	0.40	0.20	calibration	200	0.0200000000	0.0000000000	0.0000000000	0.0450000000	0.9550000000	0.0000000000	100.0000000000	300.0000000000	$24.90-$26.10	$24.90-$26.10 (cap $90.00)	yes	100
100	100	100	300	1.00	direct	fixed-n-betting	0.005000	1.00	0.55	0.35	0.40	0.20	calibration	200	0.0000000000	0.0000000000	0.0000000000	0.0000000000	1.0000000000	0.0000000000	100.0000000000	300.0000000000	$24.90-$26.10	$24.90-$26.10 (cap $90.00)	yes	100
100	100	100	300	1.00	direct	fixed-n-score	0.005000	1.00	0.55	0.35	0.40	0.20	calibration	200	0.0050000000	0.0000000000	0.0000000000	0.0450000000	0.9550000000	0.0000000000	100.0000000000	300.0000000000	$24.90-$26.10	$24.90-$26.10 (cap $90.00)	yes	100
100	100	50	250	0.50	union	anytime	0.020900	1.00	0.55	0.35	0.40	0.20	calibration	200	0.0000000000	0.0000000000	0.0000000000	0.0150000000	0.9850000000	0.0000000000	99.1500000000	247.8700000000	$20.57-$21.56	$20.75-$21.75 (cap $75.00)	yes	100
100	100	50	250	0.50	direct	anytime	0.020900	1.00	0.55	0.35	0.40	0.20	calibration	200	0.0000000000	0.0000000000	0.0000000000	0.0150000000	0.9850000000	0.0000000000	99.1500000000	247.8700000000	$20.57-$21.56	$20.75-$21.75 (cap $75.00)	yes	100
100	100	50	250	0.50	direct	anytime-tuned	0.020900	1.00	0.55	0.35	0.40	0.20	calibration	200	0.0000000000	0.0000000000	0.0000000000	0.0000000000	1.0000000000	0.0000000000	100.0000000000	250.0000000000	$20.75-$21.75	$20.75-$21.75 (cap $75.00)	yes	100
100	100	50	250	0.50	direct	anytime-tuned	0.020900	0.50	0.55	0.35	0.40	0.20	calibration	200	0.0000000000	0.0000000000	0.0000000000	0.0000000000	1.0000000000	0.0000000000	100.0000000000	250.0000000000	$20.75-$21.75	$20.75-$21.75 (cap $75.00)	yes	100
100	100	50	250	0.50	direct	anytime-tuned	0.020900	0.25	0.55	0.35	0.40	0.20	calibration	200	0.0000000000	0.0000000000	0.0000000000	0.0000000000	1.0000000000	0.0000000000	100.0000000000	250.0000000000	$20.75-$21.75	$20.75-$21.75 (cap $75.00)	yes	100
100	100	50	250	0.50	direct	fixed-n-betting	0.020900	1.00	0.55	0.35	0.40	0.20	calibration	200	0.0000000000	0.0000000000	0.0000000000	0.0000000000	1.0000000000	0.0000000000	100.0000000000	250.0000000000	$20.75-$21.75	$20.75-$21.75 (cap $75.00)	yes	100
100	100	50	250	0.50	direct	fixed-n-score	0.020900	1.00	0.55	0.35	0.40	0.20	calibration	200	0.0250000000	0.0050000000	0.0000000000	0.0450000000	0.9550000000	0.0000000000	100.0000000000	250.0000000000	$20.75-$21.75	$20.75-$21.75 (cap $75.00)	yes	100
100	100	50	250	0.50	direct	fixed-n-betting	0.010500	1.00	0.55	0.35	0.40	0.20	calibration	200	0.0000000000	0.0000000000	0.0000000000	0.0000000000	1.0000000000	0.0000000000	100.0000000000	250.0000000000	$20.75-$21.75	$20.75-$21.75 (cap $75.00)	yes	100
100	100	50	250	0.50	direct	fixed-n-score	0.010500	1.00	0.55	0.35	0.40	0.20	calibration	200	0.0200000000	0.0000000000	0.0000000000	0.0450000000	0.9550000000	0.0000000000	100.0000000000	250.0000000000	$20.75-$21.75	$20.75-$21.75 (cap $75.00)	yes	100
100	100	50	250	0.50	direct	fixed-n-betting	0.005000	1.00	0.55	0.35	0.40	0.20	calibration	200	0.0000000000	0.0000000000	0.0000000000	0.0000000000	1.0000000000	0.0000000000	100.0000000000	250.0000000000	$20.75-$21.75	$20.75-$21.75 (cap $75.00)	yes	100
100	100	50	250	0.50	direct	fixed-n-score	0.005000	1.00	0.55	0.35	0.40	0.20	calibration	200	0.0050000000	0.0000000000	0.0000000000	0.0450000000	0.9550000000	0.0000000000	100.0000000000	250.0000000000	$20.75-$21.75	$20.75-$21.75 (cap $75.00)	yes	100
100	100	100	300	1.00	union	anytime	0.020900	1.00	0.65	0.35	0.40	0.30	real effect	200	0.1150000000	0.0000000000	0.0000000000	0.0100000000	0.9900000000	0.0000000000	99.1100000000	297.3300000000	$24.68-$25.87	$24.90-$26.10 (cap $90.00)	yes	100
100	100	100	300	1.00	direct	anytime	0.020900	1.00	0.65	0.35	0.40	0.30	real effect	200	0.1150000000	0.0350000000	0.0250000000	0.0100000000	0.9650000000	0.0110397011	98.6500000000	295.9500000000	$24.56-$25.75	$24.90-$26.10 (cap $90.00)	yes	100
100	100	100	300	1.00	direct	anytime-tuned	0.020900	1.00	0.65	0.35	0.40	0.30	real effect	200	0.0450000000	0.0100000000	0.0050000000	0.0000000000	0.9950000000	0.0049874843	99.9900000000	299.9700000000	$24.90-$26.10	$24.90-$26.10 (cap $90.00)	yes	100
100	100	100	300	1.00	direct	anytime-tuned	0.020900	0.50	0.65	0.35	0.40	0.30	real effect	200	0.0150000000	0.0000000000	0.0000000000	0.0000000000	1.0000000000	0.0000000000	100.0000000000	300.0000000000	$24.90-$26.10	$24.90-$26.10 (cap $90.00)	yes	100
100	100	100	300	1.00	direct	anytime-tuned	0.020900	0.25	0.65	0.35	0.40	0.30	real effect	200	0.0000000000	0.0000000000	0.0000000000	0.0000000000	1.0000000000	0.0000000000	100.0000000000	300.0000000000	$24.90-$26.10	$24.90-$26.10 (cap $90.00)	yes	100
100	100	100	300	1.00	direct	fixed-n-betting	0.020900	1.00	0.65	0.35	0.40	0.30	real effect	200	0.1000000000	0.0200000000	0.0050000000	0.0000000000	0.9950000000	0.0049874843	100.0000000000	300.0000000000	$24.90-$26.10	$24.90-$26.10 (cap $90.00)	yes	100
100	100	100	300	1.00	direct	fixed-n-score	0.020900	1.00	0.65	0.35	0.40	0.30	real effect	200	0.3150000000	0.0850000000	0.0700000000	0.0000000000	0.9300000000	0.0180416186	100.0000000000	300.0000000000	$24.90-$26.10	$24.90-$26.10 (cap $90.00)	yes	100
100	100	100	300	1.00	direct	fixed-n-betting	0.010500	1.00	0.65	0.35	0.40	0.30	real effect	200	0.0900000000	0.0100000000	0.0000000000	0.0000000000	1.0000000000	0.0000000000	100.0000000000	300.0000000000	$24.90-$26.10	$24.90-$26.10 (cap $90.00)	yes	100
100	100	100	300	1.00	direct	fixed-n-score	0.010500	1.00	0.65	0.35	0.40	0.30	real effect	200	0.1750000000	0.0600000000	0.0250000000	0.0000000000	0.9750000000	0.0110397011	100.0000000000	300.0000000000	$24.90-$26.10	$24.90-$26.10 (cap $90.00)	yes	100
100	100	100	300	1.00	direct	fixed-n-betting	0.005000	1.00	0.65	0.35	0.40	0.30	real effect	200	0.0700000000	0.0050000000	0.0000000000	0.0000000000	1.0000000000	0.0000000000	100.0000000000	300.0000000000	$24.90-$26.10	$24.90-$26.10 (cap $90.00)	yes	100
100	100	100	300	1.00	direct	fixed-n-score	0.005000	1.00	0.65	0.35	0.40	0.30	real effect	200	0.1350000000	0.0450000000	0.0150000000	0.0000000000	0.9850000000	0.0085950567	100.0000000000	300.0000000000	$24.90-$26.10	$24.90-$26.10 (cap $90.00)	yes	100
100	100	50	250	0.50	union	anytime	0.020900	1.00	0.65	0.35	0.40	0.30	real effect	200	0.1150000000	0.0000000000	0.0000000000	0.0100000000	0.9900000000	0.0000000000	99.1100000000	247.7700000000	$20.56-$21.56	$20.75-$21.75 (cap $75.00)	yes	100
100	100	50	250	0.50	direct	anytime	0.020900	1.00	0.65	0.35	0.40	0.30	real effect	200	0.1150000000	0.0000000000	0.0000000000	0.0100000000	0.9900000000	0.0000000000	99.1100000000	247.7700000000	$20.56-$21.56	$20.75-$21.75 (cap $75.00)	yes	100
100	100	50	250	0.50	direct	anytime-tuned	0.020900	1.00	0.65	0.35	0.40	0.30	real effect	200	0.0450000000	0.0000000000	0.0000000000	0.0000000000	1.0000000000	0.0000000000	100.0000000000	250.0000000000	$20.75-$21.75	$20.75-$21.75 (cap $75.00)	yes	100
100	100	50	250	0.50	direct	anytime-tuned	0.020900	0.50	0.65	0.35	0.40	0.30	real effect	200	0.0150000000	0.0000000000	0.0000000000	0.0000000000	1.0000000000	0.0000000000	100.0000000000	250.0000000000	$20.75-$21.75	$20.75-$21.75 (cap $75.00)	yes	100
100	100	50	250	0.50	direct	anytime-tuned	0.020900	0.25	0.65	0.35	0.40	0.30	real effect	200	0.0000000000	0.0000000000	0.0000000000	0.0000000000	1.0000000000	0.0000000000	100.0000000000	250.0000000000	$20.75-$21.75	$20.75-$21.75 (cap $75.00)	yes	100
100	100	50	250	0.50	direct	fixed-n-betting	0.020900	1.00	0.65	0.35	0.40	0.30	real effect	200	0.1000000000	0.0000000000	0.0000000000	0.0000000000	1.0000000000	0.0000000000	100.0000000000	250.0000000000	$20.75-$21.75	$20.75-$21.75 (cap $75.00)	yes	100
100	100	50	250	0.50	direct	fixed-n-score	0.020900	1.00	0.65	0.35	0.40	0.30	real effect	200	0.3150000000	0.0750000000	0.0600000000	0.0000000000	0.9400000000	0.0167928556	100.0000000000	250.0000000000	$20.75-$21.75	$20.75-$21.75 (cap $75.00)	yes	100
100	100	50	250	0.50	direct	fixed-n-betting	0.010500	1.00	0.65	0.35	0.40	0.30	real effect	200	0.0900000000	0.0000000000	0.0000000000	0.0000000000	1.0000000000	0.0000000000	100.0000000000	250.0000000000	$20.75-$21.75	$20.75-$21.75 (cap $75.00)	yes	100
100	100	50	250	0.50	direct	fixed-n-score	0.010500	1.00	0.65	0.35	0.40	0.30	real effect	200	0.1750000000	0.0350000000	0.0200000000	0.0000000000	0.9800000000	0.0098994949	100.0000000000	250.0000000000	$20.75-$21.75	$20.75-$21.75 (cap $75.00)	yes	100
100	100	50	250	0.50	direct	fixed-n-betting	0.005000	1.00	0.65	0.35	0.40	0.30	real effect	200	0.0700000000	0.0000000000	0.0000000000	0.0000000000	1.0000000000	0.0000000000	100.0000000000	250.0000000000	$20.75-$21.75	$20.75-$21.75 (cap $75.00)	yes	100
100	100	50	250	0.50	direct	fixed-n-score	0.005000	1.00	0.65	0.35	0.40	0.30	real effect	200	0.1350000000	0.0200000000	0.0150000000	0.0000000000	0.9850000000	0.0085950567	100.0000000000	250.0000000000	$20.75-$21.75	$20.75-$21.75 (cap $75.00)	yes	100
100	100	100	300	1.00	union	anytime	0.020900	1.00	0.40	0.40	0.30	0.00	no-lift	200	0.0000000000	0.0000000000	0.0000000000	0.6100000000	0.3900000000	0.0000000000	65.3400000000	196.0200000000	$16.27-$17.05	$24.90-$26.10 (cap $90.00)	yes	100
100	100	100	300	1.00	direct	anytime	0.020900	1.00	0.40	0.40	0.30	0.00	no-lift	200	0.0000000000	0.0000000000	0.0000000000	0.6100000000	0.3900000000	0.0000000000	65.3400000000	196.0200000000	$16.27-$17.05	$24.90-$26.10 (cap $90.00)	yes	100
100	100	100	300	1.00	direct	anytime-tuned	0.020900	1.00	0.40	0.40	0.30	0.00	no-lift	200	0.0000000000	0.0000000000	0.0000000000	0.6400000000	0.3600000000	0.0000000000	80.0200000000	240.0600000000	$19.92-$20.89	$24.90-$26.10 (cap $90.00)	yes	100
100	100	100	300	1.00	direct	anytime-tuned	0.020900	0.50	0.40	0.40	0.30	0.00	no-lift	200	0.0000000000	0.0000000000	0.0000000000	0.4450000000	0.5550000000	0.0000000000	89.7900000000	269.3700000000	$22.36-$23.44	$24.90-$26.10 (cap $90.00)	yes	100
100	100	100	300	1.00	direct	anytime-tuned	0.020900	0.25	0.40	0.40	0.30	0.00	no-lift	200	0.0000000000	0.0000000000	0.0000000000	0.2600000000	0.7400000000	0.0000000000	95.4500000000	286.3500000000	$23.77-$24.91	$24.90-$26.10 (cap $90.00)	yes	100
100	100	100	300	1.00	direct	fixed-n-betting	0.020900	1.00	0.40	0.40	0.30	0.00	no-lift	200	0.0000000000	0.0000000000	0.0000000000	0.7050000000	0.2950000000	0.0000000000	100.0000000000	300.0000000000	$24.90-$26.10	$24.90-$26.10 (cap $90.00)	yes	100
100	100	100	300	1.00	direct	fixed-n-score	0.020900	1.00	0.40	0.40	0.30	0.00	no-lift	200	0.0000000000	0.0000000000	0.0000000000	0.8850000000	0.1150000000	0.0000000000	100.0000000000	300.0000000000	$24.90-$26.10	$24.90-$26.10 (cap $90.00)	yes	100
100	100	100	300	1.00	direct	fixed-n-betting	0.010500	1.00	0.40	0.40	0.30	0.00	no-lift	200	0.0000000000	0.0000000000	0.0000000000	0.7050000000	0.2950000000	0.0000000000	100.0000000000	300.0000000000	$24.90-$26.10	$24.90-$26.10 (cap $90.00)	yes	100
100	100	100	300	1.00	direct	fixed-n-score	0.010500	1.00	0.40	0.40	0.30	0.00	no-lift	200	0.0000000000	0.0000000000	0.0000000000	0.8850000000	0.1150000000	0.0000000000	100.0000000000	300.0000000000	$24.90-$26.10	$24.90-$26.10 (cap $90.00)	yes	100
100	100	100	300	1.00	direct	fixed-n-betting	0.005000	1.00	0.40	0.40	0.30	0.00	no-lift	200	0.0000000000	0.0000000000	0.0000000000	0.7050000000	0.2950000000	0.0000000000	100.0000000000	300.0000000000	$24.90-$26.10	$24.90-$26.10 (cap $90.00)	yes	100
100	100	100	300	1.00	direct	fixed-n-score	0.005000	1.00	0.40	0.40	0.30	0.00	no-lift	200	0.0000000000	0.0000000000	0.0000000000	0.8850000000	0.1150000000	0.0000000000	100.0000000000	300.0000000000	$24.90-$26.10	$24.90-$26.10 (cap $90.00)	yes	100
100	100	50	250	0.50	union	anytime	0.020900	1.00	0.40	0.40	0.30	0.00	no-lift	200	0.0000000000	0.0000000000	0.0000000000	0.6100000000	0.3900000000	0.0000000000	65.3400000000	163.2000000000	$13.55-$14.20	$20.75-$21.75 (cap $75.00)	yes	100
100	100	50	250	0.50	direct	anytime	0.020900	1.00	0.40	0.40	0.30	0.00	no-lift	200	0.0000000000	0.0000000000	0.0000000000	0.6100000000	0.3900000000	0.0000000000	65.3400000000	163.2000000000	$13.55-$14.20	$20.75-$21.75 (cap $75.00)	yes	100
100	100	50	250	0.50	direct	anytime-tuned	0.020900	1.00	0.40	0.40	0.30	0.00	no-lift	200	0.0000000000	0.0000000000	0.0000000000	0.6400000000	0.3600000000	0.0000000000	80.0200000000	199.8950000000	$16.59-$17.39	$20.75-$21.75 (cap $75.00)	yes	100
100	100	50	250	0.50	direct	anytime-tuned	0.020900	0.50	0.40	0.40	0.30	0.00	no-lift	200	0.0000000000	0.0000000000	0.0000000000	0.4450000000	0.5550000000	0.0000000000	89.7900000000	224.3900000000	$18.62-$19.52	$20.75-$21.75 (cap $75.00)	yes	100
100	100	50	250	0.50	direct	anytime-tuned	0.020900	0.25	0.40	0.40	0.30	0.00	no-lift	200	0.0000000000	0.0000000000	0.0000000000	0.2600000000	0.7400000000	0.0000000000	95.4500000000	238.5600000000	$19.80-$20.75	$20.75-$21.75 (cap $75.00)	yes	100
100	100	50	250	0.50	direct	fixed-n-betting	0.020900	1.00	0.40	0.40	0.30	0.00	no-lift	200	0.0000000000	0.0000000000	0.0000000000	0.7050000000	0.2950000000	0.0000000000	100.0000000000	250.0000000000	$20.75-$21.75	$20.75-$21.75 (cap $75.00)	yes	100
100	100	50	250	0.50	direct	fixed-n-score	0.020900	1.00	0.40	0.40	0.30	0.00	no-lift	200	0.0000000000	0.0050000000	0.0000000000	0.8850000000	0.1150000000	0.0000000000	100.0000000000	250.0000000000	$20.75-$21.75	$20.75-$21.75 (cap $75.00)	yes	100
100	100	50	250	0.50	direct	fixed-n-betting	0.010500	1.00	0.40	0.40	0.30	0.00	no-lift	200	0.0000000000	0.0000000000	0.0000000000	0.7050000000	0.2950000000	0.0000000000	100.0000000000	250.0000000000	$20.75-$21.75	$20.75-$21.75 (cap $75.00)	yes	100
100	100	50	250	0.50	direct	fixed-n-score	0.010500	1.00	0.40	0.40	0.30	0.00	no-lift	200	0.0000000000	0.0000000000	0.0000000000	0.8850000000	0.1150000000	0.0000000000	100.0000000000	250.0000000000	$20.75-$21.75	$20.75-$21.75 (cap $75.00)	yes	100
100	100	50	250	0.50	direct	fixed-n-betting	0.005000	1.00	0.40	0.40	0.30	0.00	no-lift	200	0.0000000000	0.0000000000	0.0000000000	0.7050000000	0.2950000000	0.0000000000	100.0000000000	250.0000000000	$20.75-$21.75	$20.75-$21.75 (cap $75.00)	yes	100
100	100	50	250	0.50	direct	fixed-n-score	0.005000	1.00	0.40	0.40	0.30	0.00	no-lift	200	0.0000000000	0.0000000000	0.0000000000	0.8850000000	0.1150000000	0.0000000000	100.0000000000	250.0000000000	$20.75-$21.75	$20.75-$21.75 (cap $75.00)	yes	100
100	100	100	300	1.00	union	anytime	0.020900	1.00	0.50	0.40	0.30	0.10	no-lift	200	0.0000000000	0.0000000000	0.0000000000	0.1550000000	0.8450000000	0.0000000000	91.1950000000	273.5850000000	$22.71-$23.80	$24.90-$26.10 (cap $90.00)	yes	100
100	100	100	300	1.00	direct	anytime	0.020900	1.00	0.50	0.40	0.30	0.10	no-lift	200	0.0000000000	0.0000000000	0.0000000000	0.1550000000	0.8450000000	0.0000000000	91.1950000000	273.5850000000	$22.71-$23.80	$24.90-$26.10 (cap $90.00)	yes	100
100	100	100	300	1.00	direct	anytime-tuned	0.020900	1.00	0.50	0.40	0.30	0.10	no-lift	200	0.0000000000	0.0000000000	0.0000000000	0.1500000000	0.8500000000	0.0000000000	96.6100000000	289.8300000000	$24.06-$25.22	$24.90-$26.10 (cap $90.00)	yes	100
100	100	100	300	1.00	direct	anytime-tuned	0.020900	0.50	0.50	0.40	0.30	0.10	no-lift	200	0.0000000000	0.0000000000	0.0000000000	0.0350000000	0.9650000000	0.0000000000	99.3200000000	297.9600000000	$24.73-$25.92	$24.90-$26.10 (cap $90.00)	yes	100
100	100	100	300	1.00	direct	anytime-tuned	0.020900	0.25	0.50	0.40	0.30	0.10	no-lift	200	0.0000000000	0.0000000000	0.0000000000	0.0050000000	0.9950000000	0.0000000000	99.8850000000	299.6550000000	$24.87-$26.07	$24.90-$26.10 (cap $90.00)	yes	100
100	100	100	300	1.00	direct	fixed-n-betting	0.020900	1.00	0.50	0.40	0.30	0.10	no-lift	200	0.0000000000	0.0000000000	0.0000000000	0.1600000000	0.8400000000	0.0000000000	100.0000000000	300.0000000000	$24.90-$26.10	$24.90-$26.10 (cap $90.00)	yes	100
100	100	100	300	1.00	direct	fixed-n-score	0.020900	1.00	0.50	0.40	0.30	0.10	no-lift	200	0.0000000000	0.0350000000	0.0000000000	0.4600000000	0.5400000000	0.0000000000	100.0000000000	300.0000000000	$24.90-$26.10	$24.90-$26.10 (cap $90.00)	yes	100
100	100	100	300	1.00	direct	fixed-n-betting	0.010500	1.00	0.50	0.40	0.30	0.10	no-lift	200	0.0000000000	0.0000000000	0.0000000000	0.1600000000	0.8400000000	0.0000000000	100.0000000000	300.0000000000	$24.90-$26.10	$24.90-$26.10 (cap $90.00)	yes	100
100	100	100	300	1.00	direct	fixed-n-score	0.010500	1.00	0.50	0.40	0.30	0.10	no-lift	200	0.0000000000	0.0200000000	0.0000000000	0.4600000000	0.5400000000	0.0000000000	100.0000000000	300.0000000000	$24.90-$26.10	$24.90-$26.10 (cap $90.00)	yes	100
100	100	100	300	1.00	direct	fixed-n-betting	0.005000	1.00	0.50	0.40	0.30	0.10	no-lift	200	0.0000000000	0.0000000000	0.0000000000	0.1600000000	0.8400000000	0.0000000000	100.0000000000	300.0000000000	$24.90-$26.10	$24.90-$26.10 (cap $90.00)	yes	100
100	100	100	300	1.00	direct	fixed-n-score	0.005000	1.00	0.50	0.40	0.30	0.10	no-lift	200	0.0000000000	0.0050000000	0.0000000000	0.4600000000	0.5400000000	0.0000000000	100.0000000000	300.0000000000	$24.90-$26.10	$24.90-$26.10 (cap $90.00)	yes	100
100	100	50	250	0.50	union	anytime	0.020900	1.00	0.50	0.40	0.30	0.10	no-lift	200	0.0000000000	0.0000000000	0.0000000000	0.1550000000	0.8450000000	0.0000000000	91.1950000000	227.9550000000	$18.92-$19.83	$20.75-$21.75 (cap $75.00)	yes	100
100	100	50	250	0.50	direct	anytime	0.020900	1.00	0.50	0.40	0.30	0.10	no-lift	200	0.0000000000	0.0000000000	0.0000000000	0.1550000000	0.8450000000	0.0000000000	91.1950000000	227.9550000000	$18.92-$19.83	$20.75-$21.75 (cap $75.00)	yes	100
100	100	50	250	0.50	direct	anytime-tuned	0.020900	1.00	0.50	0.40	0.30	0.10	no-lift	200	0.0000000000	0.0000000000	0.0000000000	0.1500000000	0.8500000000	0.0000000000	96.6100000000	241.5000000000	$20.04-$21.01	$20.75-$21.75 (cap $75.00)	yes	100
100	100	50	250	0.50	direct	anytime-tuned	0.020900	0.50	0.50	0.40	0.30	0.10	no-lift	200	0.0000000000	0.0000000000	0.0000000000	0.0350000000	0.9650000000	0.0000000000	99.3200000000	248.2900000000	$20.61-$21.60	$20.75-$21.75 (cap $75.00)	yes	100
100	100	50	250	0.50	direct	anytime-tuned	0.020900	0.25	0.50	0.40	0.30	0.10	no-lift	200	0.0000000000	0.0000000000	0.0000000000	0.0050000000	0.9950000000	0.0000000000	99.8850000000	249.7100000000	$20.73-$21.72	$20.75-$21.75 (cap $75.00)	yes	100
100	100	50	250	0.50	direct	fixed-n-betting	0.020900	1.00	0.50	0.40	0.30	0.10	no-lift	200	0.0000000000	0.0000000000	0.0000000000	0.1600000000	0.8400000000	0.0000000000	100.0000000000	250.0000000000	$20.75-$21.75	$20.75-$21.75 (cap $75.00)	yes	100
100	100	50	250	0.50	direct	fixed-n-score	0.020900	1.00	0.50	0.40	0.30	0.10	no-lift	200	0.0000000000	0.0200000000	0.0000000000	0.4600000000	0.5400000000	0.0000000000	100.0000000000	250.0000000000	$20.75-$21.75	$20.75-$21.75 (cap $75.00)	yes	100
100	100	50	250	0.50	direct	fixed-n-betting	0.010500	1.00	0.50	0.40	0.30	0.10	no-lift	200	0.0000000000	0.0000000000	0.0000000000	0.1600000000	0.8400000000	0.0000000000	100.0000000000	250.0000000000	$20.75-$21.75	$20.75-$21.75 (cap $75.00)	yes	100
100	100	50	250	0.50	direct	fixed-n-score	0.010500	1.00	0.50	0.40	0.30	0.10	no-lift	200	0.0000000000	0.0050000000	0.0000000000	0.4600000000	0.5400000000	0.0000000000	100.0000000000	250.0000000000	$20.75-$21.75	$20.75-$21.75 (cap $75.00)	yes	100
100	100	50	250	0.50	direct	fixed-n-betting	0.005000	1.00	0.50	0.40	0.30	0.10	no-lift	200	0.0000000000	0.0000000000	0.0000000000	0.1600000000	0.8400000000	0.0000000000	100.0000000000	250.0000000000	$20.75-$21.75	$20.75-$21.75 (cap $75.00)	yes	100
100	100	50	250	0.50	direct	fixed-n-score	0.005000	1.00	0.50	0.40	0.30	0.10	no-lift	200	0.0000000000	0.0050000000	0.0000000000	0.4600000000	0.5400000000	0.0000000000	100.0000000000	250.0000000000	$20.75-$21.75	$20.75-$21.75 (cap $75.00)	yes	100
100	100	100	300	1.00	union	anytime	0.020900	1.00	0.60	0.40	0.30	0.20	calibration	200	0.0000000000	0.0000000000	0.0000000000	0.0250000000	0.9750000000	0.0000000000	98.2350000000	294.7050000000	$24.46-$25.64	$24.90-$26.10 (cap $90.00)	yes	100
100	100	100	300	1.00	direct	anytime	0.020900	1.00	0.60	0.40	0.30	0.20	calibration	200	0.0050000000	0.0850000000	0.0050000000	0.0250000000	0.9700000000	0.0049874843	98.0250000000	294.0750000000	$24.41-$25.58	$24.90-$26.10 (cap $90.00)	yes	100
100	100	100	300	1.00	direct	anytime-tuned	0.020900	1.00	0.60	0.40	0.30	0.20	calibration	200	0.0000000000	0.0200000000	0.0000000000	0.0000000000	1.0000000000	0.0000000000	100.0000000000	300.0000000000	$24.90-$26.10	$24.90-$26.10 (cap $90.00)	yes	100
100	100	100	300	1.00	direct	anytime-tuned	0.020900	0.50	0.60	0.40	0.30	0.20	calibration	200	0.0000000000	0.0200000000	0.0000000000	0.0000000000	1.0000000000	0.0000000000	100.0000000000	300.0000000000	$24.90-$26.10	$24.90-$26.10 (cap $90.00)	yes	100
100	100	100	300	1.00	direct	anytime-tuned	0.020900	0.25	0.60	0.40	0.30	0.20	calibration	200	0.0000000000	0.0000000000	0.0000000000	0.0000000000	1.0000000000	0.0000000000	100.0000000000	300.0000000000	$24.90-$26.10	$24.90-$26.10 (cap $90.00)	yes	100
100	100	100	300	1.00	direct	fixed-n-betting	0.020900	1.00	0.60	0.40	0.30	0.20	calibration	200	0.0050000000	0.0900000000	0.0000000000	0.0100000000	0.9900000000	0.0000000000	100.0000000000	300.0000000000	$24.90-$26.10	$24.90-$26.10 (cap $90.00)	yes	100
100	100	100	300	1.00	direct	fixed-n-score	0.020900	1.00	0.60	0.40	0.30	0.20	calibration	200	0.0250000000	0.2750000000	0.0150000000	0.0300000000	0.9550000000	0.0085950567	100.0000000000	300.0000000000	$24.90-$26.10	$24.90-$26.10 (cap $90.00)	yes	100
100	100	100	300	1.00	direct	fixed-n-betting	0.010500	1.00	0.60	0.40	0.30	0.20	calibration	200	0.0000000000	0.0550000000	0.0000000000	0.0100000000	0.9900000000	0.0000000000	100.0000000000	300.0000000000	$24.90-$26.10	$24.90-$26.10 (cap $90.00)	yes	100
100	100	100	300	1.00	direct	fixed-n-score	0.010500	1.00	0.60	0.40	0.30	0.20	calibration	200	0.0200000000	0.2350000000	0.0100000000	0.0300000000	0.9600000000	0.0070356236	100.0000000000	300.0000000000	$24.90-$26.10	$24.90-$26.10 (cap $90.00)	yes	100
100	100	100	300	1.00	direct	fixed-n-betting	0.005000	1.00	0.60	0.40	0.30	0.20	calibration	200	0.0000000000	0.0300000000	0.0000000000	0.0100000000	0.9900000000	0.0000000000	100.0000000000	300.0000000000	$24.90-$26.10	$24.90-$26.10 (cap $90.00)	yes	100
100	100	100	300	1.00	direct	fixed-n-score	0.005000	1.00	0.60	0.40	0.30	0.20	calibration	200	0.0050000000	0.1250000000	0.0000000000	0.0300000000	0.9700000000	0.0000000000	100.0000000000	300.0000000000	$24.90-$26.10	$24.90-$26.10 (cap $90.00)	yes	100
100	100	50	250	0.50	union	anytime	0.020900	1.00	0.60	0.40	0.30	0.20	calibration	200	0.0000000000	0.0000000000	0.0000000000	0.0250000000	0.9750000000	0.0000000000	98.2350000000	245.5800000000	$20.38-$21.37	$20.75-$21.75 (cap $75.00)	yes	100
100	100	50	250	0.50	direct	anytime	0.020900	1.00	0.60	0.40	0.30	0.20	calibration	200	0.0000000000	0.0300000000	0.0000000000	0.0250000000	0.9750000000	0.0000000000	98.2350000000	245.5800000000	$20.38-$21.37	$20.75-$21.75 (cap $75.00)	yes	100
100	100	50	250	0.50	direct	anytime-tuned	0.020900	1.00	0.60	0.40	0.30	0.20	calibration	200	0.0000000000	0.0000000000	0.0000000000	0.0000000000	1.0000000000	0.0000000000	100.0000000000	250.0000000000	$20.75-$21.75	$20.75-$21.75 (cap $75.00)	yes	100
100	100	50	250	0.50	direct	anytime-tuned	0.020900	0.50	0.60	0.40	0.30	0.20	calibration	200	0.0000000000	0.0000000000	0.0000000000	0.0000000000	1.0000000000	0.0000000000	100.0000000000	250.0000000000	$20.75-$21.75	$20.75-$21.75 (cap $75.00)	yes	100
100	100	50	250	0.50	direct	anytime-tuned	0.020900	0.25	0.60	0.40	0.30	0.20	calibration	200	0.0000000000	0.0000000000	0.0000000000	0.0000000000	1.0000000000	0.0000000000	100.0000000000	250.0000000000	$20.75-$21.75	$20.75-$21.75 (cap $75.00)	yes	100
100	100	50	250	0.50	direct	fixed-n-betting	0.020900	1.00	0.60	0.40	0.30	0.20	calibration	200	0.0050000000	0.0300000000	0.0000000000	0.0100000000	0.9900000000	0.0000000000	100.0000000000	250.0000000000	$20.75-$21.75	$20.75-$21.75 (cap $75.00)	yes	100
100	100	50	250	0.50	direct	fixed-n-score	0.020900	1.00	0.60	0.40	0.30	0.20	calibration	200	0.0250000000	0.1900000000	0.0100000000	0.0300000000	0.9600000000	0.0070356236	100.0000000000	250.0000000000	$20.75-$21.75	$20.75-$21.75 (cap $75.00)	yes	100
100	100	50	250	0.50	direct	fixed-n-betting	0.010500	1.00	0.60	0.40	0.30	0.20	calibration	200	0.0000000000	0.0200000000	0.0000000000	0.0100000000	0.9900000000	0.0000000000	100.0000000000	250.0000000000	$20.75-$21.75	$20.75-$21.75 (cap $75.00)	yes	100
100	100	50	250	0.50	direct	fixed-n-score	0.010500	1.00	0.60	0.40	0.30	0.20	calibration	200	0.0200000000	0.1050000000	0.0100000000	0.0300000000	0.9600000000	0.0070356236	100.0000000000	250.0000000000	$20.75-$21.75	$20.75-$21.75 (cap $75.00)	yes	100
100	100	50	250	0.50	direct	fixed-n-betting	0.005000	1.00	0.60	0.40	0.30	0.20	calibration	200	0.0000000000	0.0100000000	0.0000000000	0.0100000000	0.9900000000	0.0000000000	100.0000000000	250.0000000000	$20.75-$21.75	$20.75-$21.75 (cap $75.00)	yes	100
100	100	50	250	0.50	direct	fixed-n-score	0.005000	1.00	0.60	0.40	0.30	0.20	calibration	200	0.0050000000	0.0850000000	0.0000000000	0.0300000000	0.9700000000	0.0000000000	100.0000000000	250.0000000000	$20.75-$21.75	$20.75-$21.75 (cap $75.00)	yes	100
100	100	100	300	1.00	union	anytime	0.020900	1.00	0.70	0.40	0.30	0.30	real effect	200	0.0650000000	0.0650000000	0.0250000000	0.0000000000	0.9750000000	0.0110397011	99.3250000000	297.9750000000	$24.73-$25.92	$24.90-$26.10 (cap $90.00)	yes	100
100	100	100	300	1.00	direct	anytime	0.020900	1.00	0.70	0.40	0.30	0.30	real effect	200	0.0800000000	0.4750000000	0.0700000000	0.0000000000	0.9300000000	0.0180416186	97.5300000000	292.5900000000	$24.28-$25.46	$24.90-$26.10 (cap $90.00)	yes	100
100	100	100	300	1.00	direct	anytime-tuned	0.020900	1.00	0.70	0.40	0.30	0.30	real effect	200	0.0150000000	0.3100000000	0.0100000000	0.0000000000	0.9900000000	0.0070356236	99.8200000000	299.4600000000	$24.86-$26.05	$24.90-$26.10 (cap $90.00)	yes	100
100	100	100	300	1.00	direct	anytime-tuned	0.020900	0.50	0.70	0.40	0.30	0.30	real effect	200	0.0050000000	0.2050000000	0.0050000000	0.0000000000	0.9950000000	0.0049874843	99.9450000000	299.8350000000	$24.89-$26.09	$24.90-$26.10 (cap $90.00)	yes	100
100	100	100	300	1.00	direct	anytime-tuned	0.020900	0.25	0.70	0.40	0.30	0.30	real effect	200	0.0000000000	0.0700000000	0.0000000000	0.0000000000	1.0000000000	0.0000000000	100.0000000000	300.0000000000	$24.90-$26.10	$24.90-$26.10 (cap $90.00)	yes	100
100	100	100	300	1.00	direct	fixed-n-betting	0.020900	1.00	0.70	0.40	0.30	0.30	real effect	200	0.0750000000	0.5100000000	0.0600000000	0.0000000000	0.9400000000	0.0167928556	100.0000000000	300.0000000000	$24.90-$26.10	$24.90-$26.10 (cap $90.00)	yes	100
100	100	100	300	1.00	direct	fixed-n-score	0.020900	1.00	0.70	0.40	0.30	0.30	real effect	200	0.2850000000	0.7600000000	0.2550000000	0.0000000000	0.7450000000	0.0308200422	100.0000000000	300.0000000000	$24.90-$26.10	$24.90-$26.10 (cap $90.00)	yes	100
100	100	100	300	1.00	direct	fixed-n-betting	0.010500	1.00	0.70	0.40	0.30	0.30	real effect	200	0.0450000000	0.4250000000	0.0350000000	0.0000000000	0.9650000000	0.0129951914	100.0000000000	300.0000000000	$24.90-$26.10	$24.90-$26.10 (cap $90.00)	yes	100
100	100	100	300	1.00	direct	fixed-n-score	0.010500	1.00	0.70	0.40	0.30	0.30	real effect	200	0.1900000000	0.7150000000	0.1750000000	0.0000000000	0.8250000000	0.0268677316	100.0000000000	300.0000000000	$24.90-$26.10	$24.90-$26.10 (cap $90.00)	yes	100
100	100	100	300	1.00	direct	fixed-n-betting	0.005000	1.00	0.70	0.40	0.30	0.30	real effect	200	0.0100000000	0.3550000000	0.0100000000	0.0000000000	0.9900000000	0.0070356236	100.0000000000	300.0000000000	$24.90-$26.10	$24.90-$26.10 (cap $90.00)	yes	100
100	100	100	300	1.00	direct	fixed-n-score	0.005000	1.00	0.70	0.40	0.30	0.30	real effect	200	0.1150000000	0.6050000000	0.1050000000	0.0000000000	0.8950000000	0.0216766003	100.0000000000	300.0000000000	$24.90-$26.10	$24.90-$26.10 (cap $90.00)	yes	100
100	100	50	250	0.50	union	anytime	0.020900	1.00	0.70	0.40	0.30	0.30	real effect	200	0.0600000000	0.0300000000	0.0100000000	0.0000000000	0.9900000000	0.0070356236	99.5850000000	248.9600000000	$20.66-$21.66	$20.75-$21.75 (cap $75.00)	yes	100
100	100	50	250	0.50	direct	anytime	0.020900	1.00	0.70	0.40	0.30	0.30	real effect	200	0.0600000000	0.1800000000	0.0350000000	0.0000000000	0.9650000000	0.0129951914	98.7750000000	246.9300000000	$20.50-$21.48	$20.75-$21.75 (cap $75.00)	yes	100
100	100	50	250	0.50	direct	anytime-tuned	0.020900	1.00	0.70	0.40	0.30	0.30	real effect	200	0.0150000000	0.0150000000	0.0000000000	0.0000000000	1.0000000000	0.0000000000	100.0000000000	250.0000000000	$20.75-$21.75	$20.75-$21.75 (cap $75.00)	yes	100
100	100	50	250	0.50	direct	anytime-tuned	0.020900	0.50	0.70	0.40	0.30	0.30	real effect	200	0.0050000000	0.0000000000	0.0000000000	0.0000000000	1.0000000000	0.0000000000	100.0000000000	250.0000000000	$20.75-$21.75	$20.75-$21.75 (cap $75.00)	yes	100
100	100	50	250	0.50	direct	anytime-tuned	0.020900	0.25	0.70	0.40	0.30	0.30	real effect	200	0.0000000000	0.0000000000	0.0000000000	0.0000000000	1.0000000000	0.0000000000	100.0000000000	250.0000000000	$20.75-$21.75	$20.75-$21.75 (cap $75.00)	yes	100
100	100	50	250	0.50	direct	fixed-n-betting	0.020900	1.00	0.70	0.40	0.30	0.30	real effect	200	0.0750000000	0.1900000000	0.0350000000	0.0000000000	0.9650000000	0.0129951914	100.0000000000	250.0000000000	$20.75-$21.75	$20.75-$21.75 (cap $75.00)	yes	100
100	100	50	250	0.50	direct	fixed-n-score	0.020900	1.00	0.70	0.40	0.30	0.30	real effect	200	0.2850000000	0.5850000000	0.2250000000	0.0000000000	0.7750000000	0.0295275295	100.0000000000	250.0000000000	$20.75-$21.75	$20.75-$21.75 (cap $75.00)	yes	100
100	100	50	250	0.50	direct	fixed-n-betting	0.010500	1.00	0.70	0.40	0.30	0.30	real effect	200	0.0450000000	0.1200000000	0.0150000000	0.0000000000	0.9850000000	0.0085950567	100.0000000000	250.0000000000	$20.75-$21.75	$20.75-$21.75 (cap $75.00)	yes	100
100	100	50	250	0.50	direct	fixed-n-score	0.010500	1.00	0.70	0.40	0.30	0.30	real effect	200	0.1900000000	0.5150000000	0.1450000000	0.0000000000	0.8550000000	0.0248972890	100.0000000000	250.0000000000	$20.75-$21.75	$20.75-$21.75 (cap $75.00)	yes	100
100	100	50	250	0.50	direct	fixed-n-betting	0.005000	1.00	0.70	0.40	0.30	0.30	real effect	200	0.0100000000	0.0850000000	0.0050000000	0.0000000000	0.9950000000	0.0049874843	100.0000000000	250.0000000000	$20.75-$21.75	$20.75-$21.75 (cap $75.00)	yes	100
100	100	50	250	0.50	direct	fixed-n-score	0.005000	1.00	0.70	0.40	0.30	0.30	real effect	200	0.1150000000	0.4150000000	0.0950000000	0.0000000000	0.9050000000	0.0207334271	100.0000000000	250.0000000000	$20.75-$21.75	$20.75-$21.75 (cap $75.00)	yes	100
100	100	100	300	1.00	union	anytime	0.020900	1.00	0.40	0.40	0.35	0.00	no-lift	200	0.0000000000	0.0000000000	0.0000000000	0.6550000000	0.3450000000	0.0000000000	67.0800000000	201.2400000000	$16.70-$17.51	$24.90-$26.10 (cap $90.00)	yes	100
100	100	100	300	1.00	direct	anytime	0.020900	1.00	0.40	0.40	0.35	0.00	no-lift	200	0.0000000000	0.0000000000	0.0000000000	0.6550000000	0.3450000000	0.0000000000	67.0800000000	201.2400000000	$16.70-$17.51	$24.90-$26.10 (cap $90.00)	yes	100
100	100	100	300	1.00	direct	anytime-tuned	0.020900	1.00	0.40	0.40	0.35	0.00	no-lift	200	0.0000000000	0.0000000000	0.0000000000	0.6800000000	0.3200000000	0.0000000000	80.6650000000	241.9950000000	$20.09-$21.05	$24.90-$26.10 (cap $90.00)	yes	100
100	100	100	300	1.00	direct	anytime-tuned	0.020900	0.50	0.40	0.40	0.35	0.00	no-lift	200	0.0000000000	0.0000000000	0.0000000000	0.4200000000	0.5800000000	0.0000000000	90.2100000000	270.6300000000	$22.46-$23.54	$24.90-$26.10 (cap $90.00)	yes	100
100	100	100	300	1.00	direct	anytime-tuned	0.020900	0.25	0.40	0.40	0.35	0.00	no-lift	200	0.0000000000	0.0000000000	0.0000000000	0.2500000000	0.7500000000	0.0000000000	95.8950000000	287.6850000000	$23.88-$25.03	$24.90-$26.10 (cap $90.00)	yes	100
100	100	100	300	1.00	direct	fixed-n-betting	0.020900	1.00	0.40	0.40	0.35	0.00	no-lift	200	0.0000000000	0.0000000000	0.0000000000	0.7200000000	0.2800000000	0.0000000000	100.0000000000	300.0000000000	$24.90-$26.10	$24.90-$26.10 (cap $90.00)	yes	100
100	100	100	300	1.00	direct	fixed-n-score	0.020900	1.00	0.40	0.40	0.35	0.00	no-lift	200	0.0000000000	0.0000000000	0.0000000000	0.9300000000	0.0700000000	0.0000000000	100.0000000000	300.0000000000	$24.90-$26.10	$24.90-$26.10 (cap $90.00)	yes	100
100	100	100	300	1.00	direct	fixed-n-betting	0.010500	1.00	0.40	0.40	0.35	0.00	no-lift	200	0.0000000000	0.0000000000	0.0000000000	0.7200000000	0.2800000000	0.0000000000	100.0000000000	300.0000000000	$24.90-$26.10	$24.90-$26.10 (cap $90.00)	yes	100
100	100	100	300	1.00	direct	fixed-n-score	0.010500	1.00	0.40	0.40	0.35	0.00	no-lift	200	0.0000000000	0.0000000000	0.0000000000	0.9300000000	0.0700000000	0.0000000000	100.0000000000	300.0000000000	$24.90-$26.10	$24.90-$26.10 (cap $90.00)	yes	100
100	100	100	300	1.00	direct	fixed-n-betting	0.005000	1.00	0.40	0.40	0.35	0.00	no-lift	200	0.0000000000	0.0000000000	0.0000000000	0.7200000000	0.2800000000	0.0000000000	100.0000000000	300.0000000000	$24.90-$26.10	$24.90-$26.10 (cap $90.00)	yes	100
100	100	100	300	1.00	direct	fixed-n-score	0.005000	1.00	0.40	0.40	0.35	0.00	no-lift	200	0.0000000000	0.0000000000	0.0000000000	0.9300000000	0.0700000000	0.0000000000	100.0000000000	300.0000000000	$24.90-$26.10	$24.90-$26.10 (cap $90.00)	yes	100
100	100	50	250	0.50	union	anytime	0.020900	1.00	0.40	0.40	0.35	0.00	no-lift	200	0.0000000000	0.0000000000	0.0000000000	0.6550000000	0.3450000000	0.0000000000	67.0800000000	167.5350000000	$13.91-$14.58	$20.75-$21.75 (cap $75.00)	yes	100
100	100	50	250	0.50	direct	anytime	0.020900	1.00	0.40	0.40	0.35	0.00	no-lift	200	0.0000000000	0.0000000000	0.0000000000	0.6550000000	0.3450000000	0.0000000000	67.0800000000	167.5350000000	$13.91-$14.58	$20.75-$21.75 (cap $75.00)	yes	100
100	100	50	250	0.50	direct	anytime-tuned	0.020900	1.00	0.40	0.40	0.35	0.00	no-lift	200	0.0000000000	0.0000000000	0.0000000000	0.6800000000	0.3200000000	0.0000000000	80.6650000000	201.5000000000	$16.72-$17.53	$20.75-$21.75 (cap $75.00)	yes	100
100	100	50	250	0.50	direct	anytime-tuned	0.020900	0.50	0.40	0.40	0.35	0.00	no-lift	200	0.0000000000	0.0000000000	0.0000000000	0.4200000000	0.5800000000	0.0000000000	90.2100000000	225.4350000000	$18.71-$19.61	$20.75-$21.75 (cap $75.00)	yes	100
100	100	50	250	0.50	direct	anytime-tuned	0.020900	0.25	0.40	0.40	0.35	0.00	no-lift	200	0.0000000000	0.0000000000	0.0000000000	0.2500000000	0.7500000000	0.0000000000	95.8950000000	239.6800000000	$19.89-$20.85	$20.75-$21.75 (cap $75.00)	yes	100
100	100	50	250	0.50	direct	fixed-n-betting	0.020900	1.00	0.40	0.40	0.35	0.00	no-lift	200	0.0000000000	0.0000000000	0.0000000000	0.7200000000	0.2800000000	0.0000000000	100.0000000000	250.0000000000	$20.75-$21.75	$20.75-$21.75 (cap $75.00)	yes	100
100	100	50	250	0.50	direct	fixed-n-score	0.020900	1.00	0.40	0.40	0.35	0.00	no-lift	200	0.0000000000	0.0000000000	0.0000000000	0.9300000000	0.0700000000	0.0000000000	100.0000000000	250.0000000000	$20.75-$21.75	$20.75-$21.75 (cap $75.00)	yes	100
100	100	50	250	0.50	direct	fixed-n-betting	0.010500	1.00	0.40	0.40	0.35	0.00	no-lift	200	0.0000000000	0.0000000000	0.0000000000	0.7200000000	0.2800000000	0.0000000000	100.0000000000	250.0000000000	$20.75-$21.75	$20.75-$21.75 (cap $75.00)	yes	100
100	100	50	250	0.50	direct	fixed-n-score	0.010500	1.00	0.40	0.40	0.35	0.00	no-lift	200	0.0000000000	0.0000000000	0.0000000000	0.9300000000	0.0700000000	0.0000000000	100.0000000000	250.0000000000	$20.75-$21.75	$20.75-$21.75 (cap $75.00)	yes	100
100	100	50	250	0.50	direct	fixed-n-betting	0.005000	1.00	0.40	0.40	0.35	0.00	no-lift	200	0.0000000000	0.0000000000	0.0000000000	0.7200000000	0.2800000000	0.0000000000	100.0000000000	250.0000000000	$20.75-$21.75	$20.75-$21.75 (cap $75.00)	yes	100
100	100	50	250	0.50	direct	fixed-n-score	0.005000	1.00	0.40	0.40	0.35	0.00	no-lift	200	0.0000000000	0.0000000000	0.0000000000	0.9300000000	0.0700000000	0.0000000000	100.0000000000	250.0000000000	$20.75-$21.75	$20.75-$21.75 (cap $75.00)	yes	100
100	100	100	300	1.00	union	anytime	0.020900	1.00	0.50	0.40	0.35	0.10	no-lift	200	0.0000000000	0.0000000000	0.0000000000	0.1550000000	0.8450000000	0.0000000000	90.9500000000	272.8500000000	$22.65-$23.74	$24.90-$26.10 (cap $90.00)	yes	100
100	100	100	300	1.00	direct	anytime	0.020900	1.00	0.50	0.40	0.35	0.10	no-lift	200	0.0000000000	0.0000000000	0.0000000000	0.1550000000	0.8450000000	0.0000000000	90.9500000000	272.8500000000	$22.65-$23.74	$24.90-$26.10 (cap $90.00)	yes	100
100	100	100	300	1.00	direct	anytime-tuned	0.020900	1.00	0.50	0.40	0.35	0.10	no-lift	200	0.0000000000	0.0000000000	0.0000000000	0.1150000000	0.8850000000	0.0000000000	96.8200000000	290.4600000000	$24.11-$25.27	$24.90-$26.10 (cap $90.00)	yes	100
100	100	100	300	1.00	direct	anytime-tuned	0.020900	0.50	0.50	0.40	0.35	0.10	no-lift	200	0.0000000000	0.0000000000	0.0000000000	0.0600000000	0.9400000000	0.0000000000	98.8650000000	296.5950000000	$24.62-$25.80	$24.90-$26.10 (cap $90.00)	yes	100
100	100	100	300	1.00	direct	anytime-tuned	0.020900	0.25	0.50	0.40	0.35	0.10	no-lift	200	0.0000000000	0.0000000000	0.0000000000	0.0300000000	0.9700000000	0.0000000000	99.4250000000	298.2750000000	$24.76-$25.95	$24.90-$26.10 (cap $90.00)	yes	100
100	100	100	300	1.00	direct	fixed-n-betting	0.020900	1.00	0.50	0.40	0.35	0.10	no-lift	200	0.0000000000	0.0000000000	0.0000000000	0.1550000000	0.8450000000	0.0000000000	100.0000000000	300.0000000000	$24.90-$26.10	$24.90-$26.10 (cap $90.00)	yes	100
100	100	100	300	1.00	direct	fixed-n-score	0.020900	1.00	0.50	0.40	0.35	0.10	no-lift	200	0.0000000000	0.0050000000	0.0000000000	0.4450000000	0.5550000000	0.0000000000	100.0000000000	300.0000000000	$24.90-$26.10	$24.90-$26.10 (cap $90.00)	yes	100
100	100	100	300	1.00	direct	fixed-n-betting	0.010500	1.00	0.50	0.40	0.35	0.10	no-lift	200	0.0000000000	0.0000000000	0.0000000000	0.1550000000	0.8450000000	0.0000000000	100.0000000000	300.0000000000	$24.90-$26.10	$24.90-$26.10 (cap $90.00)	yes	100
100	100	100	300	1.00	direct	fixed-n-score	0.010500	1.00	0.50	0.40	0.35	0.10	no-lift	200	0.0000000000	0.0000000000	0.0000000000	0.4450000000	0.5550000000	0.0000000000	100.0000000000	300.0000000000	$24.90-$26.10	$24.90-$26.10 (cap $90.00)	yes	100
100	100	100	300	1.00	direct	fixed-n-betting	0.005000	1.00	0.50	0.40	0.35	0.10	no-lift	200	0.0000000000	0.0000000000	0.0000000000	0.1550000000	0.8450000000	0.0000000000	100.0000000000	300.0000000000	$24.90-$26.10	$24.90-$26.10 (cap $90.00)	yes	100
100	100	100	300	1.00	direct	fixed-n-score	0.005000	1.00	0.50	0.40	0.35	0.10	no-lift	200	0.0000000000	0.0000000000	0.0000000000	0.4450000000	0.5550000000	0.0000000000	100.0000000000	300.0000000000	$24.90-$26.10	$24.90-$26.10 (cap $90.00)	yes	100
100	100	50	250	0.50	union	anytime	0.020900	1.00	0.50	0.40	0.35	0.10	no-lift	200	0.0000000000	0.0000000000	0.0000000000	0.1550000000	0.8450000000	0.0000000000	90.9500000000	227.3350000000	$18.87-$19.78	$20.75-$21.75 (cap $75.00)	yes	100
100	100	50	250	0.50	direct	anytime	0.020900	1.00	0.50	0.40	0.35	0.10	no-lift	200	0.0000000000	0.0050000000	0.0000000000	0.1550000000	0.8450000000	0.0000000000	90.9500000000	227.3350000000	$18.87-$19.78	$20.75-$21.75 (cap $75.00)	yes	100
100	100	50	250	0.50	direct	anytime-tuned	0.020900	1.00	0.50	0.40	0.35	0.10	no-lift	200	0.0000000000	0.0000000000	0.0000000000	0.1150000000	0.8850000000	0.0000000000	96.8200000000	242.0100000000	$20.09-$21.05	$20.75-$21.75 (cap $75.00)	yes	100
100	100	50	250	0.50	direct	anytime-tuned	0.020900	0.50	0.50	0.40	0.35	0.10	no-lift	200	0.0000000000	0.0000000000	0.0000000000	0.0600000000	0.9400000000	0.0000000000	98.8650000000	247.1450000000	$20.51-$21.50	$20.75-$21.75 (cap $75.00)	yes	100
100	100	50	250	0.50	direct	anytime-tuned	0.020900	0.25	0.50	0.40	0.35	0.10	no-lift	200	0.0000000000	0.0000000000	0.0000000000	0.0300000000	0.9700000000	0.0000000000	99.4250000000	248.5550000000	$20.63-$21.62	$20.75-$21.75 (cap $75.00)	yes	100
100	100	50	250	0.50	direct	fixed-n-betting	0.020900	1.00	0.50	0.40	0.35	0.10	no-lift	200	0.0000000000	0.0050000000	0.0000000000	0.1550000000	0.8450000000	0.0000000000	100.0000000000	250.0000000000	$20.75-$21.75	$20.75-$21.75 (cap $75.00)	yes	100
100	100	50	250	0.50	direct	fixed-n-score	0.020900	1.00	0.50	0.40	0.35	0.10	no-lift	200	0.0000000000	0.0050000000	0.0000000000	0.4450000000	0.5550000000	0.0000000000	100.0000000000	250.0000000000	$20.75-$21.75	$20.75-$21.75 (cap $75.00)	yes	100
100	100	50	250	0.50	direct	fixed-n-betting	0.010500	1.00	0.50	0.40	0.35	0.10	no-lift	200	0.0000000000	0.0000000000	0.0000000000	0.1550000000	0.8450000000	0.0000000000	100.0000000000	250.0000000000	$20.75-$21.75	$20.75-$21.75 (cap $75.00)	yes	100
100	100	50	250	0.50	direct	fixed-n-score	0.010500	1.00	0.50	0.40	0.35	0.10	no-lift	200	0.0000000000	0.0050000000	0.0000000000	0.4450000000	0.5550000000	0.0000000000	100.0000000000	250.0000000000	$20.75-$21.75	$20.75-$21.75 (cap $75.00)	yes	100
100	100	50	250	0.50	direct	fixed-n-betting	0.005000	1.00	0.50	0.40	0.35	0.10	no-lift	200	0.0000000000	0.0000000000	0.0000000000	0.1550000000	0.8450000000	0.0000000000	100.0000000000	250.0000000000	$20.75-$21.75	$20.75-$21.75 (cap $75.00)	yes	100
100	100	50	250	0.50	direct	fixed-n-score	0.005000	1.00	0.50	0.40	0.35	0.10	no-lift	200	0.0000000000	0.0050000000	0.0000000000	0.4450000000	0.5550000000	0.0000000000	100.0000000000	250.0000000000	$20.75-$21.75	$20.75-$21.75 (cap $75.00)	yes	100
100	100	100	300	1.00	union	anytime	0.020900	1.00	0.60	0.40	0.35	0.20	calibration	200	0.0000000000	0.0000000000	0.0000000000	0.0300000000	0.9700000000	0.0000000000	97.5150000000	292.5450000000	$24.28-$25.45	$24.90-$26.10 (cap $90.00)	yes	100
100	100	100	300	1.00	direct	anytime	0.020900	1.00	0.60	0.40	0.35	0.20	calibration	200	0.0000000000	0.0100000000	0.0000000000	0.0300000000	0.9700000000	0.0000000000	97.5150000000	292.5450000000	$24.28-$25.45	$24.90-$26.10 (cap $90.00)	yes	100
100	100	100	300	1.00	direct	anytime-tuned	0.020900	1.00	0.60	0.40	0.35	0.20	calibration	200	0.0000000000	0.0050000000	0.0000000000	0.0000000000	1.0000000000	0.0000000000	100.0000000000	300.0000000000	$24.90-$26.10	$24.90-$26.10 (cap $90.00)	yes	100
100	100	100	300	1.00	direct	anytime-tuned	0.020900	0.50	0.60	0.40	0.35	0.20	calibration	200	0.0000000000	0.0000000000	0.0000000000	0.0000000000	1.0000000000	0.0000000000	100.0000000000	300.0000000000	$24.90-$26.10	$24.90-$26.10 (cap $90.00)	yes	100
100	100	100	300	1.00	direct	anytime-tuned	0.020900	0.25	0.60	0.40	0.35	0.20	calibration	200	0.0000000000	0.0000000000	0.0000000000	0.0000000000	1.0000000000	0.0000000000	100.0000000000	300.0000000000	$24.90-$26.10	$24.90-$26.10 (cap $90.00)	yes	100
100	100	100	300	1.00	direct	fixed-n-betting	0.020900	1.00	0.60	0.40	0.35	0.20	calibration	200	0.0000000000	0.0150000000	0.0000000000	0.0050000000	0.9950000000	0.0000000000	100.0000000000	300.0000000000	$24.90-$26.10	$24.90-$26.10 (cap $90.00)	yes	100
100	100	100	300	1.00	direct	fixed-n-score	0.020900	1.00	0.60	0.40	0.35	0.20	calibration	200	0.0300000000	0.0900000000	0.0150000000	0.0500000000	0.9350000000	0.0085950567	100.0000000000	300.0000000000	$24.90-$26.10	$24.90-$26.10 (cap $90.00)	yes	100
100	100	100	300	1.00	direct	fixed-n-betting	0.010500	1.00	0.60	0.40	0.35	0.20	calibration	200	0.0000000000	0.0100000000	0.0000000000	0.0050000000	0.9950000000	0.0000000000	100.0000000000	300.0000000000	$24.90-$26.10	$24.90-$26.10 (cap $90.00)	yes	100
100	100	100	300	1.00	direct	fixed-n-score	0.010500	1.00	0.60	0.40	0.35	0.20	calibration	200	0.0000000000	0.0500000000	0.0000000000	0.0500000000	0.9500000000	0.0000000000	100.0000000000	300.0000000000	$24.90-$26.10	$24.90-$26.10 (cap $90.00)	yes	100
100	100	100	300	1.00	direct	fixed-n-betting	0.005000	1.00	0.60	0.40	0.35	0.20	calibration	200	0.0000000000	0.0050000000	0.0000000000	0.0050000000	0.9950000000	0.0000000000	100.0000000000	300.0000000000	$24.90-$26.10	$24.90-$26.10 (cap $90.00)	yes	100
100	100	100	300	1.00	direct	fixed-n-score	0.005000	1.00	0.60	0.40	0.35	0.20	calibration	200	0.0000000000	0.0300000000	0.0000000000	0.0500000000	0.9500000000	0.0000000000	100.0000000000	300.0000000000	$24.90-$26.10	$24.90-$26.10 (cap $90.00)	yes	100
100	100	50	250	0.50	union	anytime	0.020900	1.00	0.60	0.40	0.35	0.20	calibration	200	0.0000000000	0.0000000000	0.0000000000	0.0300000000	0.9700000000	0.0000000000	97.5150000000	243.7800000000	$20.23-$21.21	$20.75-$21.75 (cap $75.00)	yes	100
100	100	50	250	0.50	direct	anytime	0.020900	1.00	0.60	0.40	0.35	0.20	calibration	200	0.0000000000	0.0100000000	0.0000000000	0.0300000000	0.9700000000	0.0000000000	97.5150000000	243.7800000000	$20.23-$21.21	$20.75-$21.75 (cap $75.00)	yes	100
100	100	50	250	0.50	direct	anytime-tuned	0.020900	1.00	0.60	0.40	0.35	0.20	calibration	200	0.0000000000	0.0000000000	0.0000000000	0.0000000000	1.0000000000	0.0000000000	100.0000000000	250.0000000000	$20.75-$21.75	$20.75-$21.75 (cap $75.00)	yes	100
100	100	50	250	0.50	direct	anytime-tuned	0.020900	0.50	0.60	0.40	0.35	0.20	calibration	200	0.0000000000	0.0000000000	0.0000000000	0.0000000000	1.0000000000	0.0000000000	100.0000000000	250.0000000000	$20.75-$21.75	$20.75-$21.75 (cap $75.00)	yes	100
100	100	50	250	0.50	direct	anytime-tuned	0.020900	0.25	0.60	0.40	0.35	0.20	calibration	200	0.0000000000	0.0000000000	0.0000000000	0.0000000000	1.0000000000	0.0000000000	100.0000000000	250.0000000000	$20.75-$21.75	$20.75-$21.75 (cap $75.00)	yes	100
100	100	50	250	0.50	direct	fixed-n-betting	0.020900	1.00	0.60	0.40	0.35	0.20	calibration	200	0.0000000000	0.0100000000	0.0000000000	0.0050000000	0.9950000000	0.0000000000	100.0000000000	250.0000000000	$20.75-$21.75	$20.75-$21.75 (cap $75.00)	yes	100
100	100	50	250	0.50	direct	fixed-n-score	0.020900	1.00	0.60	0.40	0.35	0.20	calibration	200	0.0300000000	0.0750000000	0.0050000000	0.0500000000	0.9450000000	0.0049874843	100.0000000000	250.0000000000	$20.75-$21.75	$20.75-$21.75 (cap $75.00)	yes	100
100	100	50	250	0.50	direct	fixed-n-betting	0.010500	1.00	0.60	0.40	0.35	0.20	calibration	200	0.0000000000	0.0000000000	0.0000000000	0.0050000000	0.9950000000	0.0000000000	100.0000000000	250.0000000000	$20.75-$21.75	$20.75-$21.75 (cap $75.00)	yes	100
100	100	50	250	0.50	direct	fixed-n-score	0.010500	1.00	0.60	0.40	0.35	0.20	calibration	200	0.0000000000	0.0400000000	0.0000000000	0.0500000000	0.9500000000	0.0000000000	100.0000000000	250.0000000000	$20.75-$21.75	$20.75-$21.75 (cap $75.00)	yes	100
100	100	50	250	0.50	direct	fixed-n-betting	0.005000	1.00	0.60	0.40	0.35	0.20	calibration	200	0.0000000000	0.0000000000	0.0000000000	0.0050000000	0.9950000000	0.0000000000	100.0000000000	250.0000000000	$20.75-$21.75	$20.75-$21.75 (cap $75.00)	yes	100
100	100	50	250	0.50	direct	fixed-n-score	0.005000	1.00	0.60	0.40	0.35	0.20	calibration	200	0.0000000000	0.0300000000	0.0000000000	0.0500000000	0.9500000000	0.0000000000	100.0000000000	250.0000000000	$20.75-$21.75	$20.75-$21.75 (cap $75.00)	yes	100
100	100	100	300	1.00	union	anytime	0.020900	1.00	0.70	0.40	0.35	0.30	real effect	200	0.0900000000	0.0150000000	0.0100000000	0.0000000000	0.9900000000	0.0070356236	99.7150000000	299.1450000000	$24.83-$26.03	$24.90-$26.10 (cap $90.00)	yes	100
100	100	100	300	1.00	direct	anytime	0.020900	1.00	0.70	0.40	0.35	0.30	real effect	200	0.1000000000	0.1900000000	0.0600000000	0.0000000000	0.9400000000	0.0167928556	98.0200000000	294.0600000000	$24.41-$25.58	$24.90-$26.10 (cap $90.00)	yes	100
100	100	100	300	1.00	direct	anytime-tuned	0.020900	1.00	0.70	0.40	0.35	0.30	real effect	200	0.0400000000	0.0950000000	0.0200000000	0.0000000000	0.9800000000	0.0098994949	99.7100000000	299.1300000000	$24.83-$26.02	$24.90-$26.10 (cap $90.00)	yes	100
100	100	100	300	1.00	direct	anytime-tuned	0.020900	0.50	0.70	0.40	0.35	0.30	real effect	200	0.0000000000	0.0350000000	0.0000000000	0.0000000000	1.0000000000	0.0000000000	100.0000000000	300.0000000000	$24.90-$26.10	$24.90-$26.10 (cap $90.00)	yes	100
100	100	100	300	1.00	direct	anytime-tuned	0.020900	0.25	0.70	0.40	0.35	0.30	real effect	200	0.0000000000	0.0200000000	0.0000000000	0.0000000000	1.0000000000	0.0000000000	100.0000000000	300.0000000000	$24.90-$26.10	$24.90-$26.10 (cap $90.00)	yes	100
100	100	100	300	1.00	direct	fixed-n-betting	0.020900	1.00	0.70	0.40	0.35	0.30	real effect	200	0.1000000000	0.2250000000	0.0350000000	0.0000000000	0.9650000000	0.0129951914	100.0000000000	300.0000000000	$24.90-$26.10	$24.90-$26.10 (cap $90.00)	yes	100
100	100	100	300	1.00	direct	fixed-n-score	0.020900	1.00	0.70	0.40	0.35	0.30	real effect	200	0.2750000000	0.5700000000	0.2250000000	0.0000000000	0.7750000000	0.0295275295	100.0000000000	300.0000000000	$24.90-$26.10	$24.90-$26.10 (cap $90.00)	yes	100
100	100	100	300	1.00	direct	fixed-n-betting	0.010500	1.00	0.70	0.40	0.35	0.30	real effect	200	0.0650000000	0.1500000000	0.0250000000	0.0000000000	0.9750000000	0.0110397011	100.0000000000	300.0000000000	$24.90-$26.10	$24.90-$26.10 (cap $90.00)	yes	100
100	100	100	300	1.00	direct	fixed-n-score	0.010500	1.00	0.70	0.40	0.35	0.30	real effect	200	0.1900000000	0.4600000000	0.1250000000	0.0000000000	0.8750000000	0.0233853587	100.0000000000	300.0000000000	$24.90-$26.10	$24.90-$26.10 (cap $90.00)	yes	100
100	100	100	300	1.00	direct	fixed-n-betting	0.005000	1.00	0.70	0.40	0.35	0.30	real effect	200	0.0450000000	0.1000000000	0.0200000000	0.0000000000	0.9800000000	0.0098994949	100.0000000000	300.0000000000	$24.90-$26.10	$24.90-$26.10 (cap $90.00)	yes	100
100	100	100	300	1.00	direct	fixed-n-score	0.005000	1.00	0.70	0.40	0.35	0.30	real effect	200	0.1350000000	0.2950000000	0.0700000000	0.0000000000	0.9300000000	0.0180416186	100.0000000000	300.0000000000	$24.90-$26.10	$24.90-$26.10 (cap $90.00)	yes	100
100	100	50	250	0.50	union	anytime	0.020900	1.00	0.70	0.40	0.35	0.30	real effect	200	0.0900000000	0.0050000000	0.0050000000	0.0000000000	0.9950000000	0.0049874843	99.7950000000	249.4850000000	$20.71-$21.71	$20.75-$21.75 (cap $75.00)	yes	100
100	100	50	250	0.50	direct	anytime	0.020900	1.00	0.70	0.40	0.35	0.30	real effect	200	0.0900000000	0.0450000000	0.0050000000	0.0000000000	0.9950000000	0.0049874843	99.7300000000	249.3250000000	$20.69-$21.69	$20.75-$21.75 (cap $75.00)	yes	100
100	100	50	250	0.50	direct	anytime-tuned	0.020900	1.00	0.70	0.40	0.35	0.30	real effect	200	0.0400000000	0.0100000000	0.0050000000	0.0000000000	0.9950000000	0.0049874843	99.9600000000	249.9000000000	$20.74-$21.74	$20.75-$21.75 (cap $75.00)	yes	100
100	100	50	250	0.50	direct	anytime-tuned	0.020900	0.50	0.70	0.40	0.35	0.30	real effect	200	0.0000000000	0.0000000000	0.0000000000	0.0000000000	1.0000000000	0.0000000000	100.0000000000	250.0000000000	$20.75-$21.75	$20.75-$21.75 (cap $75.00)	yes	100
100	100	50	250	0.50	direct	anytime-tuned	0.020900	0.25	0.70	0.40	0.35	0.30	real effect	200	0.0000000000	0.0000000000	0.0000000000	0.0000000000	1.0000000000	0.0000000000	100.0000000000	250.0000000000	$20.75-$21.75	$20.75-$21.75 (cap $75.00)	yes	100
100	100	50	250	0.50	direct	fixed-n-betting	0.020900	1.00	0.70	0.40	0.35	0.30	real effect	200	0.1000000000	0.0600000000	0.0100000000	0.0000000000	0.9900000000	0.0070356236	100.0000000000	250.0000000000	$20.75-$21.75	$20.75-$21.75 (cap $75.00)	yes	100
100	100	50	250	0.50	direct	fixed-n-score	0.020900	1.00	0.70	0.40	0.35	0.30	real effect	200	0.2750000000	0.3900000000	0.1300000000	0.0000000000	0.8700000000	0.0237802439	100.0000000000	250.0000000000	$20.75-$21.75	$20.75-$21.75 (cap $75.00)	yes	100
100	100	50	250	0.50	direct	fixed-n-betting	0.010500	1.00	0.70	0.40	0.35	0.30	real effect	200	0.0650000000	0.0300000000	0.0050000000	0.0000000000	0.9950000000	0.0049874843	100.0000000000	250.0000000000	$20.75-$21.75	$20.75-$21.75 (cap $75.00)	yes	100
100	100	50	250	0.50	direct	fixed-n-score	0.010500	1.00	0.70	0.40	0.35	0.30	real effect	200	0.1900000000	0.2750000000	0.0700000000	0.0000000000	0.9300000000	0.0180416186	100.0000000000	250.0000000000	$20.75-$21.75	$20.75-$21.75 (cap $75.00)	yes	100
100	100	50	250	0.50	direct	fixed-n-betting	0.005000	1.00	0.70	0.40	0.35	0.30	real effect	200	0.0450000000	0.0150000000	0.0050000000	0.0000000000	0.9950000000	0.0049874843	100.0000000000	250.0000000000	$20.75-$21.75	$20.75-$21.75 (cap $75.00)	yes	100
100	100	50	250	0.50	direct	fixed-n-score	0.005000	1.00	0.70	0.40	0.35	0.30	real effect	200	0.1350000000	0.1800000000	0.0600000000	0.0000000000	0.9400000000	0.0167928556	100.0000000000	250.0000000000	$20.75-$21.75	$20.75-$21.75 (cap $75.00)	yes	100
100	100	100	300	1.00	union	anytime	0.020900	1.00	0.40	0.40	0.40	0.00	no-lift	200	0.0000000000	0.0000000000	0.0000000000	0.6050000000	0.3950000000	0.0000000000	68.2450000000	204.7350000000	$16.99-$17.81	$24.90-$26.10 (cap $90.00)	yes	100
100	100	100	300	1.00	direct	anytime	0.020900	1.00	0.40	0.40	0.40	0.00	no-lift	200	0.0000000000	0.0000000000	0.0000000000	0.6050000000	0.3950000000	0.0000000000	68.2450000000	204.7350000000	$16.99-$17.81	$24.90-$26.10 (cap $90.00)	yes	100
100	100	100	300	1.00	direct	anytime-tuned	0.020900	1.00	0.40	0.40	0.40	0.00	no-lift	200	0.0000000000	0.0000000000	0.0000000000	0.5800000000	0.4200000000	0.0000000000	81.4300000000	244.2900000000	$20.28-$21.25	$24.90-$26.10 (cap $90.00)	yes	100
100	100	100	300	1.00	direct	anytime-tuned	0.020900	0.50	0.40	0.40	0.40	0.00	no-lift	200	0.0000000000	0.0000000000	0.0000000000	0.4450000000	0.5550000000	0.0000000000	90.6250000000	271.8750000000	$22.57-$23.65	$24.90-$26.10 (cap $90.00)	yes	100
100	100	100	300	1.00	direct	anytime-tuned	0.020900	0.25	0.40	0.40	0.40	0.00	no-lift	200	0.0000000000	0.0000000000	0.0000000000	0.2250000000	0.7750000000	0.0000000000	96.1750000000	288.5250000000	$23.95-$25.10	$24.90-$26.10 (cap $90.00)	yes	100
100	100	100	300	1.00	direct	fixed-n-betting	0.020900	1.00	0.40	0.40	0.40	0.00	no-lift	200	0.0000000000	0.0000000000	0.0000000000	0.6350000000	0.3650000000	0.0000000000	100.0000000000	300.0000000000	$24.90-$26.10	$24.90-$26.10 (cap $90.00)	yes	100
100	100	100	300	1.00	direct	fixed-n-score	0.020900	1.00	0.40	0.40	0.40	0.00	no-lift	200	0.0000000000	0.0000000000	0.0000000000	0.8800000000	0.1200000000	0.0000000000	100.0000000000	300.0000000000	$24.90-$26.10	$24.90-$26.10 (cap $90.00)	yes	100
100	100	100	300	1.00	direct	fixed-n-betting	0.010500	1.00	0.40	0.40	0.40	0.00	no-lift	200	0.0000000000	0.0000000000	0.0000000000	0.6350000000	0.3650000000	0.0000000000	100.0000000000	300.0000000000	$24.90-$26.10	$24.90-$26.10 (cap $90.00)	yes	100
100	100	100	300	1.00	direct	fixed-n-score	0.010500	1.00	0.40	0.40	0.40	0.00	no-lift	200	0.0000000000	0.0000000000	0.0000000000	0.8800000000	0.1200000000	0.0000000000	100.0000000000	300.0000000000	$24.90-$26.10	$24.90-$26.10 (cap $90.00)	yes	100
100	100	100	300	1.00	direct	fixed-n-betting	0.005000	1.00	0.40	0.40	0.40	0.00	no-lift	200	0.0000000000	0.0000000000	0.0000000000	0.6350000000	0.3650000000	0.0000000000	100.0000000000	300.0000000000	$24.90-$26.10	$24.90-$26.10 (cap $90.00)	yes	100
100	100	100	300	1.00	direct	fixed-n-score	0.005000	1.00	0.40	0.40	0.40	0.00	no-lift	200	0.0000000000	0.0000000000	0.0000000000	0.8800000000	0.1200000000	0.0000000000	100.0000000000	300.0000000000	$24.90-$26.10	$24.90-$26.10 (cap $90.00)	yes	100
100	100	50	250	0.50	union	anytime	0.020900	1.00	0.40	0.40	0.40	0.00	no-lift	200	0.0000000000	0.0000000000	0.0000000000	0.6050000000	0.3950000000	0.0000000000	68.2450000000	170.4550000000	$14.15-$14.83	$20.75-$21.75 (cap $75.00)	yes	100
100	100	50	250	0.50	direct	anytime	0.020900	1.00	0.40	0.40	0.40	0.00	no-lift	200	0.0000000000	0.0000000000	0.0000000000	0.6050000000	0.3950000000	0.0000000000	68.2450000000	170.4550000000	$14.15-$14.83	$20.75-$21.75 (cap $75.00)	yes	100
100	100	50	250	0.50	direct	anytime-tuned	0.020900	1.00	0.40	0.40	0.40	0.00	no-lift	200	0.0000000000	0.0000000000	0.0000000000	0.5800000000	0.4200000000	0.0000000000	81.4300000000	203.4100000000	$16.88-$17.70	$20.75-$21.75 (cap $75.00)	yes	100
100	100	50	250	0.50	direct	anytime-tuned	0.020900	0.50	0.40	0.40	0.40	0.00	no-lift	200	0.0000000000	0.0000000000	0.0000000000	0.4450000000	0.5550000000	0.0000000000	90.6250000000	226.4450000000	$18.79-$19.70	$20.75-$21.75 (cap $75.00)	yes	100
100	100	50	250	0.50	direct	anytime-tuned	0.020900	0.25	0.40	0.40	0.40	0.00	no-lift	200	0.0000000000	0.0000000000	0.0000000000	0.2250000000	0.7750000000	0.0000000000	96.1750000000	240.3700000000	$19.95-$20.91	$20.75-$21.75 (cap $75.00)	yes	100
100	100	50	250	0.50	direct	fixed-n-betting	0.020900	1.00	0.40	0.40	0.40	0.00	no-lift	200	0.0000000000	0.0000000000	0.0000000000	0.6350000000	0.3650000000	0.0000000000	100.0000000000	250.0000000000	$20.75-$21.75	$20.75-$21.75 (cap $75.00)	yes	100
100	100	50	250	0.50	direct	fixed-n-score	0.020900	1.00	0.40	0.40	0.40	0.00	no-lift	200	0.0000000000	0.0000000000	0.0000000000	0.8800000000	0.1200000000	0.0000000000	100.0000000000	250.0000000000	$20.75-$21.75	$20.75-$21.75 (cap $75.00)	yes	100
100	100	50	250	0.50	direct	fixed-n-betting	0.010500	1.00	0.40	0.40	0.40	0.00	no-lift	200	0.0000000000	0.0000000000	0.0000000000	0.6350000000	0.3650000000	0.0000000000	100.0000000000	250.0000000000	$20.75-$21.75	$20.75-$21.75 (cap $75.00)	yes	100
100	100	50	250	0.50	direct	fixed-n-score	0.010500	1.00	0.40	0.40	0.40	0.00	no-lift	200	0.0000000000	0.0000000000	0.0000000000	0.8800000000	0.1200000000	0.0000000000	100.0000000000	250.0000000000	$20.75-$21.75	$20.75-$21.75 (cap $75.00)	yes	100
100	100	50	250	0.50	direct	fixed-n-betting	0.005000	1.00	0.40	0.40	0.40	0.00	no-lift	200	0.0000000000	0.0000000000	0.0000000000	0.6350000000	0.3650000000	0.0000000000	100.0000000000	250.0000000000	$20.75-$21.75	$20.75-$21.75 (cap $75.00)	yes	100
100	100	50	250	0.50	direct	fixed-n-score	0.005000	1.00	0.40	0.40	0.40	0.00	no-lift	200	0.0000000000	0.0000000000	0.0000000000	0.8800000000	0.1200000000	0.0000000000	100.0000000000	250.0000000000	$20.75-$21.75	$20.75-$21.75 (cap $75.00)	yes	100
100	100	100	300	1.00	union	anytime	0.020900	1.00	0.50	0.40	0.40	0.10	no-lift	200	0.0000000000	0.0000000000	0.0000000000	0.1650000000	0.8350000000	0.0000000000	91.1400000000	273.4200000000	$22.69-$23.79	$24.90-$26.10 (cap $90.00)	yes	100
100	100	100	300	1.00	direct	anytime	0.020900	1.00	0.50	0.40	0.40	0.10	no-lift	200	0.0000000000	0.0000000000	0.0000000000	0.1650000000	0.8350000000	0.0000000000	91.1400000000	273.4200000000	$22.69-$23.79	$24.90-$26.10 (cap $90.00)	yes	100
100	100	100	300	1.00	direct	anytime-tuned	0.020900	1.00	0.50	0.40	0.40	0.10	no-lift	200	0.0000000000	0.0000000000	0.0000000000	0.1200000000	0.8800000000	0.0000000000	96.9000000000	290.7000000000	$24.13-$25.29	$24.90-$26.10 (cap $90.00)	yes	100
100	100	100	300	1.00	direct	anytime-tuned	0.020900	0.50	0.50	0.40	0.40	0.10	no-lift	200	0.0000000000	0.0000000000	0.0000000000	0.0650000000	0.9350000000	0.0000000000	98.6150000000	295.8450000000	$24.56-$25.74	$24.90-$26.10 (cap $90.00)	yes	100
100	100	100	300	1.00	direct	anytime-tuned	0.020900	0.25	0.50	0.40	0.40	0.10	no-lift	200	0.0000000000	0.0000000000	0.0000000000	0.0200000000	0.9800000000	0.0000000000	99.5600000000	298.6800000000	$24.79-$25.99	$24.90-$26.10 (cap $90.00)	yes	100
100	100	100	300	1.00	direct	fixed-n-betting	0.020900	1.00	0.50	0.40	0.40	0.10	no-lift	200	0.0000000000	0.0000000000	0.0000000000	0.1450000000	0.8550000000	0.0000000000	100.0000000000	300.0000000000	$24.90-$26.10	$24.90-$26.10 (cap $90.00)	yes	100
100	100	100	300	1.00	direct	fixed-n-score	0.020900	1.00	0.50	0.40	0.40	0.10	no-lift	200	0.0000000000	0.0000000000	0.0000000000	0.4100000000	0.5900000000	0.0000000000	100.0000000000	300.0000000000	$24.90-$26.10	$24.90-$26.10 (cap $90.00)	yes	100
100	100	100	300	1.00	direct	fixed-n-betting	0.010500	1.00	0.50	0.40	0.40	0.10	no-lift	200	0.0000000000	0.0000000000	0.0000000000	0.1450000000	0.8550000000	0.0000000000	100.0000000000	300.0000000000	$24.90-$26.10	$24.90-$26.10 (cap $90.00)	yes	100
100	100	100	300	1.00	direct	fixed-n-score	0.010500	1.00	0.50	0.40	0.40	0.10	no-lift	200	0.0000000000	0.0000000000	0.0000000000	0.4100000000	0.5900000000	0.0000000000	100.0000000000	300.0000000000	$24.90-$26.10	$24.90-$26.10 (cap $90.00)	yes	100
100	100	100	300	1.00	direct	fixed-n-betting	0.005000	1.00	0.50	0.40	0.40	0.10	no-lift	200	0.0000000000	0.0000000000	0.0000000000	0.1450000000	0.8550000000	0.0000000000	100.0000000000	300.0000000000	$24.90-$26.10	$24.90-$26.10 (cap $90.00)	yes	100
100	100	100	300	1.00	direct	fixed-n-score	0.005000	1.00	0.50	0.40	0.40	0.10	no-lift	200	0.0000000000	0.0000000000	0.0000000000	0.4100000000	0.5900000000	0.0000000000	100.0000000000	300.0000000000	$24.90-$26.10	$24.90-$26.10 (cap $90.00)	yes	100
100	100	50	250	0.50	union	anytime	0.020900	1.00	0.50	0.40	0.40	0.10	no-lift	200	0.0000000000	0.0000000000	0.0000000000	0.1650000000	0.8350000000	0.0000000000	91.1400000000	227.8100000000	$18.91-$19.82	$20.75-$21.75 (cap $75.00)	yes	100
100	100	50	250	0.50	direct	anytime	0.020900	1.00	0.50	0.40	0.40	0.10	no-lift	200	0.0000000000	0.0000000000	0.0000000000	0.1650000000	0.8350000000	0.0000000000	91.1400000000	227.8100000000	$18.91-$19.82	$20.75-$21.75 (cap $75.00)	yes	100
100	100	50	250	0.50	direct	anytime-tuned	0.020900	1.00	0.50	0.40	0.40	0.10	no-lift	200	0.0000000000	0.0000000000	0.0000000000	0.1200000000	0.8800000000	0.0000000000	96.9000000000	242.2150000000	$20.10-$21.07	$20.75-$21.75 (cap $75.00)	yes	100
100	100	50	250	0.50	direct	anytime-tuned	0.020900	0.50	0.50	0.40	0.40	0.10	no-lift	200	0.0000000000	0.0000000000	0.0000000000	0.0650000000	0.9350000000	0.0000000000	98.6150000000	246.5250000000	$20.46-$21.45	$20.75-$21.75 (cap $75.00)	yes	100
100	100	50	250	0.50	direct	anytime-tuned	0.020900	0.25	0.50	0.40	0.40	0.10	no-lift	200	0.0000000000	0.0000000000	0.0000000000	0.0200000000	0.9800000000	0.0000000000	99.5600000000	248.8900000000	$20.66-$21.65	$20.75-$21.75 (cap $75.00)	yes	100
100	100	50	250	0.50	direct	fixed-n-betting	0.020900	1.00	0.50	0.40	0.40	0.10	no-lift	200	0.0000000000	0.0000000000	0.0000000000	0.1450000000	0.8550000000	0.0000000000	100.0000000000	250.0000000000	$20.75-$21.75	$20.75-$21.75 (cap $75.00)	yes	100
100	100	50	250	0.50	direct	fixed-n-score	0.020900	1.00	0.50	0.40	0.40	0.10	no-lift	200	0.0000000000	0.0000000000	0.0000000000	0.4100000000	0.5900000000	0.0000000000	100.0000000000	250.0000000000	$20.75-$21.75	$20.75-$21.75 (cap $75.00)	yes	100
100	100	50	250	0.50	direct	fixed-n-betting	0.010500	1.00	0.50	0.40	0.40	0.10	no-lift	200	0.0000000000	0.0000000000	0.0000000000	0.1450000000	0.8550000000	0.0000000000	100.0000000000	250.0000000000	$20.75-$21.75	$20.75-$21.75 (cap $75.00)	yes	100
100	100	50	250	0.50	direct	fixed-n-score	0.010500	1.00	0.50	0.40	0.40	0.10	no-lift	200	0.0000000000	0.0000000000	0.0000000000	0.4100000000	0.5900000000	0.0000000000	100.0000000000	250.0000000000	$20.75-$21.75	$20.75-$21.75 (cap $75.00)	yes	100
100	100	50	250	0.50	direct	fixed-n-betting	0.005000	1.00	0.50	0.40	0.40	0.10	no-lift	200	0.0000000000	0.0000000000	0.0000000000	0.1450000000	0.8550000000	0.0000000000	100.0000000000	250.0000000000	$20.75-$21.75	$20.75-$21.75 (cap $75.00)	yes	100
100	100	50	250	0.50	direct	fixed-n-score	0.005000	1.00	0.50	0.40	0.40	0.10	no-lift	200	0.0000000000	0.0000000000	0.0000000000	0.4100000000	0.5900000000	0.0000000000	100.0000000000	250.0000000000	$20.75-$21.75	$20.75-$21.75 (cap $75.00)	yes	100
100	100	100	300	1.00	union	anytime	0.020900	1.00	0.60	0.40	0.40	0.20	calibration	200	0.0100000000	0.0000000000	0.0000000000	0.0250000000	0.9750000000	0.0000000000	98.1900000000	294.5700000000	$24.45-$25.63	$24.90-$26.10 (cap $90.00)	yes	100
100	100	100	300	1.00	direct	anytime	0.020900	1.00	0.60	0.40	0.40	0.20	calibration	200	0.0100000000	0.0000000000	0.0000000000	0.0250000000	0.9750000000	0.0000000000	98.1900000000	294.5700000000	$24.45-$25.63	$24.90-$26.10 (cap $90.00)	yes	100
100	100	100	300	1.00	direct	anytime-tuned	0.020900	1.00	0.60	0.40	0.40	0.20	calibration	200	0.0000000000	0.0000000000	0.0000000000	0.0000000000	1.0000000000	0.0000000000	100.0000000000	300.0000000000	$24.90-$26.10	$24.90-$26.10 (cap $90.00)	yes	100
100	100	100	300	1.00	direct	anytime-tuned	0.020900	0.50	0.60	0.40	0.40	0.20	calibration	200	0.0000000000	0.0000000000	0.0000000000	0.0000000000	1.0000000000	0.0000000000	100.0000000000	300.0000000000	$24.90-$26.10	$24.90-$26.10 (cap $90.00)	yes	100
100	100	100	300	1.00	direct	anytime-tuned	0.020900	0.25	0.60	0.40	0.40	0.20	calibration	200	0.0000000000	0.0000000000	0.0000000000	0.0000000000	1.0000000000	0.0000000000	100.0000000000	300.0000000000	$24.90-$26.10	$24.90-$26.10 (cap $90.00)	yes	100
100	100	100	300	1.00	direct	fixed-n-betting	0.020900	1.00	0.60	0.40	0.40	0.20	calibration	200	0.0100000000	0.0000000000	0.0000000000	0.0000000000	1.0000000000	0.0000000000	100.0000000000	300.0000000000	$24.90-$26.10	$24.90-$26.10 (cap $90.00)	yes	100
100	100	100	300	1.00	direct	fixed-n-score	0.020900	1.00	0.60	0.40	0.40	0.20	calibration	200	0.0400000000	0.0050000000	0.0050000000	0.0650000000	0.9300000000	0.0049874843	100.0000000000	300.0000000000	$24.90-$26.10	$24.90-$26.10 (cap $90.00)	yes	100
100	100	100	300	1.00	direct	fixed-n-betting	0.010500	1.00	0.60	0.40	0.40	0.20	calibration	200	0.0000000000	0.0000000000	0.0000000000	0.0000000000	1.0000000000	0.0000000000	100.0000000000	300.0000000000	$24.90-$26.10	$24.90-$26.10 (cap $90.00)	yes	100
100	100	100	300	1.00	direct	fixed-n-score	0.010500	1.00	0.60	0.40	0.40	0.20	calibration	200	0.0250000000	0.0050000000	0.0050000000	0.0650000000	0.9300000000	0.0049874843	100.0000000000	300.0000000000	$24.90-$26.10	$24.90-$26.10 (cap $90.00)	yes	100
100	100	100	300	1.00	direct	fixed-n-betting	0.005000	1.00	0.60	0.40	0.40	0.20	calibration	200	0.0000000000	0.0000000000	0.0000000000	0.0000000000	1.0000000000	0.0000000000	100.0000000000	300.0000000000	$24.90-$26.10	$24.90-$26.10 (cap $90.00)	yes	100
100	100	100	300	1.00	direct	fixed-n-score	0.005000	1.00	0.60	0.40	0.40	0.20	calibration	200	0.0100000000	0.0000000000	0.0000000000	0.0650000000	0.9350000000	0.0000000000	100.0000000000	300.0000000000	$24.90-$26.10	$24.90-$26.10 (cap $90.00)	yes	100
100	100	50	250	0.50	union	anytime	0.020900	1.00	0.60	0.40	0.40	0.20	calibration	200	0.0100000000	0.0000000000	0.0000000000	0.0250000000	0.9750000000	0.0000000000	98.1900000000	245.4650000000	$20.37-$21.36	$20.75-$21.75 (cap $75.00)	yes	100
100	100	50	250	0.50	direct	anytime	0.020900	1.00	0.60	0.40	0.40	0.20	calibration	200	0.0100000000	0.0000000000	0.0000000000	0.0250000000	0.9750000000	0.0000000000	98.1900000000	245.4650000000	$20.37-$21.36	$20.75-$21.75 (cap $75.00)	yes	100
100	100	50	250	0.50	direct	anytime-tuned	0.020900	1.00	0.60	0.40	0.40	0.20	calibration	200	0.0000000000	0.0000000000	0.0000000000	0.0000000000	1.0000000000	0.0000000000	100.0000000000	250.0000000000	$20.75-$21.75	$20.75-$21.75 (cap $75.00)	yes	100
100	100	50	250	0.50	direct	anytime-tuned	0.020900	0.50	0.60	0.40	0.40	0.20	calibration	200	0.0000000000	0.0000000000	0.0000000000	0.0000000000	1.0000000000	0.0000000000	100.0000000000	250.0000000000	$20.75-$21.75	$20.75-$21.75 (cap $75.00)	yes	100
100	100	50	250	0.50	direct	anytime-tuned	0.020900	0.25	0.60	0.40	0.40	0.20	calibration	200	0.0000000000	0.0000000000	0.0000000000	0.0000000000	1.0000000000	0.0000000000	100.0000000000	250.0000000000	$20.75-$21.75	$20.75-$21.75 (cap $75.00)	yes	100
100	100	50	250	0.50	direct	fixed-n-betting	0.020900	1.00	0.60	0.40	0.40	0.20	calibration	200	0.0100000000	0.0000000000	0.0000000000	0.0000000000	1.0000000000	0.0000000000	100.0000000000	250.0000000000	$20.75-$21.75	$20.75-$21.75 (cap $75.00)	yes	100
100	100	50	250	0.50	direct	fixed-n-score	0.020900	1.00	0.60	0.40	0.40	0.20	calibration	200	0.0400000000	0.0250000000	0.0000000000	0.0650000000	0.9350000000	0.0000000000	100.0000000000	250.0000000000	$20.75-$21.75	$20.75-$21.75 (cap $75.00)	yes	100
100	100	50	250	0.50	direct	fixed-n-betting	0.010500	1.00	0.60	0.40	0.40	0.20	calibration	200	0.0000000000	0.0000000000	0.0000000000	0.0000000000	1.0000000000	0.0000000000	100.0000000000	250.0000000000	$20.75-$21.75	$20.75-$21.75 (cap $75.00)	yes	100
100	100	50	250	0.50	direct	fixed-n-score	0.010500	1.00	0.60	0.40	0.40	0.20	calibration	200	0.0250000000	0.0100000000	0.0000000000	0.0650000000	0.9350000000	0.0000000000	100.0000000000	250.0000000000	$20.75-$21.75	$20.75-$21.75 (cap $75.00)	yes	100
100	100	50	250	0.50	direct	fixed-n-betting	0.005000	1.00	0.60	0.40	0.40	0.20	calibration	200	0.0000000000	0.0000000000	0.0000000000	0.0000000000	1.0000000000	0.0000000000	100.0000000000	250.0000000000	$20.75-$21.75	$20.75-$21.75 (cap $75.00)	yes	100
100	100	50	250	0.50	direct	fixed-n-score	0.005000	1.00	0.60	0.40	0.40	0.20	calibration	200	0.0100000000	0.0000000000	0.0000000000	0.0650000000	0.9350000000	0.0000000000	100.0000000000	250.0000000000	$20.75-$21.75	$20.75-$21.75 (cap $75.00)	yes	100
100	100	100	300	1.00	union	anytime	0.020900	1.00	0.70	0.40	0.40	0.30	real effect	200	0.0900000000	0.0050000000	0.0050000000	0.0000000000	0.9950000000	0.0049874843	99.6650000000	298.9950000000	$24.82-$26.01	$24.90-$26.10 (cap $90.00)	yes	100
100	100	100	300	1.00	direct	anytime	0.020900	1.00	0.70	0.40	0.40	0.30	real effect	200	0.0950000000	0.0950000000	0.0300000000	0.0000000000	0.9700000000	0.0120623381	99.0200000000	297.0600000000	$24.66-$25.84	$24.90-$26.10 (cap $90.00)	yes	100
100	100	100	300	1.00	direct	anytime-tuned	0.020900	1.00	0.70	0.40	0.40	0.30	real effect	200	0.0350000000	0.0450000000	0.0050000000	0.0000000000	0.9950000000	0.0049874843	99.9050000000	299.7150000000	$24.88-$26.08	$24.90-$26.10 (cap $90.00)	yes	100
100	100	100	300	1.00	direct	anytime-tuned	0.020900	0.50	0.70	0.40	0.40	0.30	real effect	200	0.0150000000	0.0100000000	0.0000000000	0.0000000000	1.0000000000	0.0000000000	100.0000000000	300.0000000000	$24.90-$26.10	$24.90-$26.10 (cap $90.00)	yes	100
100	100	100	300	1.00	direct	anytime-tuned	0.020900	0.25	0.70	0.40	0.40	0.30	real effect	200	0.0050000000	0.0050000000	0.0000000000	0.0000000000	1.0000000000	0.0000000000	100.0000000000	300.0000000000	$24.90-$26.10	$24.90-$26.10 (cap $90.00)	yes	100
100	100	100	300	1.00	direct	fixed-n-betting	0.020900	1.00	0.70	0.40	0.40	0.30	real effect	200	0.0800000000	0.1050000000	0.0200000000	0.0000000000	0.9800000000	0.0098994949	100.0000000000	300.0000000000	$24.90-$26.10	$24.90-$26.10 (cap $90.00)	yes	100
100	100	100	300	1.00	direct	fixed-n-score	0.020900	1.00	0.70	0.40	0.40	0.30	real effect	200	0.3100000000	0.3400000000	0.1850000000	0.0100000000	0.8050000000	0.0274567842	100.0000000000	300.0000000000	$24.90-$26.10	$24.90-$26.10 (cap $90.00)	yes	100
100	100	100	300	1.00	direct	fixed-n-betting	0.010500	1.00	0.70	0.40	0.40	0.30	real effect	200	0.0650000000	0.0750000000	0.0100000000	0.0000000000	0.9900000000	0.0070356236	100.0000000000	300.0000000000	$24.90-$26.10	$24.90-$26.10 (cap $90.00)	yes	100
100	100	100	300	1.00	direct	fixed-n-score	0.010500	1.00	0.70	0.40	0.40	0.30	real effect	200	0.2000000000	0.2550000000	0.1000000000	0.0100000000	0.8900000000	0.0212132034	100.0000000000	300.0000000000	$24.90-$26.10	$24.90-$26.10 (cap $90.00)	yes	100
100	100	100	300	1.00	direct	fixed-n-betting	0.005000	1.00	0.70	0.40	0.40	0.30	real effect	200	0.0350000000	0.0450000000	0.0000000000	0.0000000000	1.0000000000	0.0000000000	100.0000000000	300.0000000000	$24.90-$26.10	$24.90-$26.10 (cap $90.00)	yes	100
100	100	100	300	1.00	direct	fixed-n-score	0.005000	1.00	0.70	0.40	0.40	0.30	real effect	200	0.1350000000	0.1450000000	0.0450000000	0.0100000000	0.9450000000	0.0146586152	100.0000000000	300.0000000000	$24.90-$26.10	$24.90-$26.10 (cap $90.00)	yes	100
100	100	50	250	0.50	union	anytime	0.020900	1.00	0.70	0.40	0.40	0.30	real effect	200	0.0850000000	0.0000000000	0.0000000000	0.0000000000	1.0000000000	0.0000000000	100.0000000000	250.0000000000	$20.75-$21.75	$20.75-$21.75 (cap $75.00)	yes	100
100	100	50	250	0.50	direct	anytime	0.020900	1.00	0.70	0.40	0.40	0.30	real effect	200	0.0850000000	0.0450000000	0.0150000000	0.0000000000	0.9850000000	0.0085950567	99.6350000000	249.0850000000	$20.67-$21.67	$20.75-$21.75 (cap $75.00)	yes	100
100	100	50	250	0.50	direct	anytime-tuned	0.020900	1.00	0.70	0.40	0.40	0.30	real effect	200	0.0350000000	0.0000000000	0.0000000000	0.0000000000	1.0000000000	0.0000000000	100.0000000000	250.0000000000	$20.75-$21.75	$20.75-$21.75 (cap $75.00)	yes	100
100	100	50	250	0.50	direct	anytime-tuned	0.020900	0.50	0.70	0.40	0.40	0.30	real effect	200	0.0150000000	0.0000000000	0.0000000000	0.0000000000	1.0000000000	0.0000000000	100.0000000000	250.0000000000	$20.75-$21.75	$20.75-$21.75 (cap $75.00)	yes	100
100	100	50	250	0.50	direct	anytime-tuned	0.020900	0.25	0.70	0.40	0.40	0.30	real effect	200	0.0050000000	0.0000000000	0.0000000000	0.0000000000	1.0000000000	0.0000000000	100.0000000000	250.0000000000	$20.75-$21.75	$20.75-$21.75 (cap $75.00)	yes	100
100	100	50	250	0.50	direct	fixed-n-betting	0.020900	1.00	0.70	0.40	0.40	0.30	real effect	200	0.0800000000	0.0500000000	0.0050000000	0.0000000000	0.9950000000	0.0049874843	100.0000000000	250.0000000000	$20.75-$21.75	$20.75-$21.75 (cap $75.00)	yes	100
100	100	50	250	0.50	direct	fixed-n-score	0.020900	1.00	0.70	0.40	0.40	0.30	real effect	200	0.3100000000	0.2200000000	0.1200000000	0.0100000000	0.8700000000	0.0229782506	100.0000000000	250.0000000000	$20.75-$21.75	$20.75-$21.75 (cap $75.00)	yes	100
100	100	50	250	0.50	direct	fixed-n-betting	0.010500	1.00	0.70	0.40	0.40	0.30	real effect	200	0.0650000000	0.0200000000	0.0050000000	0.0000000000	0.9950000000	0.0049874843	100.0000000000	250.0000000000	$20.75-$21.75	$20.75-$21.75 (cap $75.00)	yes	100
100	100	50	250	0.50	direct	fixed-n-score	0.010500	1.00	0.70	0.40	0.40	0.30	real effect	200	0.2000000000	0.1450000000	0.0500000000	0.0100000000	0.9400000000	0.0154110350	100.0000000000	250.0000000000	$20.75-$21.75	$20.75-$21.75 (cap $75.00)	yes	100
100	100	50	250	0.50	direct	fixed-n-betting	0.005000	1.00	0.70	0.40	0.40	0.30	real effect	200	0.0350000000	0.0100000000	0.0000000000	0.0000000000	1.0000000000	0.0000000000	100.0000000000	250.0000000000	$20.75-$21.75	$20.75-$21.75 (cap $75.00)	yes	100
100	100	50	250	0.50	direct	fixed-n-score	0.005000	1.00	0.70	0.40	0.40	0.30	real effect	200	0.1350000000	0.1000000000	0.0300000000	0.0100000000	0.9600000000	0.0120623381	100.0000000000	250.0000000000	$20.75-$21.75	$20.75-$21.75 (cap $75.00)	yes	100
