n_full	n_placebo	n_null	total_epochs	null_per_pair	p_full	p_placebo	p_null	d	role	replicates	look	p_pass	p_cut	p_cant_tell_yet	se_pass	expected_pairs
97	97	97	291	1.00	0.50	0.30	0.30	0.20	calibration	10000	1	0.00000	0.00000	1.00000	0.00000	1.000
97	97	97	291	1.00	0.50	0.30	0.30	0.20	calibration	10000	2	0.00000	0.00000	1.00000	0.00000	2.000
97	97	97	291	1.00	0.50	0.30	0.30	0.20	calibration	10000	3	0.00000	0.00000	1.00000	0.00000	3.000
97	97	97	291	1.00	0.50	0.30	0.30	0.20	calibration	10000	4	0.00000	0.00000	1.00000	0.00000	4.000
97	97	97	291	1.00	0.50	0.30	0.30	0.20	calibration	10000	5	0.00000	0.00000	1.00000	0.00000	5.000
97	97	97	291	1.00	0.50	0.30	0.30	0.20	calibration	10000	6	0.00000	0.00010	0.99990	0.00000	6.000
97	97	97	291	1.00	0.50	0.30	0.30	0.20	calibration	10000	7	0.00000	0.00040	0.99960	0.00000	7.000
97	97	97	291	1.00	0.50	0.30	0.30	0.20	calibration	10000	8	0.00000	0.00090	0.99910	0.00000	8.000
97	97	97	291	1.00	0.50	0.30	0.30	0.20	calibration	10000	9	0.00000	0.00120	0.99880	0.00000	8.999
97	97	97	291	1.00	0.50	0.30	0.30	0.20	calibration	10000	10	0.00000	0.00170	0.99830	0.00000	9.997
97	97	97	291	1.00	0.50	0.30	0.30	0.20	calibration	10000	11	0.00000	0.00390	0.99610	0.00000	10.996
97	97	97	291	1.00	0.50	0.30	0.30	0.20	calibration	10000	12	0.00000	0.00460	0.99540	0.00000	11.992
97	97	97	291	1.00	0.50	0.30	0.30	0.20	calibration	10000	13	0.00000	0.00500	0.99500	0.00000	12.987
97	97	97	291	1.00	0.50	0.30	0.30	0.20	calibration	10000	14	0.00000	0.00710	0.99290	0.00000	13.982
97	97	97	291	1.00	0.50	0.30	0.30	0.20	calibration	10000	15	0.00000	0.00800	0.99200	0.00000	14.975
97	97	97	291	1.00	0.50	0.30	0.30	0.20	calibration	10000	16	0.00000	0.00900	0.99100	0.00000	15.967
97	97	97	291	1.00	0.50	0.30	0.30	0.20	calibration	10000	17	0.00000	0.00970	0.99030	0.00000	16.958
97	97	97	291	1.00	0.50	0.30	0.30	0.20	calibration	10000	18	0.00000	0.01050	0.98950	0.00000	17.948
97	97	97	291	1.00	0.50	0.30	0.30	0.20	calibration	10000	19	0.00000	0.01110	0.98890	0.00000	18.938
97	97	97	291	1.00	0.50	0.30	0.30	0.20	calibration	10000	20	0.00000	0.01180	0.98820	0.00000	19.927
97	97	97	291	1.00	0.50	0.30	0.30	0.20	calibration	10000	21	0.00000	0.01240	0.98760	0.00000	20.915
97	97	97	291	1.00	0.50	0.30	0.30	0.20	calibration	10000	22	0.00000	0.01300	0.98700	0.00000	21.903
97	97	97	291	1.00	0.50	0.30	0.30	0.20	calibration	10000	23	0.00000	0.01380	0.98620	0.00000	22.890
97	97	97	291	1.00	0.50	0.30	0.30	0.20	calibration	10000	24	0.00000	0.01430	0.98570	0.00000	23.876
97	97	97	291	1.00	0.50	0.30	0.30	0.20	calibration	10000	25	0.00000	0.01440	0.98560	0.00000	24.861
97	97	97	291	1.00	0.50	0.30	0.30	0.20	calibration	10000	26	0.00000	0.01490	0.98510	0.00000	25.847
97	97	97	291	1.00	0.50	0.30	0.30	0.20	calibration	10000	27	0.00000	0.01530	0.98470	0.00000	26.832
97	97	97	291	1.00	0.50	0.30	0.30	0.20	calibration	10000	28	0.00000	0.01570	0.98430	0.00000	27.817
97	97	97	291	1.00	0.50	0.30	0.30	0.20	calibration	10000	29	0.00000	0.01630	0.98370	0.00000	28.801
97	97	97	291	1.00	0.50	0.30	0.30	0.20	calibration	10000	30	0.00000	0.01680	0.98320	0.00000	29.785
97	97	97	291	1.00	0.50	0.30	0.30	0.20	calibration	10000	31	0.00000	0.01730	0.98270	0.00000	30.768
97	97	97	291	1.00	0.50	0.30	0.30	0.20	calibration	10000	32	0.00000	0.01730	0.98270	0.00000	31.751
97	97	97	291	1.00	0.50	0.30	0.30	0.20	calibration	10000	33	0.00000	0.01750	0.98250	0.00000	32.733
97	97	97	291	1.00	0.50	0.30	0.30	0.20	calibration	10000	34	0.00000	0.01810	0.98190	0.00000	33.716
97	97	97	291	1.00	0.50	0.30	0.30	0.20	calibration	10000	35	0.00000	0.01830	0.98170	0.00000	34.698
97	97	97	291	1.00	0.50	0.30	0.30	0.20	calibration	10000	36	0.00000	0.01870	0.98130	0.00000	35.680
97	97	97	291	1.00	0.50	0.30	0.30	0.20	calibration	10000	37	0.00000	0.01900	0.98100	0.00000	36.661
97	97	97	291	1.00	0.50	0.30	0.30	0.20	calibration	10000	38	0.00000	0.01910	0.98090	0.00000	37.642
97	97	97	291	1.00	0.50	0.30	0.30	0.20	calibration	10000	39	0.00000	0.01950	0.98050	0.00000	38.623
97	97	97	291	1.00	0.50	0.30	0.30	0.20	calibration	10000	40	0.00000	0.01970	0.98030	0.00000	39.603
97	97	97	291	1.00	0.50	0.30	0.30	0.20	calibration	10000	41	0.00000	0.01990	0.98010	0.00000	40.584
97	97	97	291	1.00	0.50	0.30	0.30	0.20	calibration	10000	42	0.00000	0.02020	0.97980	0.00000	41.564
97	97	97	291	1.00	0.50	0.30	0.30	0.20	calibration	10000	43	0.00000	0.02020	0.97980	0.00000	42.544
97	97	97	291	1.00	0.50	0.30	0.30	0.20	calibration	10000	44	0.00000	0.02030	0.97970	0.00000	43.523
97	97	97	291	1.00	0.50	0.30	0.30	0.20	calibration	10000	45	0.00000	0.02050	0.97950	0.00000	44.503
97	97	97	291	1.00	0.50	0.30	0.30	0.20	calibration	10000	46	0.00000	0.02080	0.97920	0.00000	45.483
97	97	97	291	1.00	0.50	0.30	0.30	0.20	calibration	10000	47	0.00000	0.02120	0.97880	0.00000	46.462
97	97	97	291	1.00	0.50	0.30	0.30	0.20	calibration	10000	48	0.00000	0.02130	0.97870	0.00000	47.441
97	97	97	291	1.00	0.50	0.30	0.30	0.20	calibration	10000	49	0.00000	0.02130	0.97870	0.00000	48.419
97	97	97	291	1.00	0.50	0.30	0.30	0.20	calibration	10000	50	0.00000	0.02150	0.97850	0.00000	49.398
97	97	97	291	1.00	0.50	0.30	0.30	0.20	calibration	10000	51	0.00000	0.02150	0.97850	0.00000	50.376
97	97	97	291	1.00	0.50	0.30	0.30	0.20	calibration	10000	52	0.00000	0.02170	0.97830	0.00000	51.355
97	97	97	291	1.00	0.50	0.30	0.30	0.20	calibration	10000	53	0.00000	0.02180	0.97820	0.00000	52.333
97	97	97	291	1.00	0.50	0.30	0.30	0.20	calibration	10000	54	0.00000	0.02190	0.97810	0.00000	53.311
97	97	97	291	1.00	0.50	0.30	0.30	0.20	calibration	10000	55	0.00000	0.02200	0.97800	0.00000	54.289
97	97	97	291	1.00	0.50	0.30	0.30	0.20	calibration	10000	56	0.00000	0.02230	0.97770	0.00000	55.267
97	97	97	291	1.00	0.50	0.30	0.30	0.20	calibration	10000	57	0.00000	0.02240	0.97760	0.00000	56.245
97	97	97	291	1.00	0.50	0.30	0.30	0.20	calibration	10000	58	0.00000	0.02270	0.97730	0.00000	57.223
97	97	97	291	1.00	0.50	0.30	0.30	0.20	calibration	10000	59	0.00000	0.02290	0.97710	0.00000	58.200
97	97	97	291	1.00	0.50	0.30	0.30	0.20	calibration	10000	60	0.00000	0.02300	0.97700	0.00000	59.177
97	97	97	291	1.00	0.50	0.30	0.30	0.20	calibration	10000	61	0.00000	0.02300	0.97700	0.00000	60.154
97	97	97	291	1.00	0.50	0.30	0.30	0.20	calibration	10000	62	0.00000	0.02330	0.97670	0.00000	61.131
97	97	97	291	1.00	0.50	0.30	0.30	0.20	calibration	10000	63	0.00000	0.02340	0.97660	0.00000	62.108
97	97	97	291	1.00	0.50	0.30	0.30	0.20	calibration	10000	64	0.00000	0.02340	0.97660	0.00000	63.084
97	97	97	291	1.00	0.50	0.30	0.30	0.20	calibration	10000	65	0.00000	0.02350	0.97650	0.00000	64.061
97	97	97	291	1.00	0.50	0.30	0.30	0.20	calibration	10000	66	0.00000	0.02360	0.97640	0.00000	65.038
97	97	97	291	1.00	0.50	0.30	0.30	0.20	calibration	10000	67	0.00000	0.02370	0.97630	0.00000	66.014
97	97	97	291	1.00	0.50	0.30	0.30	0.20	calibration	10000	68	0.00000	0.02370	0.97630	0.00000	66.990
97	97	97	291	1.00	0.50	0.30	0.30	0.20	calibration	10000	69	0.00000	0.02370	0.97630	0.00000	67.967
97	97	97	291	1.00	0.50	0.30	0.30	0.20	calibration	10000	70	0.00000	0.02380	0.97620	0.00000	68.943
97	97	97	291	1.00	0.50	0.30	0.30	0.20	calibration	10000	71	0.00000	0.02390	0.97610	0.00000	69.919
97	97	97	291	1.00	0.50	0.30	0.30	0.20	calibration	10000	72	0.00000	0.02390	0.97610	0.00000	70.895
97	97	97	291	1.00	0.50	0.30	0.30	0.20	calibration	10000	73	0.00000	0.02390	0.97610	0.00000	71.871
97	97	97	291	1.00	0.50	0.30	0.30	0.20	calibration	10000	74	0.00000	0.02410	0.97590	0.00000	72.847
97	97	97	291	1.00	0.50	0.30	0.30	0.20	calibration	10000	75	0.00000	0.02410	0.97590	0.00000	73.823
97	97	97	291	1.00	0.50	0.30	0.30	0.20	calibration	10000	76	0.00000	0.02410	0.97590	0.00000	74.799
97	97	97	291	1.00	0.50	0.30	0.30	0.20	calibration	10000	77	0.00000	0.02410	0.97590	0.00000	75.775
97	97	97	291	1.00	0.50	0.30	0.30	0.20	calibration	10000	78	0.00000	0.02410	0.97590	0.00000	76.751
97	97	97	291	1.00	0.50	0.30	0.30	0.20	calibration	10000	79	0.00000	0.02410	0.97590	0.00000	77.727
97	97	97	291	1.00	0.50	0.30	0.30	0.20	calibration	10000	80	0.00000	0.02420	0.97580	0.00000	78.703
97	97	97	291	1.00	0.50	0.30	0.30	0.20	calibration	10000	81	0.00000	0.02420	0.97580	0.00000	79.679
97	97	97	291	1.00	0.50	0.30	0.30	0.20	calibration	10000	82	0.00000	0.02430	0.97570	0.00000	80.654
97	97	97	291	1.00	0.50	0.30	0.30	0.20	calibration	10000	83	0.00000	0.02430	0.97570	0.00000	81.630
97	97	97	291	1.00	0.50	0.30	0.30	0.20	calibration	10000	84	0.00000	0.02430	0.97570	0.00000	82.606
97	97	97	291	1.00	0.50	0.30	0.30	0.20	calibration	10000	85	0.00000	0.02450	0.97550	0.00000	83.582
97	97	97	291	1.00	0.50	0.30	0.30	0.20	calibration	10000	86	0.00000	0.02450	0.97550	0.00000	84.557
97	97	97	291	1.00	0.50	0.30	0.30	0.20	calibration	10000	87	0.00000	0.02470	0.97530	0.00000	85.532
97	97	97	291	1.00	0.50	0.30	0.30	0.20	calibration	10000	88	0.00000	0.02470	0.97530	0.00000	86.508
97	97	97	291	1.00	0.50	0.30	0.30	0.20	calibration	10000	89	0.00000	0.02470	0.97530	0.00000	87.483
97	97	97	291	1.00	0.50	0.30	0.30	0.20	calibration	10000	90	0.00000	0.02480	0.97520	0.00000	88.458
97	97	97	291	1.00	0.50	0.30	0.30	0.20	calibration	10000	91	0.00000	0.02500	0.97500	0.00000	89.434
97	97	97	291	1.00	0.50	0.30	0.30	0.20	calibration	10000	92	0.00000	0.02500	0.97500	0.00000	90.409
97	97	97	291	1.00	0.50	0.30	0.30	0.20	calibration	10000	93	0.00000	0.02520	0.97480	0.00000	91.384
97	97	97	291	1.00	0.50	0.30	0.30	0.20	calibration	10000	94	0.00000	0.02530	0.97470	0.00000	92.358
97	97	97	291	1.00	0.50	0.30	0.30	0.20	calibration	10000	95	0.00000	0.02530	0.97470	0.00000	93.333
97	97	97	291	1.00	0.50	0.30	0.30	0.20	calibration	10000	96	0.00000	0.02530	0.97470	0.00000	94.308
97	97	97	291	1.00	0.50	0.30	0.30	0.20	calibration	10000	97	0.00000	0.02530	0.97470	0.00000	95.282
97	97	97	291	1.00	0.55	0.30	0.30	0.25	small real effect	10000	1	0.00000	0.00000	1.00000	0.00000	1.000
97	97	97	291	1.00	0.55	0.30	0.30	0.25	small real effect	10000	2	0.00000	0.00000	1.00000	0.00000	2.000
97	97	97	291	1.00	0.55	0.30	0.30	0.25	small real effect	10000	3	0.00000	0.00000	1.00000	0.00000	3.000
97	97	97	291	1.00	0.55	0.30	0.30	0.25	small real effect	10000	4	0.00000	0.00000	1.00000	0.00000	4.000
97	97	97	291	1.00	0.55	0.30	0.30	0.25	small real effect	10000	5	0.00000	0.00000	1.00000	0.00000	5.000
97	97	97	291	1.00	0.55	0.30	0.30	0.25	small real effect	10000	6	0.00000	0.00000	1.00000	0.00000	6.000
97	97	97	291	1.00	0.55	0.30	0.30	0.25	small real effect	10000	7	0.00000	0.00020	0.99980	0.00000	7.000
97	97	97	291	1.00	0.55	0.30	0.30	0.25	small real effect	10000	8	0.00000	0.00040	0.99960	0.00000	8.000
97	97	97	291	1.00	0.55	0.30	0.30	0.25	small real effect	10000	9	0.00000	0.00090	0.99910	0.00000	8.999
97	97	97	291	1.00	0.55	0.30	0.30	0.25	small real effect	10000	10	0.00000	0.00110	0.99890	0.00000	9.998
97	97	97	291	1.00	0.55	0.30	0.30	0.25	small real effect	10000	11	0.00000	0.00200	0.99800	0.00000	10.997
97	97	97	291	1.00	0.55	0.30	0.30	0.25	small real effect	10000	12	0.00000	0.00230	0.99770	0.00000	11.995
97	97	97	291	1.00	0.55	0.30	0.30	0.25	small real effect	10000	13	0.00000	0.00250	0.99750	0.00000	12.993
97	97	97	291	1.00	0.55	0.30	0.30	0.25	small real effect	10000	14	0.00000	0.00320	0.99680	0.00000	13.991
97	97	97	291	1.00	0.55	0.30	0.30	0.25	small real effect	10000	15	0.00000	0.00400	0.99600	0.00000	14.987
97	97	97	291	1.00	0.55	0.30	0.30	0.25	small real effect	10000	16	0.00000	0.00440	0.99560	0.00000	15.983
97	97	97	291	1.00	0.55	0.30	0.30	0.25	small real effect	10000	17	0.00000	0.00460	0.99540	0.00000	16.979
97	97	97	291	1.00	0.55	0.30	0.30	0.25	small real effect	10000	18	0.00000	0.00500	0.99500	0.00000	17.974
97	97	97	291	1.00	0.55	0.30	0.30	0.25	small real effect	10000	19	0.00000	0.00510	0.99490	0.00000	18.969
97	97	97	291	1.00	0.55	0.30	0.30	0.25	small real effect	10000	20	0.00000	0.00520	0.99480	0.00000	19.964
97	97	97	291	1.00	0.55	0.30	0.30	0.25	small real effect	10000	21	0.00000	0.00540	0.99460	0.00000	20.959
97	97	97	291	1.00	0.55	0.30	0.30	0.25	small real effect	10000	22	0.00000	0.00550	0.99450	0.00000	21.954
97	97	97	291	1.00	0.55	0.30	0.30	0.25	small real effect	10000	23	0.00000	0.00580	0.99420	0.00000	22.948
97	97	97	291	1.00	0.55	0.30	0.30	0.25	small real effect	10000	24	0.00000	0.00600	0.99400	0.00000	23.942
97	97	97	291	1.00	0.55	0.30	0.30	0.25	small real effect	10000	25	0.00000	0.00610	0.99390	0.00000	24.936
97	97	97	291	1.00	0.55	0.30	0.30	0.25	small real effect	10000	26	0.00000	0.00610	0.99390	0.00000	25.930
97	97	97	291	1.00	0.55	0.30	0.30	0.25	small real effect	10000	27	0.00000	0.00610	0.99390	0.00000	26.924
97	97	97	291	1.00	0.55	0.30	0.30	0.25	small real effect	10000	28	0.00000	0.00620	0.99380	0.00000	27.918
97	97	97	291	1.00	0.55	0.30	0.30	0.25	small real effect	10000	29	0.00000	0.00630	0.99370	0.00000	28.912
97	97	97	291	1.00	0.55	0.30	0.30	0.25	small real effect	10000	30	0.00000	0.00640	0.99360	0.00000	29.906
97	97	97	291	1.00	0.55	0.30	0.30	0.25	small real effect	10000	31	0.00000	0.00660	0.99340	0.00000	30.899
97	97	97	291	1.00	0.55	0.30	0.30	0.25	small real effect	10000	32	0.00000	0.00660	0.99340	0.00000	31.893
97	97	97	291	1.00	0.55	0.30	0.30	0.25	small real effect	10000	33	0.00000	0.00660	0.99340	0.00000	32.886
97	97	97	291	1.00	0.55	0.30	0.30	0.25	small real effect	10000	34	0.00000	0.00660	0.99340	0.00000	33.879
97	97	97	291	1.00	0.55	0.30	0.30	0.25	small real effect	10000	35	0.00000	0.00660	0.99340	0.00000	34.873
97	97	97	291	1.00	0.55	0.30	0.30	0.25	small real effect	10000	36	0.00000	0.00670	0.99330	0.00000	35.866
97	97	97	291	1.00	0.55	0.30	0.30	0.25	small real effect	10000	37	0.00010	0.00680	0.99310	0.00010	36.859
97	97	97	291	1.00	0.55	0.30	0.30	0.25	small real effect	10000	38	0.00010	0.00690	0.99300	0.00010	37.853
97	97	97	291	1.00	0.55	0.30	0.30	0.25	small real effect	10000	39	0.00010	0.00700	0.99290	0.00010	38.846
97	97	97	291	1.00	0.55	0.30	0.30	0.25	small real effect	10000	40	0.00010	0.00700	0.99290	0.00010	39.839
97	97	97	291	1.00	0.55	0.30	0.30	0.25	small real effect	10000	41	0.00010	0.00700	0.99290	0.00010	40.831
97	97	97	291	1.00	0.55	0.30	0.30	0.25	small real effect	10000	42	0.00010	0.00700	0.99290	0.00010	41.824
97	97	97	291	1.00	0.55	0.30	0.30	0.25	small real effect	10000	43	0.00010	0.00700	0.99290	0.00010	42.817
97	97	97	291	1.00	0.55	0.30	0.30	0.25	small real effect	10000	44	0.00010	0.00700	0.99290	0.00010	43.810
97	97	97	291	1.00	0.55	0.30	0.30	0.25	small real effect	10000	45	0.00010	0.00700	0.99290	0.00010	44.803
97	97	97	291	1.00	0.55	0.30	0.30	0.25	small real effect	10000	46	0.00010	0.00700	0.99290	0.00010	45.796
97	97	97	291	1.00	0.55	0.30	0.30	0.25	small real effect	10000	47	0.00010	0.00700	0.99290	0.00010	46.789
97	97	97	291	1.00	0.55	0.30	0.30	0.25	small real effect	10000	48	0.00010	0.00700	0.99290	0.00010	47.782
97	97	97	291	1.00	0.55	0.30	0.30	0.25	small real effect	10000	49	0.00010	0.00710	0.99280	0.00010	48.775
97	97	97	291	1.00	0.55	0.30	0.30	0.25	small real effect	10000	50	0.00010	0.00720	0.99270	0.00010	49.767
97	97	97	291	1.00	0.55	0.30	0.30	0.25	small real effect	10000	51	0.00010	0.00720	0.99270	0.00010	50.760
97	97	97	291	1.00	0.55	0.30	0.30	0.25	small real effect	10000	52	0.00010	0.00720	0.99270	0.00010	51.753
97	97	97	291	1.00	0.55	0.30	0.30	0.25	small real effect	10000	53	0.00010	0.00720	0.99270	0.00010	52.745
97	97	97	291	1.00	0.55	0.30	0.30	0.25	small real effect	10000	54	0.00010	0.00730	0.99260	0.00010	53.738
97	97	97	291	1.00	0.55	0.30	0.30	0.25	small real effect	10000	55	0.00010	0.00730	0.99260	0.00010	54.731
97	97	97	291	1.00	0.55	0.30	0.30	0.25	small real effect	10000	56	0.00010	0.00730	0.99260	0.00010	55.723
97	97	97	291	1.00	0.55	0.30	0.30	0.25	small real effect	10000	57	0.00010	0.00730	0.99260	0.00010	56.716
97	97	97	291	1.00	0.55	0.30	0.30	0.25	small real effect	10000	58	0.00010	0.00730	0.99260	0.00010	57.709
97	97	97	291	1.00	0.55	0.30	0.30	0.25	small real effect	10000	59	0.00010	0.00730	0.99260	0.00010	58.701
97	97	97	291	1.00	0.55	0.30	0.30	0.25	small real effect	10000	60	0.00010	0.00730	0.99260	0.00010	59.694
97	97	97	291	1.00	0.55	0.30	0.30	0.25	small real effect	10000	61	0.00010	0.00750	0.99240	0.00010	60.686
97	97	97	291	1.00	0.55	0.30	0.30	0.25	small real effect	10000	62	0.00010	0.00760	0.99230	0.00010	61.679
97	97	97	291	1.00	0.55	0.30	0.30	0.25	small real effect	10000	63	0.00010	0.00760	0.99230	0.00010	62.671
97	97	97	291	1.00	0.55	0.30	0.30	0.25	small real effect	10000	64	0.00010	0.00760	0.99230	0.00010	63.663
97	97	97	291	1.00	0.55	0.30	0.30	0.25	small real effect	10000	65	0.00010	0.00770	0.99220	0.00010	64.656
97	97	97	291	1.00	0.55	0.30	0.30	0.25	small real effect	10000	66	0.00010	0.00770	0.99220	0.00010	65.648
97	97	97	291	1.00	0.55	0.30	0.30	0.25	small real effect	10000	67	0.00010	0.00770	0.99220	0.00010	66.640
97	97	97	291	1.00	0.55	0.30	0.30	0.25	small real effect	10000	68	0.00010	0.00770	0.99220	0.00010	67.632
97	97	97	291	1.00	0.55	0.30	0.30	0.25	small real effect	10000	69	0.00010	0.00770	0.99220	0.00010	68.624
97	97	97	291	1.00	0.55	0.30	0.30	0.25	small real effect	10000	70	0.00010	0.00770	0.99220	0.00010	69.617
97	97	97	291	1.00	0.55	0.30	0.30	0.25	small real effect	10000	71	0.00010	0.00770	0.99220	0.00010	70.609
97	97	97	291	1.00	0.55	0.30	0.30	0.25	small real effect	10000	72	0.00010	0.00770	0.99220	0.00010	71.601
97	97	97	291	1.00	0.55	0.30	0.30	0.25	small real effect	10000	73	0.00010	0.00770	0.99220	0.00010	72.593
97	97	97	291	1.00	0.55	0.30	0.30	0.25	small real effect	10000	74	0.00010	0.00770	0.99220	0.00010	73.585
97	97	97	291	1.00	0.55	0.30	0.30	0.25	small real effect	10000	75	0.00010	0.00770	0.99220	0.00010	74.578
97	97	97	291	1.00	0.55	0.30	0.30	0.25	small real effect	10000	76	0.00010	0.00770	0.99220	0.00010	75.570
97	97	97	291	1.00	0.55	0.30	0.30	0.25	small real effect	10000	77	0.00010	0.00770	0.99220	0.00010	76.562
97	97	97	291	1.00	0.55	0.30	0.30	0.25	small real effect	10000	78	0.00010	0.00770	0.99220	0.00010	77.554
97	97	97	291	1.00	0.55	0.30	0.30	0.25	small real effect	10000	79	0.00010	0.00770	0.99220	0.00010	78.546
97	97	97	291	1.00	0.55	0.30	0.30	0.25	small real effect	10000	80	0.00010	0.00770	0.99220	0.00010	79.539
97	97	97	291	1.00	0.55	0.30	0.30	0.25	small real effect	10000	81	0.00010	0.00770	0.99220	0.00010	80.531
97	97	97	291	1.00	0.55	0.30	0.30	0.25	small real effect	10000	82	0.00010	0.00770	0.99220	0.00010	81.523
97	97	97	291	1.00	0.55	0.30	0.30	0.25	small real effect	10000	83	0.00010	0.00770	0.99220	0.00010	82.515
97	97	97	291	1.00	0.55	0.30	0.30	0.25	small real effect	10000	84	0.00010	0.00770	0.99220	0.00010	83.507
97	97	97	291	1.00	0.55	0.30	0.30	0.25	small real effect	10000	85	0.00020	0.00780	0.99200	0.00014	84.500
97	97	97	291	1.00	0.55	0.30	0.30	0.25	small real effect	10000	86	0.00020	0.00780	0.99200	0.00014	85.492
97	97	97	291	1.00	0.55	0.30	0.30	0.25	small real effect	10000	87	0.00020	0.00780	0.99200	0.00014	86.484
97	97	97	291	1.00	0.55	0.30	0.30	0.25	small real effect	10000	88	0.00020	0.00790	0.99190	0.00014	87.476
97	97	97	291	1.00	0.55	0.30	0.30	0.25	small real effect	10000	89	0.00020	0.00790	0.99190	0.00014	88.468
97	97	97	291	1.00	0.55	0.30	0.30	0.25	small real effect	10000	90	0.00020	0.00790	0.99190	0.00014	89.460
97	97	97	291	1.00	0.55	0.30	0.30	0.25	small real effect	10000	91	0.00020	0.00790	0.99190	0.00014	90.451
97	97	97	291	1.00	0.55	0.30	0.30	0.25	small real effect	10000	92	0.00020	0.00790	0.99190	0.00014	91.443
97	97	97	291	1.00	0.55	0.30	0.30	0.25	small real effect	10000	93	0.00020	0.00790	0.99190	0.00014	92.435
97	97	97	291	1.00	0.55	0.30	0.30	0.25	small real effect	10000	94	0.00020	0.00790	0.99190	0.00014	93.427
97	97	97	291	1.00	0.55	0.30	0.30	0.25	small real effect	10000	95	0.00020	0.00790	0.99190	0.00014	94.419
97	97	97	291	1.00	0.55	0.30	0.30	0.25	small real effect	10000	96	0.00020	0.00790	0.99190	0.00014	95.411
97	97	97	291	1.00	0.55	0.30	0.30	0.25	small real effect	10000	97	0.00020	0.00790	0.99190	0.00014	96.403
97	97	97	291	1.00	0.60	0.30	0.30	0.30	real effect	10000	1	0.00000	0.00000	1.00000	0.00000	1.000
97	97	97	291	1.00	0.60	0.30	0.30	0.30	real effect	10000	2	0.00000	0.00000	1.00000	0.00000	2.000
97	97	97	291	1.00	0.60	0.30	0.30	0.30	real effect	10000	3	0.00000	0.00000	1.00000	0.00000	3.000
97	97	97	291	1.00	0.60	0.30	0.30	0.30	real effect	10000	4	0.00000	0.00000	1.00000	0.00000	4.000
97	97	97	291	1.00	0.60	0.30	0.30	0.30	real effect	10000	5	0.00000	0.00000	1.00000	0.00000	5.000
97	97	97	291	1.00	0.60	0.30	0.30	0.30	real effect	10000	6	0.00000	0.00000	1.00000	0.00000	6.000
97	97	97	291	1.00	0.60	0.30	0.30	0.30	real effect	10000	7	0.00000	0.00010	0.99990	0.00000	7.000
97	97	97	291	1.00	0.60	0.30	0.30	0.30	real effect	10000	8	0.00000	0.00010	0.99990	0.00000	8.000
97	97	97	291	1.00	0.60	0.30	0.30	0.30	real effect	10000	9	0.00000	0.00020	0.99980	0.00000	9.000
97	97	97	291	1.00	0.60	0.30	0.30	0.30	real effect	10000	10	0.00000	0.00020	0.99980	0.00000	10.000
97	97	97	291	1.00	0.60	0.30	0.30	0.30	real effect	10000	11	0.00000	0.00080	0.99920	0.00000	10.999
97	97	97	291	1.00	0.60	0.30	0.30	0.30	real effect	10000	12	0.00000	0.00090	0.99910	0.00000	11.999
97	97	97	291	1.00	0.60	0.30	0.30	0.30	real effect	10000	13	0.00000	0.00100	0.99900	0.00000	12.998
97	97	97	291	1.00	0.60	0.30	0.30	0.30	real effect	10000	14	0.00000	0.00190	0.99810	0.00000	13.997
97	97	97	291	1.00	0.60	0.30	0.30	0.30	real effect	10000	15	0.00000	0.00210	0.99790	0.00000	14.995
97	97	97	291	1.00	0.60	0.30	0.30	0.30	real effect	10000	16	0.00000	0.00210	0.99790	0.00000	15.993
97	97	97	291	1.00	0.60	0.30	0.30	0.30	real effect	10000	17	0.00000	0.00210	0.99790	0.00000	16.991
97	97	97	291	1.00	0.60	0.30	0.30	0.30	real effect	10000	18	0.00000	0.00230	0.99770	0.00000	17.988
97	97	97	291	1.00	0.60	0.30	0.30	0.30	real effect	10000	19	0.00000	0.00250	0.99750	0.00000	18.986
97	97	97	291	1.00	0.60	0.30	0.30	0.30	real effect	10000	20	0.00000	0.00250	0.99750	0.00000	19.984
97	97	97	291	1.00	0.60	0.30	0.30	0.30	real effect	10000	21	0.00000	0.00250	0.99750	0.00000	20.981
97	97	97	291	1.00	0.60	0.30	0.30	0.30	real effect	10000	22	0.00000	0.00260	0.99740	0.00000	21.979
97	97	97	291	1.00	0.60	0.30	0.30	0.30	real effect	10000	23	0.00000	0.00270	0.99730	0.00000	22.976
97	97	97	291	1.00	0.60	0.30	0.30	0.30	real effect	10000	24	0.00000	0.00270	0.99730	0.00000	23.973
97	97	97	291	1.00	0.60	0.30	0.30	0.30	real effect	10000	25	0.00000	0.00270	0.99730	0.00000	24.971
97	97	97	291	1.00	0.60	0.30	0.30	0.30	real effect	10000	26	0.00000	0.00270	0.99730	0.00000	25.968
97	97	97	291	1.00	0.60	0.30	0.30	0.30	real effect	10000	27	0.00000	0.00270	0.99730	0.00000	26.965
97	97	97	291	1.00	0.60	0.30	0.30	0.30	real effect	10000	28	0.00000	0.00270	0.99730	0.00000	27.963
97	97	97	291	1.00	0.60	0.30	0.30	0.30	real effect	10000	29	0.00000	0.00270	0.99730	0.00000	28.960
97	97	97	291	1.00	0.60	0.30	0.30	0.30	real effect	10000	30	0.00000	0.00270	0.99730	0.00000	29.957
97	97	97	291	1.00	0.60	0.30	0.30	0.30	real effect	10000	31	0.00000	0.00270	0.99730	0.00000	30.954
97	97	97	291	1.00	0.60	0.30	0.30	0.30	real effect	10000	32	0.00010	0.00270	0.99720	0.00010	31.952
97	97	97	291	1.00	0.60	0.30	0.30	0.30	real effect	10000	33	0.00010	0.00270	0.99720	0.00010	32.949
97	97	97	291	1.00	0.60	0.30	0.30	0.30	real effect	10000	34	0.00010	0.00270	0.99720	0.00010	33.946
97	97	97	291	1.00	0.60	0.30	0.30	0.30	real effect	10000	35	0.00010	0.00280	0.99710	0.00010	34.943
97	97	97	291	1.00	0.60	0.30	0.30	0.30	real effect	10000	36	0.00010	0.00280	0.99710	0.00010	35.941
97	97	97	291	1.00	0.60	0.30	0.30	0.30	real effect	10000	37	0.00010	0.00280	0.99710	0.00010	36.938
97	97	97	291	1.00	0.60	0.30	0.30	0.30	real effect	10000	38	0.00010	0.00280	0.99710	0.00010	37.935
97	97	97	291	1.00	0.60	0.30	0.30	0.30	real effect	10000	39	0.00010	0.00280	0.99710	0.00010	38.932
97	97	97	291	1.00	0.60	0.30	0.30	0.30	real effect	10000	40	0.00020	0.00280	0.99700	0.00014	39.929
97	97	97	291	1.00	0.60	0.30	0.30	0.30	real effect	10000	41	0.00020	0.00280	0.99700	0.00014	40.926
97	97	97	291	1.00	0.60	0.30	0.30	0.30	real effect	10000	42	0.00020	0.00280	0.99700	0.00014	41.923
97	97	97	291	1.00	0.60	0.30	0.30	0.30	real effect	10000	43	0.00030	0.00290	0.99680	0.00017	42.920
97	97	97	291	1.00	0.60	0.30	0.30	0.30	real effect	10000	44	0.00030	0.00290	0.99680	0.00017	43.917
97	97	97	291	1.00	0.60	0.30	0.30	0.30	real effect	10000	45	0.00030	0.00290	0.99680	0.00017	44.913
97	97	97	291	1.00	0.60	0.30	0.30	0.30	real effect	10000	46	0.00030	0.00290	0.99680	0.00017	45.910
97	97	97	291	1.00	0.60	0.30	0.30	0.30	real effect	10000	47	0.00030	0.00290	0.99680	0.00017	46.907
97	97	97	291	1.00	0.60	0.30	0.30	0.30	real effect	10000	48	0.00030	0.00290	0.99680	0.00017	47.904
97	97	97	291	1.00	0.60	0.30	0.30	0.30	real effect	10000	49	0.00030	0.00290	0.99680	0.00017	48.901
97	97	97	291	1.00	0.60	0.30	0.30	0.30	real effect	10000	50	0.00030	0.00290	0.99680	0.00017	49.898
97	97	97	291	1.00	0.60	0.30	0.30	0.30	real effect	10000	51	0.00030	0.00290	0.99680	0.00017	50.894
97	97	97	291	1.00	0.60	0.30	0.30	0.30	real effect	10000	52	0.00040	0.00290	0.99670	0.00020	51.891
97	97	97	291	1.00	0.60	0.30	0.30	0.30	real effect	10000	53	0.00040	0.00290	0.99670	0.00020	52.888
97	97	97	291	1.00	0.60	0.30	0.30	0.30	real effect	10000	54	0.00040	0.00290	0.99670	0.00020	53.885
97	97	97	291	1.00	0.60	0.30	0.30	0.30	real effect	10000	55	0.00040	0.00290	0.99670	0.00020	54.881
97	97	97	291	1.00	0.60	0.30	0.30	0.30	real effect	10000	56	0.00040	0.00290	0.99670	0.00020	55.878
97	97	97	291	1.00	0.60	0.30	0.30	0.30	real effect	10000	57	0.00040	0.00290	0.99670	0.00020	56.875
97	97	97	291	1.00	0.60	0.30	0.30	0.30	real effect	10000	58	0.00040	0.00290	0.99670	0.00020	57.871
97	97	97	291	1.00	0.60	0.30	0.30	0.30	real effect	10000	59	0.00060	0.00290	0.99650	0.00024	58.868
97	97	97	291	1.00	0.60	0.30	0.30	0.30	real effect	10000	60	0.00060	0.00290	0.99650	0.00024	59.864
97	97	97	291	1.00	0.60	0.30	0.30	0.30	real effect	10000	61	0.00070	0.00290	0.99640	0.00026	60.861
97	97	97	291	1.00	0.60	0.30	0.30	0.30	real effect	10000	62	0.00080	0.00290	0.99630	0.00028	61.857
97	97	97	291	1.00	0.60	0.30	0.30	0.30	real effect	10000	63	0.00080	0.00290	0.99630	0.00028	62.854
97	97	97	291	1.00	0.60	0.30	0.30	0.30	real effect	10000	64	0.00090	0.00290	0.99620	0.00030	63.850
97	97	97	291	1.00	0.60	0.30	0.30	0.30	real effect	10000	65	0.00100	0.00290	0.99610	0.00032	64.846
97	97	97	291	1.00	0.60	0.30	0.30	0.30	real effect	10000	66	0.00110	0.00290	0.99600	0.00033	65.842
97	97	97	291	1.00	0.60	0.30	0.30	0.30	real effect	10000	67	0.00120	0.00290	0.99590	0.00035	66.838
97	97	97	291	1.00	0.60	0.30	0.30	0.30	real effect	10000	68	0.00130	0.00290	0.99580	0.00036	67.834
97	97	97	291	1.00	0.60	0.30	0.30	0.30	real effect	10000	69	0.00130	0.00290	0.99580	0.00036	68.830
97	97	97	291	1.00	0.60	0.30	0.30	0.30	real effect	10000	70	0.00130	0.00290	0.99580	0.00036	69.826
97	97	97	291	1.00	0.60	0.30	0.30	0.30	real effect	10000	71	0.00130	0.00290	0.99580	0.00036	70.822
97	97	97	291	1.00	0.60	0.30	0.30	0.30	real effect	10000	72	0.00130	0.00290	0.99580	0.00036	71.817
97	97	97	291	1.00	0.60	0.30	0.30	0.30	real effect	10000	73	0.00130	0.00290	0.99580	0.00036	72.813
97	97	97	291	1.00	0.60	0.30	0.30	0.30	real effect	10000	74	0.00130	0.00290	0.99580	0.00036	73.809
97	97	97	291	1.00	0.60	0.30	0.30	0.30	real effect	10000	75	0.00150	0.00290	0.99560	0.00039	74.805
97	97	97	291	1.00	0.60	0.30	0.30	0.30	real effect	10000	76	0.00150	0.00290	0.99560	0.00039	75.800
97	97	97	291	1.00	0.60	0.30	0.30	0.30	real effect	10000	77	0.00150	0.00290	0.99560	0.00039	76.796
97	97	97	291	1.00	0.60	0.30	0.30	0.30	real effect	10000	78	0.00150	0.00290	0.99560	0.00039	77.792
97	97	97	291	1.00	0.60	0.30	0.30	0.30	real effect	10000	79	0.00150	0.00290	0.99560	0.00039	78.787
97	97	97	291	1.00	0.60	0.30	0.30	0.30	real effect	10000	80	0.00160	0.00290	0.99550	0.00040	79.783
97	97	97	291	1.00	0.60	0.30	0.30	0.30	real effect	10000	81	0.00160	0.00290	0.99550	0.00040	80.778
97	97	97	291	1.00	0.60	0.30	0.30	0.30	real effect	10000	82	0.00170	0.00290	0.99540	0.00041	81.774
97	97	97	291	1.00	0.60	0.30	0.30	0.30	real effect	10000	83	0.00170	0.00290	0.99540	0.00041	82.769
97	97	97	291	1.00	0.60	0.30	0.30	0.30	real effect	10000	84	0.00170	0.00290	0.99540	0.00041	83.765
97	97	97	291	1.00	0.60	0.30	0.30	0.30	real effect	10000	85	0.00180	0.00290	0.99530	0.00042	84.760
97	97	97	291	1.00	0.60	0.30	0.30	0.30	real effect	10000	86	0.00180	0.00290	0.99530	0.00042	85.755
97	97	97	291	1.00	0.60	0.30	0.30	0.30	real effect	10000	87	0.00180	0.00290	0.99530	0.00042	86.751
97	97	97	291	1.00	0.60	0.30	0.30	0.30	real effect	10000	88	0.00190	0.00290	0.99520	0.00044	87.746
97	97	97	291	1.00	0.60	0.30	0.30	0.30	real effect	10000	89	0.00200	0.00290	0.99510	0.00045	88.741
97	97	97	291	1.00	0.60	0.30	0.30	0.30	real effect	10000	90	0.00200	0.00290	0.99510	0.00045	89.736
97	97	97	291	1.00	0.60	0.30	0.30	0.30	real effect	10000	91	0.00200	0.00290	0.99510	0.00045	90.731
97	97	97	291	1.00	0.60	0.30	0.30	0.30	real effect	10000	92	0.00200	0.00290	0.99510	0.00045	91.726
97	97	97	291	1.00	0.60	0.30	0.30	0.30	real effect	10000	93	0.00200	0.00290	0.99510	0.00045	92.722
97	97	97	291	1.00	0.60	0.30	0.30	0.30	real effect	10000	94	0.00200	0.00290	0.99510	0.00045	93.717
97	97	97	291	1.00	0.60	0.30	0.30	0.30	real effect	10000	95	0.00200	0.00290	0.99510	0.00045	94.712
97	97	97	291	1.00	0.60	0.30	0.30	0.30	real effect	10000	96	0.00200	0.00290	0.99510	0.00045	95.707
97	97	97	291	1.00	0.60	0.30	0.30	0.30	real effect	10000	97	0.00220	0.00290	0.99490	0.00047	96.702
97	97	97	291	1.00	0.65	0.30	0.30	0.35	real effect	10000	1	0.00000	0.00000	1.00000	0.00000	1.000
97	97	97	291	1.00	0.65	0.30	0.30	0.35	real effect	10000	2	0.00000	0.00000	1.00000	0.00000	2.000
97	97	97	291	1.00	0.65	0.30	0.30	0.35	real effect	10000	3	0.00000	0.00000	1.00000	0.00000	3.000
97	97	97	291	1.00	0.65	0.30	0.30	0.35	real effect	10000	4	0.00000	0.00000	1.00000	0.00000	4.000
97	97	97	291	1.00	0.65	0.30	0.30	0.35	real effect	10000	5	0.00000	0.00000	1.00000	0.00000	5.000
97	97	97	291	1.00	0.65	0.30	0.30	0.35	real effect	10000	6	0.00000	0.00000	1.00000	0.00000	6.000
97	97	97	291	1.00	0.65	0.30	0.30	0.35	real effect	10000	7	0.00000	0.00020	0.99980	0.00000	7.000
97	97	97	291	1.00	0.65	0.30	0.30	0.35	real effect	10000	8	0.00000	0.00020	0.99980	0.00000	8.000
97	97	97	291	1.00	0.65	0.30	0.30	0.35	real effect	10000	9	0.00000	0.00020	0.99980	0.00000	9.000
97	97	97	291	1.00	0.65	0.30	0.30	0.35	real effect	10000	10	0.00000	0.00020	0.99980	0.00000	9.999
97	97	97	291	1.00	0.65	0.30	0.30	0.35	real effect	10000	11	0.00000	0.00030	0.99970	0.00000	10.999
97	97	97	291	1.00	0.65	0.30	0.30	0.35	real effect	10000	12	0.00000	0.00040	0.99960	0.00000	11.999
97	97	97	291	1.00	0.65	0.30	0.30	0.35	real effect	10000	13	0.00000	0.00050	0.99950	0.00000	12.998
97	97	97	291	1.00	0.65	0.30	0.30	0.35	real effect	10000	14	0.00000	0.00060	0.99940	0.00000	13.998
97	97	97	291	1.00	0.65	0.30	0.30	0.35	real effect	10000	15	0.00000	0.00060	0.99940	0.00000	14.997
97	97	97	291	1.00	0.65	0.30	0.30	0.35	real effect	10000	16	0.00000	0.00070	0.99930	0.00000	15.997
97	97	97	291	1.00	0.65	0.30	0.30	0.35	real effect	10000	17	0.00000	0.00080	0.99920	0.00000	16.996
97	97	97	291	1.00	0.65	0.30	0.30	0.35	real effect	10000	18	0.00000	0.00090	0.99910	0.00000	17.995
97	97	97	291	1.00	0.65	0.30	0.30	0.35	real effect	10000	19	0.00000	0.00090	0.99910	0.00000	18.994
97	97	97	291	1.00	0.65	0.30	0.30	0.35	real effect	10000	20	0.00000	0.00090	0.99910	0.00000	19.994
97	97	97	291	1.00	0.65	0.30	0.30	0.35	real effect	10000	21	0.00000	0.00090	0.99910	0.00000	20.993
97	97	97	291	1.00	0.65	0.30	0.30	0.35	real effect	10000	22	0.00000	0.00090	0.99910	0.00000	21.992
97	97	97	291	1.00	0.65	0.30	0.30	0.35	real effect	10000	23	0.00000	0.00100	0.99900	0.00000	22.991
97	97	97	291	1.00	0.65	0.30	0.30	0.35	real effect	10000	24	0.00000	0.00100	0.99900	0.00000	23.990
97	97	97	291	1.00	0.65	0.30	0.30	0.35	real effect	10000	25	0.00000	0.00100	0.99900	0.00000	24.989
97	97	97	291	1.00	0.65	0.30	0.30	0.35	real effect	10000	26	0.00000	0.00100	0.99900	0.00000	25.988
97	97	97	291	1.00	0.65	0.30	0.30	0.35	real effect	10000	27	0.00000	0.00110	0.99890	0.00000	26.987
97	97	97	291	1.00	0.65	0.30	0.30	0.35	real effect	10000	28	0.00000	0.00110	0.99890	0.00000	27.986
97	97	97	291	1.00	0.65	0.30	0.30	0.35	real effect	10000	29	0.00000	0.00110	0.99890	0.00000	28.985
97	97	97	291	1.00	0.65	0.30	0.30	0.35	real effect	10000	30	0.00000	0.00110	0.99890	0.00000	29.983
97	97	97	291	1.00	0.65	0.30	0.30	0.35	real effect	10000	31	0.00000	0.00110	0.99890	0.00000	30.982
97	97	97	291	1.00	0.65	0.30	0.30	0.35	real effect	10000	32	0.00030	0.00120	0.99850	0.00017	31.981
97	97	97	291	1.00	0.65	0.30	0.30	0.35	real effect	10000	33	0.00030	0.00120	0.99850	0.00017	32.980
97	97	97	291	1.00	0.65	0.30	0.30	0.35	real effect	10000	34	0.00040	0.00120	0.99840	0.00020	33.978
97	97	97	291	1.00	0.65	0.30	0.30	0.35	real effect	10000	35	0.00040	0.00120	0.99840	0.00020	34.977
97	97	97	291	1.00	0.65	0.30	0.30	0.35	real effect	10000	36	0.00050	0.00120	0.99830	0.00022	35.975
97	97	97	291	1.00	0.65	0.30	0.30	0.35	real effect	10000	37	0.00050	0.00120	0.99830	0.00022	36.973
97	97	97	291	1.00	0.65	0.30	0.30	0.35	real effect	10000	38	0.00060	0.00120	0.99820	0.00024	37.972
97	97	97	291	1.00	0.65	0.30	0.30	0.35	real effect	10000	39	0.00080	0.00120	0.99800	0.00028	38.970
97	97	97	291	1.00	0.65	0.30	0.30	0.35	real effect	10000	40	0.00100	0.00120	0.99780	0.00032	39.968
97	97	97	291	1.00	0.65	0.30	0.30	0.35	real effect	10000	41	0.00100	0.00120	0.99780	0.00032	40.966
97	97	97	291	1.00	0.65	0.30	0.30	0.35	real effect	10000	42	0.00120	0.00120	0.99760	0.00035	41.964
97	97	97	291	1.00	0.65	0.30	0.30	0.35	real effect	10000	43	0.00120	0.00120	0.99760	0.00035	42.961
97	97	97	291	1.00	0.65	0.30	0.30	0.35	real effect	10000	44	0.00140	0.00120	0.99740	0.00037	43.959
97	97	97	291	1.00	0.65	0.30	0.30	0.35	real effect	10000	45	0.00150	0.00120	0.99730	0.00039	44.956
97	97	97	291	1.00	0.65	0.30	0.30	0.35	real effect	10000	46	0.00180	0.00120	0.99700	0.00042	45.953
97	97	97	291	1.00	0.65	0.30	0.30	0.35	real effect	10000	47	0.00180	0.00120	0.99700	0.00042	46.950
97	97	97	291	1.00	0.65	0.30	0.30	0.35	real effect	10000	48	0.00180	0.00120	0.99700	0.00042	47.947
97	97	97	291	1.00	0.65	0.30	0.30	0.35	real effect	10000	49	0.00200	0.00120	0.99680	0.00045	48.944
97	97	97	291	1.00	0.65	0.30	0.30	0.35	real effect	10000	50	0.00220	0.00120	0.99660	0.00047	49.941
97	97	97	291	1.00	0.65	0.30	0.30	0.35	real effect	10000	51	0.00230	0.00120	0.99650	0.00048	50.938
97	97	97	291	1.00	0.65	0.30	0.30	0.35	real effect	10000	52	0.00230	0.00120	0.99650	0.00048	51.934
97	97	97	291	1.00	0.65	0.30	0.30	0.35	real effect	10000	53	0.00230	0.00120	0.99650	0.00048	52.931
97	97	97	291	1.00	0.65	0.30	0.30	0.35	real effect	10000	54	0.00230	0.00120	0.99650	0.00048	53.927
97	97	97	291	1.00	0.65	0.30	0.30	0.35	real effect	10000	55	0.00230	0.00120	0.99650	0.00048	54.924
97	97	97	291	1.00	0.65	0.30	0.30	0.35	real effect	10000	56	0.00250	0.00120	0.99630	0.00050	55.920
97	97	97	291	1.00	0.65	0.30	0.30	0.35	real effect	10000	57	0.00250	0.00120	0.99630	0.00050	56.917
97	97	97	291	1.00	0.65	0.30	0.30	0.35	real effect	10000	58	0.00250	0.00120	0.99630	0.00050	57.913
97	97	97	291	1.00	0.65	0.30	0.30	0.35	real effect	10000	59	0.00260	0.00120	0.99620	0.00051	58.909
97	97	97	291	1.00	0.65	0.30	0.30	0.35	real effect	10000	60	0.00260	0.00120	0.99620	0.00051	59.905
97	97	97	291	1.00	0.65	0.30	0.30	0.35	real effect	10000	61	0.00280	0.00120	0.99600	0.00053	60.902
97	97	97	291	1.00	0.65	0.30	0.30	0.35	real effect	10000	62	0.00290	0.00120	0.99590	0.00054	61.898
97	97	97	291	1.00	0.65	0.30	0.30	0.35	real effect	10000	63	0.00290	0.00120	0.99590	0.00054	62.894
97	97	97	291	1.00	0.65	0.30	0.30	0.35	real effect	10000	64	0.00310	0.00120	0.99570	0.00056	63.889
97	97	97	291	1.00	0.65	0.30	0.30	0.35	real effect	10000	65	0.00310	0.00130	0.99560	0.00056	64.885
97	97	97	291	1.00	0.65	0.30	0.30	0.35	real effect	10000	66	0.00330	0.00130	0.99540	0.00057	65.881
97	97	97	291	1.00	0.65	0.30	0.30	0.35	real effect	10000	67	0.00370	0.00130	0.99500	0.00061	66.876
97	97	97	291	1.00	0.65	0.30	0.30	0.35	real effect	10000	68	0.00400	0.00130	0.99470	0.00063	67.871
97	97	97	291	1.00	0.65	0.30	0.30	0.35	real effect	10000	69	0.00410	0.00130	0.99460	0.00064	68.866
97	97	97	291	1.00	0.65	0.30	0.30	0.35	real effect	10000	70	0.00420	0.00130	0.99450	0.00065	69.860
97	97	97	291	1.00	0.65	0.30	0.30	0.35	real effect	10000	71	0.00460	0.00130	0.99410	0.00068	70.855
97	97	97	291	1.00	0.65	0.30	0.30	0.35	real effect	10000	72	0.00470	0.00130	0.99400	0.00068	71.849
97	97	97	291	1.00	0.65	0.30	0.30	0.35	real effect	10000	73	0.00490	0.00130	0.99380	0.00070	72.843
97	97	97	291	1.00	0.65	0.30	0.30	0.35	real effect	10000	74	0.00500	0.00130	0.99370	0.00071	73.837
97	97	97	291	1.00	0.65	0.30	0.30	0.35	real effect	10000	75	0.00530	0.00130	0.99340	0.00073	74.831
97	97	97	291	1.00	0.65	0.30	0.30	0.35	real effect	10000	76	0.00550	0.00130	0.99320	0.00074	75.824
97	97	97	291	1.00	0.65	0.30	0.30	0.35	real effect	10000	77	0.00570	0.00130	0.99300	0.00075	76.817
97	97	97	291	1.00	0.65	0.30	0.30	0.35	real effect	10000	78	0.00600	0.00130	0.99270	0.00077	77.810
97	97	97	291	1.00	0.65	0.30	0.30	0.35	real effect	10000	79	0.00610	0.00130	0.99260	0.00078	78.803
97	97	97	291	1.00	0.65	0.30	0.30	0.35	real effect	10000	80	0.00620	0.00130	0.99250	0.00078	79.795
97	97	97	291	1.00	0.65	0.30	0.30	0.35	real effect	10000	81	0.00630	0.00130	0.99240	0.00079	80.788
97	97	97	291	1.00	0.65	0.30	0.30	0.35	real effect	10000	82	0.00670	0.00130	0.99200	0.00082	81.780
97	97	97	291	1.00	0.65	0.30	0.30	0.35	real effect	10000	83	0.00720	0.00130	0.99150	0.00085	82.772
97	97	97	291	1.00	0.65	0.30	0.30	0.35	real effect	10000	84	0.00740	0.00130	0.99130	0.00086	83.764
97	97	97	291	1.00	0.65	0.30	0.30	0.35	real effect	10000	85	0.00750	0.00130	0.99120	0.00086	84.755
97	97	97	291	1.00	0.65	0.30	0.30	0.35	real effect	10000	86	0.00770	0.00130	0.99100	0.00087	85.746
97	97	97	291	1.00	0.65	0.30	0.30	0.35	real effect	10000	87	0.00800	0.00130	0.99070	0.00089	86.737
97	97	97	291	1.00	0.65	0.30	0.30	0.35	real effect	10000	88	0.00800	0.00130	0.99070	0.00089	87.728
97	97	97	291	1.00	0.65	0.30	0.30	0.35	real effect	10000	89	0.00830	0.00130	0.99040	0.00091	88.719
97	97	97	291	1.00	0.65	0.30	0.30	0.35	real effect	10000	90	0.00850	0.00130	0.99020	0.00092	89.709
97	97	97	291	1.00	0.65	0.30	0.30	0.35	real effect	10000	91	0.00880	0.00130	0.98990	0.00093	90.699
97	97	97	291	1.00	0.65	0.30	0.30	0.35	real effect	10000	92	0.00900	0.00130	0.98970	0.00094	91.689
97	97	97	291	1.00	0.65	0.30	0.30	0.35	real effect	10000	93	0.00930	0.00130	0.98940	0.00096	92.679
97	97	97	291	1.00	0.65	0.30	0.30	0.35	real effect	10000	94	0.00960	0.00130	0.98910	0.00098	93.668
97	97	97	291	1.00	0.65	0.30	0.30	0.35	real effect	10000	95	0.00980	0.00130	0.98890	0.00099	94.657
97	97	97	291	1.00	0.65	0.30	0.30	0.35	real effect	10000	96	0.01000	0.00130	0.98870	0.00099	95.646
97	97	97	291	1.00	0.65	0.30	0.30	0.35	real effect	10000	97	0.01000	0.00130	0.98870	0.00099	96.635
97	97	97	291	1.00	0.70	0.30	0.30	0.40	real effect	10000	1	0.00000	0.00000	1.00000	0.00000	1.000
97	97	97	291	1.00	0.70	0.30	0.30	0.40	real effect	10000	2	0.00000	0.00000	1.00000	0.00000	2.000
97	97	97	291	1.00	0.70	0.30	0.30	0.40	real effect	10000	3	0.00000	0.00000	1.00000	0.00000	3.000
97	97	97	291	1.00	0.70	0.30	0.30	0.40	real effect	10000	4	0.00000	0.00000	1.00000	0.00000	4.000
97	97	97	291	1.00	0.70	0.30	0.30	0.40	real effect	10000	5	0.00000	0.00000	1.00000	0.00000	5.000
97	97	97	291	1.00	0.70	0.30	0.30	0.40	real effect	10000	6	0.00000	0.00000	1.00000	0.00000	6.000
97	97	97	291	1.00	0.70	0.30	0.30	0.40	real effect	10000	7	0.00000	0.00010	0.99990	0.00000	7.000
97	97	97	291	1.00	0.70	0.30	0.30	0.40	real effect	10000	8	0.00000	0.00010	0.99990	0.00000	8.000
97	97	97	291	1.00	0.70	0.30	0.30	0.40	real effect	10000	9	0.00000	0.00010	0.99990	0.00000	9.000
97	97	97	291	1.00	0.70	0.30	0.30	0.40	real effect	10000	10	0.00000	0.00010	0.99990	0.00000	10.000
97	97	97	291	1.00	0.70	0.30	0.30	0.40	real effect	10000	11	0.00000	0.00020	0.99980	0.00000	11.000
97	97	97	291	1.00	0.70	0.30	0.30	0.40	real effect	10000	12	0.00000	0.00020	0.99980	0.00000	11.999
97	97	97	291	1.00	0.70	0.30	0.30	0.40	real effect	10000	13	0.00000	0.00020	0.99980	0.00000	12.999
97	97	97	291	1.00	0.70	0.30	0.30	0.40	real effect	10000	14	0.00000	0.00050	0.99950	0.00000	13.999
97	97	97	291	1.00	0.70	0.30	0.30	0.40	real effect	10000	15	0.00000	0.00050	0.99950	0.00000	14.998
97	97	97	291	1.00	0.70	0.30	0.30	0.40	real effect	10000	16	0.00000	0.00060	0.99940	0.00000	15.998
97	97	97	291	1.00	0.70	0.30	0.30	0.40	real effect	10000	17	0.00000	0.00060	0.99940	0.00000	16.997
97	97	97	291	1.00	0.70	0.30	0.30	0.40	real effect	10000	18	0.00010	0.00060	0.99930	0.00010	17.997
97	97	97	291	1.00	0.70	0.30	0.30	0.40	real effect	10000	19	0.00010	0.00060	0.99930	0.00010	18.996
97	97	97	291	1.00	0.70	0.30	0.30	0.40	real effect	10000	20	0.00010	0.00060	0.99930	0.00010	19.995
97	97	97	291	1.00	0.70	0.30	0.30	0.40	real effect	10000	21	0.00010	0.00060	0.99930	0.00010	20.995
97	97	97	291	1.00	0.70	0.30	0.30	0.40	real effect	10000	22	0.00010	0.00060	0.99930	0.00010	21.994
97	97	97	291	1.00	0.70	0.30	0.30	0.40	real effect	10000	23	0.00010	0.00060	0.99930	0.00010	22.993
97	97	97	291	1.00	0.70	0.30	0.30	0.40	real effect	10000	24	0.00010	0.00060	0.99930	0.00010	23.993
97	97	97	291	1.00	0.70	0.30	0.30	0.40	real effect	10000	25	0.00020	0.00060	0.99920	0.00014	24.992
97	97	97	291	1.00	0.70	0.30	0.30	0.40	real effect	10000	26	0.00020	0.00060	0.99920	0.00014	25.991
97	97	97	291	1.00	0.70	0.30	0.30	0.40	real effect	10000	27	0.00050	0.00060	0.99890	0.00022	26.990
97	97	97	291	1.00	0.70	0.30	0.30	0.40	real effect	10000	28	0.00110	0.00060	0.99830	0.00033	27.989
97	97	97	291	1.00	0.70	0.30	0.30	0.40	real effect	10000	29	0.00110	0.00060	0.99830	0.00033	28.988
97	97	97	291	1.00	0.70	0.30	0.30	0.40	real effect	10000	30	0.00140	0.00060	0.99800	0.00037	29.986
97	97	97	291	1.00	0.70	0.30	0.30	0.40	real effect	10000	31	0.00150	0.00060	0.99790	0.00039	30.984
97	97	97	291	1.00	0.70	0.30	0.30	0.40	real effect	10000	32	0.00180	0.00060	0.99760	0.00042	31.982
97	97	97	291	1.00	0.70	0.30	0.30	0.40	real effect	10000	33	0.00220	0.00060	0.99720	0.00047	32.979
97	97	97	291	1.00	0.70	0.30	0.30	0.40	real effect	10000	34	0.00250	0.00060	0.99690	0.00050	33.977
97	97	97	291	1.00	0.70	0.30	0.30	0.40	real effect	10000	35	0.00270	0.00060	0.99670	0.00052	34.973
97	97	97	291	1.00	0.70	0.30	0.30	0.40	real effect	10000	36	0.00280	0.00060	0.99660	0.00053	35.970
97	97	97	291	1.00	0.70	0.30	0.30	0.40	real effect	10000	37	0.00300	0.00060	0.99640	0.00055	36.967
97	97	97	291	1.00	0.70	0.30	0.30	0.40	real effect	10000	38	0.00330	0.00060	0.99610	0.00057	37.963
97	97	97	291	1.00	0.70	0.30	0.30	0.40	real effect	10000	39	0.00340	0.00060	0.99600	0.00058	38.959
97	97	97	291	1.00	0.70	0.30	0.30	0.40	real effect	10000	40	0.00390	0.00060	0.99550	0.00062	39.955
97	97	97	291	1.00	0.70	0.30	0.30	0.40	real effect	10000	41	0.00460	0.00060	0.99480	0.00068	40.951
97	97	97	291	1.00	0.70	0.30	0.30	0.40	real effect	10000	42	0.00500	0.00060	0.99440	0.00071	41.946
97	97	97	291	1.00	0.70	0.30	0.30	0.40	real effect	10000	43	0.00540	0.00060	0.99400	0.00073	42.940
97	97	97	291	1.00	0.70	0.30	0.30	0.40	real effect	10000	44	0.00580	0.00060	0.99360	0.00076	43.934
97	97	97	291	1.00	0.70	0.30	0.30	0.40	real effect	10000	45	0.00610	0.00060	0.99330	0.00078	44.928
97	97	97	291	1.00	0.70	0.30	0.30	0.40	real effect	10000	46	0.00670	0.00060	0.99270	0.00082	45.921
97	97	97	291	1.00	0.70	0.30	0.30	0.40	real effect	10000	47	0.00690	0.00060	0.99250	0.00083	46.913
97	97	97	291	1.00	0.70	0.30	0.30	0.40	real effect	10000	48	0.00740	0.00060	0.99200	0.00086	47.906
97	97	97	291	1.00	0.70	0.30	0.30	0.40	real effect	10000	49	0.00770	0.00060	0.99170	0.00087	48.898
97	97	97	291	1.00	0.70	0.30	0.30	0.40	real effect	10000	50	0.00800	0.00060	0.99140	0.00089	49.890
97	97	97	291	1.00	0.70	0.30	0.30	0.40	real effect	10000	51	0.00840	0.00060	0.99100	0.00091	50.881
97	97	97	291	1.00	0.70	0.30	0.30	0.40	real effect	10000	52	0.00860	0.00060	0.99080	0.00092	51.872
97	97	97	291	1.00	0.70	0.30	0.30	0.40	real effect	10000	53	0.00930	0.00060	0.99010	0.00096	52.863
97	97	97	291	1.00	0.70	0.30	0.30	0.40	real effect	10000	54	0.00960	0.00060	0.98980	0.00098	53.853
97	97	97	291	1.00	0.70	0.30	0.30	0.40	real effect	10000	55	0.01000	0.00060	0.98940	0.00099	54.843
97	97	97	291	1.00	0.70	0.30	0.30	0.40	real effect	10000	56	0.01050	0.00060	0.98890	0.00102	55.832
97	97	97	291	1.00	0.70	0.30	0.30	0.40	real effect	10000	57	0.01110	0.00060	0.98830	0.00105	56.821
97	97	97	291	1.00	0.70	0.30	0.30	0.40	real effect	10000	58	0.01140	0.00060	0.98800	0.00106	57.809
97	97	97	291	1.00	0.70	0.30	0.30	0.40	real effect	10000	59	0.01240	0.00060	0.98700	0.00111	58.797
97	97	97	291	1.00	0.70	0.30	0.30	0.40	real effect	10000	60	0.01280	0.00060	0.98660	0.00112	59.784
97	97	97	291	1.00	0.70	0.30	0.30	0.40	real effect	10000	61	0.01330	0.00060	0.98610	0.00115	60.771
97	97	97	291	1.00	0.70	0.30	0.30	0.40	real effect	10000	62	0.01360	0.00060	0.98580	0.00116	61.757
97	97	97	291	1.00	0.70	0.30	0.30	0.40	real effect	10000	63	0.01440	0.00060	0.98500	0.00119	62.743
97	97	97	291	1.00	0.70	0.30	0.30	0.40	real effect	10000	64	0.01550	0.00060	0.98390	0.00124	63.728
97	97	97	291	1.00	0.70	0.30	0.30	0.40	real effect	10000	65	0.01620	0.00060	0.98320	0.00126	64.712
97	97	97	291	1.00	0.70	0.30	0.30	0.40	real effect	10000	66	0.01670	0.00060	0.98270	0.00128	65.695
97	97	97	291	1.00	0.70	0.30	0.30	0.40	real effect	10000	67	0.01760	0.00060	0.98180	0.00131	66.678
97	97	97	291	1.00	0.70	0.30	0.30	0.40	real effect	10000	68	0.01820	0.00060	0.98120	0.00134	67.659
97	97	97	291	1.00	0.70	0.30	0.30	0.40	real effect	10000	69	0.01870	0.00060	0.98070	0.00135	68.641
97	97	97	291	1.00	0.70	0.30	0.30	0.40	real effect	10000	70	0.01910	0.00060	0.98030	0.00137	69.621
97	97	97	291	1.00	0.70	0.30	0.30	0.40	real effect	10000	71	0.02030	0.00060	0.97910	0.00141	70.602
97	97	97	291	1.00	0.70	0.30	0.30	0.40	real effect	10000	72	0.02080	0.00060	0.97860	0.00143	71.581
97	97	97	291	1.00	0.70	0.30	0.30	0.40	real effect	10000	73	0.02150	0.00060	0.97790	0.00145	72.559
97	97	97	291	1.00	0.70	0.30	0.30	0.40	real effect	10000	74	0.02220	0.00060	0.97720	0.00147	73.537
97	97	97	291	1.00	0.70	0.30	0.30	0.40	real effect	10000	75	0.02330	0.00060	0.97610	0.00151	74.514
97	97	97	291	1.00	0.70	0.30	0.30	0.40	real effect	10000	76	0.02440	0.00060	0.97500	0.00154	75.491
97	97	97	291	1.00	0.70	0.30	0.30	0.40	real effect	10000	77	0.02540	0.00060	0.97400	0.00157	76.466
97	97	97	291	1.00	0.70	0.30	0.30	0.40	real effect	10000	78	0.02690	0.00060	0.97250	0.00162	77.440
97	97	97	291	1.00	0.70	0.30	0.30	0.40	real effect	10000	79	0.02790	0.00060	0.97150	0.00165	78.412
97	97	97	291	1.00	0.70	0.30	0.30	0.40	real effect	10000	80	0.02880	0.00060	0.97060	0.00167	79.384
97	97	97	291	1.00	0.70	0.30	0.30	0.40	real effect	10000	81	0.03010	0.00060	0.96930	0.00171	80.354
97	97	97	291	1.00	0.70	0.30	0.30	0.40	real effect	10000	82	0.03130	0.00060	0.96810	0.00174	81.323
97	97	97	291	1.00	0.70	0.30	0.30	0.40	real effect	10000	83	0.03240	0.00060	0.96700	0.00177	82.292
97	97	97	291	1.00	0.70	0.30	0.30	0.40	real effect	10000	84	0.03330	0.00060	0.96610	0.00179	83.259
97	97	97	291	1.00	0.70	0.30	0.30	0.40	real effect	10000	85	0.03470	0.00060	0.96470	0.00183	84.225
97	97	97	291	1.00	0.70	0.30	0.30	0.40	real effect	10000	86	0.03550	0.00060	0.96390	0.00185	85.189
97	97	97	291	1.00	0.70	0.30	0.30	0.40	real effect	10000	87	0.03670	0.00060	0.96270	0.00188	86.153
97	97	97	291	1.00	0.70	0.30	0.30	0.40	real effect	10000	88	0.03790	0.00060	0.96150	0.00191	87.116
97	97	97	291	1.00	0.70	0.30	0.30	0.40	real effect	10000	89	0.03940	0.00060	0.96000	0.00195	88.078
97	97	97	291	1.00	0.70	0.30	0.30	0.40	real effect	10000	90	0.04060	0.00060	0.95880	0.00197	89.037
97	97	97	291	1.00	0.70	0.30	0.30	0.40	real effect	10000	91	0.04190	0.00060	0.95750	0.00200	89.996
97	97	97	291	1.00	0.70	0.30	0.30	0.40	real effect	10000	92	0.04340	0.00060	0.95600	0.00204	90.954
97	97	97	291	1.00	0.70	0.30	0.30	0.40	real effect	10000	93	0.04460	0.00060	0.95480	0.00206	91.910
97	97	97	291	1.00	0.70	0.30	0.30	0.40	real effect	10000	94	0.04620	0.00060	0.95320	0.00210	92.865
97	97	97	291	1.00	0.70	0.30	0.30	0.40	real effect	10000	95	0.04770	0.00060	0.95170	0.00213	93.818
97	97	97	291	1.00	0.70	0.30	0.30	0.40	real effect	10000	96	0.04930	0.00060	0.95010	0.00216	94.769
97	97	97	291	1.00	0.70	0.30	0.30	0.40	real effect	10000	97	0.05040	0.00060	0.94900	0.00219	95.720
97	97	97	291	1.00	0.50	0.30	0.35	0.20	calibration	10000	1	0.00000	0.00000	1.00000	0.00000	1.000
97	97	97	291	1.00	0.50	0.30	0.35	0.20	calibration	10000	2	0.00000	0.00000	1.00000	0.00000	2.000
97	97	97	291	1.00	0.50	0.30	0.35	0.20	calibration	10000	3	0.00000	0.00000	1.00000	0.00000	3.000
97	97	97	291	1.00	0.50	0.30	0.35	0.20	calibration	10000	4	0.00000	0.00000	1.00000	0.00000	4.000
97	97	97	291	1.00	0.50	0.30	0.35	0.20	calibration	10000	5	0.00000	0.00000	1.00000	0.00000	5.000
97	97	97	291	1.00	0.50	0.30	0.35	0.20	calibration	10000	6	0.00000	0.00000	1.00000	0.00000	6.000
97	97	97	291	1.00	0.50	0.30	0.35	0.20	calibration	10000	7	0.00000	0.00010	0.99990	0.00000	7.000
97	97	97	291	1.00	0.50	0.30	0.35	0.20	calibration	10000	8	0.00000	0.00020	0.99980	0.00000	8.000
97	97	97	291	1.00	0.50	0.30	0.35	0.20	calibration	10000	9	0.00000	0.00050	0.99950	0.00000	9.000
97	97	97	291	1.00	0.50	0.30	0.35	0.20	calibration	10000	10	0.00000	0.00140	0.99860	0.00000	9.999
97	97	97	291	1.00	0.50	0.30	0.35	0.20	calibration	10000	11	0.00000	0.00310	0.99690	0.00000	10.998
97	97	97	291	1.00	0.50	0.30	0.35	0.20	calibration	10000	12	0.00000	0.00340	0.99660	0.00000	11.995
97	97	97	291	1.00	0.50	0.30	0.35	0.20	calibration	10000	13	0.00000	0.00390	0.99610	0.00000	12.991
97	97	97	291	1.00	0.50	0.30	0.35	0.20	calibration	10000	14	0.00000	0.00510	0.99490	0.00000	13.987
97	97	97	291	1.00	0.50	0.30	0.35	0.20	calibration	10000	15	0.00000	0.00610	0.99390	0.00000	14.982
97	97	97	291	1.00	0.50	0.30	0.35	0.20	calibration	10000	16	0.00000	0.00650	0.99350	0.00000	15.976
97	97	97	291	1.00	0.50	0.30	0.35	0.20	calibration	10000	17	0.00000	0.00700	0.99300	0.00000	16.970
97	97	97	291	1.00	0.50	0.30	0.35	0.20	calibration	10000	18	0.00000	0.00840	0.99160	0.00000	17.963
97	97	97	291	1.00	0.50	0.30	0.35	0.20	calibration	10000	19	0.00000	0.00920	0.99080	0.00000	18.954
97	97	97	291	1.00	0.50	0.30	0.35	0.20	calibration	10000	20	0.00000	0.00950	0.99050	0.00000	19.945
97	97	97	291	1.00	0.50	0.30	0.35	0.20	calibration	10000	21	0.00000	0.01010	0.98990	0.00000	20.936
97	97	97	291	1.00	0.50	0.30	0.35	0.20	calibration	10000	22	0.00000	0.01060	0.98940	0.00000	21.925
97	97	97	291	1.00	0.50	0.30	0.35	0.20	calibration	10000	23	0.00000	0.01140	0.98860	0.00000	22.915
97	97	97	291	1.00	0.50	0.30	0.35	0.20	calibration	10000	24	0.00000	0.01190	0.98810	0.00000	23.904
97	97	97	291	1.00	0.50	0.30	0.35	0.20	calibration	10000	25	0.00000	0.01220	0.98780	0.00000	24.892
97	97	97	291	1.00	0.50	0.30	0.35	0.20	calibration	10000	26	0.00000	0.01280	0.98720	0.00000	25.879
97	97	97	291	1.00	0.50	0.30	0.35	0.20	calibration	10000	27	0.00000	0.01350	0.98650	0.00000	26.867
97	97	97	291	1.00	0.50	0.30	0.35	0.20	calibration	10000	28	0.00000	0.01410	0.98590	0.00000	27.853
97	97	97	291	1.00	0.50	0.30	0.35	0.20	calibration	10000	29	0.00000	0.01430	0.98570	0.00000	28.839
97	97	97	291	1.00	0.50	0.30	0.35	0.20	calibration	10000	30	0.00000	0.01470	0.98530	0.00000	29.825
97	97	97	291	1.00	0.50	0.30	0.35	0.20	calibration	10000	31	0.00000	0.01500	0.98500	0.00000	30.810
97	97	97	291	1.00	0.50	0.30	0.35	0.20	calibration	10000	32	0.00000	0.01560	0.98440	0.00000	31.795
97	97	97	291	1.00	0.50	0.30	0.35	0.20	calibration	10000	33	0.00000	0.01620	0.98380	0.00000	32.779
97	97	97	291	1.00	0.50	0.30	0.35	0.20	calibration	10000	34	0.00000	0.01620	0.98380	0.00000	33.763
97	97	97	291	1.00	0.50	0.30	0.35	0.20	calibration	10000	35	0.00000	0.01650	0.98350	0.00000	34.747
97	97	97	291	1.00	0.50	0.30	0.35	0.20	calibration	10000	36	0.00000	0.01700	0.98300	0.00000	35.730
97	97	97	291	1.00	0.50	0.30	0.35	0.20	calibration	10000	37	0.00000	0.01710	0.98290	0.00000	36.714
97	97	97	291	1.00	0.50	0.30	0.35	0.20	calibration	10000	38	0.00000	0.01740	0.98260	0.00000	37.696
97	97	97	291	1.00	0.50	0.30	0.35	0.20	calibration	10000	39	0.00000	0.01790	0.98210	0.00000	38.679
97	97	97	291	1.00	0.50	0.30	0.35	0.20	calibration	10000	40	0.00000	0.01860	0.98140	0.00000	39.661
97	97	97	291	1.00	0.50	0.30	0.35	0.20	calibration	10000	41	0.00000	0.01880	0.98120	0.00000	40.642
97	97	97	291	1.00	0.50	0.30	0.35	0.20	calibration	10000	42	0.00000	0.01890	0.98110	0.00000	41.624
97	97	97	291	1.00	0.50	0.30	0.35	0.20	calibration	10000	43	0.00000	0.01900	0.98100	0.00000	42.605
97	97	97	291	1.00	0.50	0.30	0.35	0.20	calibration	10000	44	0.00000	0.01930	0.98070	0.00000	43.586
97	97	97	291	1.00	0.50	0.30	0.35	0.20	calibration	10000	45	0.00000	0.01930	0.98070	0.00000	44.566
97	97	97	291	1.00	0.50	0.30	0.35	0.20	calibration	10000	46	0.00000	0.01980	0.98020	0.00000	45.547
97	97	97	291	1.00	0.50	0.30	0.35	0.20	calibration	10000	47	0.00000	0.02000	0.98000	0.00000	46.527
97	97	97	291	1.00	0.50	0.30	0.35	0.20	calibration	10000	48	0.00000	0.02020	0.97980	0.00000	47.507
97	97	97	291	1.00	0.50	0.30	0.35	0.20	calibration	10000	49	0.00000	0.02040	0.97960	0.00000	48.487
97	97	97	291	1.00	0.50	0.30	0.35	0.20	calibration	10000	50	0.00000	0.02090	0.97910	0.00000	49.467
97	97	97	291	1.00	0.50	0.30	0.35	0.20	calibration	10000	51	0.00000	0.02110	0.97890	0.00000	50.446
97	97	97	291	1.00	0.50	0.30	0.35	0.20	calibration	10000	52	0.00000	0.02150	0.97850	0.00000	51.425
97	97	97	291	1.00	0.50	0.30	0.35	0.20	calibration	10000	53	0.00000	0.02160	0.97840	0.00000	52.403
97	97	97	291	1.00	0.50	0.30	0.35	0.20	calibration	10000	54	0.00000	0.02170	0.97830	0.00000	53.382
97	97	97	291	1.00	0.50	0.30	0.35	0.20	calibration	10000	55	0.00000	0.02170	0.97830	0.00000	54.360
97	97	97	291	1.00	0.50	0.30	0.35	0.20	calibration	10000	56	0.00000	0.02170	0.97830	0.00000	55.338
97	97	97	291	1.00	0.50	0.30	0.35	0.20	calibration	10000	57	0.00000	0.02180	0.97820	0.00000	56.317
97	97	97	291	1.00	0.50	0.30	0.35	0.20	calibration	10000	58	0.00000	0.02200	0.97800	0.00000	57.295
97	97	97	291	1.00	0.50	0.30	0.35	0.20	calibration	10000	59	0.00000	0.02200	0.97800	0.00000	58.273
97	97	97	291	1.00	0.50	0.30	0.35	0.20	calibration	10000	60	0.00000	0.02200	0.97800	0.00000	59.251
97	97	97	291	1.00	0.50	0.30	0.35	0.20	calibration	10000	61	0.00000	0.02230	0.97770	0.00000	60.229
97	97	97	291	1.00	0.50	0.30	0.35	0.20	calibration	10000	62	0.00000	0.02240	0.97760	0.00000	61.206
97	97	97	291	1.00	0.50	0.30	0.35	0.20	calibration	10000	63	0.00000	0.02250	0.97750	0.00000	62.184
97	97	97	291	1.00	0.50	0.30	0.35	0.20	calibration	10000	64	0.00000	0.02270	0.97730	0.00000	63.162
97	97	97	291	1.00	0.50	0.30	0.35	0.20	calibration	10000	65	0.00000	0.02290	0.97710	0.00000	64.139
97	97	97	291	1.00	0.50	0.30	0.35	0.20	calibration	10000	66	0.00000	0.02290	0.97710	0.00000	65.116
97	97	97	291	1.00	0.50	0.30	0.35	0.20	calibration	10000	67	0.00000	0.02310	0.97690	0.00000	66.093
97	97	97	291	1.00	0.50	0.30	0.35	0.20	calibration	10000	68	0.00000	0.02310	0.97690	0.00000	67.070
97	97	97	291	1.00	0.50	0.30	0.35	0.20	calibration	10000	69	0.00000	0.02320	0.97680	0.00000	68.047
97	97	97	291	1.00	0.50	0.30	0.35	0.20	calibration	10000	70	0.00000	0.02340	0.97660	0.00000	69.024
97	97	97	291	1.00	0.50	0.30	0.35	0.20	calibration	10000	71	0.00000	0.02360	0.97640	0.00000	70.000
97	97	97	291	1.00	0.50	0.30	0.35	0.20	calibration	10000	72	0.00000	0.02370	0.97630	0.00000	70.977
97	97	97	291	1.00	0.50	0.30	0.35	0.20	calibration	10000	73	0.00000	0.02370	0.97630	0.00000	71.953
97	97	97	291	1.00	0.50	0.30	0.35	0.20	calibration	10000	74	0.00000	0.02370	0.97630	0.00000	72.929
97	97	97	291	1.00	0.50	0.30	0.35	0.20	calibration	10000	75	0.00000	0.02370	0.97630	0.00000	73.906
97	97	97	291	1.00	0.50	0.30	0.35	0.20	calibration	10000	76	0.00000	0.02370	0.97630	0.00000	74.882
97	97	97	291	1.00	0.50	0.30	0.35	0.20	calibration	10000	77	0.00000	0.02380	0.97620	0.00000	75.858
97	97	97	291	1.00	0.50	0.30	0.35	0.20	calibration	10000	78	0.00000	0.02400	0.97600	0.00000	76.834
97	97	97	291	1.00	0.50	0.30	0.35	0.20	calibration	10000	79	0.00000	0.02400	0.97600	0.00000	77.810
97	97	97	291	1.00	0.50	0.30	0.35	0.20	calibration	10000	80	0.00000	0.02410	0.97590	0.00000	78.786
97	97	97	291	1.00	0.50	0.30	0.35	0.20	calibration	10000	81	0.00000	0.02420	0.97580	0.00000	79.762
97	97	97	291	1.00	0.50	0.30	0.35	0.20	calibration	10000	82	0.00000	0.02420	0.97580	0.00000	80.738
97	97	97	291	1.00	0.50	0.30	0.35	0.20	calibration	10000	83	0.00000	0.02420	0.97580	0.00000	81.714
97	97	97	291	1.00	0.50	0.30	0.35	0.20	calibration	10000	84	0.00000	0.02420	0.97580	0.00000	82.690
97	97	97	291	1.00	0.50	0.30	0.35	0.20	calibration	10000	85	0.00000	0.02440	0.97560	0.00000	83.665
97	97	97	291	1.00	0.50	0.30	0.35	0.20	calibration	10000	86	0.00000	0.02450	0.97550	0.00000	84.641
97	97	97	291	1.00	0.50	0.30	0.35	0.20	calibration	10000	87	0.00000	0.02450	0.97550	0.00000	85.617
97	97	97	291	1.00	0.50	0.30	0.35	0.20	calibration	10000	88	0.00000	0.02450	0.97550	0.00000	86.592
97	97	97	291	1.00	0.50	0.30	0.35	0.20	calibration	10000	89	0.00000	0.02460	0.97540	0.00000	87.568
97	97	97	291	1.00	0.50	0.30	0.35	0.20	calibration	10000	90	0.00000	0.02470	0.97530	0.00000	88.543
97	97	97	291	1.00	0.50	0.30	0.35	0.20	calibration	10000	91	0.00000	0.02480	0.97520	0.00000	89.518
97	97	97	291	1.00	0.50	0.30	0.35	0.20	calibration	10000	92	0.00000	0.02480	0.97520	0.00000	90.493
97	97	97	291	1.00	0.50	0.30	0.35	0.20	calibration	10000	93	0.00000	0.02480	0.97520	0.00000	91.469
97	97	97	291	1.00	0.50	0.30	0.35	0.20	calibration	10000	94	0.00000	0.02490	0.97510	0.00000	92.444
97	97	97	291	1.00	0.50	0.30	0.35	0.20	calibration	10000	95	0.00000	0.02490	0.97510	0.00000	93.419
97	97	97	291	1.00	0.50	0.30	0.35	0.20	calibration	10000	96	0.00000	0.02500	0.97500	0.00000	94.394
97	97	97	291	1.00	0.50	0.30	0.35	0.20	calibration	10000	97	0.00000	0.02500	0.97500	0.00000	95.369
97	97	97	291	1.00	0.55	0.30	0.35	0.25	small real effect	10000	1	0.00000	0.00000	1.00000	0.00000	1.000
97	97	97	291	1.00	0.55	0.30	0.35	0.25	small real effect	10000	2	0.00000	0.00000	1.00000	0.00000	2.000
97	97	97	291	1.00	0.55	0.30	0.35	0.25	small real effect	10000	3	0.00000	0.00000	1.00000	0.00000	3.000
97	97	97	291	1.00	0.55	0.30	0.35	0.25	small real effect	10000	4	0.00000	0.00000	1.00000	0.00000	4.000
97	97	97	291	1.00	0.55	0.30	0.35	0.25	small real effect	10000	5	0.00000	0.00000	1.00000	0.00000	5.000
97	97	97	291	1.00	0.55	0.30	0.35	0.25	small real effect	10000	6	0.00000	0.00000	1.00000	0.00000	6.000
97	97	97	291	1.00	0.55	0.30	0.35	0.25	small real effect	10000	7	0.00000	0.00040	0.99960	0.00000	7.000
97	97	97	291	1.00	0.55	0.30	0.35	0.25	small real effect	10000	8	0.00000	0.00090	0.99910	0.00000	8.000
97	97	97	291	1.00	0.55	0.30	0.35	0.25	small real effect	10000	9	0.00000	0.00090	0.99910	0.00000	8.999
97	97	97	291	1.00	0.55	0.30	0.35	0.25	small real effect	10000	10	0.00000	0.00090	0.99910	0.00000	9.998
97	97	97	291	1.00	0.55	0.30	0.35	0.25	small real effect	10000	11	0.00000	0.00190	0.99810	0.00000	10.997
97	97	97	291	1.00	0.55	0.30	0.35	0.25	small real effect	10000	12	0.00000	0.00210	0.99790	0.00000	11.995
97	97	97	291	1.00	0.55	0.30	0.35	0.25	small real effect	10000	13	0.00000	0.00240	0.99760	0.00000	12.993
97	97	97	291	1.00	0.55	0.30	0.35	0.25	small real effect	10000	14	0.00000	0.00310	0.99690	0.00000	13.991
97	97	97	291	1.00	0.55	0.30	0.35	0.25	small real effect	10000	15	0.00000	0.00370	0.99630	0.00000	14.987
97	97	97	291	1.00	0.55	0.30	0.35	0.25	small real effect	10000	16	0.00000	0.00370	0.99630	0.00000	15.984
97	97	97	291	1.00	0.55	0.30	0.35	0.25	small real effect	10000	17	0.00000	0.00410	0.99590	0.00000	16.980
97	97	97	291	1.00	0.55	0.30	0.35	0.25	small real effect	10000	18	0.00000	0.00470	0.99530	0.00000	17.976
97	97	97	291	1.00	0.55	0.30	0.35	0.25	small real effect	10000	19	0.00000	0.00500	0.99500	0.00000	18.971
97	97	97	291	1.00	0.55	0.30	0.35	0.25	small real effect	10000	20	0.00000	0.00530	0.99470	0.00000	19.966
97	97	97	291	1.00	0.55	0.30	0.35	0.25	small real effect	10000	21	0.00000	0.00540	0.99460	0.00000	20.961
97	97	97	291	1.00	0.55	0.30	0.35	0.25	small real effect	10000	22	0.00000	0.00570	0.99430	0.00000	21.956
97	97	97	291	1.00	0.55	0.30	0.35	0.25	small real effect	10000	23	0.00000	0.00590	0.99410	0.00000	22.950
97	97	97	291	1.00	0.55	0.30	0.35	0.25	small real effect	10000	24	0.00000	0.00590	0.99410	0.00000	23.944
97	97	97	291	1.00	0.55	0.30	0.35	0.25	small real effect	10000	25	0.00000	0.00610	0.99390	0.00000	24.938
97	97	97	291	1.00	0.55	0.30	0.35	0.25	small real effect	10000	26	0.00000	0.00620	0.99380	0.00000	25.932
97	97	97	291	1.00	0.55	0.30	0.35	0.25	small real effect	10000	27	0.00000	0.00650	0.99350	0.00000	26.926
97	97	97	291	1.00	0.55	0.30	0.35	0.25	small real effect	10000	28	0.00000	0.00680	0.99320	0.00000	27.919
97	97	97	291	1.00	0.55	0.30	0.35	0.25	small real effect	10000	29	0.00000	0.00680	0.99320	0.00000	28.912
97	97	97	291	1.00	0.55	0.30	0.35	0.25	small real effect	10000	30	0.00000	0.00700	0.99300	0.00000	29.906
97	97	97	291	1.00	0.55	0.30	0.35	0.25	small real effect	10000	31	0.00000	0.00710	0.99290	0.00000	30.899
97	97	97	291	1.00	0.55	0.30	0.35	0.25	small real effect	10000	32	0.00000	0.00730	0.99270	0.00000	31.892
97	97	97	291	1.00	0.55	0.30	0.35	0.25	small real effect	10000	33	0.00000	0.00750	0.99250	0.00000	32.884
97	97	97	291	1.00	0.55	0.30	0.35	0.25	small real effect	10000	34	0.00000	0.00750	0.99250	0.00000	33.877
97	97	97	291	1.00	0.55	0.30	0.35	0.25	small real effect	10000	35	0.00000	0.00750	0.99250	0.00000	34.869
97	97	97	291	1.00	0.55	0.30	0.35	0.25	small real effect	10000	36	0.00000	0.00750	0.99250	0.00000	35.862
97	97	97	291	1.00	0.55	0.30	0.35	0.25	small real effect	10000	37	0.00000	0.00770	0.99230	0.00000	36.854
97	97	97	291	1.00	0.55	0.30	0.35	0.25	small real effect	10000	38	0.00000	0.00790	0.99210	0.00000	37.846
97	97	97	291	1.00	0.55	0.30	0.35	0.25	small real effect	10000	39	0.00000	0.00800	0.99200	0.00000	38.839
97	97	97	291	1.00	0.55	0.30	0.35	0.25	small real effect	10000	40	0.00000	0.00800	0.99200	0.00000	39.831
97	97	97	291	1.00	0.55	0.30	0.35	0.25	small real effect	10000	41	0.00000	0.00810	0.99190	0.00000	40.823
97	97	97	291	1.00	0.55	0.30	0.35	0.25	small real effect	10000	42	0.00000	0.00820	0.99180	0.00000	41.815
97	97	97	291	1.00	0.55	0.30	0.35	0.25	small real effect	10000	43	0.00000	0.00830	0.99170	0.00000	42.806
97	97	97	291	1.00	0.55	0.30	0.35	0.25	small real effect	10000	44	0.00000	0.00840	0.99160	0.00000	43.798
97	97	97	291	1.00	0.55	0.30	0.35	0.25	small real effect	10000	45	0.00000	0.00840	0.99160	0.00000	44.790
97	97	97	291	1.00	0.55	0.30	0.35	0.25	small real effect	10000	46	0.00000	0.00840	0.99160	0.00000	45.781
97	97	97	291	1.00	0.55	0.30	0.35	0.25	small real effect	10000	47	0.00000	0.00840	0.99160	0.00000	46.773
97	97	97	291	1.00	0.55	0.30	0.35	0.25	small real effect	10000	48	0.00000	0.00850	0.99150	0.00000	47.764
97	97	97	291	1.00	0.55	0.30	0.35	0.25	small real effect	10000	49	0.00000	0.00860	0.99140	0.00000	48.756
97	97	97	291	1.00	0.55	0.30	0.35	0.25	small real effect	10000	50	0.00000	0.00860	0.99140	0.00000	49.747
97	97	97	291	1.00	0.55	0.30	0.35	0.25	small real effect	10000	51	0.00000	0.00860	0.99140	0.00000	50.739
97	97	97	291	1.00	0.55	0.30	0.35	0.25	small real effect	10000	52	0.00000	0.00860	0.99140	0.00000	51.730
97	97	97	291	1.00	0.55	0.30	0.35	0.25	small real effect	10000	53	0.00000	0.00860	0.99140	0.00000	52.721
97	97	97	291	1.00	0.55	0.30	0.35	0.25	small real effect	10000	54	0.00000	0.00860	0.99140	0.00000	53.713
97	97	97	291	1.00	0.55	0.30	0.35	0.25	small real effect	10000	55	0.00000	0.00860	0.99140	0.00000	54.704
97	97	97	291	1.00	0.55	0.30	0.35	0.25	small real effect	10000	56	0.00000	0.00860	0.99140	0.00000	55.696
97	97	97	291	1.00	0.55	0.30	0.35	0.25	small real effect	10000	57	0.00000	0.00860	0.99140	0.00000	56.687
97	97	97	291	1.00	0.55	0.30	0.35	0.25	small real effect	10000	58	0.00000	0.00870	0.99130	0.00000	57.678
97	97	97	291	1.00	0.55	0.30	0.35	0.25	small real effect	10000	59	0.00000	0.00870	0.99130	0.00000	58.670
97	97	97	291	1.00	0.55	0.30	0.35	0.25	small real effect	10000	60	0.00000	0.00870	0.99130	0.00000	59.661
97	97	97	291	1.00	0.55	0.30	0.35	0.25	small real effect	10000	61	0.00000	0.00870	0.99130	0.00000	60.652
97	97	97	291	1.00	0.55	0.30	0.35	0.25	small real effect	10000	62	0.00000	0.00870	0.99130	0.00000	61.644
97	97	97	291	1.00	0.55	0.30	0.35	0.25	small real effect	10000	63	0.00000	0.00870	0.99130	0.00000	62.635
97	97	97	291	1.00	0.55	0.30	0.35	0.25	small real effect	10000	64	0.00000	0.00870	0.99130	0.00000	63.626
97	97	97	291	1.00	0.55	0.30	0.35	0.25	small real effect	10000	65	0.00000	0.00870	0.99130	0.00000	64.618
97	97	97	291	1.00	0.55	0.30	0.35	0.25	small real effect	10000	66	0.00000	0.00880	0.99120	0.00000	65.609
97	97	97	291	1.00	0.55	0.30	0.35	0.25	small real effect	10000	67	0.00000	0.00880	0.99120	0.00000	66.600
97	97	97	291	1.00	0.55	0.30	0.35	0.25	small real effect	10000	68	0.00000	0.00880	0.99120	0.00000	67.591
97	97	97	291	1.00	0.55	0.30	0.35	0.25	small real effect	10000	69	0.00000	0.00880	0.99120	0.00000	68.582
97	97	97	291	1.00	0.55	0.30	0.35	0.25	small real effect	10000	70	0.00000	0.00890	0.99110	0.00000	69.574
97	97	97	291	1.00	0.55	0.30	0.35	0.25	small real effect	10000	71	0.00000	0.00900	0.99100	0.00000	70.565
97	97	97	291	1.00	0.55	0.30	0.35	0.25	small real effect	10000	72	0.00000	0.00900	0.99100	0.00000	71.556
97	97	97	291	1.00	0.55	0.30	0.35	0.25	small real effect	10000	73	0.00000	0.00900	0.99100	0.00000	72.547
97	97	97	291	1.00	0.55	0.30	0.35	0.25	small real effect	10000	74	0.00000	0.00900	0.99100	0.00000	73.538
97	97	97	291	1.00	0.55	0.30	0.35	0.25	small real effect	10000	75	0.00000	0.00900	0.99100	0.00000	74.529
97	97	97	291	1.00	0.55	0.30	0.35	0.25	small real effect	10000	76	0.00000	0.00900	0.99100	0.00000	75.520
97	97	97	291	1.00	0.55	0.30	0.35	0.25	small real effect	10000	77	0.00000	0.00900	0.99100	0.00000	76.511
97	97	97	291	1.00	0.55	0.30	0.35	0.25	small real effect	10000	78	0.00000	0.00900	0.99100	0.00000	77.502
97	97	97	291	1.00	0.55	0.30	0.35	0.25	small real effect	10000	79	0.00000	0.00900	0.99100	0.00000	78.493
97	97	97	291	1.00	0.55	0.30	0.35	0.25	small real effect	10000	80	0.00000	0.00900	0.99100	0.00000	79.484
97	97	97	291	1.00	0.55	0.30	0.35	0.25	small real effect	10000	81	0.00000	0.00900	0.99100	0.00000	80.475
97	97	97	291	1.00	0.55	0.30	0.35	0.25	small real effect	10000	82	0.00000	0.00900	0.99100	0.00000	81.466
97	97	97	291	1.00	0.55	0.30	0.35	0.25	small real effect	10000	83	0.00000	0.00900	0.99100	0.00000	82.457
97	97	97	291	1.00	0.55	0.30	0.35	0.25	small real effect	10000	84	0.00000	0.00900	0.99100	0.00000	83.448
97	97	97	291	1.00	0.55	0.30	0.35	0.25	small real effect	10000	85	0.00000	0.00900	0.99100	0.00000	84.439
97	97	97	291	1.00	0.55	0.30	0.35	0.25	small real effect	10000	86	0.00000	0.00900	0.99100	0.00000	85.430
97	97	97	291	1.00	0.55	0.30	0.35	0.25	small real effect	10000	87	0.00000	0.00910	0.99090	0.00000	86.421
97	97	97	291	1.00	0.55	0.30	0.35	0.25	small real effect	10000	88	0.00000	0.00910	0.99090	0.00000	87.412
97	97	97	291	1.00	0.55	0.30	0.35	0.25	small real effect	10000	89	0.00000	0.00910	0.99090	0.00000	88.403
97	97	97	291	1.00	0.55	0.30	0.35	0.25	small real effect	10000	90	0.00000	0.00910	0.99090	0.00000	89.394
97	97	97	291	1.00	0.55	0.30	0.35	0.25	small real effect	10000	91	0.00000	0.00920	0.99080	0.00000	90.384
97	97	97	291	1.00	0.55	0.30	0.35	0.25	small real effect	10000	92	0.00000	0.00920	0.99080	0.00000	91.375
97	97	97	291	1.00	0.55	0.30	0.35	0.25	small real effect	10000	93	0.00000	0.00920	0.99080	0.00000	92.366
97	97	97	291	1.00	0.55	0.30	0.35	0.25	small real effect	10000	94	0.00000	0.00920	0.99080	0.00000	93.357
97	97	97	291	1.00	0.55	0.30	0.35	0.25	small real effect	10000	95	0.00000	0.00920	0.99080	0.00000	94.348
97	97	97	291	1.00	0.55	0.30	0.35	0.25	small real effect	10000	96	0.00000	0.00920	0.99080	0.00000	95.338
97	97	97	291	1.00	0.55	0.30	0.35	0.25	small real effect	10000	97	0.00000	0.00920	0.99080	0.00000	96.329
97	97	97	291	1.00	0.60	0.30	0.35	0.30	real effect	10000	1	0.00000	0.00000	1.00000	0.00000	1.000
97	97	97	291	1.00	0.60	0.30	0.35	0.30	real effect	10000	2	0.00000	0.00000	1.00000	0.00000	2.000
97	97	97	291	1.00	0.60	0.30	0.35	0.30	real effect	10000	3	0.00000	0.00000	1.00000	0.00000	3.000
97	97	97	291	1.00	0.60	0.30	0.35	0.30	real effect	10000	4	0.00000	0.00000	1.00000	0.00000	4.000
97	97	97	291	1.00	0.60	0.30	0.35	0.30	real effect	10000	5	0.00000	0.00000	1.00000	0.00000	5.000
97	97	97	291	1.00	0.60	0.30	0.35	0.30	real effect	10000	6	0.00000	0.00000	1.00000	0.00000	6.000
97	97	97	291	1.00	0.60	0.30	0.35	0.30	real effect	10000	7	0.00000	0.00040	0.99960	0.00000	7.000
97	97	97	291	1.00	0.60	0.30	0.35	0.30	real effect	10000	8	0.00000	0.00050	0.99950	0.00000	8.000
97	97	97	291	1.00	0.60	0.30	0.35	0.30	real effect	10000	9	0.00000	0.00070	0.99930	0.00000	8.999
97	97	97	291	1.00	0.60	0.30	0.35	0.30	real effect	10000	10	0.00000	0.00070	0.99930	0.00000	9.998
97	97	97	291	1.00	0.60	0.30	0.35	0.30	real effect	10000	11	0.00000	0.00130	0.99870	0.00000	10.998
97	97	97	291	1.00	0.60	0.30	0.35	0.30	real effect	10000	12	0.00000	0.00140	0.99860	0.00000	11.996
97	97	97	291	1.00	0.60	0.30	0.35	0.30	real effect	10000	13	0.00000	0.00150	0.99850	0.00000	12.995
97	97	97	291	1.00	0.60	0.30	0.35	0.30	real effect	10000	14	0.00000	0.00150	0.99850	0.00000	13.993
97	97	97	291	1.00	0.60	0.30	0.35	0.30	real effect	10000	15	0.00000	0.00190	0.99810	0.00000	14.992
97	97	97	291	1.00	0.60	0.30	0.35	0.30	real effect	10000	16	0.00000	0.00190	0.99810	0.00000	15.990
97	97	97	291	1.00	0.60	0.30	0.35	0.30	real effect	10000	17	0.00000	0.00200	0.99800	0.00000	16.988
97	97	97	291	1.00	0.60	0.30	0.35	0.30	real effect	10000	18	0.00000	0.00220	0.99780	0.00000	17.986
97	97	97	291	1.00	0.60	0.30	0.35	0.30	real effect	10000	19	0.00000	0.00240	0.99760	0.00000	18.984
97	97	97	291	1.00	0.60	0.30	0.35	0.30	real effect	10000	20	0.00000	0.00240	0.99760	0.00000	19.982
97	97	97	291	1.00	0.60	0.30	0.35	0.30	real effect	10000	21	0.00000	0.00240	0.99760	0.00000	20.979
97	97	97	291	1.00	0.60	0.30	0.35	0.30	real effect	10000	22	0.00000	0.00260	0.99740	0.00000	21.977
97	97	97	291	1.00	0.60	0.30	0.35	0.30	real effect	10000	23	0.00000	0.00280	0.99720	0.00000	22.974
97	97	97	291	1.00	0.60	0.30	0.35	0.30	real effect	10000	24	0.00000	0.00280	0.99720	0.00000	23.971
97	97	97	291	1.00	0.60	0.30	0.35	0.30	real effect	10000	25	0.00000	0.00280	0.99720	0.00000	24.969
97	97	97	291	1.00	0.60	0.30	0.35	0.30	real effect	10000	26	0.00000	0.00280	0.99720	0.00000	25.966
97	97	97	291	1.00	0.60	0.30	0.35	0.30	real effect	10000	27	0.00010	0.00290	0.99700	0.00010	26.963
97	97	97	291	1.00	0.60	0.30	0.35	0.30	real effect	10000	28	0.00010	0.00300	0.99690	0.00010	27.960
97	97	97	291	1.00	0.60	0.30	0.35	0.30	real effect	10000	29	0.00010	0.00300	0.99690	0.00010	28.957
97	97	97	291	1.00	0.60	0.30	0.35	0.30	real effect	10000	30	0.00010	0.00300	0.99690	0.00010	29.954
97	97	97	291	1.00	0.60	0.30	0.35	0.30	real effect	10000	31	0.00010	0.00300	0.99690	0.00010	30.951
97	97	97	291	1.00	0.60	0.30	0.35	0.30	real effect	10000	32	0.00010	0.00300	0.99690	0.00010	31.948
97	97	97	291	1.00	0.60	0.30	0.35	0.30	real effect	10000	33	0.00010	0.00300	0.99690	0.00010	32.944
97	97	97	291	1.00	0.60	0.30	0.35	0.30	real effect	10000	34	0.00010	0.00310	0.99680	0.00010	33.941
97	97	97	291	1.00	0.60	0.30	0.35	0.30	real effect	10000	35	0.00010	0.00310	0.99680	0.00010	34.938
97	97	97	291	1.00	0.60	0.30	0.35	0.30	real effect	10000	36	0.00010	0.00310	0.99680	0.00010	35.935
97	97	97	291	1.00	0.60	0.30	0.35	0.30	real effect	10000	37	0.00010	0.00310	0.99680	0.00010	36.932
97	97	97	291	1.00	0.60	0.30	0.35	0.30	real effect	10000	38	0.00010	0.00310	0.99680	0.00010	37.929
97	97	97	291	1.00	0.60	0.30	0.35	0.30	real effect	10000	39	0.00010	0.00310	0.99680	0.00010	38.925
97	97	97	291	1.00	0.60	0.30	0.35	0.30	real effect	10000	40	0.00010	0.00310	0.99680	0.00010	39.922
97	97	97	291	1.00	0.60	0.30	0.35	0.30	real effect	10000	41	0.00010	0.00310	0.99680	0.00010	40.919
97	97	97	291	1.00	0.60	0.30	0.35	0.30	real effect	10000	42	0.00010	0.00310	0.99680	0.00010	41.916
97	97	97	291	1.00	0.60	0.30	0.35	0.30	real effect	10000	43	0.00010	0.00310	0.99680	0.00010	42.913
97	97	97	291	1.00	0.60	0.30	0.35	0.30	real effect	10000	44	0.00010	0.00310	0.99680	0.00010	43.909
97	97	97	291	1.00	0.60	0.30	0.35	0.30	real effect	10000	45	0.00010	0.00310	0.99680	0.00010	44.906
97	97	97	291	1.00	0.60	0.30	0.35	0.30	real effect	10000	46	0.00010	0.00310	0.99680	0.00010	45.903
97	97	97	291	1.00	0.60	0.30	0.35	0.30	real effect	10000	47	0.00010	0.00310	0.99680	0.00010	46.900
97	97	97	291	1.00	0.60	0.30	0.35	0.30	real effect	10000	48	0.00010	0.00310	0.99680	0.00010	47.897
97	97	97	291	1.00	0.60	0.30	0.35	0.30	real effect	10000	49	0.00010	0.00310	0.99680	0.00010	48.893
97	97	97	291	1.00	0.60	0.30	0.35	0.30	real effect	10000	50	0.00010	0.00310	0.99680	0.00010	49.890
97	97	97	291	1.00	0.60	0.30	0.35	0.30	real effect	10000	51	0.00010	0.00310	0.99680	0.00010	50.887
97	97	97	291	1.00	0.60	0.30	0.35	0.30	real effect	10000	52	0.00010	0.00310	0.99680	0.00010	51.884
97	97	97	291	1.00	0.60	0.30	0.35	0.30	real effect	10000	53	0.00010	0.00310	0.99680	0.00010	52.881
97	97	97	291	1.00	0.60	0.30	0.35	0.30	real effect	10000	54	0.00010	0.00310	0.99680	0.00010	53.877
97	97	97	291	1.00	0.60	0.30	0.35	0.30	real effect	10000	55	0.00010	0.00310	0.99680	0.00010	54.874
97	97	97	291	1.00	0.60	0.30	0.35	0.30	real effect	10000	56	0.00010	0.00310	0.99680	0.00010	55.871
97	97	97	291	1.00	0.60	0.30	0.35	0.30	real effect	10000	57	0.00010	0.00310	0.99680	0.00010	56.868
97	97	97	291	1.00	0.60	0.30	0.35	0.30	real effect	10000	58	0.00010	0.00310	0.99680	0.00010	57.865
97	97	97	291	1.00	0.60	0.30	0.35	0.30	real effect	10000	59	0.00010	0.00310	0.99680	0.00010	58.861
97	97	97	291	1.00	0.60	0.30	0.35	0.30	real effect	10000	60	0.00010	0.00310	0.99680	0.00010	59.858
97	97	97	291	1.00	0.60	0.30	0.35	0.30	real effect	10000	61	0.00010	0.00310	0.99680	0.00010	60.855
97	97	97	291	1.00	0.60	0.30	0.35	0.30	real effect	10000	62	0.00010	0.00310	0.99680	0.00010	61.852
97	97	97	291	1.00	0.60	0.30	0.35	0.30	real effect	10000	63	0.00010	0.00310	0.99680	0.00010	62.849
97	97	97	291	1.00	0.60	0.30	0.35	0.30	real effect	10000	64	0.00010	0.00310	0.99680	0.00010	63.845
97	97	97	291	1.00	0.60	0.30	0.35	0.30	real effect	10000	65	0.00010	0.00310	0.99680	0.00010	64.842
97	97	97	291	1.00	0.60	0.30	0.35	0.30	real effect	10000	66	0.00010	0.00310	0.99680	0.00010	65.839
97	97	97	291	1.00	0.60	0.30	0.35	0.30	real effect	10000	67	0.00010	0.00320	0.99670	0.00010	66.836
97	97	97	291	1.00	0.60	0.30	0.35	0.30	real effect	10000	68	0.00010	0.00320	0.99670	0.00010	67.832
97	97	97	291	1.00	0.60	0.30	0.35	0.30	real effect	10000	69	0.00010	0.00320	0.99670	0.00010	68.829
97	97	97	291	1.00	0.60	0.30	0.35	0.30	real effect	10000	70	0.00010	0.00320	0.99670	0.00010	69.826
97	97	97	291	1.00	0.60	0.30	0.35	0.30	real effect	10000	71	0.00010	0.00320	0.99670	0.00010	70.823
97	97	97	291	1.00	0.60	0.30	0.35	0.30	real effect	10000	72	0.00010	0.00320	0.99670	0.00010	71.819
97	97	97	291	1.00	0.60	0.30	0.35	0.30	real effect	10000	73	0.00010	0.00320	0.99670	0.00010	72.816
97	97	97	291	1.00	0.60	0.30	0.35	0.30	real effect	10000	74	0.00010	0.00320	0.99670	0.00010	73.813
97	97	97	291	1.00	0.60	0.30	0.35	0.30	real effect	10000	75	0.00010	0.00320	0.99670	0.00010	74.809
97	97	97	291	1.00	0.60	0.30	0.35	0.30	real effect	10000	76	0.00010	0.00320	0.99670	0.00010	75.806
97	97	97	291	1.00	0.60	0.30	0.35	0.30	real effect	10000	77	0.00010	0.00320	0.99670	0.00010	76.803
97	97	97	291	1.00	0.60	0.30	0.35	0.30	real effect	10000	78	0.00010	0.00320	0.99670	0.00010	77.799
97	97	97	291	1.00	0.60	0.30	0.35	0.30	real effect	10000	79	0.00010	0.00320	0.99670	0.00010	78.796
97	97	97	291	1.00	0.60	0.30	0.35	0.30	real effect	10000	80	0.00010	0.00320	0.99670	0.00010	79.793
97	97	97	291	1.00	0.60	0.30	0.35	0.30	real effect	10000	81	0.00010	0.00320	0.99670	0.00010	80.790
97	97	97	291	1.00	0.60	0.30	0.35	0.30	real effect	10000	82	0.00010	0.00320	0.99670	0.00010	81.786
97	97	97	291	1.00	0.60	0.30	0.35	0.30	real effect	10000	83	0.00010	0.00320	0.99670	0.00010	82.783
97	97	97	291	1.00	0.60	0.30	0.35	0.30	real effect	10000	84	0.00010	0.00320	0.99670	0.00010	83.780
97	97	97	291	1.00	0.60	0.30	0.35	0.30	real effect	10000	85	0.00010	0.00320	0.99670	0.00010	84.776
97	97	97	291	1.00	0.60	0.30	0.35	0.30	real effect	10000	86	0.00010	0.00320	0.99670	0.00010	85.773
97	97	97	291	1.00	0.60	0.30	0.35	0.30	real effect	10000	87	0.00010	0.00320	0.99670	0.00010	86.770
97	97	97	291	1.00	0.60	0.30	0.35	0.30	real effect	10000	88	0.00010	0.00320	0.99670	0.00010	87.766
97	97	97	291	1.00	0.60	0.30	0.35	0.30	real effect	10000	89	0.00010	0.00320	0.99670	0.00010	88.763
97	97	97	291	1.00	0.60	0.30	0.35	0.30	real effect	10000	90	0.00010	0.00320	0.99670	0.00010	89.760
97	97	97	291	1.00	0.60	0.30	0.35	0.30	real effect	10000	91	0.00010	0.00320	0.99670	0.00010	90.757
97	97	97	291	1.00	0.60	0.30	0.35	0.30	real effect	10000	92	0.00010	0.00320	0.99670	0.00010	91.753
97	97	97	291	1.00	0.60	0.30	0.35	0.30	real effect	10000	93	0.00010	0.00320	0.99670	0.00010	92.750
97	97	97	291	1.00	0.60	0.30	0.35	0.30	real effect	10000	94	0.00020	0.00320	0.99660	0.00014	93.747
97	97	97	291	1.00	0.60	0.30	0.35	0.30	real effect	10000	95	0.00020	0.00320	0.99660	0.00014	94.743
97	97	97	291	1.00	0.60	0.30	0.35	0.30	real effect	10000	96	0.00020	0.00320	0.99660	0.00014	95.740
97	97	97	291	1.00	0.60	0.30	0.35	0.30	real effect	10000	97	0.00020	0.00320	0.99660	0.00014	96.737
97	97	97	291	1.00	0.65	0.30	0.35	0.35	real effect	10000	1	0.00000	0.00000	1.00000	0.00000	1.000
97	97	97	291	1.00	0.65	0.30	0.35	0.35	real effect	10000	2	0.00000	0.00000	1.00000	0.00000	2.000
97	97	97	291	1.00	0.65	0.30	0.35	0.35	real effect	10000	3	0.00000	0.00000	1.00000	0.00000	3.000
97	97	97	291	1.00	0.65	0.30	0.35	0.35	real effect	10000	4	0.00000	0.00000	1.00000	0.00000	4.000
97	97	97	291	1.00	0.65	0.30	0.35	0.35	real effect	10000	5	0.00000	0.00000	1.00000	0.00000	5.000
97	97	97	291	1.00	0.65	0.30	0.35	0.35	real effect	10000	6	0.00000	0.00010	0.99990	0.00000	6.000
97	97	97	291	1.00	0.65	0.30	0.35	0.35	real effect	10000	7	0.00000	0.00010	0.99990	0.00000	7.000
97	97	97	291	1.00	0.65	0.30	0.35	0.35	real effect	10000	8	0.00000	0.00010	0.99990	0.00000	8.000
97	97	97	291	1.00	0.65	0.30	0.35	0.35	real effect	10000	9	0.00000	0.00010	0.99990	0.00000	9.000
97	97	97	291	1.00	0.65	0.30	0.35	0.35	real effect	10000	10	0.00000	0.00010	0.99990	0.00000	10.000
97	97	97	291	1.00	0.65	0.30	0.35	0.35	real effect	10000	11	0.00000	0.00030	0.99970	0.00000	10.999
97	97	97	291	1.00	0.65	0.30	0.35	0.35	real effect	10000	12	0.00000	0.00030	0.99970	0.00000	11.999
97	97	97	291	1.00	0.65	0.30	0.35	0.35	real effect	10000	13	0.00000	0.00040	0.99960	0.00000	12.999
97	97	97	291	1.00	0.65	0.30	0.35	0.35	real effect	10000	14	0.00000	0.00080	0.99920	0.00000	13.998
97	97	97	291	1.00	0.65	0.30	0.35	0.35	real effect	10000	15	0.00000	0.00080	0.99920	0.00000	14.998
97	97	97	291	1.00	0.65	0.30	0.35	0.35	real effect	10000	16	0.00000	0.00080	0.99920	0.00000	15.997
97	97	97	291	1.00	0.65	0.30	0.35	0.35	real effect	10000	17	0.00000	0.00090	0.99910	0.00000	16.996
97	97	97	291	1.00	0.65	0.30	0.35	0.35	real effect	10000	18	0.00000	0.00100	0.99900	0.00000	17.995
97	97	97	291	1.00	0.65	0.30	0.35	0.35	real effect	10000	19	0.00000	0.00100	0.99900	0.00000	18.994
97	97	97	291	1.00	0.65	0.30	0.35	0.35	real effect	10000	20	0.00000	0.00100	0.99900	0.00000	19.993
97	97	97	291	1.00	0.65	0.30	0.35	0.35	real effect	10000	21	0.00000	0.00110	0.99890	0.00000	20.992
97	97	97	291	1.00	0.65	0.30	0.35	0.35	real effect	10000	22	0.00000	0.00110	0.99890	0.00000	21.991
97	97	97	291	1.00	0.65	0.30	0.35	0.35	real effect	10000	23	0.00000	0.00110	0.99890	0.00000	22.990
97	97	97	291	1.00	0.65	0.30	0.35	0.35	real effect	10000	24	0.00000	0.00110	0.99890	0.00000	23.989
97	97	97	291	1.00	0.65	0.30	0.35	0.35	real effect	10000	25	0.00000	0.00110	0.99890	0.00000	24.988
97	97	97	291	1.00	0.65	0.30	0.35	0.35	real effect	10000	26	0.00000	0.00120	0.99880	0.00000	25.987
97	97	97	291	1.00	0.65	0.30	0.35	0.35	real effect	10000	27	0.00000	0.00120	0.99880	0.00000	26.985
97	97	97	291	1.00	0.65	0.30	0.35	0.35	real effect	10000	28	0.00000	0.00120	0.99880	0.00000	27.984
97	97	97	291	1.00	0.65	0.30	0.35	0.35	real effect	10000	29	0.00000	0.00120	0.99880	0.00000	28.983
97	97	97	291	1.00	0.65	0.30	0.35	0.35	real effect	10000	30	0.00000	0.00120	0.99880	0.00000	29.982
97	97	97	291	1.00	0.65	0.30	0.35	0.35	real effect	10000	31	0.00000	0.00120	0.99880	0.00000	30.981
97	97	97	291	1.00	0.65	0.30	0.35	0.35	real effect	10000	32	0.00000	0.00120	0.99880	0.00000	31.980
97	97	97	291	1.00	0.65	0.30	0.35	0.35	real effect	10000	33	0.00000	0.00120	0.99880	0.00000	32.978
97	97	97	291	1.00	0.65	0.30	0.35	0.35	real effect	10000	34	0.00000	0.00120	0.99880	0.00000	33.977
97	97	97	291	1.00	0.65	0.30	0.35	0.35	real effect	10000	35	0.00000	0.00120	0.99880	0.00000	34.976
97	97	97	291	1.00	0.65	0.30	0.35	0.35	real effect	10000	36	0.00000	0.00120	0.99880	0.00000	35.975
97	97	97	291	1.00	0.65	0.30	0.35	0.35	real effect	10000	37	0.00000	0.00120	0.99880	0.00000	36.974
97	97	97	291	1.00	0.65	0.30	0.35	0.35	real effect	10000	38	0.00000	0.00120	0.99880	0.00000	37.972
97	97	97	291	1.00	0.65	0.30	0.35	0.35	real effect	10000	39	0.00010	0.00120	0.99870	0.00010	38.971
97	97	97	291	1.00	0.65	0.30	0.35	0.35	real effect	10000	40	0.00010	0.00120	0.99870	0.00010	39.970
97	97	97	291	1.00	0.65	0.30	0.35	0.35	real effect	10000	41	0.00010	0.00120	0.99870	0.00010	40.968
97	97	97	291	1.00	0.65	0.30	0.35	0.35	real effect	10000	42	0.00010	0.00120	0.99870	0.00010	41.967
97	97	97	291	1.00	0.65	0.30	0.35	0.35	real effect	10000	43	0.00010	0.00120	0.99870	0.00010	42.966
97	97	97	291	1.00	0.65	0.30	0.35	0.35	real effect	10000	44	0.00010	0.00120	0.99870	0.00010	43.965
97	97	97	291	1.00	0.65	0.30	0.35	0.35	real effect	10000	45	0.00010	0.00120	0.99870	0.00010	44.963
97	97	97	291	1.00	0.65	0.30	0.35	0.35	real effect	10000	46	0.00020	0.00120	0.99860	0.00014	45.962
97	97	97	291	1.00	0.65	0.30	0.35	0.35	real effect	10000	47	0.00020	0.00120	0.99860	0.00014	46.961
97	97	97	291	1.00	0.65	0.30	0.35	0.35	real effect	10000	48	0.00040	0.00120	0.99840	0.00020	47.959
97	97	97	291	1.00	0.65	0.30	0.35	0.35	real effect	10000	49	0.00040	0.00120	0.99840	0.00020	48.958
97	97	97	291	1.00	0.65	0.30	0.35	0.35	real effect	10000	50	0.00040	0.00120	0.99840	0.00020	49.956
97	97	97	291	1.00	0.65	0.30	0.35	0.35	real effect	10000	51	0.00050	0.00120	0.99830	0.00022	50.954
97	97	97	291	1.00	0.65	0.30	0.35	0.35	real effect	10000	52	0.00050	0.00120	0.99830	0.00022	51.953
97	97	97	291	1.00	0.65	0.30	0.35	0.35	real effect	10000	53	0.00050	0.00120	0.99830	0.00022	52.951
97	97	97	291	1.00	0.65	0.30	0.35	0.35	real effect	10000	54	0.00050	0.00120	0.99830	0.00022	53.949
97	97	97	291	1.00	0.65	0.30	0.35	0.35	real effect	10000	55	0.00060	0.00120	0.99820	0.00024	54.948
97	97	97	291	1.00	0.65	0.30	0.35	0.35	real effect	10000	56	0.00060	0.00120	0.99820	0.00024	55.946
97	97	97	291	1.00	0.65	0.30	0.35	0.35	real effect	10000	57	0.00060	0.00120	0.99820	0.00024	56.944
97	97	97	291	1.00	0.65	0.30	0.35	0.35	real effect	10000	58	0.00070	0.00120	0.99810	0.00026	57.942
97	97	97	291	1.00	0.65	0.30	0.35	0.35	real effect	10000	59	0.00070	0.00120	0.99810	0.00026	58.940
97	97	97	291	1.00	0.65	0.30	0.35	0.35	real effect	10000	60	0.00070	0.00120	0.99810	0.00026	59.938
97	97	97	291	1.00	0.65	0.30	0.35	0.35	real effect	10000	61	0.00070	0.00120	0.99810	0.00026	60.937
97	97	97	291	1.00	0.65	0.30	0.35	0.35	real effect	10000	62	0.00070	0.00120	0.99810	0.00026	61.935
97	97	97	291	1.00	0.65	0.30	0.35	0.35	real effect	10000	63	0.00070	0.00120	0.99810	0.00026	62.933
97	97	97	291	1.00	0.65	0.30	0.35	0.35	real effect	10000	64	0.00070	0.00120	0.99810	0.00026	63.931
97	97	97	291	1.00	0.65	0.30	0.35	0.35	real effect	10000	65	0.00070	0.00120	0.99810	0.00026	64.929
97	97	97	291	1.00	0.65	0.30	0.35	0.35	real effect	10000	66	0.00070	0.00120	0.99810	0.00026	65.927
97	97	97	291	1.00	0.65	0.30	0.35	0.35	real effect	10000	67	0.00070	0.00120	0.99810	0.00026	66.925
97	97	97	291	1.00	0.65	0.30	0.35	0.35	real effect	10000	68	0.00070	0.00120	0.99810	0.00026	67.923
97	97	97	291	1.00	0.65	0.30	0.35	0.35	real effect	10000	69	0.00070	0.00120	0.99810	0.00026	68.921
97	97	97	291	1.00	0.65	0.30	0.35	0.35	real effect	10000	70	0.00070	0.00120	0.99810	0.00026	69.919
97	97	97	291	1.00	0.65	0.30	0.35	0.35	real effect	10000	71	0.00070	0.00120	0.99810	0.00026	70.918
97	97	97	291	1.00	0.65	0.30	0.35	0.35	real effect	10000	72	0.00070	0.00120	0.99810	0.00026	71.916
97	97	97	291	1.00	0.65	0.30	0.35	0.35	real effect	10000	73	0.00080	0.00120	0.99800	0.00028	72.914
97	97	97	291	1.00	0.65	0.30	0.35	0.35	real effect	10000	74	0.00080	0.00120	0.99800	0.00028	73.912
97	97	97	291	1.00	0.65	0.30	0.35	0.35	real effect	10000	75	0.00080	0.00120	0.99800	0.00028	74.910
97	97	97	291	1.00	0.65	0.30	0.35	0.35	real effect	10000	76	0.00080	0.00120	0.99800	0.00028	75.908
97	97	97	291	1.00	0.65	0.30	0.35	0.35	real effect	10000	77	0.00090	0.00120	0.99790	0.00030	76.906
97	97	97	291	1.00	0.65	0.30	0.35	0.35	real effect	10000	78	0.00100	0.00120	0.99780	0.00032	77.904
97	97	97	291	1.00	0.65	0.30	0.35	0.35	real effect	10000	79	0.00100	0.00120	0.99780	0.00032	78.901
97	97	97	291	1.00	0.65	0.30	0.35	0.35	real effect	10000	80	0.00100	0.00120	0.99780	0.00032	79.899
97	97	97	291	1.00	0.65	0.30	0.35	0.35	real effect	10000	81	0.00100	0.00120	0.99780	0.00032	80.897
97	97	97	291	1.00	0.65	0.30	0.35	0.35	real effect	10000	82	0.00100	0.00120	0.99780	0.00032	81.895
97	97	97	291	1.00	0.65	0.30	0.35	0.35	real effect	10000	83	0.00110	0.00120	0.99770	0.00033	82.893
97	97	97	291	1.00	0.65	0.30	0.35	0.35	real effect	10000	84	0.00110	0.00120	0.99770	0.00033	83.890
97	97	97	291	1.00	0.65	0.30	0.35	0.35	real effect	10000	85	0.00130	0.00120	0.99750	0.00036	84.888
97	97	97	291	1.00	0.65	0.30	0.35	0.35	real effect	10000	86	0.00140	0.00120	0.99740	0.00037	85.885
97	97	97	291	1.00	0.65	0.30	0.35	0.35	real effect	10000	87	0.00140	0.00120	0.99740	0.00037	86.883
97	97	97	291	1.00	0.65	0.30	0.35	0.35	real effect	10000	88	0.00140	0.00120	0.99740	0.00037	87.880
97	97	97	291	1.00	0.65	0.30	0.35	0.35	real effect	10000	89	0.00150	0.00120	0.99730	0.00039	88.878
97	97	97	291	1.00	0.65	0.30	0.35	0.35	real effect	10000	90	0.00150	0.00120	0.99730	0.00039	89.875
97	97	97	291	1.00	0.65	0.30	0.35	0.35	real effect	10000	91	0.00160	0.00120	0.99720	0.00040	90.872
97	97	97	291	1.00	0.65	0.30	0.35	0.35	real effect	10000	92	0.00170	0.00120	0.99710	0.00041	91.870
97	97	97	291	1.00	0.65	0.30	0.35	0.35	real effect	10000	93	0.00170	0.00120	0.99710	0.00041	92.867
97	97	97	291	1.00	0.65	0.30	0.35	0.35	real effect	10000	94	0.00170	0.00120	0.99710	0.00041	93.864
97	97	97	291	1.00	0.65	0.30	0.35	0.35	real effect	10000	95	0.00170	0.00120	0.99710	0.00041	94.861
97	97	97	291	1.00	0.65	0.30	0.35	0.35	real effect	10000	96	0.00180	0.00120	0.99700	0.00042	95.858
97	97	97	291	1.00	0.65	0.30	0.35	0.35	real effect	10000	97	0.00180	0.00120	0.99700	0.00042	96.855
97	97	97	291	1.00	0.70	0.30	0.35	0.40	real effect	10000	1	0.00000	0.00000	1.00000	0.00000	1.000
97	97	97	291	1.00	0.70	0.30	0.35	0.40	real effect	10000	2	0.00000	0.00000	1.00000	0.00000	2.000
97	97	97	291	1.00	0.70	0.30	0.35	0.40	real effect	10000	3	0.00000	0.00000	1.00000	0.00000	3.000
97	97	97	291	1.00	0.70	0.30	0.35	0.40	real effect	10000	4	0.00000	0.00000	1.00000	0.00000	4.000
97	97	97	291	1.00	0.70	0.30	0.35	0.40	real effect	10000	5	0.00000	0.00000	1.00000	0.00000	5.000
97	97	97	291	1.00	0.70	0.30	0.35	0.40	real effect	10000	6	0.00000	0.00000	1.00000	0.00000	6.000
97	97	97	291	1.00	0.70	0.30	0.35	0.40	real effect	10000	7	0.00000	0.00000	1.00000	0.00000	7.000
97	97	97	291	1.00	0.70	0.30	0.35	0.40	real effect	10000	8	0.00000	0.00000	1.00000	0.00000	8.000
97	97	97	291	1.00	0.70	0.30	0.35	0.40	real effect	10000	9	0.00000	0.00000	1.00000	0.00000	9.000
97	97	97	291	1.00	0.70	0.30	0.35	0.40	real effect	10000	10	0.00000	0.00000	1.00000	0.00000	10.000
97	97	97	291	1.00	0.70	0.30	0.35	0.40	real effect	10000	11	0.00000	0.00000	1.00000	0.00000	11.000
97	97	97	291	1.00	0.70	0.30	0.35	0.40	real effect	10000	12	0.00000	0.00000	1.00000	0.00000	12.000
97	97	97	291	1.00	0.70	0.30	0.35	0.40	real effect	10000	13	0.00000	0.00000	1.00000	0.00000	13.000
97	97	97	291	1.00	0.70	0.30	0.35	0.40	real effect	10000	14	0.00000	0.00000	1.00000	0.00000	14.000
97	97	97	291	1.00	0.70	0.30	0.35	0.40	real effect	10000	15	0.00000	0.00000	1.00000	0.00000	15.000
97	97	97	291	1.00	0.70	0.30	0.35	0.40	real effect	10000	16	0.00000	0.00000	1.00000	0.00000	16.000
97	97	97	291	1.00	0.70	0.30	0.35	0.40	real effect	10000	17	0.00000	0.00010	0.99990	0.00000	17.000
97	97	97	291	1.00	0.70	0.30	0.35	0.40	real effect	10000	18	0.00000	0.00010	0.99990	0.00000	18.000
97	97	97	291	1.00	0.70	0.30	0.35	0.40	real effect	10000	19	0.00000	0.00010	0.99990	0.00000	19.000
97	97	97	291	1.00	0.70	0.30	0.35	0.40	real effect	10000	20	0.00000	0.00010	0.99990	0.00000	20.000
97	97	97	291	1.00	0.70	0.30	0.35	0.40	real effect	10000	21	0.00000	0.00010	0.99990	0.00000	21.000
97	97	97	291	1.00	0.70	0.30	0.35	0.40	real effect	10000	22	0.00000	0.00010	0.99990	0.00000	22.000
97	97	97	291	1.00	0.70	0.30	0.35	0.40	real effect	10000	23	0.00020	0.00020	0.99960	0.00014	22.999
97	97	97	291	1.00	0.70	0.30	0.35	0.40	real effect	10000	24	0.00020	0.00020	0.99960	0.00014	23.999
97	97	97	291	1.00	0.70	0.30	0.35	0.40	real effect	10000	25	0.00020	0.00020	0.99960	0.00014	24.999
97	97	97	291	1.00	0.70	0.30	0.35	0.40	real effect	10000	26	0.00020	0.00020	0.99960	0.00014	25.998
97	97	97	291	1.00	0.70	0.30	0.35	0.40	real effect	10000	27	0.00030	0.00020	0.99950	0.00017	26.998
97	97	97	291	1.00	0.70	0.30	0.35	0.40	real effect	10000	28	0.00040	0.00020	0.99940	0.00020	27.997
97	97	97	291	1.00	0.70	0.30	0.35	0.40	real effect	10000	29	0.00040	0.00020	0.99940	0.00020	28.997
97	97	97	291	1.00	0.70	0.30	0.35	0.40	real effect	10000	30	0.00070	0.00020	0.99910	0.00026	29.996
97	97	97	291	1.00	0.70	0.30	0.35	0.40	real effect	10000	31	0.00070	0.00020	0.99910	0.00026	30.995
97	97	97	291	1.00	0.70	0.30	0.35	0.40	real effect	10000	32	0.00080	0.00020	0.99900	0.00028	31.994
97	97	97	291	1.00	0.70	0.30	0.35	0.40	real effect	10000	33	0.00080	0.00020	0.99900	0.00028	32.993
97	97	97	291	1.00	0.70	0.30	0.35	0.40	real effect	10000	34	0.00080	0.00020	0.99900	0.00028	33.992
97	97	97	291	1.00	0.70	0.30	0.35	0.40	real effect	10000	35	0.00110	0.00020	0.99870	0.00033	34.991
97	97	97	291	1.00	0.70	0.30	0.35	0.40	real effect	10000	36	0.00110	0.00020	0.99870	0.00033	35.990
97	97	97	291	1.00	0.70	0.30	0.35	0.40	real effect	10000	37	0.00110	0.00020	0.99870	0.00033	36.989
97	97	97	291	1.00	0.70	0.30	0.35	0.40	real effect	10000	38	0.00150	0.00020	0.99830	0.00039	37.987
97	97	97	291	1.00	0.70	0.30	0.35	0.40	real effect	10000	39	0.00170	0.00020	0.99810	0.00041	38.986
97	97	97	291	1.00	0.70	0.30	0.35	0.40	real effect	10000	40	0.00180	0.00020	0.99800	0.00042	39.984
97	97	97	291	1.00	0.70	0.30	0.35	0.40	real effect	10000	41	0.00190	0.00020	0.99790	0.00044	40.982
97	97	97	291	1.00	0.70	0.30	0.35	0.40	real effect	10000	42	0.00200	0.00020	0.99780	0.00045	41.980
97	97	97	291	1.00	0.70	0.30	0.35	0.40	real effect	10000	43	0.00200	0.00020	0.99780	0.00045	42.977
97	97	97	291	1.00	0.70	0.30	0.35	0.40	real effect	10000	44	0.00210	0.00020	0.99770	0.00046	43.975
97	97	97	291	1.00	0.70	0.30	0.35	0.40	real effect	10000	45	0.00230	0.00020	0.99750	0.00048	44.973
97	97	97	291	1.00	0.70	0.30	0.35	0.40	real effect	10000	46	0.00240	0.00020	0.99740	0.00049	45.971
97	97	97	291	1.00	0.70	0.30	0.35	0.40	real effect	10000	47	0.00250	0.00020	0.99730	0.00050	46.968
97	97	97	291	1.00	0.70	0.30	0.35	0.40	real effect	10000	48	0.00270	0.00020	0.99710	0.00052	47.965
97	97	97	291	1.00	0.70	0.30	0.35	0.40	real effect	10000	49	0.00280	0.00020	0.99700	0.00053	48.962
97	97	97	291	1.00	0.70	0.30	0.35	0.40	real effect	10000	50	0.00300	0.00020	0.99680	0.00055	49.959
97	97	97	291	1.00	0.70	0.30	0.35	0.40	real effect	10000	51	0.00320	0.00020	0.99660	0.00056	50.956
97	97	97	291	1.00	0.70	0.30	0.35	0.40	real effect	10000	52	0.00350	0.00020	0.99630	0.00059	51.953
97	97	97	291	1.00	0.70	0.30	0.35	0.40	real effect	10000	53	0.00370	0.00020	0.99610	0.00061	52.949
97	97	97	291	1.00	0.70	0.30	0.35	0.40	real effect	10000	54	0.00380	0.00020	0.99600	0.00062	53.945
97	97	97	291	1.00	0.70	0.30	0.35	0.40	real effect	10000	55	0.00400	0.00020	0.99580	0.00063	54.941
97	97	97	291	1.00	0.70	0.30	0.35	0.40	real effect	10000	56	0.00420	0.00020	0.99560	0.00065	55.937
97	97	97	291	1.00	0.70	0.30	0.35	0.40	real effect	10000	57	0.00440	0.00020	0.99540	0.00066	56.932
97	97	97	291	1.00	0.70	0.30	0.35	0.40	real effect	10000	58	0.00450	0.00020	0.99530	0.00067	57.928
97	97	97	291	1.00	0.70	0.30	0.35	0.40	real effect	10000	59	0.00490	0.00020	0.99490	0.00070	58.923
97	97	97	291	1.00	0.70	0.30	0.35	0.40	real effect	10000	60	0.00510	0.00020	0.99470	0.00071	59.918
97	97	97	291	1.00	0.70	0.30	0.35	0.40	real effect	10000	61	0.00540	0.00020	0.99440	0.00073	60.913
97	97	97	291	1.00	0.70	0.30	0.35	0.40	real effect	10000	62	0.00550	0.00020	0.99430	0.00074	61.907
97	97	97	291	1.00	0.70	0.30	0.35	0.40	real effect	10000	63	0.00560	0.00020	0.99420	0.00075	62.901
97	97	97	291	1.00	0.70	0.30	0.35	0.40	real effect	10000	64	0.00590	0.00020	0.99390	0.00077	63.896
97	97	97	291	1.00	0.70	0.30	0.35	0.40	real effect	10000	65	0.00600	0.00020	0.99380	0.00077	64.890
97	97	97	291	1.00	0.70	0.30	0.35	0.40	real effect	10000	66	0.00630	0.00020	0.99350	0.00079	65.883
97	97	97	291	1.00	0.70	0.30	0.35	0.40	real effect	10000	67	0.00640	0.00020	0.99340	0.00080	66.877
97	97	97	291	1.00	0.70	0.30	0.35	0.40	real effect	10000	68	0.00670	0.00020	0.99310	0.00082	67.870
97	97	97	291	1.00	0.70	0.30	0.35	0.40	real effect	10000	69	0.00680	0.00020	0.99300	0.00082	68.863
97	97	97	291	1.00	0.70	0.30	0.35	0.40	real effect	10000	70	0.00700	0.00020	0.99280	0.00083	69.856
97	97	97	291	1.00	0.70	0.30	0.35	0.40	real effect	10000	71	0.00720	0.00020	0.99260	0.00085	70.849
97	97	97	291	1.00	0.70	0.30	0.35	0.40	real effect	10000	72	0.00740	0.00020	0.99240	0.00086	71.842
97	97	97	291	1.00	0.70	0.30	0.35	0.40	real effect	10000	73	0.00780	0.00020	0.99200	0.00088	72.834
97	97	97	291	1.00	0.70	0.30	0.35	0.40	real effect	10000	74	0.00810	0.00020	0.99170	0.00090	73.826
97	97	97	291	1.00	0.70	0.30	0.35	0.40	real effect	10000	75	0.00850	0.00020	0.99130	0.00092	74.818
97	97	97	291	1.00	0.70	0.30	0.35	0.40	real effect	10000	76	0.00870	0.00020	0.99110	0.00093	75.809
97	97	97	291	1.00	0.70	0.30	0.35	0.40	real effect	10000	77	0.00890	0.00020	0.99090	0.00094	76.800
97	97	97	291	1.00	0.70	0.30	0.35	0.40	real effect	10000	78	0.00920	0.00020	0.99060	0.00095	77.791
97	97	97	291	1.00	0.70	0.30	0.35	0.40	real effect	10000	79	0.00970	0.00020	0.99010	0.00098	78.782
97	97	97	291	1.00	0.70	0.30	0.35	0.40	real effect	10000	80	0.00980	0.00020	0.99000	0.00099	79.772
97	97	97	291	1.00	0.70	0.30	0.35	0.40	real effect	10000	81	0.00980	0.00020	0.99000	0.00099	80.762
97	97	97	291	1.00	0.70	0.30	0.35	0.40	real effect	10000	82	0.01020	0.00020	0.98960	0.00100	81.752
97	97	97	291	1.00	0.70	0.30	0.35	0.40	real effect	10000	83	0.01060	0.00020	0.98920	0.00102	82.742
97	97	97	291	1.00	0.70	0.30	0.35	0.40	real effect	10000	84	0.01090	0.00020	0.98890	0.00104	83.731
97	97	97	291	1.00	0.70	0.30	0.35	0.40	real effect	10000	85	0.01100	0.00020	0.98880	0.00104	84.720
97	97	97	291	1.00	0.70	0.30	0.35	0.40	real effect	10000	86	0.01120	0.00020	0.98860	0.00105	85.708
97	97	97	291	1.00	0.70	0.30	0.35	0.40	real effect	10000	87	0.01140	0.00020	0.98840	0.00106	86.697
97	97	97	291	1.00	0.70	0.30	0.35	0.40	real effect	10000	88	0.01170	0.00020	0.98810	0.00108	87.685
97	97	97	291	1.00	0.70	0.30	0.35	0.40	real effect	10000	89	0.01190	0.00020	0.98790	0.00108	88.674
97	97	97	291	1.00	0.70	0.30	0.35	0.40	real effect	10000	90	0.01220	0.00020	0.98760	0.00110	89.661
97	97	97	291	1.00	0.70	0.30	0.35	0.40	real effect	10000	91	0.01250	0.00020	0.98730	0.00111	90.649
97	97	97	291	1.00	0.70	0.30	0.35	0.40	real effect	10000	92	0.01280	0.00020	0.98700	0.00112	91.636
97	97	97	291	1.00	0.70	0.30	0.35	0.40	real effect	10000	93	0.01320	0.00020	0.98660	0.00114	92.623
97	97	97	291	1.00	0.70	0.30	0.35	0.40	real effect	10000	94	0.01340	0.00020	0.98640	0.00115	93.610
97	97	97	291	1.00	0.70	0.30	0.35	0.40	real effect	10000	95	0.01350	0.00020	0.98630	0.00115	94.596
97	97	97	291	1.00	0.70	0.30	0.35	0.40	real effect	10000	96	0.01370	0.00020	0.98610	0.00116	95.583
97	97	97	291	1.00	0.70	0.30	0.35	0.40	real effect	10000	97	0.01410	0.00020	0.98570	0.00118	96.569
97	97	97	291	1.00	0.50	0.30	0.40	0.20	calibration	10000	1	0.00000	0.00000	1.00000	0.00000	1.000
97	97	97	291	1.00	0.50	0.30	0.40	0.20	calibration	10000	2	0.00000	0.00000	1.00000	0.00000	2.000
97	97	97	291	1.00	0.50	0.30	0.40	0.20	calibration	10000	3	0.00000	0.00000	1.00000	0.00000	3.000
97	97	97	291	1.00	0.50	0.30	0.40	0.20	calibration	10000	4	0.00000	0.00000	1.00000	0.00000	4.000
97	97	97	291	1.00	0.50	0.30	0.40	0.20	calibration	10000	5	0.00000	0.00000	1.00000	0.00000	5.000
97	97	97	291	1.00	0.50	0.30	0.40	0.20	calibration	10000	6	0.00000	0.00000	1.00000	0.00000	6.000
97	97	97	291	1.00	0.50	0.30	0.40	0.20	calibration	10000	7	0.00000	0.00020	0.99980	0.00000	7.000
97	97	97	291	1.00	0.50	0.30	0.40	0.20	calibration	10000	8	0.00000	0.00060	0.99940	0.00000	8.000
97	97	97	291	1.00	0.50	0.30	0.40	0.20	calibration	10000	9	0.00000	0.00070	0.99930	0.00000	8.999
97	97	97	291	1.00	0.50	0.30	0.40	0.20	calibration	10000	10	0.00000	0.00120	0.99880	0.00000	9.998
97	97	97	291	1.00	0.50	0.30	0.40	0.20	calibration	10000	11	0.00000	0.00380	0.99620	0.00000	10.997
97	97	97	291	1.00	0.50	0.30	0.40	0.20	calibration	10000	12	0.00000	0.00440	0.99560	0.00000	11.993
97	97	97	291	1.00	0.50	0.30	0.40	0.20	calibration	10000	13	0.00000	0.00490	0.99510	0.00000	12.989
97	97	97	291	1.00	0.50	0.30	0.40	0.20	calibration	10000	14	0.00000	0.00680	0.99320	0.00000	13.984
97	97	97	291	1.00	0.50	0.30	0.40	0.20	calibration	10000	15	0.00000	0.00760	0.99240	0.00000	14.977
97	97	97	291	1.00	0.50	0.30	0.40	0.20	calibration	10000	16	0.00000	0.00800	0.99200	0.00000	15.970
97	97	97	291	1.00	0.50	0.30	0.40	0.20	calibration	10000	17	0.00000	0.00830	0.99170	0.00000	16.962
97	97	97	291	1.00	0.50	0.30	0.40	0.20	calibration	10000	18	0.00000	0.01020	0.98980	0.00000	17.953
97	97	97	291	1.00	0.50	0.30	0.40	0.20	calibration	10000	19	0.00000	0.01150	0.98850	0.00000	18.943
97	97	97	291	1.00	0.50	0.30	0.40	0.20	calibration	10000	20	0.00000	0.01160	0.98840	0.00000	19.932
97	97	97	291	1.00	0.50	0.30	0.40	0.20	calibration	10000	21	0.00000	0.01190	0.98810	0.00000	20.920
97	97	97	291	1.00	0.50	0.30	0.40	0.20	calibration	10000	22	0.00000	0.01220	0.98780	0.00000	21.908
97	97	97	291	1.00	0.50	0.30	0.40	0.20	calibration	10000	23	0.00000	0.01280	0.98720	0.00000	22.896
97	97	97	291	1.00	0.50	0.30	0.40	0.20	calibration	10000	24	0.00000	0.01320	0.98680	0.00000	23.883
97	97	97	291	1.00	0.50	0.30	0.40	0.20	calibration	10000	25	0.00000	0.01360	0.98640	0.00000	24.870
97	97	97	291	1.00	0.50	0.30	0.40	0.20	calibration	10000	26	0.00000	0.01430	0.98570	0.00000	25.857
97	97	97	291	1.00	0.50	0.30	0.40	0.20	calibration	10000	27	0.00000	0.01490	0.98510	0.00000	26.842
97	97	97	291	1.00	0.50	0.30	0.40	0.20	calibration	10000	28	0.00000	0.01490	0.98510	0.00000	27.827
97	97	97	291	1.00	0.50	0.30	0.40	0.20	calibration	10000	29	0.00000	0.01520	0.98480	0.00000	28.812
97	97	97	291	1.00	0.50	0.30	0.40	0.20	calibration	10000	30	0.00000	0.01550	0.98450	0.00000	29.797
97	97	97	291	1.00	0.50	0.30	0.40	0.20	calibration	10000	31	0.00000	0.01600	0.98400	0.00000	30.782
97	97	97	291	1.00	0.50	0.30	0.40	0.20	calibration	10000	32	0.00000	0.01670	0.98330	0.00000	31.766
97	97	97	291	1.00	0.50	0.30	0.40	0.20	calibration	10000	33	0.00000	0.01700	0.98300	0.00000	32.749
97	97	97	291	1.00	0.50	0.30	0.40	0.20	calibration	10000	34	0.00000	0.01750	0.98250	0.00000	33.732
97	97	97	291	1.00	0.50	0.30	0.40	0.20	calibration	10000	35	0.00000	0.01770	0.98230	0.00000	34.715
97	97	97	291	1.00	0.50	0.30	0.40	0.20	calibration	10000	36	0.00000	0.01830	0.98170	0.00000	35.697
97	97	97	291	1.00	0.50	0.30	0.40	0.20	calibration	10000	37	0.00000	0.01850	0.98150	0.00000	36.678
97	97	97	291	1.00	0.50	0.30	0.40	0.20	calibration	10000	38	0.00000	0.01860	0.98140	0.00000	37.660
97	97	97	291	1.00	0.50	0.30	0.40	0.20	calibration	10000	39	0.00000	0.01890	0.98110	0.00000	38.641
97	97	97	291	1.00	0.50	0.30	0.40	0.20	calibration	10000	40	0.00000	0.01900	0.98100	0.00000	39.623
97	97	97	291	1.00	0.50	0.30	0.40	0.20	calibration	10000	41	0.00000	0.01930	0.98070	0.00000	40.603
97	97	97	291	1.00	0.50	0.30	0.40	0.20	calibration	10000	42	0.00000	0.01960	0.98040	0.00000	41.584
97	97	97	291	1.00	0.50	0.30	0.40	0.20	calibration	10000	43	0.00000	0.01980	0.98020	0.00000	42.565
97	97	97	291	1.00	0.50	0.30	0.40	0.20	calibration	10000	44	0.00000	0.02010	0.97990	0.00000	43.545
97	97	97	291	1.00	0.50	0.30	0.40	0.20	calibration	10000	45	0.00000	0.02050	0.97950	0.00000	44.525
97	97	97	291	1.00	0.50	0.30	0.40	0.20	calibration	10000	46	0.00000	0.02080	0.97920	0.00000	45.504
97	97	97	291	1.00	0.50	0.30	0.40	0.20	calibration	10000	47	0.00000	0.02130	0.97870	0.00000	46.483
97	97	97	291	1.00	0.50	0.30	0.40	0.20	calibration	10000	48	0.00000	0.02130	0.97870	0.00000	47.462
97	97	97	291	1.00	0.50	0.30	0.40	0.20	calibration	10000	49	0.00000	0.02140	0.97860	0.00000	48.441
97	97	97	291	1.00	0.50	0.30	0.40	0.20	calibration	10000	50	0.00000	0.02140	0.97860	0.00000	49.419
97	97	97	291	1.00	0.50	0.30	0.40	0.20	calibration	10000	51	0.00000	0.02150	0.97850	0.00000	50.398
97	97	97	291	1.00	0.50	0.30	0.40	0.20	calibration	10000	52	0.00000	0.02160	0.97840	0.00000	51.377
97	97	97	291	1.00	0.50	0.30	0.40	0.20	calibration	10000	53	0.00000	0.02160	0.97840	0.00000	52.355
97	97	97	291	1.00	0.50	0.30	0.40	0.20	calibration	10000	54	0.00000	0.02180	0.97820	0.00000	53.333
97	97	97	291	1.00	0.50	0.30	0.40	0.20	calibration	10000	55	0.00000	0.02180	0.97820	0.00000	54.312
97	97	97	291	1.00	0.50	0.30	0.40	0.20	calibration	10000	56	0.00000	0.02180	0.97820	0.00000	55.290
97	97	97	291	1.00	0.50	0.30	0.40	0.20	calibration	10000	57	0.00000	0.02180	0.97820	0.00000	56.268
97	97	97	291	1.00	0.50	0.30	0.40	0.20	calibration	10000	58	0.00000	0.02180	0.97820	0.00000	57.246
97	97	97	291	1.00	0.50	0.30	0.40	0.20	calibration	10000	59	0.00000	0.02190	0.97810	0.00000	58.224
97	97	97	291	1.00	0.50	0.30	0.40	0.20	calibration	10000	60	0.00000	0.02200	0.97800	0.00000	59.202
97	97	97	291	1.00	0.50	0.30	0.40	0.20	calibration	10000	61	0.00000	0.02210	0.97790	0.00000	60.180
97	97	97	291	1.00	0.50	0.30	0.40	0.20	calibration	10000	62	0.00000	0.02220	0.97780	0.00000	61.158
97	97	97	291	1.00	0.50	0.30	0.40	0.20	calibration	10000	63	0.00000	0.02230	0.97770	0.00000	62.136
97	97	97	291	1.00	0.50	0.30	0.40	0.20	calibration	10000	64	0.00000	0.02240	0.97760	0.00000	63.114
97	97	97	291	1.00	0.50	0.30	0.40	0.20	calibration	10000	65	0.00000	0.02260	0.97740	0.00000	64.091
97	97	97	291	1.00	0.50	0.30	0.40	0.20	calibration	10000	66	0.00000	0.02260	0.97740	0.00000	65.069
97	97	97	291	1.00	0.50	0.30	0.40	0.20	calibration	10000	67	0.00000	0.02280	0.97720	0.00000	66.046
97	97	97	291	1.00	0.50	0.30	0.40	0.20	calibration	10000	68	0.00000	0.02300	0.97700	0.00000	67.023
97	97	97	291	1.00	0.50	0.30	0.40	0.20	calibration	10000	69	0.00000	0.02300	0.97700	0.00000	68.000
97	97	97	291	1.00	0.50	0.30	0.40	0.20	calibration	10000	70	0.00000	0.02300	0.97700	0.00000	68.977
97	97	97	291	1.00	0.50	0.30	0.40	0.20	calibration	10000	71	0.00000	0.02310	0.97690	0.00000	69.954
97	97	97	291	1.00	0.50	0.30	0.40	0.20	calibration	10000	72	0.00000	0.02320	0.97680	0.00000	70.931
97	97	97	291	1.00	0.50	0.30	0.40	0.20	calibration	10000	73	0.00000	0.02320	0.97680	0.00000	71.908
97	97	97	291	1.00	0.50	0.30	0.40	0.20	calibration	10000	74	0.00000	0.02330	0.97670	0.00000	72.885
97	97	97	291	1.00	0.50	0.30	0.40	0.20	calibration	10000	75	0.00000	0.02350	0.97650	0.00000	73.862
97	97	97	291	1.00	0.50	0.30	0.40	0.20	calibration	10000	76	0.00000	0.02350	0.97650	0.00000	74.838
97	97	97	291	1.00	0.50	0.30	0.40	0.20	calibration	10000	77	0.00000	0.02350	0.97650	0.00000	75.815
97	97	97	291	1.00	0.50	0.30	0.40	0.20	calibration	10000	78	0.00000	0.02370	0.97630	0.00000	76.791
97	97	97	291	1.00	0.50	0.30	0.40	0.20	calibration	10000	79	0.00000	0.02380	0.97620	0.00000	77.767
97	97	97	291	1.00	0.50	0.30	0.40	0.20	calibration	10000	80	0.00000	0.02390	0.97610	0.00000	78.744
97	97	97	291	1.00	0.50	0.30	0.40	0.20	calibration	10000	81	0.00000	0.02400	0.97600	0.00000	79.720
97	97	97	291	1.00	0.50	0.30	0.40	0.20	calibration	10000	82	0.00000	0.02430	0.97570	0.00000	80.696
97	97	97	291	1.00	0.50	0.30	0.40	0.20	calibration	10000	83	0.00000	0.02430	0.97570	0.00000	81.671
97	97	97	291	1.00	0.50	0.30	0.40	0.20	calibration	10000	84	0.00000	0.02430	0.97570	0.00000	82.647
97	97	97	291	1.00	0.50	0.30	0.40	0.20	calibration	10000	85	0.00000	0.02440	0.97560	0.00000	83.623
97	97	97	291	1.00	0.50	0.30	0.40	0.20	calibration	10000	86	0.00000	0.02450	0.97550	0.00000	84.598
97	97	97	291	1.00	0.50	0.30	0.40	0.20	calibration	10000	87	0.00000	0.02460	0.97540	0.00000	85.574
97	97	97	291	1.00	0.50	0.30	0.40	0.20	calibration	10000	88	0.00000	0.02480	0.97520	0.00000	86.549
97	97	97	291	1.00	0.50	0.30	0.40	0.20	calibration	10000	89	0.00000	0.02480	0.97520	0.00000	87.525
97	97	97	291	1.00	0.50	0.30	0.40	0.20	calibration	10000	90	0.00000	0.02480	0.97520	0.00000	88.500
97	97	97	291	1.00	0.50	0.30	0.40	0.20	calibration	10000	91	0.00000	0.02490	0.97510	0.00000	89.475
97	97	97	291	1.00	0.50	0.30	0.40	0.20	calibration	10000	92	0.00000	0.02510	0.97490	0.00000	90.450
97	97	97	291	1.00	0.50	0.30	0.40	0.20	calibration	10000	93	0.00000	0.02510	0.97490	0.00000	91.425
97	97	97	291	1.00	0.50	0.30	0.40	0.20	calibration	10000	94	0.00000	0.02520	0.97480	0.00000	92.400
97	97	97	291	1.00	0.50	0.30	0.40	0.20	calibration	10000	95	0.00000	0.02520	0.97480	0.00000	93.375
97	97	97	291	1.00	0.50	0.30	0.40	0.20	calibration	10000	96	0.00000	0.02520	0.97480	0.00000	94.349
97	97	97	291	1.00	0.50	0.30	0.40	0.20	calibration	10000	97	0.00000	0.02520	0.97480	0.00000	95.324
97	97	97	291	1.00	0.55	0.30	0.40	0.25	small real effect	10000	1	0.00000	0.00000	1.00000	0.00000	1.000
97	97	97	291	1.00	0.55	0.30	0.40	0.25	small real effect	10000	2	0.00000	0.00000	1.00000	0.00000	2.000
97	97	97	291	1.00	0.55	0.30	0.40	0.25	small real effect	10000	3	0.00000	0.00000	1.00000	0.00000	3.000
97	97	97	291	1.00	0.55	0.30	0.40	0.25	small real effect	10000	4	0.00000	0.00000	1.00000	0.00000	4.000
97	97	97	291	1.00	0.55	0.30	0.40	0.25	small real effect	10000	5	0.00000	0.00000	1.00000	0.00000	5.000
97	97	97	291	1.00	0.55	0.30	0.40	0.25	small real effect	10000	6	0.00000	0.00000	1.00000	0.00000	6.000
97	97	97	291	1.00	0.55	0.30	0.40	0.25	small real effect	10000	7	0.00000	0.00000	1.00000	0.00000	7.000
97	97	97	291	1.00	0.55	0.30	0.40	0.25	small real effect	10000	8	0.00000	0.00010	0.99990	0.00000	8.000
97	97	97	291	1.00	0.55	0.30	0.40	0.25	small real effect	10000	9	0.00000	0.00020	0.99980	0.00000	9.000
97	97	97	291	1.00	0.55	0.30	0.40	0.25	small real effect	10000	10	0.00000	0.00050	0.99950	0.00000	10.000
97	97	97	291	1.00	0.55	0.30	0.40	0.25	small real effect	10000	11	0.00000	0.00110	0.99890	0.00000	10.999
97	97	97	291	1.00	0.55	0.30	0.40	0.25	small real effect	10000	12	0.00000	0.00160	0.99840	0.00000	11.998
97	97	97	291	1.00	0.55	0.30	0.40	0.25	small real effect	10000	13	0.00000	0.00190	0.99810	0.00000	12.996
97	97	97	291	1.00	0.55	0.30	0.40	0.25	small real effect	10000	14	0.00000	0.00250	0.99750	0.00000	13.995
97	97	97	291	1.00	0.55	0.30	0.40	0.25	small real effect	10000	15	0.00000	0.00310	0.99690	0.00000	14.992
97	97	97	291	1.00	0.55	0.30	0.40	0.25	small real effect	10000	16	0.00000	0.00330	0.99670	0.00000	15.989
97	97	97	291	1.00	0.55	0.30	0.40	0.25	small real effect	10000	17	0.00000	0.00380	0.99620	0.00000	16.986
97	97	97	291	1.00	0.55	0.30	0.40	0.25	small real effect	10000	18	0.00000	0.00440	0.99560	0.00000	17.982
97	97	97	291	1.00	0.55	0.30	0.40	0.25	small real effect	10000	19	0.00000	0.00470	0.99530	0.00000	18.977
97	97	97	291	1.00	0.55	0.30	0.40	0.25	small real effect	10000	20	0.00000	0.00500	0.99500	0.00000	19.973
97	97	97	291	1.00	0.55	0.30	0.40	0.25	small real effect	10000	21	0.00000	0.00510	0.99490	0.00000	20.968
97	97	97	291	1.00	0.55	0.30	0.40	0.25	small real effect	10000	22	0.00000	0.00540	0.99460	0.00000	21.963
97	97	97	291	1.00	0.55	0.30	0.40	0.25	small real effect	10000	23	0.00000	0.00540	0.99460	0.00000	22.957
97	97	97	291	1.00	0.55	0.30	0.40	0.25	small real effect	10000	24	0.00000	0.00580	0.99420	0.00000	23.952
97	97	97	291	1.00	0.55	0.30	0.40	0.25	small real effect	10000	25	0.00000	0.00600	0.99400	0.00000	24.946
97	97	97	291	1.00	0.55	0.30	0.40	0.25	small real effect	10000	26	0.00000	0.00620	0.99380	0.00000	25.940
97	97	97	291	1.00	0.55	0.30	0.40	0.25	small real effect	10000	27	0.00000	0.00650	0.99350	0.00000	26.934
97	97	97	291	1.00	0.55	0.30	0.40	0.25	small real effect	10000	28	0.00000	0.00660	0.99340	0.00000	27.927
97	97	97	291	1.00	0.55	0.30	0.40	0.25	small real effect	10000	29	0.00000	0.00660	0.99340	0.00000	28.921
97	97	97	291	1.00	0.55	0.30	0.40	0.25	small real effect	10000	30	0.00000	0.00660	0.99340	0.00000	29.914
97	97	97	291	1.00	0.55	0.30	0.40	0.25	small real effect	10000	31	0.00000	0.00670	0.99330	0.00000	30.908
97	97	97	291	1.00	0.55	0.30	0.40	0.25	small real effect	10000	32	0.00000	0.00680	0.99320	0.00000	31.901
97	97	97	291	1.00	0.55	0.30	0.40	0.25	small real effect	10000	33	0.00000	0.00700	0.99300	0.00000	32.894
97	97	97	291	1.00	0.55	0.30	0.40	0.25	small real effect	10000	34	0.00000	0.00710	0.99290	0.00000	33.887
97	97	97	291	1.00	0.55	0.30	0.40	0.25	small real effect	10000	35	0.00000	0.00750	0.99250	0.00000	34.880
97	97	97	291	1.00	0.55	0.30	0.40	0.25	small real effect	10000	36	0.00000	0.00760	0.99240	0.00000	35.873
97	97	97	291	1.00	0.55	0.30	0.40	0.25	small real effect	10000	37	0.00000	0.00780	0.99220	0.00000	36.865
97	97	97	291	1.00	0.55	0.30	0.40	0.25	small real effect	10000	38	0.00000	0.00780	0.99220	0.00000	37.857
97	97	97	291	1.00	0.55	0.30	0.40	0.25	small real effect	10000	39	0.00000	0.00790	0.99210	0.00000	38.849
97	97	97	291	1.00	0.55	0.30	0.40	0.25	small real effect	10000	40	0.00000	0.00800	0.99200	0.00000	39.841
97	97	97	291	1.00	0.55	0.30	0.40	0.25	small real effect	10000	41	0.00000	0.00810	0.99190	0.00000	40.833
97	97	97	291	1.00	0.55	0.30	0.40	0.25	small real effect	10000	42	0.00000	0.00820	0.99180	0.00000	41.825
97	97	97	291	1.00	0.55	0.30	0.40	0.25	small real effect	10000	43	0.00000	0.00820	0.99180	0.00000	42.817
97	97	97	291	1.00	0.55	0.30	0.40	0.25	small real effect	10000	44	0.00000	0.00820	0.99180	0.00000	43.809
97	97	97	291	1.00	0.55	0.30	0.40	0.25	small real effect	10000	45	0.00000	0.00820	0.99180	0.00000	44.801
97	97	97	291	1.00	0.55	0.30	0.40	0.25	small real effect	10000	46	0.00000	0.00820	0.99180	0.00000	45.792
97	97	97	291	1.00	0.55	0.30	0.40	0.25	small real effect	10000	47	0.00000	0.00820	0.99180	0.00000	46.784
97	97	97	291	1.00	0.55	0.30	0.40	0.25	small real effect	10000	48	0.00000	0.00830	0.99170	0.00000	47.776
97	97	97	291	1.00	0.55	0.30	0.40	0.25	small real effect	10000	49	0.00000	0.00840	0.99160	0.00000	48.768
97	97	97	291	1.00	0.55	0.30	0.40	0.25	small real effect	10000	50	0.00000	0.00840	0.99160	0.00000	49.759
97	97	97	291	1.00	0.55	0.30	0.40	0.25	small real effect	10000	51	0.00000	0.00840	0.99160	0.00000	50.751
97	97	97	291	1.00	0.55	0.30	0.40	0.25	small real effect	10000	52	0.00000	0.00840	0.99160	0.00000	51.743
97	97	97	291	1.00	0.55	0.30	0.40	0.25	small real effect	10000	53	0.00000	0.00860	0.99140	0.00000	52.734
97	97	97	291	1.00	0.55	0.30	0.40	0.25	small real effect	10000	54	0.00000	0.00860	0.99140	0.00000	53.726
97	97	97	291	1.00	0.55	0.30	0.40	0.25	small real effect	10000	55	0.00000	0.00890	0.99110	0.00000	54.717
97	97	97	291	1.00	0.55	0.30	0.40	0.25	small real effect	10000	56	0.00000	0.00890	0.99110	0.00000	55.708
97	97	97	291	1.00	0.55	0.30	0.40	0.25	small real effect	10000	57	0.00000	0.00890	0.99110	0.00000	56.699
97	97	97	291	1.00	0.55	0.30	0.40	0.25	small real effect	10000	58	0.00000	0.00890	0.99110	0.00000	57.690
97	97	97	291	1.00	0.55	0.30	0.40	0.25	small real effect	10000	59	0.00000	0.00890	0.99110	0.00000	58.681
97	97	97	291	1.00	0.55	0.30	0.40	0.25	small real effect	10000	60	0.00000	0.00890	0.99110	0.00000	59.672
97	97	97	291	1.00	0.55	0.30	0.40	0.25	small real effect	10000	61	0.00000	0.00890	0.99110	0.00000	60.664
97	97	97	291	1.00	0.55	0.30	0.40	0.25	small real effect	10000	62	0.00000	0.00890	0.99110	0.00000	61.655
97	97	97	291	1.00	0.55	0.30	0.40	0.25	small real effect	10000	63	0.00000	0.00900	0.99100	0.00000	62.646
97	97	97	291	1.00	0.55	0.30	0.40	0.25	small real effect	10000	64	0.00000	0.00900	0.99100	0.00000	63.637
97	97	97	291	1.00	0.55	0.30	0.40	0.25	small real effect	10000	65	0.00000	0.00900	0.99100	0.00000	64.628
97	97	97	291	1.00	0.55	0.30	0.40	0.25	small real effect	10000	66	0.00000	0.00900	0.99100	0.00000	65.619
97	97	97	291	1.00	0.55	0.30	0.40	0.25	small real effect	10000	67	0.00000	0.00900	0.99100	0.00000	66.610
97	97	97	291	1.00	0.55	0.30	0.40	0.25	small real effect	10000	68	0.00000	0.00900	0.99100	0.00000	67.601
97	97	97	291	1.00	0.55	0.30	0.40	0.25	small real effect	10000	69	0.00000	0.00900	0.99100	0.00000	68.592
97	97	97	291	1.00	0.55	0.30	0.40	0.25	small real effect	10000	70	0.00000	0.00900	0.99100	0.00000	69.583
97	97	97	291	1.00	0.55	0.30	0.40	0.25	small real effect	10000	71	0.00000	0.00900	0.99100	0.00000	70.574
97	97	97	291	1.00	0.55	0.30	0.40	0.25	small real effect	10000	72	0.00000	0.00900	0.99100	0.00000	71.565
97	97	97	291	1.00	0.55	0.30	0.40	0.25	small real effect	10000	73	0.00000	0.00900	0.99100	0.00000	72.556
97	97	97	291	1.00	0.55	0.30	0.40	0.25	small real effect	10000	74	0.00000	0.00900	0.99100	0.00000	73.547
97	97	97	291	1.00	0.55	0.30	0.40	0.25	small real effect	10000	75	0.00000	0.00900	0.99100	0.00000	74.538
97	97	97	291	1.00	0.55	0.30	0.40	0.25	small real effect	10000	76	0.00000	0.00900	0.99100	0.00000	75.529
97	97	97	291	1.00	0.55	0.30	0.40	0.25	small real effect	10000	77	0.00000	0.00900	0.99100	0.00000	76.520
97	97	97	291	1.00	0.55	0.30	0.40	0.25	small real effect	10000	78	0.00000	0.00900	0.99100	0.00000	77.511
97	97	97	291	1.00	0.55	0.30	0.40	0.25	small real effect	10000	79	0.00000	0.00900	0.99100	0.00000	78.502
97	97	97	291	1.00	0.55	0.30	0.40	0.25	small real effect	10000	80	0.00000	0.00900	0.99100	0.00000	79.493
97	97	97	291	1.00	0.55	0.30	0.40	0.25	small real effect	10000	81	0.00000	0.00900	0.99100	0.00000	80.484
97	97	97	291	1.00	0.55	0.30	0.40	0.25	small real effect	10000	82	0.00000	0.00900	0.99100	0.00000	81.475
97	97	97	291	1.00	0.55	0.30	0.40	0.25	small real effect	10000	83	0.00000	0.00900	0.99100	0.00000	82.466
97	97	97	291	1.00	0.55	0.30	0.40	0.25	small real effect	10000	84	0.00000	0.00900	0.99100	0.00000	83.457
97	97	97	291	1.00	0.55	0.30	0.40	0.25	small real effect	10000	85	0.00000	0.00900	0.99100	0.00000	84.448
97	97	97	291	1.00	0.55	0.30	0.40	0.25	small real effect	10000	86	0.00000	0.00900	0.99100	0.00000	85.439
97	97	97	291	1.00	0.55	0.30	0.40	0.25	small real effect	10000	87	0.00000	0.00900	0.99100	0.00000	86.430
97	97	97	291	1.00	0.55	0.30	0.40	0.25	small real effect	10000	88	0.00000	0.00900	0.99100	0.00000	87.421
97	97	97	291	1.00	0.55	0.30	0.40	0.25	small real effect	10000	89	0.00000	0.00900	0.99100	0.00000	88.412
97	97	97	291	1.00	0.55	0.30	0.40	0.25	small real effect	10000	90	0.00000	0.00910	0.99090	0.00000	89.403
97	97	97	291	1.00	0.55	0.30	0.40	0.25	small real effect	10000	91	0.00000	0.00920	0.99080	0.00000	90.394
97	97	97	291	1.00	0.55	0.30	0.40	0.25	small real effect	10000	92	0.00000	0.00920	0.99080	0.00000	91.385
97	97	97	291	1.00	0.55	0.30	0.40	0.25	small real effect	10000	93	0.00000	0.00920	0.99080	0.00000	92.375
97	97	97	291	1.00	0.55	0.30	0.40	0.25	small real effect	10000	94	0.00000	0.00920	0.99080	0.00000	93.366
97	97	97	291	1.00	0.55	0.30	0.40	0.25	small real effect	10000	95	0.00000	0.00920	0.99080	0.00000	94.357
97	97	97	291	1.00	0.55	0.30	0.40	0.25	small real effect	10000	96	0.00000	0.00920	0.99080	0.00000	95.348
97	97	97	291	1.00	0.55	0.30	0.40	0.25	small real effect	10000	97	0.00000	0.00920	0.99080	0.00000	96.338
97	97	97	291	1.00	0.60	0.30	0.40	0.30	real effect	10000	1	0.00000	0.00000	1.00000	0.00000	1.000
97	97	97	291	1.00	0.60	0.30	0.40	0.30	real effect	10000	2	0.00000	0.00000	1.00000	0.00000	2.000
97	97	97	291	1.00	0.60	0.30	0.40	0.30	real effect	10000	3	0.00000	0.00000	1.00000	0.00000	3.000
97	97	97	291	1.00	0.60	0.30	0.40	0.30	real effect	10000	4	0.00000	0.00000	1.00000	0.00000	4.000
97	97	97	291	1.00	0.60	0.30	0.40	0.30	real effect	10000	5	0.00000	0.00000	1.00000	0.00000	5.000
97	97	97	291	1.00	0.60	0.30	0.40	0.30	real effect	10000	6	0.00000	0.00000	1.00000	0.00000	6.000
97	97	97	291	1.00	0.60	0.30	0.40	0.30	real effect	10000	7	0.00000	0.00010	0.99990	0.00000	7.000
97	97	97	291	1.00	0.60	0.30	0.40	0.30	real effect	10000	8	0.00000	0.00010	0.99990	0.00000	8.000
97	97	97	291	1.00	0.60	0.30	0.40	0.30	real effect	10000	9	0.00000	0.00010	0.99990	0.00000	9.000
97	97	97	291	1.00	0.60	0.30	0.40	0.30	real effect	10000	10	0.00000	0.00010	0.99990	0.00000	10.000
97	97	97	291	1.00	0.60	0.30	0.40	0.30	real effect	10000	11	0.00000	0.00060	0.99940	0.00000	11.000
97	97	97	291	1.00	0.60	0.30	0.40	0.30	real effect	10000	12	0.00000	0.00080	0.99920	0.00000	11.999
97	97	97	291	1.00	0.60	0.30	0.40	0.30	real effect	10000	13	0.00000	0.00080	0.99920	0.00000	12.998
97	97	97	291	1.00	0.60	0.30	0.40	0.30	real effect	10000	14	0.00000	0.00080	0.99920	0.00000	13.997
97	97	97	291	1.00	0.60	0.30	0.40	0.30	real effect	10000	15	0.00000	0.00090	0.99910	0.00000	14.997
97	97	97	291	1.00	0.60	0.30	0.40	0.30	real effect	10000	16	0.00000	0.00100	0.99900	0.00000	15.996
97	97	97	291	1.00	0.60	0.30	0.40	0.30	real effect	10000	17	0.00000	0.00110	0.99890	0.00000	16.995
97	97	97	291	1.00	0.60	0.30	0.40	0.30	real effect	10000	18	0.00000	0.00150	0.99850	0.00000	17.994
97	97	97	291	1.00	0.60	0.30	0.40	0.30	real effect	10000	19	0.00000	0.00180	0.99820	0.00000	18.992
97	97	97	291	1.00	0.60	0.30	0.40	0.30	real effect	10000	20	0.00000	0.00180	0.99820	0.00000	19.990
97	97	97	291	1.00	0.60	0.30	0.40	0.30	real effect	10000	21	0.00000	0.00180	0.99820	0.00000	20.988
97	97	97	291	1.00	0.60	0.30	0.40	0.30	real effect	10000	22	0.00000	0.00180	0.99820	0.00000	21.987
97	97	97	291	1.00	0.60	0.30	0.40	0.30	real effect	10000	23	0.00000	0.00180	0.99820	0.00000	22.985
97	97	97	291	1.00	0.60	0.30	0.40	0.30	real effect	10000	24	0.00000	0.00200	0.99800	0.00000	23.983
97	97	97	291	1.00	0.60	0.30	0.40	0.30	real effect	10000	25	0.00000	0.00200	0.99800	0.00000	24.981
97	97	97	291	1.00	0.60	0.30	0.40	0.30	real effect	10000	26	0.00000	0.00220	0.99780	0.00000	25.979
97	97	97	291	1.00	0.60	0.30	0.40	0.30	real effect	10000	27	0.00000	0.00220	0.99780	0.00000	26.977
97	97	97	291	1.00	0.60	0.30	0.40	0.30	real effect	10000	28	0.00000	0.00240	0.99760	0.00000	27.975
97	97	97	291	1.00	0.60	0.30	0.40	0.30	real effect	10000	29	0.00000	0.00250	0.99750	0.00000	28.972
97	97	97	291	1.00	0.60	0.30	0.40	0.30	real effect	10000	30	0.00000	0.00260	0.99740	0.00000	29.970
97	97	97	291	1.00	0.60	0.30	0.40	0.30	real effect	10000	31	0.00000	0.00260	0.99740	0.00000	30.967
97	97	97	291	1.00	0.60	0.30	0.40	0.30	real effect	10000	32	0.00000	0.00260	0.99740	0.00000	31.965
97	97	97	291	1.00	0.60	0.30	0.40	0.30	real effect	10000	33	0.00000	0.00270	0.99730	0.00000	32.962
97	97	97	291	1.00	0.60	0.30	0.40	0.30	real effect	10000	34	0.00000	0.00280	0.99720	0.00000	33.959
97	97	97	291	1.00	0.60	0.30	0.40	0.30	real effect	10000	35	0.00000	0.00280	0.99720	0.00000	34.956
97	97	97	291	1.00	0.60	0.30	0.40	0.30	real effect	10000	36	0.00000	0.00280	0.99720	0.00000	35.954
97	97	97	291	1.00	0.60	0.30	0.40	0.30	real effect	10000	37	0.00000	0.00280	0.99720	0.00000	36.951
97	97	97	291	1.00	0.60	0.30	0.40	0.30	real effect	10000	38	0.00000	0.00280	0.99720	0.00000	37.948
97	97	97	291	1.00	0.60	0.30	0.40	0.30	real effect	10000	39	0.00000	0.00280	0.99720	0.00000	38.945
97	97	97	291	1.00	0.60	0.30	0.40	0.30	real effect	10000	40	0.00000	0.00280	0.99720	0.00000	39.943
97	97	97	291	1.00	0.60	0.30	0.40	0.30	real effect	10000	41	0.00000	0.00280	0.99720	0.00000	40.940
97	97	97	291	1.00	0.60	0.30	0.40	0.30	real effect	10000	42	0.00000	0.00280	0.99720	0.00000	41.937
97	97	97	291	1.00	0.60	0.30	0.40	0.30	real effect	10000	43	0.00000	0.00280	0.99720	0.00000	42.934
97	97	97	291	1.00	0.60	0.30	0.40	0.30	real effect	10000	44	0.00000	0.00280	0.99720	0.00000	43.931
97	97	97	291	1.00	0.60	0.30	0.40	0.30	real effect	10000	45	0.00000	0.00280	0.99720	0.00000	44.928
97	97	97	291	1.00	0.60	0.30	0.40	0.30	real effect	10000	46	0.00000	0.00280	0.99720	0.00000	45.926
97	97	97	291	1.00	0.60	0.30	0.40	0.30	real effect	10000	47	0.00000	0.00280	0.99720	0.00000	46.923
97	97	97	291	1.00	0.60	0.30	0.40	0.30	real effect	10000	48	0.00000	0.00280	0.99720	0.00000	47.920
97	97	97	291	1.00	0.60	0.30	0.40	0.30	real effect	10000	49	0.00000	0.00280	0.99720	0.00000	48.917
97	97	97	291	1.00	0.60	0.30	0.40	0.30	real effect	10000	50	0.00000	0.00280	0.99720	0.00000	49.914
97	97	97	291	1.00	0.60	0.30	0.40	0.30	real effect	10000	51	0.00000	0.00280	0.99720	0.00000	50.912
97	97	97	291	1.00	0.60	0.30	0.40	0.30	real effect	10000	52	0.00000	0.00280	0.99720	0.00000	51.909
97	97	97	291	1.00	0.60	0.30	0.40	0.30	real effect	10000	53	0.00000	0.00280	0.99720	0.00000	52.906
97	97	97	291	1.00	0.60	0.30	0.40	0.30	real effect	10000	54	0.00000	0.00280	0.99720	0.00000	53.903
97	97	97	291	1.00	0.60	0.30	0.40	0.30	real effect	10000	55	0.00000	0.00280	0.99720	0.00000	54.901
97	97	97	291	1.00	0.60	0.30	0.40	0.30	real effect	10000	56	0.00000	0.00280	0.99720	0.00000	55.898
97	97	97	291	1.00	0.60	0.30	0.40	0.30	real effect	10000	57	0.00000	0.00280	0.99720	0.00000	56.895
97	97	97	291	1.00	0.60	0.30	0.40	0.30	real effect	10000	58	0.00000	0.00290	0.99710	0.00000	57.892
97	97	97	291	1.00	0.60	0.30	0.40	0.30	real effect	10000	59	0.00000	0.00290	0.99710	0.00000	58.889
97	97	97	291	1.00	0.60	0.30	0.40	0.30	real effect	10000	60	0.00000	0.00290	0.99710	0.00000	59.886
97	97	97	291	1.00	0.60	0.30	0.40	0.30	real effect	10000	61	0.00000	0.00290	0.99710	0.00000	60.883
97	97	97	291	1.00	0.60	0.30	0.40	0.30	real effect	10000	62	0.00000	0.00290	0.99710	0.00000	61.880
97	97	97	291	1.00	0.60	0.30	0.40	0.30	real effect	10000	63	0.00000	0.00290	0.99710	0.00000	62.878
97	97	97	291	1.00	0.60	0.30	0.40	0.30	real effect	10000	64	0.00000	0.00290	0.99710	0.00000	63.875
97	97	97	291	1.00	0.60	0.30	0.40	0.30	real effect	10000	65	0.00000	0.00290	0.99710	0.00000	64.872
97	97	97	291	1.00	0.60	0.30	0.40	0.30	real effect	10000	66	0.00000	0.00290	0.99710	0.00000	65.869
97	97	97	291	1.00	0.60	0.30	0.40	0.30	real effect	10000	67	0.00000	0.00290	0.99710	0.00000	66.866
97	97	97	291	1.00	0.60	0.30	0.40	0.30	real effect	10000	68	0.00000	0.00290	0.99710	0.00000	67.863
97	97	97	291	1.00	0.60	0.30	0.40	0.30	real effect	10000	69	0.00000	0.00290	0.99710	0.00000	68.860
97	97	97	291	1.00	0.60	0.30	0.40	0.30	real effect	10000	70	0.00000	0.00290	0.99710	0.00000	69.857
97	97	97	291	1.00	0.60	0.30	0.40	0.30	real effect	10000	71	0.00000	0.00290	0.99710	0.00000	70.854
97	97	97	291	1.00	0.60	0.30	0.40	0.30	real effect	10000	72	0.00000	0.00290	0.99710	0.00000	71.852
97	97	97	291	1.00	0.60	0.30	0.40	0.30	real effect	10000	73	0.00000	0.00290	0.99710	0.00000	72.849
97	97	97	291	1.00	0.60	0.30	0.40	0.30	real effect	10000	74	0.00000	0.00290	0.99710	0.00000	73.846
97	97	97	291	1.00	0.60	0.30	0.40	0.30	real effect	10000	75	0.00000	0.00290	0.99710	0.00000	74.843
97	97	97	291	1.00	0.60	0.30	0.40	0.30	real effect	10000	76	0.00000	0.00290	0.99710	0.00000	75.840
97	97	97	291	1.00	0.60	0.30	0.40	0.30	real effect	10000	77	0.00000	0.00290	0.99710	0.00000	76.837
97	97	97	291	1.00	0.60	0.30	0.40	0.30	real effect	10000	78	0.00000	0.00290	0.99710	0.00000	77.834
97	97	97	291	1.00	0.60	0.30	0.40	0.30	real effect	10000	79	0.00000	0.00290	0.99710	0.00000	78.831
97	97	97	291	1.00	0.60	0.30	0.40	0.30	real effect	10000	80	0.00000	0.00290	0.99710	0.00000	79.828
97	97	97	291	1.00	0.60	0.30	0.40	0.30	real effect	10000	81	0.00000	0.00290	0.99710	0.00000	80.825
97	97	97	291	1.00	0.60	0.30	0.40	0.30	real effect	10000	82	0.00000	0.00290	0.99710	0.00000	81.823
97	97	97	291	1.00	0.60	0.30	0.40	0.30	real effect	10000	83	0.00000	0.00290	0.99710	0.00000	82.820
97	97	97	291	1.00	0.60	0.30	0.40	0.30	real effect	10000	84	0.00000	0.00290	0.99710	0.00000	83.817
97	97	97	291	1.00	0.60	0.30	0.40	0.30	real effect	10000	85	0.00000	0.00290	0.99710	0.00000	84.814
97	97	97	291	1.00	0.60	0.30	0.40	0.30	real effect	10000	86	0.00000	0.00290	0.99710	0.00000	85.811
97	97	97	291	1.00	0.60	0.30	0.40	0.30	real effect	10000	87	0.00000	0.00290	0.99710	0.00000	86.808
97	97	97	291	1.00	0.60	0.30	0.40	0.30	real effect	10000	88	0.00000	0.00290	0.99710	0.00000	87.805
97	97	97	291	1.00	0.60	0.30	0.40	0.30	real effect	10000	89	0.00000	0.00290	0.99710	0.00000	88.802
97	97	97	291	1.00	0.60	0.30	0.40	0.30	real effect	10000	90	0.00000	0.00290	0.99710	0.00000	89.799
97	97	97	291	1.00	0.60	0.30	0.40	0.30	real effect	10000	91	0.00000	0.00290	0.99710	0.00000	90.796
97	97	97	291	1.00	0.60	0.30	0.40	0.30	real effect	10000	92	0.00000	0.00290	0.99710	0.00000	91.793
97	97	97	291	1.00	0.60	0.30	0.40	0.30	real effect	10000	93	0.00000	0.00290	0.99710	0.00000	92.791
97	97	97	291	1.00	0.60	0.30	0.40	0.30	real effect	10000	94	0.00000	0.00290	0.99710	0.00000	93.788
97	97	97	291	1.00	0.60	0.30	0.40	0.30	real effect	10000	95	0.00000	0.00290	0.99710	0.00000	94.785
97	97	97	291	1.00	0.60	0.30	0.40	0.30	real effect	10000	96	0.00000	0.00290	0.99710	0.00000	95.782
97	97	97	291	1.00	0.60	0.30	0.40	0.30	real effect	10000	97	0.00000	0.00290	0.99710	0.00000	96.779
97	97	97	291	1.00	0.65	0.30	0.40	0.35	real effect	10000	1	0.00000	0.00000	1.00000	0.00000	1.000
97	97	97	291	1.00	0.65	0.30	0.40	0.35	real effect	10000	2	0.00000	0.00000	1.00000	0.00000	2.000
97	97	97	291	1.00	0.65	0.30	0.40	0.35	real effect	10000	3	0.00000	0.00000	1.00000	0.00000	3.000
97	97	97	291	1.00	0.65	0.30	0.40	0.35	real effect	10000	4	0.00000	0.00000	1.00000	0.00000	4.000
97	97	97	291	1.00	0.65	0.30	0.40	0.35	real effect	10000	5	0.00000	0.00000	1.00000	0.00000	5.000
97	97	97	291	1.00	0.65	0.30	0.40	0.35	real effect	10000	6	0.00000	0.00000	1.00000	0.00000	6.000
97	97	97	291	1.00	0.65	0.30	0.40	0.35	real effect	10000	7	0.00000	0.00010	0.99990	0.00000	7.000
97	97	97	291	1.00	0.65	0.30	0.40	0.35	real effect	10000	8	0.00000	0.00010	0.99990	0.00000	8.000
97	97	97	291	1.00	0.65	0.30	0.40	0.35	real effect	10000	9	0.00000	0.00020	0.99980	0.00000	9.000
97	97	97	291	1.00	0.65	0.30	0.40	0.35	real effect	10000	10	0.00000	0.00050	0.99950	0.00000	10.000
97	97	97	291	1.00	0.65	0.30	0.40	0.35	real effect	10000	11	0.00000	0.00080	0.99920	0.00000	10.999
97	97	97	291	1.00	0.65	0.30	0.40	0.35	real effect	10000	12	0.00000	0.00080	0.99920	0.00000	11.998
97	97	97	291	1.00	0.65	0.30	0.40	0.35	real effect	10000	13	0.00000	0.00080	0.99920	0.00000	12.998
97	97	97	291	1.00	0.65	0.30	0.40	0.35	real effect	10000	14	0.00000	0.00080	0.99920	0.00000	13.997
97	97	97	291	1.00	0.65	0.30	0.40	0.35	real effect	10000	15	0.00000	0.00090	0.99910	0.00000	14.996
97	97	97	291	1.00	0.65	0.30	0.40	0.35	real effect	10000	16	0.00000	0.00090	0.99910	0.00000	15.995
97	97	97	291	1.00	0.65	0.30	0.40	0.35	real effect	10000	17	0.00000	0.00090	0.99910	0.00000	16.994
97	97	97	291	1.00	0.65	0.30	0.40	0.35	real effect	10000	18	0.00000	0.00100	0.99900	0.00000	17.993
97	97	97	291	1.00	0.65	0.30	0.40	0.35	real effect	10000	19	0.00000	0.00110	0.99890	0.00000	18.992
97	97	97	291	1.00	0.65	0.30	0.40	0.35	real effect	10000	20	0.00000	0.00130	0.99870	0.00000	19.991
97	97	97	291	1.00	0.65	0.30	0.40	0.35	real effect	10000	21	0.00000	0.00130	0.99870	0.00000	20.990
97	97	97	291	1.00	0.65	0.30	0.40	0.35	real effect	10000	22	0.00000	0.00130	0.99870	0.00000	21.988
97	97	97	291	1.00	0.65	0.30	0.40	0.35	real effect	10000	23	0.00000	0.00130	0.99870	0.00000	22.987
97	97	97	291	1.00	0.65	0.30	0.40	0.35	real effect	10000	24	0.00000	0.00130	0.99870	0.00000	23.986
97	97	97	291	1.00	0.65	0.30	0.40	0.35	real effect	10000	25	0.00000	0.00130	0.99870	0.00000	24.985
97	97	97	291	1.00	0.65	0.30	0.40	0.35	real effect	10000	26	0.00000	0.00130	0.99870	0.00000	25.983
97	97	97	291	1.00	0.65	0.30	0.40	0.35	real effect	10000	27	0.00000	0.00130	0.99870	0.00000	26.982
97	97	97	291	1.00	0.65	0.30	0.40	0.35	real effect	10000	28	0.00000	0.00130	0.99870	0.00000	27.981
97	97	97	291	1.00	0.65	0.30	0.40	0.35	real effect	10000	29	0.00000	0.00130	0.99870	0.00000	28.979
97	97	97	291	1.00	0.65	0.30	0.40	0.35	real effect	10000	30	0.00000	0.00130	0.99870	0.00000	29.978
97	97	97	291	1.00	0.65	0.30	0.40	0.35	real effect	10000	31	0.00000	0.00130	0.99870	0.00000	30.977
97	97	97	291	1.00	0.65	0.30	0.40	0.35	real effect	10000	32	0.00000	0.00130	0.99870	0.00000	31.976
97	97	97	291	1.00	0.65	0.30	0.40	0.35	real effect	10000	33	0.00000	0.00130	0.99870	0.00000	32.974
97	97	97	291	1.00	0.65	0.30	0.40	0.35	real effect	10000	34	0.00000	0.00130	0.99870	0.00000	33.973
97	97	97	291	1.00	0.65	0.30	0.40	0.35	real effect	10000	35	0.00000	0.00130	0.99870	0.00000	34.972
97	97	97	291	1.00	0.65	0.30	0.40	0.35	real effect	10000	36	0.00000	0.00130	0.99870	0.00000	35.970
97	97	97	291	1.00	0.65	0.30	0.40	0.35	real effect	10000	37	0.00000	0.00130	0.99870	0.00000	36.969
97	97	97	291	1.00	0.65	0.30	0.40	0.35	real effect	10000	38	0.00000	0.00130	0.99870	0.00000	37.968
97	97	97	291	1.00	0.65	0.30	0.40	0.35	real effect	10000	39	0.00000	0.00130	0.99870	0.00000	38.966
97	97	97	291	1.00	0.65	0.30	0.40	0.35	real effect	10000	40	0.00000	0.00130	0.99870	0.00000	39.965
97	97	97	291	1.00	0.65	0.30	0.40	0.35	real effect	10000	41	0.00000	0.00130	0.99870	0.00000	40.964
97	97	97	291	1.00	0.65	0.30	0.40	0.35	real effect	10000	42	0.00000	0.00130	0.99870	0.00000	41.962
97	97	97	291	1.00	0.65	0.30	0.40	0.35	real effect	10000	43	0.00000	0.00130	0.99870	0.00000	42.961
97	97	97	291	1.00	0.65	0.30	0.40	0.35	real effect	10000	44	0.00000	0.00130	0.99870	0.00000	43.960
97	97	97	291	1.00	0.65	0.30	0.40	0.35	real effect	10000	45	0.00000	0.00130	0.99870	0.00000	44.959
97	97	97	291	1.00	0.65	0.30	0.40	0.35	real effect	10000	46	0.00000	0.00130	0.99870	0.00000	45.957
97	97	97	291	1.00	0.65	0.30	0.40	0.35	real effect	10000	47	0.00000	0.00130	0.99870	0.00000	46.956
97	97	97	291	1.00	0.65	0.30	0.40	0.35	real effect	10000	48	0.00000	0.00130	0.99870	0.00000	47.955
97	97	97	291	1.00	0.65	0.30	0.40	0.35	real effect	10000	49	0.00000	0.00130	0.99870	0.00000	48.953
97	97	97	291	1.00	0.65	0.30	0.40	0.35	real effect	10000	50	0.00000	0.00130	0.99870	0.00000	49.952
97	97	97	291	1.00	0.65	0.30	0.40	0.35	real effect	10000	51	0.00000	0.00130	0.99870	0.00000	50.951
97	97	97	291	1.00	0.65	0.30	0.40	0.35	real effect	10000	52	0.00000	0.00130	0.99870	0.00000	51.950
97	97	97	291	1.00	0.65	0.30	0.40	0.35	real effect	10000	53	0.00000	0.00130	0.99870	0.00000	52.948
97	97	97	291	1.00	0.65	0.30	0.40	0.35	real effect	10000	54	0.00000	0.00130	0.99870	0.00000	53.947
97	97	97	291	1.00	0.65	0.30	0.40	0.35	real effect	10000	55	0.00000	0.00130	0.99870	0.00000	54.946
97	97	97	291	1.00	0.65	0.30	0.40	0.35	real effect	10000	56	0.00000	0.00130	0.99870	0.00000	55.944
97	97	97	291	1.00	0.65	0.30	0.40	0.35	real effect	10000	57	0.00000	0.00130	0.99870	0.00000	56.943
97	97	97	291	1.00	0.65	0.30	0.40	0.35	real effect	10000	58	0.00000	0.00130	0.99870	0.00000	57.942
97	97	97	291	1.00	0.65	0.30	0.40	0.35	real effect	10000	59	0.00000	0.00130	0.99870	0.00000	58.940
97	97	97	291	1.00	0.65	0.30	0.40	0.35	real effect	10000	60	0.00000	0.00130	0.99870	0.00000	59.939
97	97	97	291	1.00	0.65	0.30	0.40	0.35	real effect	10000	61	0.00000	0.00130	0.99870	0.00000	60.938
97	97	97	291	1.00	0.65	0.30	0.40	0.35	real effect	10000	62	0.00000	0.00130	0.99870	0.00000	61.937
97	97	97	291	1.00	0.65	0.30	0.40	0.35	real effect	10000	63	0.00000	0.00130	0.99870	0.00000	62.935
97	97	97	291	1.00	0.65	0.30	0.40	0.35	real effect	10000	64	0.00000	0.00130	0.99870	0.00000	63.934
97	97	97	291	1.00	0.65	0.30	0.40	0.35	real effect	10000	65	0.00000	0.00130	0.99870	0.00000	64.933
97	97	97	291	1.00	0.65	0.30	0.40	0.35	real effect	10000	66	0.00000	0.00130	0.99870	0.00000	65.931
97	97	97	291	1.00	0.65	0.30	0.40	0.35	real effect	10000	67	0.00000	0.00130	0.99870	0.00000	66.930
97	97	97	291	1.00	0.65	0.30	0.40	0.35	real effect	10000	68	0.00000	0.00130	0.99870	0.00000	67.929
97	97	97	291	1.00	0.65	0.30	0.40	0.35	real effect	10000	69	0.00000	0.00130	0.99870	0.00000	68.927
97	97	97	291	1.00	0.65	0.30	0.40	0.35	real effect	10000	70	0.00000	0.00130	0.99870	0.00000	69.926
97	97	97	291	1.00	0.65	0.30	0.40	0.35	real effect	10000	71	0.00000	0.00130	0.99870	0.00000	70.925
97	97	97	291	1.00	0.65	0.30	0.40	0.35	real effect	10000	72	0.00000	0.00130	0.99870	0.00000	71.924
97	97	97	291	1.00	0.65	0.30	0.40	0.35	real effect	10000	73	0.00000	0.00130	0.99870	0.00000	72.922
97	97	97	291	1.00	0.65	0.30	0.40	0.35	real effect	10000	74	0.00010	0.00130	0.99860	0.00010	73.921
97	97	97	291	1.00	0.65	0.30	0.40	0.35	real effect	10000	75	0.00010	0.00130	0.99860	0.00010	74.919
97	97	97	291	1.00	0.65	0.30	0.40	0.35	real effect	10000	76	0.00010	0.00130	0.99860	0.00010	75.918
97	97	97	291	1.00	0.65	0.30	0.40	0.35	real effect	10000	77	0.00010	0.00130	0.99860	0.00010	76.917
97	97	97	291	1.00	0.65	0.30	0.40	0.35	real effect	10000	78	0.00010	0.00130	0.99860	0.00010	77.915
97	97	97	291	1.00	0.65	0.30	0.40	0.35	real effect	10000	79	0.00010	0.00130	0.99860	0.00010	78.914
97	97	97	291	1.00	0.65	0.30	0.40	0.35	real effect	10000	80	0.00010	0.00130	0.99860	0.00010	79.912
97	97	97	291	1.00	0.65	0.30	0.40	0.35	real effect	10000	81	0.00010	0.00130	0.99860	0.00010	80.911
97	97	97	291	1.00	0.65	0.30	0.40	0.35	real effect	10000	82	0.00010	0.00130	0.99860	0.00010	81.910
97	97	97	291	1.00	0.65	0.30	0.40	0.35	real effect	10000	83	0.00010	0.00130	0.99860	0.00010	82.908
97	97	97	291	1.00	0.65	0.30	0.40	0.35	real effect	10000	84	0.00010	0.00130	0.99860	0.00010	83.907
97	97	97	291	1.00	0.65	0.30	0.40	0.35	real effect	10000	85	0.00010	0.00130	0.99860	0.00010	84.906
97	97	97	291	1.00	0.65	0.30	0.40	0.35	real effect	10000	86	0.00010	0.00130	0.99860	0.00010	85.904
97	97	97	291	1.00	0.65	0.30	0.40	0.35	real effect	10000	87	0.00010	0.00130	0.99860	0.00010	86.903
97	97	97	291	1.00	0.65	0.30	0.40	0.35	real effect	10000	88	0.00010	0.00130	0.99860	0.00010	87.901
97	97	97	291	1.00	0.65	0.30	0.40	0.35	real effect	10000	89	0.00010	0.00130	0.99860	0.00010	88.900
97	97	97	291	1.00	0.65	0.30	0.40	0.35	real effect	10000	90	0.00010	0.00130	0.99860	0.00010	89.898
97	97	97	291	1.00	0.65	0.30	0.40	0.35	real effect	10000	91	0.00010	0.00130	0.99860	0.00010	90.897
97	97	97	291	1.00	0.65	0.30	0.40	0.35	real effect	10000	92	0.00010	0.00130	0.99860	0.00010	91.896
97	97	97	291	1.00	0.65	0.30	0.40	0.35	real effect	10000	93	0.00010	0.00130	0.99860	0.00010	92.894
97	97	97	291	1.00	0.65	0.30	0.40	0.35	real effect	10000	94	0.00010	0.00130	0.99860	0.00010	93.893
97	97	97	291	1.00	0.65	0.30	0.40	0.35	real effect	10000	95	0.00010	0.00130	0.99860	0.00010	94.891
97	97	97	291	1.00	0.65	0.30	0.40	0.35	real effect	10000	96	0.00010	0.00130	0.99860	0.00010	95.890
97	97	97	291	1.00	0.65	0.30	0.40	0.35	real effect	10000	97	0.00010	0.00130	0.99860	0.00010	96.889
97	97	97	291	1.00	0.70	0.30	0.40	0.40	real effect	10000	1	0.00000	0.00000	1.00000	0.00000	1.000
97	97	97	291	1.00	0.70	0.30	0.40	0.40	real effect	10000	2	0.00000	0.00000	1.00000	0.00000	2.000
97	97	97	291	1.00	0.70	0.30	0.40	0.40	real effect	10000	3	0.00000	0.00000	1.00000	0.00000	3.000
97	97	97	291	1.00	0.70	0.30	0.40	0.40	real effect	10000	4	0.00000	0.00000	1.00000	0.00000	4.000
97	97	97	291	1.00	0.70	0.30	0.40	0.40	real effect	10000	5	0.00000	0.00000	1.00000	0.00000	5.000
97	97	97	291	1.00	0.70	0.30	0.40	0.40	real effect	10000	6	0.00000	0.00000	1.00000	0.00000	6.000
97	97	97	291	1.00	0.70	0.30	0.40	0.40	real effect	10000	7	0.00000	0.00000	1.00000	0.00000	7.000
97	97	97	291	1.00	0.70	0.30	0.40	0.40	real effect	10000	8	0.00000	0.00000	1.00000	0.00000	8.000
97	97	97	291	1.00	0.70	0.30	0.40	0.40	real effect	10000	9	0.00000	0.00000	1.00000	0.00000	9.000
97	97	97	291	1.00	0.70	0.30	0.40	0.40	real effect	10000	10	0.00000	0.00010	0.99990	0.00000	10.000
97	97	97	291	1.00	0.70	0.30	0.40	0.40	real effect	10000	11	0.00000	0.00020	0.99980	0.00000	11.000
97	97	97	291	1.00	0.70	0.30	0.40	0.40	real effect	10000	12	0.00000	0.00020	0.99980	0.00000	12.000
97	97	97	291	1.00	0.70	0.30	0.40	0.40	real effect	10000	13	0.00000	0.00020	0.99980	0.00000	12.999
97	97	97	291	1.00	0.70	0.30	0.40	0.40	real effect	10000	14	0.00000	0.00030	0.99970	0.00000	13.999
97	97	97	291	1.00	0.70	0.30	0.40	0.40	real effect	10000	15	0.00000	0.00030	0.99970	0.00000	14.999
97	97	97	291	1.00	0.70	0.30	0.40	0.40	real effect	10000	16	0.00000	0.00030	0.99970	0.00000	15.999
97	97	97	291	1.00	0.70	0.30	0.40	0.40	real effect	10000	17	0.00000	0.00030	0.99970	0.00000	16.998
97	97	97	291	1.00	0.70	0.30	0.40	0.40	real effect	10000	18	0.00000	0.00030	0.99970	0.00000	17.998
97	97	97	291	1.00	0.70	0.30	0.40	0.40	real effect	10000	19	0.00000	0.00030	0.99970	0.00000	18.998
97	97	97	291	1.00	0.70	0.30	0.40	0.40	real effect	10000	20	0.00000	0.00030	0.99970	0.00000	19.997
97	97	97	291	1.00	0.70	0.30	0.40	0.40	real effect	10000	21	0.00000	0.00030	0.99970	0.00000	20.997
97	97	97	291	1.00	0.70	0.30	0.40	0.40	real effect	10000	22	0.00000	0.00040	0.99960	0.00000	21.997
97	97	97	291	1.00	0.70	0.30	0.40	0.40	real effect	10000	23	0.00000	0.00040	0.99960	0.00000	22.997
97	97	97	291	1.00	0.70	0.30	0.40	0.40	real effect	10000	24	0.00000	0.00040	0.99960	0.00000	23.996
97	97	97	291	1.00	0.70	0.30	0.40	0.40	real effect	10000	25	0.00000	0.00040	0.99960	0.00000	24.996
97	97	97	291	1.00	0.70	0.30	0.40	0.40	real effect	10000	26	0.00000	0.00040	0.99960	0.00000	25.995
97	97	97	291	1.00	0.70	0.30	0.40	0.40	real effect	10000	27	0.00000	0.00040	0.99960	0.00000	26.995
97	97	97	291	1.00	0.70	0.30	0.40	0.40	real effect	10000	28	0.00000	0.00040	0.99960	0.00000	27.994
97	97	97	291	1.00	0.70	0.30	0.40	0.40	real effect	10000	29	0.00000	0.00040	0.99960	0.00000	28.994
97	97	97	291	1.00	0.70	0.30	0.40	0.40	real effect	10000	30	0.00000	0.00040	0.99960	0.00000	29.994
97	97	97	291	1.00	0.70	0.30	0.40	0.40	real effect	10000	31	0.00000	0.00040	0.99960	0.00000	30.993
97	97	97	291	1.00	0.70	0.30	0.40	0.40	real effect	10000	32	0.00000	0.00040	0.99960	0.00000	31.993
97	97	97	291	1.00	0.70	0.30	0.40	0.40	real effect	10000	33	0.00000	0.00040	0.99960	0.00000	32.992
97	97	97	291	1.00	0.70	0.30	0.40	0.40	real effect	10000	34	0.00000	0.00040	0.99960	0.00000	33.992
97	97	97	291	1.00	0.70	0.30	0.40	0.40	real effect	10000	35	0.00000	0.00040	0.99960	0.00000	34.992
97	97	97	291	1.00	0.70	0.30	0.40	0.40	real effect	10000	36	0.00000	0.00040	0.99960	0.00000	35.991
97	97	97	291	1.00	0.70	0.30	0.40	0.40	real effect	10000	37	0.00000	0.00040	0.99960	0.00000	36.991
97	97	97	291	1.00	0.70	0.30	0.40	0.40	real effect	10000	38	0.00000	0.00040	0.99960	0.00000	37.990
97	97	97	291	1.00	0.70	0.30	0.40	0.40	real effect	10000	39	0.00000	0.00040	0.99960	0.00000	38.990
97	97	97	291	1.00	0.70	0.30	0.40	0.40	real effect	10000	40	0.00000	0.00040	0.99960	0.00000	39.990
97	97	97	291	1.00	0.70	0.30	0.40	0.40	real effect	10000	41	0.00000	0.00040	0.99960	0.00000	40.989
97	97	97	291	1.00	0.70	0.30	0.40	0.40	real effect	10000	42	0.00000	0.00040	0.99960	0.00000	41.989
97	97	97	291	1.00	0.70	0.30	0.40	0.40	real effect	10000	43	0.00010	0.00040	0.99950	0.00010	42.989
97	97	97	291	1.00	0.70	0.30	0.40	0.40	real effect	10000	44	0.00010	0.00040	0.99950	0.00010	43.988
97	97	97	291	1.00	0.70	0.30	0.40	0.40	real effect	10000	45	0.00030	0.00040	0.99930	0.00017	44.987
97	97	97	291	1.00	0.70	0.30	0.40	0.40	real effect	10000	46	0.00030	0.00040	0.99930	0.00017	45.987
97	97	97	291	1.00	0.70	0.30	0.40	0.40	real effect	10000	47	0.00030	0.00040	0.99930	0.00017	46.986
97	97	97	291	1.00	0.70	0.30	0.40	0.40	real effect	10000	48	0.00050	0.00040	0.99910	0.00022	47.985
97	97	97	291	1.00	0.70	0.30	0.40	0.40	real effect	10000	49	0.00050	0.00040	0.99910	0.00022	48.984
97	97	97	291	1.00	0.70	0.30	0.40	0.40	real effect	10000	50	0.00050	0.00040	0.99910	0.00022	49.984
97	97	97	291	1.00	0.70	0.30	0.40	0.40	real effect	10000	51	0.00050	0.00040	0.99910	0.00022	50.983
97	97	97	291	1.00	0.70	0.30	0.40	0.40	real effect	10000	52	0.00050	0.00040	0.99910	0.00022	51.982
97	97	97	291	1.00	0.70	0.30	0.40	0.40	real effect	10000	53	0.00060	0.00040	0.99900	0.00024	52.981
97	97	97	291	1.00	0.70	0.30	0.40	0.40	real effect	10000	54	0.00060	0.00040	0.99900	0.00024	53.980
97	97	97	291	1.00	0.70	0.30	0.40	0.40	real effect	10000	55	0.00060	0.00040	0.99900	0.00024	54.979
97	97	97	291	1.00	0.70	0.30	0.40	0.40	real effect	10000	56	0.00060	0.00040	0.99900	0.00024	55.978
97	97	97	291	1.00	0.70	0.30	0.40	0.40	real effect	10000	57	0.00060	0.00040	0.99900	0.00024	56.977
97	97	97	291	1.00	0.70	0.30	0.40	0.40	real effect	10000	58	0.00060	0.00040	0.99900	0.00024	57.976
97	97	97	291	1.00	0.70	0.30	0.40	0.40	real effect	10000	59	0.00060	0.00040	0.99900	0.00024	58.975
97	97	97	291	1.00	0.70	0.30	0.40	0.40	real effect	10000	60	0.00070	0.00040	0.99890	0.00026	59.974
97	97	97	291	1.00	0.70	0.30	0.40	0.40	real effect	10000	61	0.00070	0.00040	0.99890	0.00026	60.973
97	97	97	291	1.00	0.70	0.30	0.40	0.40	real effect	10000	62	0.00070	0.00040	0.99890	0.00026	61.972
97	97	97	291	1.00	0.70	0.30	0.40	0.40	real effect	10000	63	0.00070	0.00040	0.99890	0.00026	62.971
97	97	97	291	1.00	0.70	0.30	0.40	0.40	real effect	10000	64	0.00070	0.00040	0.99890	0.00026	63.969
97	97	97	291	1.00	0.70	0.30	0.40	0.40	real effect	10000	65	0.00070	0.00040	0.99890	0.00026	64.968
97	97	97	291	1.00	0.70	0.30	0.40	0.40	real effect	10000	66	0.00070	0.00040	0.99890	0.00026	65.967
97	97	97	291	1.00	0.70	0.30	0.40	0.40	real effect	10000	67	0.00070	0.00040	0.99890	0.00026	66.966
97	97	97	291	1.00	0.70	0.30	0.40	0.40	real effect	10000	68	0.00070	0.00040	0.99890	0.00026	67.965
97	97	97	291	1.00	0.70	0.30	0.40	0.40	real effect	10000	69	0.00070	0.00040	0.99890	0.00026	68.964
97	97	97	291	1.00	0.70	0.30	0.40	0.40	real effect	10000	70	0.00080	0.00040	0.99880	0.00028	69.963
97	97	97	291	1.00	0.70	0.30	0.40	0.40	real effect	10000	71	0.00080	0.00040	0.99880	0.00028	70.962
97	97	97	291	1.00	0.70	0.30	0.40	0.40	real effect	10000	72	0.00090	0.00040	0.99870	0.00030	71.960
97	97	97	291	1.00	0.70	0.30	0.40	0.40	real effect	10000	73	0.00090	0.00040	0.99870	0.00030	72.959
97	97	97	291	1.00	0.70	0.30	0.40	0.40	real effect	10000	74	0.00090	0.00040	0.99870	0.00030	73.958
97	97	97	291	1.00	0.70	0.30	0.40	0.40	real effect	10000	75	0.00090	0.00040	0.99870	0.00030	74.957
97	97	97	291	1.00	0.70	0.30	0.40	0.40	real effect	10000	76	0.00090	0.00040	0.99870	0.00030	75.955
97	97	97	291	1.00	0.70	0.30	0.40	0.40	real effect	10000	77	0.00090	0.00040	0.99870	0.00030	76.954
97	97	97	291	1.00	0.70	0.30	0.40	0.40	real effect	10000	78	0.00090	0.00040	0.99870	0.00030	77.953
97	97	97	291	1.00	0.70	0.30	0.40	0.40	real effect	10000	79	0.00100	0.00040	0.99860	0.00032	78.951
97	97	97	291	1.00	0.70	0.30	0.40	0.40	real effect	10000	80	0.00100	0.00040	0.99860	0.00032	79.950
97	97	97	291	1.00	0.70	0.30	0.40	0.40	real effect	10000	81	0.00100	0.00040	0.99860	0.00032	80.949
97	97	97	291	1.00	0.70	0.30	0.40	0.40	real effect	10000	82	0.00100	0.00040	0.99860	0.00032	81.947
97	97	97	291	1.00	0.70	0.30	0.40	0.40	real effect	10000	83	0.00100	0.00040	0.99860	0.00032	82.946
97	97	97	291	1.00	0.70	0.30	0.40	0.40	real effect	10000	84	0.00110	0.00040	0.99850	0.00033	83.944
97	97	97	291	1.00	0.70	0.30	0.40	0.40	real effect	10000	85	0.00110	0.00040	0.99850	0.00033	84.943
97	97	97	291	1.00	0.70	0.30	0.40	0.40	real effect	10000	86	0.00110	0.00040	0.99850	0.00033	85.941
97	97	97	291	1.00	0.70	0.30	0.40	0.40	real effect	10000	87	0.00120	0.00040	0.99840	0.00035	86.940
97	97	97	291	1.00	0.70	0.30	0.40	0.40	real effect	10000	88	0.00140	0.00040	0.99820	0.00037	87.938
97	97	97	291	1.00	0.70	0.30	0.40	0.40	real effect	10000	89	0.00140	0.00040	0.99820	0.00037	88.936
97	97	97	291	1.00	0.70	0.30	0.40	0.40	real effect	10000	90	0.00140	0.00040	0.99820	0.00037	89.935
97	97	97	291	1.00	0.70	0.30	0.40	0.40	real effect	10000	91	0.00140	0.00040	0.99820	0.00037	90.933
97	97	97	291	1.00	0.70	0.30	0.40	0.40	real effect	10000	92	0.00140	0.00040	0.99820	0.00037	91.931
97	97	97	291	1.00	0.70	0.30	0.40	0.40	real effect	10000	93	0.00140	0.00040	0.99820	0.00037	92.929
97	97	97	291	1.00	0.70	0.30	0.40	0.40	real effect	10000	94	0.00140	0.00040	0.99820	0.00037	93.927
97	97	97	291	1.00	0.70	0.30	0.40	0.40	real effect	10000	95	0.00140	0.00040	0.99820	0.00037	94.926
97	97	97	291	1.00	0.70	0.30	0.40	0.40	real effect	10000	96	0.00140	0.00040	0.99820	0.00037	95.924
97	97	97	291	1.00	0.70	0.30	0.40	0.40	real effect	10000	97	0.00150	0.00040	0.99810	0.00039	96.922
97	97	97	291	1.00	0.55	0.35	0.30	0.20	calibration	10000	1	0.00000	0.00000	1.00000	0.00000	1.000
97	97	97	291	1.00	0.55	0.35	0.30	0.20	calibration	10000	2	0.00000	0.00000	1.00000	0.00000	2.000
97	97	97	291	1.00	0.55	0.35	0.30	0.20	calibration	10000	3	0.00000	0.00000	1.00000	0.00000	3.000
97	97	97	291	1.00	0.55	0.35	0.30	0.20	calibration	10000	4	0.00000	0.00000	1.00000	0.00000	4.000
97	97	97	291	1.00	0.55	0.35	0.30	0.20	calibration	10000	5	0.00000	0.00000	1.00000	0.00000	5.000
97	97	97	291	1.00	0.55	0.35	0.30	0.20	calibration	10000	6	0.00000	0.00000	1.00000	0.00000	6.000
97	97	97	291	1.00	0.55	0.35	0.30	0.20	calibration	10000	7	0.00000	0.00060	0.99940	0.00000	7.000
97	97	97	291	1.00	0.55	0.35	0.30	0.20	calibration	10000	8	0.00000	0.00110	0.99890	0.00000	7.999
97	97	97	291	1.00	0.55	0.35	0.30	0.20	calibration	10000	9	0.00000	0.00130	0.99870	0.00000	8.998
97	97	97	291	1.00	0.55	0.35	0.30	0.20	calibration	10000	10	0.00000	0.00170	0.99830	0.00000	9.997
97	97	97	291	1.00	0.55	0.35	0.30	0.20	calibration	10000	11	0.00000	0.00370	0.99630	0.00000	10.995
97	97	97	291	1.00	0.55	0.35	0.30	0.20	calibration	10000	12	0.00000	0.00440	0.99560	0.00000	11.992
97	97	97	291	1.00	0.55	0.35	0.30	0.20	calibration	10000	13	0.00000	0.00490	0.99510	0.00000	12.987
97	97	97	291	1.00	0.55	0.35	0.30	0.20	calibration	10000	14	0.00000	0.00720	0.99280	0.00000	13.982
97	97	97	291	1.00	0.55	0.35	0.30	0.20	calibration	10000	15	0.00000	0.00810	0.99190	0.00000	14.975
97	97	97	291	1.00	0.55	0.35	0.30	0.20	calibration	10000	16	0.00000	0.00850	0.99150	0.00000	15.967
97	97	97	291	1.00	0.55	0.35	0.30	0.20	calibration	10000	17	0.00000	0.00880	0.99120	0.00000	16.959
97	97	97	291	1.00	0.55	0.35	0.30	0.20	calibration	10000	18	0.00000	0.00970	0.99030	0.00000	17.950
97	97	97	291	1.00	0.55	0.35	0.30	0.20	calibration	10000	19	0.00000	0.01030	0.98970	0.00000	18.940
97	97	97	291	1.00	0.55	0.35	0.30	0.20	calibration	10000	20	0.00000	0.01140	0.98860	0.00000	19.930
97	97	97	291	1.00	0.55	0.35	0.30	0.20	calibration	10000	21	0.00000	0.01200	0.98800	0.00000	20.918
97	97	97	291	1.00	0.55	0.35	0.30	0.20	calibration	10000	22	0.00000	0.01220	0.98780	0.00000	21.906
97	97	97	291	1.00	0.55	0.35	0.30	0.20	calibration	10000	23	0.00000	0.01230	0.98770	0.00000	22.894
97	97	97	291	1.00	0.55	0.35	0.30	0.20	calibration	10000	24	0.00000	0.01250	0.98750	0.00000	23.882
97	97	97	291	1.00	0.55	0.35	0.30	0.20	calibration	10000	25	0.00000	0.01320	0.98680	0.00000	24.869
97	97	97	291	1.00	0.55	0.35	0.30	0.20	calibration	10000	26	0.00000	0.01370	0.98630	0.00000	25.856
97	97	97	291	1.00	0.55	0.35	0.30	0.20	calibration	10000	27	0.00000	0.01420	0.98580	0.00000	26.842
97	97	97	291	1.00	0.55	0.35	0.30	0.20	calibration	10000	28	0.00000	0.01460	0.98540	0.00000	27.828
97	97	97	291	1.00	0.55	0.35	0.30	0.20	calibration	10000	29	0.00000	0.01510	0.98490	0.00000	28.814
97	97	97	291	1.00	0.55	0.35	0.30	0.20	calibration	10000	30	0.00000	0.01530	0.98470	0.00000	29.799
97	97	97	291	1.00	0.55	0.35	0.30	0.20	calibration	10000	31	0.00000	0.01580	0.98420	0.00000	30.783
97	97	97	291	1.00	0.55	0.35	0.30	0.20	calibration	10000	32	0.00000	0.01590	0.98410	0.00000	31.767
97	97	97	291	1.00	0.55	0.35	0.30	0.20	calibration	10000	33	0.00000	0.01630	0.98370	0.00000	32.752
97	97	97	291	1.00	0.55	0.35	0.30	0.20	calibration	10000	34	0.00000	0.01670	0.98330	0.00000	33.735
97	97	97	291	1.00	0.55	0.35	0.30	0.20	calibration	10000	35	0.00000	0.01700	0.98300	0.00000	34.718
97	97	97	291	1.00	0.55	0.35	0.30	0.20	calibration	10000	36	0.00000	0.01730	0.98270	0.00000	35.702
97	97	97	291	1.00	0.55	0.35	0.30	0.20	calibration	10000	37	0.00000	0.01780	0.98220	0.00000	36.684
97	97	97	291	1.00	0.55	0.35	0.30	0.20	calibration	10000	38	0.00000	0.01810	0.98190	0.00000	37.666
97	97	97	291	1.00	0.55	0.35	0.30	0.20	calibration	10000	39	0.00000	0.01840	0.98160	0.00000	38.648
97	97	97	291	1.00	0.55	0.35	0.30	0.20	calibration	10000	40	0.00000	0.01910	0.98090	0.00000	39.630
97	97	97	291	1.00	0.55	0.35	0.30	0.20	calibration	10000	41	0.00000	0.01910	0.98090	0.00000	40.611
97	97	97	291	1.00	0.55	0.35	0.30	0.20	calibration	10000	42	0.00000	0.01910	0.98090	0.00000	41.592
97	97	97	291	1.00	0.55	0.35	0.30	0.20	calibration	10000	43	0.00000	0.01920	0.98080	0.00000	42.573
97	97	97	291	1.00	0.55	0.35	0.30	0.20	calibration	10000	44	0.00000	0.01940	0.98060	0.00000	43.553
97	97	97	291	1.00	0.55	0.35	0.30	0.20	calibration	10000	45	0.00000	0.01970	0.98030	0.00000	44.534
97	97	97	291	1.00	0.55	0.35	0.30	0.20	calibration	10000	46	0.00000	0.01990	0.98010	0.00000	45.514
97	97	97	291	1.00	0.55	0.35	0.30	0.20	calibration	10000	47	0.00000	0.02010	0.97990	0.00000	46.494
97	97	97	291	1.00	0.55	0.35	0.30	0.20	calibration	10000	48	0.00000	0.02050	0.97950	0.00000	47.474
97	97	97	291	1.00	0.55	0.35	0.30	0.20	calibration	10000	49	0.00000	0.02080	0.97920	0.00000	48.454
97	97	97	291	1.00	0.55	0.35	0.30	0.20	calibration	10000	50	0.00000	0.02100	0.97900	0.00000	49.433
97	97	97	291	1.00	0.55	0.35	0.30	0.20	calibration	10000	51	0.00000	0.02110	0.97890	0.00000	50.412
97	97	97	291	1.00	0.55	0.35	0.30	0.20	calibration	10000	52	0.00000	0.02140	0.97860	0.00000	51.391
97	97	97	291	1.00	0.55	0.35	0.30	0.20	calibration	10000	53	0.00000	0.02170	0.97830	0.00000	52.370
97	97	97	291	1.00	0.55	0.35	0.30	0.20	calibration	10000	54	0.00000	0.02180	0.97820	0.00000	53.348
97	97	97	291	1.00	0.55	0.35	0.30	0.20	calibration	10000	55	0.00000	0.02190	0.97810	0.00000	54.326
97	97	97	291	1.00	0.55	0.35	0.30	0.20	calibration	10000	56	0.00000	0.02200	0.97800	0.00000	55.304
97	97	97	291	1.00	0.55	0.35	0.30	0.20	calibration	10000	57	0.00000	0.02200	0.97800	0.00000	56.282
97	97	97	291	1.00	0.55	0.35	0.30	0.20	calibration	10000	58	0.00000	0.02200	0.97800	0.00000	57.260
97	97	97	291	1.00	0.55	0.35	0.30	0.20	calibration	10000	59	0.00000	0.02230	0.97770	0.00000	58.238
97	97	97	291	1.00	0.55	0.35	0.30	0.20	calibration	10000	60	0.00000	0.02230	0.97770	0.00000	59.216
97	97	97	291	1.00	0.55	0.35	0.30	0.20	calibration	10000	61	0.00000	0.02240	0.97760	0.00000	60.194
97	97	97	291	1.00	0.55	0.35	0.30	0.20	calibration	10000	62	0.00000	0.02250	0.97750	0.00000	61.171
97	97	97	291	1.00	0.55	0.35	0.30	0.20	calibration	10000	63	0.00000	0.02250	0.97750	0.00000	62.149
97	97	97	291	1.00	0.55	0.35	0.30	0.20	calibration	10000	64	0.00000	0.02260	0.97740	0.00000	63.126
97	97	97	291	1.00	0.55	0.35	0.30	0.20	calibration	10000	65	0.00000	0.02260	0.97740	0.00000	64.103
97	97	97	291	1.00	0.55	0.35	0.30	0.20	calibration	10000	66	0.00000	0.02280	0.97720	0.00000	65.081
97	97	97	291	1.00	0.55	0.35	0.30	0.20	calibration	10000	67	0.00000	0.02290	0.97710	0.00000	66.058
97	97	97	291	1.00	0.55	0.35	0.30	0.20	calibration	10000	68	0.00000	0.02290	0.97710	0.00000	67.035
97	97	97	291	1.00	0.55	0.35	0.30	0.20	calibration	10000	69	0.00000	0.02290	0.97710	0.00000	68.012
97	97	97	291	1.00	0.55	0.35	0.30	0.20	calibration	10000	70	0.00000	0.02320	0.97680	0.00000	68.989
97	97	97	291	1.00	0.55	0.35	0.30	0.20	calibration	10000	71	0.00000	0.02340	0.97660	0.00000	69.966
97	97	97	291	1.00	0.55	0.35	0.30	0.20	calibration	10000	72	0.00000	0.02360	0.97640	0.00000	70.943
97	97	97	291	1.00	0.55	0.35	0.30	0.20	calibration	10000	73	0.00000	0.02360	0.97640	0.00000	71.919
97	97	97	291	1.00	0.55	0.35	0.30	0.20	calibration	10000	74	0.00000	0.02360	0.97640	0.00000	72.896
97	97	97	291	1.00	0.55	0.35	0.30	0.20	calibration	10000	75	0.00000	0.02370	0.97630	0.00000	73.872
97	97	97	291	1.00	0.55	0.35	0.30	0.20	calibration	10000	76	0.00000	0.02420	0.97580	0.00000	74.848
97	97	97	291	1.00	0.55	0.35	0.30	0.20	calibration	10000	77	0.00000	0.02420	0.97580	0.00000	75.824
97	97	97	291	1.00	0.55	0.35	0.30	0.20	calibration	10000	78	0.00000	0.02430	0.97570	0.00000	76.800
97	97	97	291	1.00	0.55	0.35	0.30	0.20	calibration	10000	79	0.00000	0.02440	0.97560	0.00000	77.776
97	97	97	291	1.00	0.55	0.35	0.30	0.20	calibration	10000	80	0.00000	0.02440	0.97560	0.00000	78.751
97	97	97	291	1.00	0.55	0.35	0.30	0.20	calibration	10000	81	0.00000	0.02450	0.97550	0.00000	79.727
97	97	97	291	1.00	0.55	0.35	0.30	0.20	calibration	10000	82	0.00000	0.02460	0.97540	0.00000	80.702
97	97	97	291	1.00	0.55	0.35	0.30	0.20	calibration	10000	83	0.00000	0.02480	0.97520	0.00000	81.678
97	97	97	291	1.00	0.55	0.35	0.30	0.20	calibration	10000	84	0.00000	0.02500	0.97500	0.00000	82.653
97	97	97	291	1.00	0.55	0.35	0.30	0.20	calibration	10000	85	0.00000	0.02520	0.97480	0.00000	83.628
97	97	97	291	1.00	0.55	0.35	0.30	0.20	calibration	10000	86	0.00000	0.02520	0.97480	0.00000	84.603
97	97	97	291	1.00	0.55	0.35	0.30	0.20	calibration	10000	87	0.00000	0.02520	0.97480	0.00000	85.578
97	97	97	291	1.00	0.55	0.35	0.30	0.20	calibration	10000	88	0.00000	0.02530	0.97470	0.00000	86.552
97	97	97	291	1.00	0.55	0.35	0.30	0.20	calibration	10000	89	0.00000	0.02540	0.97460	0.00000	87.527
97	97	97	291	1.00	0.55	0.35	0.30	0.20	calibration	10000	90	0.00000	0.02540	0.97460	0.00000	88.502
97	97	97	291	1.00	0.55	0.35	0.30	0.20	calibration	10000	91	0.00000	0.02540	0.97460	0.00000	89.476
97	97	97	291	1.00	0.55	0.35	0.30	0.20	calibration	10000	92	0.00010	0.02540	0.97450	0.00010	90.451
97	97	97	291	1.00	0.55	0.35	0.30	0.20	calibration	10000	93	0.00010	0.02540	0.97450	0.00010	91.425
97	97	97	291	1.00	0.55	0.35	0.30	0.20	calibration	10000	94	0.00010	0.02540	0.97450	0.00010	92.400
97	97	97	291	1.00	0.55	0.35	0.30	0.20	calibration	10000	95	0.00010	0.02540	0.97450	0.00010	93.374
97	97	97	291	1.00	0.55	0.35	0.30	0.20	calibration	10000	96	0.00010	0.02540	0.97450	0.00010	94.349
97	97	97	291	1.00	0.55	0.35	0.30	0.20	calibration	10000	97	0.00010	0.02540	0.97450	0.00010	95.323
97	97	97	291	1.00	0.60	0.35	0.30	0.25	small real effect	10000	1	0.00000	0.00000	1.00000	0.00000	1.000
97	97	97	291	1.00	0.60	0.35	0.30	0.25	small real effect	10000	2	0.00000	0.00000	1.00000	0.00000	2.000
97	97	97	291	1.00	0.60	0.35	0.30	0.25	small real effect	10000	3	0.00000	0.00000	1.00000	0.00000	3.000
97	97	97	291	1.00	0.60	0.35	0.30	0.25	small real effect	10000	4	0.00000	0.00000	1.00000	0.00000	4.000
97	97	97	291	1.00	0.60	0.35	0.30	0.25	small real effect	10000	5	0.00000	0.00000	1.00000	0.00000	5.000
97	97	97	291	1.00	0.60	0.35	0.30	0.25	small real effect	10000	6	0.00000	0.00000	1.00000	0.00000	6.000
97	97	97	291	1.00	0.60	0.35	0.30	0.25	small real effect	10000	7	0.00000	0.00020	0.99980	0.00000	7.000
97	97	97	291	1.00	0.60	0.35	0.30	0.25	small real effect	10000	8	0.00000	0.00040	0.99960	0.00000	8.000
97	97	97	291	1.00	0.60	0.35	0.30	0.25	small real effect	10000	9	0.00000	0.00060	0.99940	0.00000	8.999
97	97	97	291	1.00	0.60	0.35	0.30	0.25	small real effect	10000	10	0.00000	0.00090	0.99910	0.00000	9.999
97	97	97	291	1.00	0.60	0.35	0.30	0.25	small real effect	10000	11	0.00000	0.00210	0.99790	0.00000	10.998
97	97	97	291	1.00	0.60	0.35	0.30	0.25	small real effect	10000	12	0.00000	0.00250	0.99750	0.00000	11.996
97	97	97	291	1.00	0.60	0.35	0.30	0.25	small real effect	10000	13	0.00000	0.00270	0.99730	0.00000	12.993
97	97	97	291	1.00	0.60	0.35	0.30	0.25	small real effect	10000	14	0.00000	0.00360	0.99640	0.00000	13.991
97	97	97	291	1.00	0.60	0.35	0.30	0.25	small real effect	10000	15	0.00000	0.00420	0.99580	0.00000	14.987
97	97	97	291	1.00	0.60	0.35	0.30	0.25	small real effect	10000	16	0.00000	0.00480	0.99520	0.00000	15.983
97	97	97	291	1.00	0.60	0.35	0.30	0.25	small real effect	10000	17	0.00000	0.00500	0.99500	0.00000	16.978
97	97	97	291	1.00	0.60	0.35	0.30	0.25	small real effect	10000	18	0.00000	0.00540	0.99460	0.00000	17.973
97	97	97	291	1.00	0.60	0.35	0.30	0.25	small real effect	10000	19	0.00000	0.00560	0.99440	0.00000	18.968
97	97	97	291	1.00	0.60	0.35	0.30	0.25	small real effect	10000	20	0.00000	0.00590	0.99410	0.00000	19.962
97	97	97	291	1.00	0.60	0.35	0.30	0.25	small real effect	10000	21	0.00000	0.00600	0.99400	0.00000	20.956
97	97	97	291	1.00	0.60	0.35	0.30	0.25	small real effect	10000	22	0.00000	0.00610	0.99390	0.00000	21.950
97	97	97	291	1.00	0.60	0.35	0.30	0.25	small real effect	10000	23	0.00000	0.00650	0.99350	0.00000	22.944
97	97	97	291	1.00	0.60	0.35	0.30	0.25	small real effect	10000	24	0.00000	0.00650	0.99350	0.00000	23.938
97	97	97	291	1.00	0.60	0.35	0.30	0.25	small real effect	10000	25	0.00000	0.00680	0.99320	0.00000	24.931
97	97	97	291	1.00	0.60	0.35	0.30	0.25	small real effect	10000	26	0.00000	0.00680	0.99320	0.00000	25.924
97	97	97	291	1.00	0.60	0.35	0.30	0.25	small real effect	10000	27	0.00000	0.00690	0.99310	0.00000	26.917
97	97	97	291	1.00	0.60	0.35	0.30	0.25	small real effect	10000	28	0.00000	0.00710	0.99290	0.00000	27.910
97	97	97	291	1.00	0.60	0.35	0.30	0.25	small real effect	10000	29	0.00000	0.00710	0.99290	0.00000	28.903
97	97	97	291	1.00	0.60	0.35	0.30	0.25	small real effect	10000	30	0.00000	0.00720	0.99280	0.00000	29.896
97	97	97	291	1.00	0.60	0.35	0.30	0.25	small real effect	10000	31	0.00000	0.00730	0.99270	0.00000	30.889
97	97	97	291	1.00	0.60	0.35	0.30	0.25	small real effect	10000	32	0.00000	0.00740	0.99260	0.00000	31.882
97	97	97	291	1.00	0.60	0.35	0.30	0.25	small real effect	10000	33	0.00000	0.00740	0.99260	0.00000	32.874
97	97	97	291	1.00	0.60	0.35	0.30	0.25	small real effect	10000	34	0.00000	0.00740	0.99260	0.00000	33.867
97	97	97	291	1.00	0.60	0.35	0.30	0.25	small real effect	10000	35	0.00000	0.00740	0.99260	0.00000	34.860
97	97	97	291	1.00	0.60	0.35	0.30	0.25	small real effect	10000	36	0.00000	0.00740	0.99260	0.00000	35.852
97	97	97	291	1.00	0.60	0.35	0.30	0.25	small real effect	10000	37	0.00000	0.00750	0.99250	0.00000	36.845
97	97	97	291	1.00	0.60	0.35	0.30	0.25	small real effect	10000	38	0.00000	0.00760	0.99240	0.00000	37.837
97	97	97	291	1.00	0.60	0.35	0.30	0.25	small real effect	10000	39	0.00000	0.00780	0.99220	0.00000	38.830
97	97	97	291	1.00	0.60	0.35	0.30	0.25	small real effect	10000	40	0.00000	0.00790	0.99210	0.00000	39.822
97	97	97	291	1.00	0.60	0.35	0.30	0.25	small real effect	10000	41	0.00000	0.00810	0.99190	0.00000	40.814
97	97	97	291	1.00	0.60	0.35	0.30	0.25	small real effect	10000	42	0.00010	0.00830	0.99160	0.00010	41.806
97	97	97	291	1.00	0.60	0.35	0.30	0.25	small real effect	10000	43	0.00010	0.00830	0.99160	0.00010	42.797
97	97	97	291	1.00	0.60	0.35	0.30	0.25	small real effect	10000	44	0.00010	0.00840	0.99150	0.00010	43.789
97	97	97	291	1.00	0.60	0.35	0.30	0.25	small real effect	10000	45	0.00010	0.00840	0.99150	0.00010	44.781
97	97	97	291	1.00	0.60	0.35	0.30	0.25	small real effect	10000	46	0.00010	0.00840	0.99150	0.00010	45.772
97	97	97	291	1.00	0.60	0.35	0.30	0.25	small real effect	10000	47	0.00010	0.00840	0.99150	0.00010	46.764
97	97	97	291	1.00	0.60	0.35	0.30	0.25	small real effect	10000	48	0.00010	0.00840	0.99150	0.00010	47.755
97	97	97	291	1.00	0.60	0.35	0.30	0.25	small real effect	10000	49	0.00010	0.00850	0.99140	0.00010	48.747
97	97	97	291	1.00	0.60	0.35	0.30	0.25	small real effect	10000	50	0.00010	0.00850	0.99140	0.00010	49.738
97	97	97	291	1.00	0.60	0.35	0.30	0.25	small real effect	10000	51	0.00010	0.00860	0.99130	0.00010	50.729
97	97	97	291	1.00	0.60	0.35	0.30	0.25	small real effect	10000	52	0.00010	0.00860	0.99130	0.00010	51.721
97	97	97	291	1.00	0.60	0.35	0.30	0.25	small real effect	10000	53	0.00010	0.00870	0.99120	0.00010	52.712
97	97	97	291	1.00	0.60	0.35	0.30	0.25	small real effect	10000	54	0.00010	0.00870	0.99120	0.00010	53.703
97	97	97	291	1.00	0.60	0.35	0.30	0.25	small real effect	10000	55	0.00010	0.00870	0.99120	0.00010	54.694
97	97	97	291	1.00	0.60	0.35	0.30	0.25	small real effect	10000	56	0.00010	0.00870	0.99120	0.00010	55.686
97	97	97	291	1.00	0.60	0.35	0.30	0.25	small real effect	10000	57	0.00010	0.00870	0.99120	0.00010	56.677
97	97	97	291	1.00	0.60	0.35	0.30	0.25	small real effect	10000	58	0.00010	0.00870	0.99120	0.00010	57.668
97	97	97	291	1.00	0.60	0.35	0.30	0.25	small real effect	10000	59	0.00010	0.00870	0.99120	0.00010	58.659
97	97	97	291	1.00	0.60	0.35	0.30	0.25	small real effect	10000	60	0.00010	0.00880	0.99110	0.00010	59.650
97	97	97	291	1.00	0.60	0.35	0.30	0.25	small real effect	10000	61	0.00010	0.00880	0.99110	0.00010	60.642
97	97	97	291	1.00	0.60	0.35	0.30	0.25	small real effect	10000	62	0.00010	0.00880	0.99110	0.00010	61.633
97	97	97	291	1.00	0.60	0.35	0.30	0.25	small real effect	10000	63	0.00010	0.00880	0.99110	0.00010	62.624
97	97	97	291	1.00	0.60	0.35	0.30	0.25	small real effect	10000	64	0.00010	0.00880	0.99110	0.00010	63.615
97	97	97	291	1.00	0.60	0.35	0.30	0.25	small real effect	10000	65	0.00010	0.00880	0.99110	0.00010	64.606
97	97	97	291	1.00	0.60	0.35	0.30	0.25	small real effect	10000	66	0.00010	0.00890	0.99100	0.00010	65.597
97	97	97	291	1.00	0.60	0.35	0.30	0.25	small real effect	10000	67	0.00010	0.00890	0.99100	0.00010	66.588
97	97	97	291	1.00	0.60	0.35	0.30	0.25	small real effect	10000	68	0.00010	0.00890	0.99100	0.00010	67.579
97	97	97	291	1.00	0.60	0.35	0.30	0.25	small real effect	10000	69	0.00010	0.00890	0.99100	0.00010	68.570
97	97	97	291	1.00	0.60	0.35	0.30	0.25	small real effect	10000	70	0.00010	0.00890	0.99100	0.00010	69.561
97	97	97	291	1.00	0.60	0.35	0.30	0.25	small real effect	10000	71	0.00010	0.00890	0.99100	0.00010	70.552
97	97	97	291	1.00	0.60	0.35	0.30	0.25	small real effect	10000	72	0.00010	0.00890	0.99100	0.00010	71.543
97	97	97	291	1.00	0.60	0.35	0.30	0.25	small real effect	10000	73	0.00010	0.00890	0.99100	0.00010	72.534
97	97	97	291	1.00	0.60	0.35	0.30	0.25	small real effect	10000	74	0.00010	0.00890	0.99100	0.00010	73.525
97	97	97	291	1.00	0.60	0.35	0.30	0.25	small real effect	10000	75	0.00010	0.00890	0.99100	0.00010	74.516
97	97	97	291	1.00	0.60	0.35	0.30	0.25	small real effect	10000	76	0.00010	0.00890	0.99100	0.00010	75.507
97	97	97	291	1.00	0.60	0.35	0.30	0.25	small real effect	10000	77	0.00010	0.00890	0.99100	0.00010	76.498
97	97	97	291	1.00	0.60	0.35	0.30	0.25	small real effect	10000	78	0.00010	0.00890	0.99100	0.00010	77.489
97	97	97	291	1.00	0.60	0.35	0.30	0.25	small real effect	10000	79	0.00010	0.00890	0.99100	0.00010	78.480
97	97	97	291	1.00	0.60	0.35	0.30	0.25	small real effect	10000	80	0.00010	0.00890	0.99100	0.00010	79.471
97	97	97	291	1.00	0.60	0.35	0.30	0.25	small real effect	10000	81	0.00010	0.00890	0.99100	0.00010	80.462
97	97	97	291	1.00	0.60	0.35	0.30	0.25	small real effect	10000	82	0.00010	0.00900	0.99090	0.00010	81.453
97	97	97	291	1.00	0.60	0.35	0.30	0.25	small real effect	10000	83	0.00010	0.00900	0.99090	0.00010	82.444
97	97	97	291	1.00	0.60	0.35	0.30	0.25	small real effect	10000	84	0.00020	0.00900	0.99080	0.00014	83.435
97	97	97	291	1.00	0.60	0.35	0.30	0.25	small real effect	10000	85	0.00020	0.00900	0.99080	0.00014	84.426
97	97	97	291	1.00	0.60	0.35	0.30	0.25	small real effect	10000	86	0.00020	0.00900	0.99080	0.00014	85.416
97	97	97	291	1.00	0.60	0.35	0.30	0.25	small real effect	10000	87	0.00020	0.00900	0.99080	0.00014	86.407
97	97	97	291	1.00	0.60	0.35	0.30	0.25	small real effect	10000	88	0.00020	0.00900	0.99080	0.00014	87.398
97	97	97	291	1.00	0.60	0.35	0.30	0.25	small real effect	10000	89	0.00020	0.00900	0.99080	0.00014	88.389
97	97	97	291	1.00	0.60	0.35	0.30	0.25	small real effect	10000	90	0.00020	0.00900	0.99080	0.00014	89.380
97	97	97	291	1.00	0.60	0.35	0.30	0.25	small real effect	10000	91	0.00020	0.00900	0.99080	0.00014	90.370
97	97	97	291	1.00	0.60	0.35	0.30	0.25	small real effect	10000	92	0.00020	0.00900	0.99080	0.00014	91.361
97	97	97	291	1.00	0.60	0.35	0.30	0.25	small real effect	10000	93	0.00020	0.00900	0.99080	0.00014	92.352
97	97	97	291	1.00	0.60	0.35	0.30	0.25	small real effect	10000	94	0.00030	0.00900	0.99070	0.00017	93.343
97	97	97	291	1.00	0.60	0.35	0.30	0.25	small real effect	10000	95	0.00030	0.00900	0.99070	0.00017	94.334
97	97	97	291	1.00	0.60	0.35	0.30	0.25	small real effect	10000	96	0.00030	0.00900	0.99070	0.00017	95.324
97	97	97	291	1.00	0.60	0.35	0.30	0.25	small real effect	10000	97	0.00030	0.00900	0.99070	0.00017	96.315
97	97	97	291	1.00	0.65	0.35	0.30	0.30	real effect	10000	1	0.00000	0.00000	1.00000	0.00000	1.000
97	97	97	291	1.00	0.65	0.35	0.30	0.30	real effect	10000	2	0.00000	0.00000	1.00000	0.00000	2.000
97	97	97	291	1.00	0.65	0.35	0.30	0.30	real effect	10000	3	0.00000	0.00000	1.00000	0.00000	3.000
97	97	97	291	1.00	0.65	0.35	0.30	0.30	real effect	10000	4	0.00000	0.00000	1.00000	0.00000	4.000
97	97	97	291	1.00	0.65	0.35	0.30	0.30	real effect	10000	5	0.00000	0.00000	1.00000	0.00000	5.000
97	97	97	291	1.00	0.65	0.35	0.30	0.30	real effect	10000	6	0.00000	0.00000	1.00000	0.00000	6.000
97	97	97	291	1.00	0.65	0.35	0.30	0.30	real effect	10000	7	0.00000	0.00010	0.99990	0.00000	7.000
97	97	97	291	1.00	0.65	0.35	0.30	0.30	real effect	10000	8	0.00000	0.00030	0.99970	0.00000	8.000
97	97	97	291	1.00	0.65	0.35	0.30	0.30	real effect	10000	9	0.00000	0.00040	0.99960	0.00000	9.000
97	97	97	291	1.00	0.65	0.35	0.30	0.30	real effect	10000	10	0.00000	0.00060	0.99940	0.00000	9.999
97	97	97	291	1.00	0.65	0.35	0.30	0.30	real effect	10000	11	0.00000	0.00100	0.99900	0.00000	10.999
97	97	97	291	1.00	0.65	0.35	0.30	0.30	real effect	10000	12	0.00000	0.00110	0.99890	0.00000	11.998
97	97	97	291	1.00	0.65	0.35	0.30	0.30	real effect	10000	13	0.00000	0.00110	0.99890	0.00000	12.996
97	97	97	291	1.00	0.65	0.35	0.30	0.30	real effect	10000	14	0.00000	0.00150	0.99850	0.00000	13.995
97	97	97	291	1.00	0.65	0.35	0.30	0.30	real effect	10000	15	0.00000	0.00180	0.99820	0.00000	14.994
97	97	97	291	1.00	0.65	0.35	0.30	0.30	real effect	10000	16	0.00000	0.00180	0.99820	0.00000	15.992
97	97	97	291	1.00	0.65	0.35	0.30	0.30	real effect	10000	17	0.00000	0.00200	0.99800	0.00000	16.990
97	97	97	291	1.00	0.65	0.35	0.30	0.30	real effect	10000	18	0.00000	0.00220	0.99780	0.00000	17.988
97	97	97	291	1.00	0.65	0.35	0.30	0.30	real effect	10000	19	0.00000	0.00220	0.99780	0.00000	18.986
97	97	97	291	1.00	0.65	0.35	0.30	0.30	real effect	10000	20	0.00000	0.00220	0.99780	0.00000	19.984
97	97	97	291	1.00	0.65	0.35	0.30	0.30	real effect	10000	21	0.00000	0.00230	0.99770	0.00000	20.982
97	97	97	291	1.00	0.65	0.35	0.30	0.30	real effect	10000	22	0.00000	0.00240	0.99760	0.00000	21.979
97	97	97	291	1.00	0.65	0.35	0.30	0.30	real effect	10000	23	0.00000	0.00250	0.99750	0.00000	22.977
97	97	97	291	1.00	0.65	0.35	0.30	0.30	real effect	10000	24	0.00000	0.00270	0.99730	0.00000	23.974
97	97	97	291	1.00	0.65	0.35	0.30	0.30	real effect	10000	25	0.00000	0.00280	0.99720	0.00000	24.972
97	97	97	291	1.00	0.65	0.35	0.30	0.30	real effect	10000	26	0.00010	0.00280	0.99710	0.00010	25.969
97	97	97	291	1.00	0.65	0.35	0.30	0.30	real effect	10000	27	0.00010	0.00280	0.99710	0.00010	26.966
97	97	97	291	1.00	0.65	0.35	0.30	0.30	real effect	10000	28	0.00010	0.00280	0.99710	0.00010	27.963
97	97	97	291	1.00	0.65	0.35	0.30	0.30	real effect	10000	29	0.00010	0.00280	0.99710	0.00010	28.960
97	97	97	291	1.00	0.65	0.35	0.30	0.30	real effect	10000	30	0.00020	0.00280	0.99700	0.00014	29.957
97	97	97	291	1.00	0.65	0.35	0.30	0.30	real effect	10000	31	0.00020	0.00280	0.99700	0.00014	30.954
97	97	97	291	1.00	0.65	0.35	0.30	0.30	real effect	10000	32	0.00020	0.00280	0.99700	0.00014	31.951
97	97	97	291	1.00	0.65	0.35	0.30	0.30	real effect	10000	33	0.00040	0.00280	0.99680	0.00020	32.948
97	97	97	291	1.00	0.65	0.35	0.30	0.30	real effect	10000	34	0.00040	0.00280	0.99680	0.00020	33.945
97	97	97	291	1.00	0.65	0.35	0.30	0.30	real effect	10000	35	0.00040	0.00280	0.99680	0.00020	34.942
97	97	97	291	1.00	0.65	0.35	0.30	0.30	real effect	10000	36	0.00050	0.00280	0.99670	0.00022	35.939
97	97	97	291	1.00	0.65	0.35	0.30	0.30	real effect	10000	37	0.00060	0.00280	0.99660	0.00024	36.935
97	97	97	291	1.00	0.65	0.35	0.30	0.30	real effect	10000	38	0.00070	0.00280	0.99650	0.00026	37.932
97	97	97	291	1.00	0.65	0.35	0.30	0.30	real effect	10000	39	0.00080	0.00280	0.99640	0.00028	38.929
97	97	97	291	1.00	0.65	0.35	0.30	0.30	real effect	10000	40	0.00100	0.00280	0.99620	0.00032	39.925
97	97	97	291	1.00	0.65	0.35	0.30	0.30	real effect	10000	41	0.00120	0.00280	0.99600	0.00035	40.921
97	97	97	291	1.00	0.65	0.35	0.30	0.30	real effect	10000	42	0.00120	0.00280	0.99600	0.00035	41.917
97	97	97	291	1.00	0.65	0.35	0.30	0.30	real effect	10000	43	0.00130	0.00280	0.99590	0.00036	42.913
97	97	97	291	1.00	0.65	0.35	0.30	0.30	real effect	10000	44	0.00130	0.00280	0.99590	0.00036	43.909
97	97	97	291	1.00	0.65	0.35	0.30	0.30	real effect	10000	45	0.00130	0.00280	0.99590	0.00036	44.905
97	97	97	291	1.00	0.65	0.35	0.30	0.30	real effect	10000	46	0.00130	0.00280	0.99590	0.00036	45.901
97	97	97	291	1.00	0.65	0.35	0.30	0.30	real effect	10000	47	0.00140	0.00280	0.99580	0.00037	46.897
97	97	97	291	1.00	0.65	0.35	0.30	0.30	real effect	10000	48	0.00140	0.00280	0.99580	0.00037	47.893
97	97	97	291	1.00	0.65	0.35	0.30	0.30	real effect	10000	49	0.00140	0.00280	0.99580	0.00037	48.888
97	97	97	291	1.00	0.65	0.35	0.30	0.30	real effect	10000	50	0.00140	0.00280	0.99580	0.00037	49.884
97	97	97	291	1.00	0.65	0.35	0.30	0.30	real effect	10000	51	0.00150	0.00280	0.99570	0.00039	50.880
97	97	97	291	1.00	0.65	0.35	0.30	0.30	real effect	10000	52	0.00160	0.00280	0.99560	0.00040	51.876
97	97	97	291	1.00	0.65	0.35	0.30	0.30	real effect	10000	53	0.00160	0.00280	0.99560	0.00040	52.871
97	97	97	291	1.00	0.65	0.35	0.30	0.30	real effect	10000	54	0.00170	0.00280	0.99550	0.00041	53.867
97	97	97	291	1.00	0.65	0.35	0.30	0.30	real effect	10000	55	0.00180	0.00280	0.99540	0.00042	54.862
97	97	97	291	1.00	0.65	0.35	0.30	0.30	real effect	10000	56	0.00190	0.00280	0.99530	0.00044	55.858
97	97	97	291	1.00	0.65	0.35	0.30	0.30	real effect	10000	57	0.00200	0.00280	0.99520	0.00045	56.853
97	97	97	291	1.00	0.65	0.35	0.30	0.30	real effect	10000	58	0.00200	0.00280	0.99520	0.00045	57.848
97	97	97	291	1.00	0.65	0.35	0.30	0.30	real effect	10000	59	0.00210	0.00280	0.99510	0.00046	58.843
97	97	97	291	1.00	0.65	0.35	0.30	0.30	real effect	10000	60	0.00220	0.00280	0.99500	0.00047	59.839
97	97	97	291	1.00	0.65	0.35	0.30	0.30	real effect	10000	61	0.00220	0.00280	0.99500	0.00047	60.834
97	97	97	291	1.00	0.65	0.35	0.30	0.30	real effect	10000	62	0.00240	0.00280	0.99480	0.00049	61.829
97	97	97	291	1.00	0.65	0.35	0.30	0.30	real effect	10000	63	0.00250	0.00280	0.99470	0.00050	62.823
97	97	97	291	1.00	0.65	0.35	0.30	0.30	real effect	10000	64	0.00250	0.00280	0.99470	0.00050	63.818
97	97	97	291	1.00	0.65	0.35	0.30	0.30	real effect	10000	65	0.00250	0.00280	0.99470	0.00050	64.813
97	97	97	291	1.00	0.65	0.35	0.30	0.30	real effect	10000	66	0.00260	0.00280	0.99460	0.00051	65.808
97	97	97	291	1.00	0.65	0.35	0.30	0.30	real effect	10000	67	0.00260	0.00280	0.99460	0.00051	66.802
97	97	97	291	1.00	0.65	0.35	0.30	0.30	real effect	10000	68	0.00260	0.00280	0.99460	0.00051	67.797
97	97	97	291	1.00	0.65	0.35	0.30	0.30	real effect	10000	69	0.00280	0.00280	0.99440	0.00053	68.791
97	97	97	291	1.00	0.65	0.35	0.30	0.30	real effect	10000	70	0.00290	0.00280	0.99430	0.00054	69.786
97	97	97	291	1.00	0.65	0.35	0.30	0.30	real effect	10000	71	0.00290	0.00280	0.99430	0.00054	70.780
97	97	97	291	1.00	0.65	0.35	0.30	0.30	real effect	10000	72	0.00300	0.00280	0.99420	0.00055	71.774
97	97	97	291	1.00	0.65	0.35	0.30	0.30	real effect	10000	73	0.00300	0.00280	0.99420	0.00055	72.769
97	97	97	291	1.00	0.65	0.35	0.30	0.30	real effect	10000	74	0.00320	0.00280	0.99400	0.00056	73.763
97	97	97	291	1.00	0.65	0.35	0.30	0.30	real effect	10000	75	0.00320	0.00280	0.99400	0.00056	74.757
97	97	97	291	1.00	0.65	0.35	0.30	0.30	real effect	10000	76	0.00330	0.00280	0.99390	0.00057	75.751
97	97	97	291	1.00	0.65	0.35	0.30	0.30	real effect	10000	77	0.00350	0.00280	0.99370	0.00059	76.745
97	97	97	291	1.00	0.65	0.35	0.30	0.30	real effect	10000	78	0.00350	0.00280	0.99370	0.00059	77.738
97	97	97	291	1.00	0.65	0.35	0.30	0.30	real effect	10000	79	0.00370	0.00280	0.99350	0.00061	78.732
97	97	97	291	1.00	0.65	0.35	0.30	0.30	real effect	10000	80	0.00380	0.00280	0.99340	0.00062	79.725
97	97	97	291	1.00	0.65	0.35	0.30	0.30	real effect	10000	81	0.00390	0.00280	0.99330	0.00062	80.719
97	97	97	291	1.00	0.65	0.35	0.30	0.30	real effect	10000	82	0.00400	0.00280	0.99320	0.00063	81.712
97	97	97	291	1.00	0.65	0.35	0.30	0.30	real effect	10000	83	0.00410	0.00280	0.99310	0.00064	82.705
97	97	97	291	1.00	0.65	0.35	0.30	0.30	real effect	10000	84	0.00420	0.00280	0.99300	0.00065	83.698
97	97	97	291	1.00	0.65	0.35	0.30	0.30	real effect	10000	85	0.00440	0.00280	0.99280	0.00066	84.692
97	97	97	291	1.00	0.65	0.35	0.30	0.30	real effect	10000	86	0.00440	0.00280	0.99280	0.00066	85.684
97	97	97	291	1.00	0.65	0.35	0.30	0.30	real effect	10000	87	0.00450	0.00280	0.99270	0.00067	86.677
97	97	97	291	1.00	0.65	0.35	0.30	0.30	real effect	10000	88	0.00460	0.00280	0.99260	0.00068	87.670
97	97	97	291	1.00	0.65	0.35	0.30	0.30	real effect	10000	89	0.00480	0.00280	0.99240	0.00069	88.662
97	97	97	291	1.00	0.65	0.35	0.30	0.30	real effect	10000	90	0.00520	0.00280	0.99200	0.00072	89.655
97	97	97	291	1.00	0.65	0.35	0.30	0.30	real effect	10000	91	0.00540	0.00280	0.99180	0.00073	90.647
97	97	97	291	1.00	0.65	0.35	0.30	0.30	real effect	10000	92	0.00540	0.00280	0.99180	0.00073	91.639
97	97	97	291	1.00	0.65	0.35	0.30	0.30	real effect	10000	93	0.00580	0.00280	0.99140	0.00076	92.630
97	97	97	291	1.00	0.65	0.35	0.30	0.30	real effect	10000	94	0.00590	0.00280	0.99130	0.00077	93.622
97	97	97	291	1.00	0.65	0.35	0.30	0.30	real effect	10000	95	0.00610	0.00280	0.99110	0.00078	94.613
97	97	97	291	1.00	0.65	0.35	0.30	0.30	real effect	10000	96	0.00630	0.00280	0.99090	0.00079	95.604
97	97	97	291	1.00	0.65	0.35	0.30	0.30	real effect	10000	97	0.00650	0.00280	0.99070	0.00080	96.595
97	97	97	291	1.00	0.70	0.35	0.30	0.35	real effect	10000	1	0.00000	0.00000	1.00000	0.00000	1.000
97	97	97	291	1.00	0.70	0.35	0.30	0.35	real effect	10000	2	0.00000	0.00000	1.00000	0.00000	2.000
97	97	97	291	1.00	0.70	0.35	0.30	0.35	real effect	10000	3	0.00000	0.00000	1.00000	0.00000	3.000
97	97	97	291	1.00	0.70	0.35	0.30	0.35	real effect	10000	4	0.00000	0.00000	1.00000	0.00000	4.000
97	97	97	291	1.00	0.70	0.35	0.30	0.35	real effect	10000	5	0.00000	0.00000	1.00000	0.00000	5.000
97	97	97	291	1.00	0.70	0.35	0.30	0.35	real effect	10000	6	0.00000	0.00000	1.00000	0.00000	6.000
97	97	97	291	1.00	0.70	0.35	0.30	0.35	real effect	10000	7	0.00000	0.00000	1.00000	0.00000	7.000
97	97	97	291	1.00	0.70	0.35	0.30	0.35	real effect	10000	8	0.00000	0.00000	1.00000	0.00000	8.000
97	97	97	291	1.00	0.70	0.35	0.30	0.35	real effect	10000	9	0.00000	0.00020	0.99980	0.00000	9.000
97	97	97	291	1.00	0.70	0.35	0.30	0.35	real effect	10000	10	0.00000	0.00020	0.99980	0.00000	10.000
97	97	97	291	1.00	0.70	0.35	0.30	0.35	real effect	10000	11	0.00000	0.00070	0.99930	0.00000	11.000
97	97	97	291	1.00	0.70	0.35	0.30	0.35	real effect	10000	12	0.00000	0.00070	0.99930	0.00000	11.999
97	97	97	291	1.00	0.70	0.35	0.30	0.35	real effect	10000	13	0.00000	0.00080	0.99920	0.00000	12.998
97	97	97	291	1.00	0.70	0.35	0.30	0.35	real effect	10000	14	0.00000	0.00100	0.99900	0.00000	13.997
97	97	97	291	1.00	0.70	0.35	0.30	0.35	real effect	10000	15	0.00000	0.00120	0.99880	0.00000	14.996
97	97	97	291	1.00	0.70	0.35	0.30	0.35	real effect	10000	16	0.00000	0.00130	0.99870	0.00000	15.995
97	97	97	291	1.00	0.70	0.35	0.30	0.35	real effect	10000	17	0.00000	0.00130	0.99870	0.00000	16.994
97	97	97	291	1.00	0.70	0.35	0.30	0.35	real effect	10000	18	0.00000	0.00130	0.99870	0.00000	17.993
97	97	97	291	1.00	0.70	0.35	0.30	0.35	real effect	10000	19	0.00000	0.00130	0.99870	0.00000	18.991
97	97	97	291	1.00	0.70	0.35	0.30	0.35	real effect	10000	20	0.00000	0.00130	0.99870	0.00000	19.990
97	97	97	291	1.00	0.70	0.35	0.30	0.35	real effect	10000	21	0.00000	0.00130	0.99870	0.00000	20.989
97	97	97	291	1.00	0.70	0.35	0.30	0.35	real effect	10000	22	0.00000	0.00140	0.99860	0.00000	21.987
97	97	97	291	1.00	0.70	0.35	0.30	0.35	real effect	10000	23	0.00000	0.00160	0.99840	0.00000	22.986
97	97	97	291	1.00	0.70	0.35	0.30	0.35	real effect	10000	24	0.00010	0.00160	0.99830	0.00010	23.984
97	97	97	291	1.00	0.70	0.35	0.30	0.35	real effect	10000	25	0.00010	0.00160	0.99830	0.00010	24.983
97	97	97	291	1.00	0.70	0.35	0.30	0.35	real effect	10000	26	0.00020	0.00160	0.99820	0.00014	25.981
97	97	97	291	1.00	0.70	0.35	0.30	0.35	real effect	10000	27	0.00020	0.00160	0.99820	0.00014	26.979
97	97	97	291	1.00	0.70	0.35	0.30	0.35	real effect	10000	28	0.00040	0.00160	0.99800	0.00020	27.977
97	97	97	291	1.00	0.70	0.35	0.30	0.35	real effect	10000	29	0.00050	0.00160	0.99790	0.00022	28.975
97	97	97	291	1.00	0.70	0.35	0.30	0.35	real effect	10000	30	0.00080	0.00160	0.99760	0.00028	29.973
97	97	97	291	1.00	0.70	0.35	0.30	0.35	real effect	10000	31	0.00080	0.00160	0.99760	0.00028	30.971
97	97	97	291	1.00	0.70	0.35	0.30	0.35	real effect	10000	32	0.00120	0.00160	0.99720	0.00035	31.968
97	97	97	291	1.00	0.70	0.35	0.30	0.35	real effect	10000	33	0.00120	0.00160	0.99720	0.00035	32.966
97	97	97	291	1.00	0.70	0.35	0.30	0.35	real effect	10000	34	0.00140	0.00160	0.99700	0.00037	33.963
97	97	97	291	1.00	0.70	0.35	0.30	0.35	real effect	10000	35	0.00160	0.00160	0.99680	0.00040	34.960
97	97	97	291	1.00	0.70	0.35	0.30	0.35	real effect	10000	36	0.00170	0.00160	0.99670	0.00041	35.957
97	97	97	291	1.00	0.70	0.35	0.30	0.35	real effect	10000	37	0.00190	0.00160	0.99650	0.00044	36.953
97	97	97	291	1.00	0.70	0.35	0.30	0.35	real effect	10000	38	0.00230	0.00160	0.99610	0.00048	37.950
97	97	97	291	1.00	0.70	0.35	0.30	0.35	real effect	10000	39	0.00260	0.00160	0.99580	0.00051	38.946
97	97	97	291	1.00	0.70	0.35	0.30	0.35	real effect	10000	40	0.00280	0.00160	0.99560	0.00053	39.942
97	97	97	291	1.00	0.70	0.35	0.30	0.35	real effect	10000	41	0.00300	0.00160	0.99540	0.00055	40.937
97	97	97	291	1.00	0.70	0.35	0.30	0.35	real effect	10000	42	0.00370	0.00160	0.99470	0.00061	41.933
97	97	97	291	1.00	0.70	0.35	0.30	0.35	real effect	10000	43	0.00380	0.00160	0.99460	0.00062	42.928
97	97	97	291	1.00	0.70	0.35	0.30	0.35	real effect	10000	44	0.00420	0.00160	0.99420	0.00065	43.922
97	97	97	291	1.00	0.70	0.35	0.30	0.35	real effect	10000	45	0.00450	0.00160	0.99390	0.00067	44.916
97	97	97	291	1.00	0.70	0.35	0.30	0.35	real effect	10000	46	0.00480	0.00160	0.99360	0.00069	45.910
97	97	97	291	1.00	0.70	0.35	0.30	0.35	real effect	10000	47	0.00500	0.00160	0.99340	0.00071	46.904
97	97	97	291	1.00	0.70	0.35	0.30	0.35	real effect	10000	48	0.00580	0.00160	0.99260	0.00076	47.897
97	97	97	291	1.00	0.70	0.35	0.30	0.35	real effect	10000	49	0.00610	0.00160	0.99230	0.00078	48.890
97	97	97	291	1.00	0.70	0.35	0.30	0.35	real effect	10000	50	0.00650	0.00160	0.99190	0.00080	49.882
97	97	97	291	1.00	0.70	0.35	0.30	0.35	real effect	10000	51	0.00710	0.00160	0.99130	0.00084	50.874
97	97	97	291	1.00	0.70	0.35	0.30	0.35	real effect	10000	52	0.00760	0.00160	0.99080	0.00087	51.865
97	97	97	291	1.00	0.70	0.35	0.30	0.35	real effect	10000	53	0.00790	0.00160	0.99050	0.00089	52.856
97	97	97	291	1.00	0.70	0.35	0.30	0.35	real effect	10000	54	0.00820	0.00160	0.99020	0.00090	53.847
97	97	97	291	1.00	0.70	0.35	0.30	0.35	real effect	10000	55	0.00850	0.00160	0.98990	0.00092	54.837
97	97	97	291	1.00	0.70	0.35	0.30	0.35	real effect	10000	56	0.00940	0.00160	0.98900	0.00096	55.827
97	97	97	291	1.00	0.70	0.35	0.30	0.35	real effect	10000	57	0.00990	0.00160	0.98850	0.00099	56.816
97	97	97	291	1.00	0.70	0.35	0.30	0.35	real effect	10000	58	0.01030	0.00160	0.98810	0.00101	57.804
97	97	97	291	1.00	0.70	0.35	0.30	0.35	real effect	10000	59	0.01070	0.00160	0.98770	0.00103	58.792
97	97	97	291	1.00	0.70	0.35	0.30	0.35	real effect	10000	60	0.01150	0.00160	0.98690	0.00107	59.780
97	97	97	291	1.00	0.70	0.35	0.30	0.35	real effect	10000	61	0.01230	0.00160	0.98610	0.00110	60.767
97	97	97	291	1.00	0.70	0.35	0.30	0.35	real effect	10000	62	0.01300	0.00160	0.98540	0.00113	61.753
97	97	97	291	1.00	0.70	0.35	0.30	0.35	real effect	10000	63	0.01360	0.00160	0.98480	0.00116	62.738
97	97	97	291	1.00	0.70	0.35	0.30	0.35	real effect	10000	64	0.01450	0.00160	0.98390	0.00120	63.723
97	97	97	291	1.00	0.70	0.35	0.30	0.35	real effect	10000	65	0.01510	0.00160	0.98330	0.00122	64.707
97	97	97	291	1.00	0.70	0.35	0.30	0.35	real effect	10000	66	0.01550	0.00160	0.98290	0.00124	65.690
97	97	97	291	1.00	0.70	0.35	0.30	0.35	real effect	10000	67	0.01600	0.00160	0.98240	0.00125	66.673
97	97	97	291	1.00	0.70	0.35	0.30	0.35	real effect	10000	68	0.01670	0.00160	0.98170	0.00128	67.656
97	97	97	291	1.00	0.70	0.35	0.30	0.35	real effect	10000	69	0.01730	0.00160	0.98110	0.00130	68.637
97	97	97	291	1.00	0.70	0.35	0.30	0.35	real effect	10000	70	0.01820	0.00160	0.98020	0.00134	69.618
97	97	97	291	1.00	0.70	0.35	0.30	0.35	real effect	10000	71	0.01880	0.00160	0.97960	0.00136	70.599
97	97	97	291	1.00	0.70	0.35	0.30	0.35	real effect	10000	72	0.01930	0.00160	0.97910	0.00138	71.578
97	97	97	291	1.00	0.70	0.35	0.30	0.35	real effect	10000	73	0.01980	0.00160	0.97860	0.00139	72.557
97	97	97	291	1.00	0.70	0.35	0.30	0.35	real effect	10000	74	0.02020	0.00160	0.97820	0.00141	73.536
97	97	97	291	1.00	0.70	0.35	0.30	0.35	real effect	10000	75	0.02100	0.00160	0.97740	0.00143	74.514
97	97	97	291	1.00	0.70	0.35	0.30	0.35	real effect	10000	76	0.02200	0.00160	0.97640	0.00147	75.492
97	97	97	291	1.00	0.70	0.35	0.30	0.35	real effect	10000	77	0.02230	0.00160	0.97610	0.00148	76.468
97	97	97	291	1.00	0.70	0.35	0.30	0.35	real effect	10000	78	0.02340	0.00160	0.97500	0.00151	77.444
97	97	97	291	1.00	0.70	0.35	0.30	0.35	real effect	10000	79	0.02400	0.00160	0.97440	0.00153	78.419
97	97	97	291	1.00	0.70	0.35	0.30	0.35	real effect	10000	80	0.02470	0.00160	0.97370	0.00155	79.394
97	97	97	291	1.00	0.70	0.35	0.30	0.35	real effect	10000	81	0.02530	0.00160	0.97310	0.00157	80.367
97	97	97	291	1.00	0.70	0.35	0.30	0.35	real effect	10000	82	0.02570	0.00160	0.97270	0.00158	81.340
97	97	97	291	1.00	0.70	0.35	0.30	0.35	real effect	10000	83	0.02710	0.00160	0.97130	0.00162	82.313
97	97	97	291	1.00	0.70	0.35	0.30	0.35	real effect	10000	84	0.02760	0.00160	0.97080	0.00164	83.284
97	97	97	291	1.00	0.70	0.35	0.30	0.35	real effect	10000	85	0.02910	0.00160	0.96930	0.00168	84.255
97	97	97	291	1.00	0.70	0.35	0.30	0.35	real effect	10000	86	0.03020	0.00160	0.96820	0.00171	85.224
97	97	97	291	1.00	0.70	0.35	0.30	0.35	real effect	10000	87	0.03090	0.00160	0.96750	0.00173	86.193
97	97	97	291	1.00	0.70	0.35	0.30	0.35	real effect	10000	88	0.03180	0.00160	0.96660	0.00175	87.160
97	97	97	291	1.00	0.70	0.35	0.30	0.35	real effect	10000	89	0.03270	0.00160	0.96570	0.00178	88.127
97	97	97	291	1.00	0.70	0.35	0.30	0.35	real effect	10000	90	0.03410	0.00160	0.96430	0.00181	89.092
97	97	97	291	1.00	0.70	0.35	0.30	0.35	real effect	10000	91	0.03500	0.00160	0.96340	0.00184	90.057
97	97	97	291	1.00	0.70	0.35	0.30	0.35	real effect	10000	92	0.03600	0.00160	0.96240	0.00186	91.020
97	97	97	291	1.00	0.70	0.35	0.30	0.35	real effect	10000	93	0.03700	0.00160	0.96140	0.00189	91.983
97	97	97	291	1.00	0.70	0.35	0.30	0.35	real effect	10000	94	0.03760	0.00160	0.96080	0.00190	92.944
97	97	97	291	1.00	0.70	0.35	0.30	0.35	real effect	10000	95	0.03840	0.00160	0.96000	0.00192	93.905
97	97	97	291	1.00	0.70	0.35	0.30	0.35	real effect	10000	96	0.03950	0.00160	0.95890	0.00195	94.865
97	97	97	291	1.00	0.70	0.35	0.30	0.35	real effect	10000	97	0.04080	0.00160	0.95760	0.00198	95.824
97	97	97	291	1.00	0.75	0.35	0.30	0.40	real effect	10000	1	0.00000	0.00000	1.00000	0.00000	1.000
97	97	97	291	1.00	0.75	0.35	0.30	0.40	real effect	10000	2	0.00000	0.00000	1.00000	0.00000	2.000
97	97	97	291	1.00	0.75	0.35	0.30	0.40	real effect	10000	3	0.00000	0.00000	1.00000	0.00000	3.000
97	97	97	291	1.00	0.75	0.35	0.30	0.40	real effect	10000	4	0.00000	0.00000	1.00000	0.00000	4.000
97	97	97	291	1.00	0.75	0.35	0.30	0.40	real effect	10000	5	0.00000	0.00000	1.00000	0.00000	5.000
97	97	97	291	1.00	0.75	0.35	0.30	0.40	real effect	10000	6	0.00000	0.00000	1.00000	0.00000	6.000
97	97	97	291	1.00	0.75	0.35	0.30	0.40	real effect	10000	7	0.00000	0.00000	1.00000	0.00000	7.000
97	97	97	291	1.00	0.75	0.35	0.30	0.40	real effect	10000	8	0.00000	0.00010	0.99990	0.00000	8.000
97	97	97	291	1.00	0.75	0.35	0.30	0.40	real effect	10000	9	0.00000	0.00010	0.99990	0.00000	9.000
97	97	97	291	1.00	0.75	0.35	0.30	0.40	real effect	10000	10	0.00000	0.00010	0.99990	0.00000	10.000
97	97	97	291	1.00	0.75	0.35	0.30	0.40	real effect	10000	11	0.00000	0.00010	0.99990	0.00000	11.000
97	97	97	291	1.00	0.75	0.35	0.30	0.40	real effect	10000	12	0.00000	0.00010	0.99990	0.00000	12.000
97	97	97	291	1.00	0.75	0.35	0.30	0.40	real effect	10000	13	0.00000	0.00010	0.99990	0.00000	12.999
97	97	97	291	1.00	0.75	0.35	0.30	0.40	real effect	10000	14	0.00000	0.00010	0.99990	0.00000	13.999
97	97	97	291	1.00	0.75	0.35	0.30	0.40	real effect	10000	15	0.00000	0.00010	0.99990	0.00000	14.999
97	97	97	291	1.00	0.75	0.35	0.30	0.40	real effect	10000	16	0.00000	0.00010	0.99990	0.00000	15.999
97	97	97	291	1.00	0.75	0.35	0.30	0.40	real effect	10000	17	0.00000	0.00010	0.99990	0.00000	16.999
97	97	97	291	1.00	0.75	0.35	0.30	0.40	real effect	10000	18	0.00000	0.00020	0.99980	0.00000	17.999
97	97	97	291	1.00	0.75	0.35	0.30	0.40	real effect	10000	19	0.00000	0.00020	0.99980	0.00000	18.999
97	97	97	291	1.00	0.75	0.35	0.30	0.40	real effect	10000	20	0.00000	0.00020	0.99980	0.00000	19.999
97	97	97	291	1.00	0.75	0.35	0.30	0.40	real effect	10000	21	0.00000	0.00020	0.99980	0.00000	20.998
97	97	97	291	1.00	0.75	0.35	0.30	0.40	real effect	10000	22	0.00000	0.00020	0.99980	0.00000	21.998
97	97	97	291	1.00	0.75	0.35	0.30	0.40	real effect	10000	23	0.00030	0.00020	0.99950	0.00017	22.998
97	97	97	291	1.00	0.75	0.35	0.30	0.40	real effect	10000	24	0.00040	0.00020	0.99940	0.00020	23.997
97	97	97	291	1.00	0.75	0.35	0.30	0.40	real effect	10000	25	0.00060	0.00020	0.99920	0.00024	24.997
97	97	97	291	1.00	0.75	0.35	0.30	0.40	real effect	10000	26	0.00100	0.00020	0.99880	0.00032	25.996
97	97	97	291	1.00	0.75	0.35	0.30	0.40	real effect	10000	27	0.00150	0.00020	0.99830	0.00039	26.995
97	97	97	291	1.00	0.75	0.35	0.30	0.40	real effect	10000	28	0.00230	0.00020	0.99750	0.00048	27.993
97	97	97	291	1.00	0.75	0.35	0.30	0.40	real effect	10000	29	0.00250	0.00020	0.99730	0.00050	28.991
97	97	97	291	1.00	0.75	0.35	0.30	0.40	real effect	10000	30	0.00280	0.00020	0.99700	0.00053	29.988
97	97	97	291	1.00	0.75	0.35	0.30	0.40	real effect	10000	31	0.00300	0.00020	0.99680	0.00055	30.985
97	97	97	291	1.00	0.75	0.35	0.30	0.40	real effect	10000	32	0.00440	0.00020	0.99540	0.00066	31.982
97	97	97	291	1.00	0.75	0.35	0.30	0.40	real effect	10000	33	0.00530	0.00020	0.99450	0.00073	32.977
97	97	97	291	1.00	0.75	0.35	0.30	0.40	real effect	10000	34	0.00610	0.00020	0.99370	0.00078	33.972
97	97	97	291	1.00	0.75	0.35	0.30	0.40	real effect	10000	35	0.00670	0.00020	0.99310	0.00082	34.965
97	97	97	291	1.00	0.75	0.35	0.30	0.40	real effect	10000	36	0.00760	0.00020	0.99220	0.00087	35.959
97	97	97	291	1.00	0.75	0.35	0.30	0.40	real effect	10000	37	0.00840	0.00020	0.99140	0.00091	36.951
97	97	97	291	1.00	0.75	0.35	0.30	0.40	real effect	10000	38	0.00960	0.00020	0.99020	0.00098	37.942
97	97	97	291	1.00	0.75	0.35	0.30	0.40	real effect	10000	39	0.01000	0.00020	0.98980	0.00099	38.932
97	97	97	291	1.00	0.75	0.35	0.30	0.40	real effect	10000	40	0.01070	0.00020	0.98910	0.00103	39.922
97	97	97	291	1.00	0.75	0.35	0.30	0.40	real effect	10000	41	0.01180	0.00020	0.98800	0.00108	40.911
97	97	97	291	1.00	0.75	0.35	0.30	0.40	real effect	10000	42	0.01260	0.00020	0.98720	0.00112	41.899
97	97	97	291	1.00	0.75	0.35	0.30	0.40	real effect	10000	43	0.01350	0.00020	0.98630	0.00115	42.886
97	97	97	291	1.00	0.75	0.35	0.30	0.40	real effect	10000	44	0.01500	0.00020	0.98480	0.00122	43.873
97	97	97	291	1.00	0.75	0.35	0.30	0.40	real effect	10000	45	0.01620	0.00020	0.98360	0.00126	44.858
97	97	97	291	1.00	0.75	0.35	0.30	0.40	real effect	10000	46	0.01720	0.00020	0.98260	0.00130	45.841
97	97	97	291	1.00	0.75	0.35	0.30	0.40	real effect	10000	47	0.01870	0.00020	0.98110	0.00135	46.824
97	97	97	291	1.00	0.75	0.35	0.30	0.40	real effect	10000	48	0.01950	0.00020	0.98030	0.00138	47.805
97	97	97	291	1.00	0.75	0.35	0.30	0.40	real effect	10000	49	0.02080	0.00020	0.97900	0.00143	48.785
97	97	97	291	1.00	0.75	0.35	0.30	0.40	real effect	10000	50	0.02240	0.00020	0.97740	0.00148	49.764
97	97	97	291	1.00	0.75	0.35	0.30	0.40	real effect	10000	51	0.02440	0.00020	0.97540	0.00154	50.742
97	97	97	291	1.00	0.75	0.35	0.30	0.40	real effect	10000	52	0.02600	0.00020	0.97380	0.00159	51.717
97	97	97	291	1.00	0.75	0.35	0.30	0.40	real effect	10000	53	0.02840	0.00020	0.97140	0.00166	52.691
97	97	97	291	1.00	0.75	0.35	0.30	0.40	real effect	10000	54	0.02990	0.00020	0.96990	0.00170	53.662
97	97	97	291	1.00	0.75	0.35	0.30	0.40	real effect	10000	55	0.03090	0.00020	0.96890	0.00173	54.632
97	97	97	291	1.00	0.75	0.35	0.30	0.40	real effect	10000	56	0.03230	0.00020	0.96750	0.00177	55.601
97	97	97	291	1.00	0.75	0.35	0.30	0.40	real effect	10000	57	0.03460	0.00020	0.96520	0.00183	56.568
97	97	97	291	1.00	0.75	0.35	0.30	0.40	real effect	10000	58	0.03690	0.00020	0.96290	0.00189	57.534
97	97	97	291	1.00	0.75	0.35	0.30	0.40	real effect	10000	59	0.03910	0.00020	0.96070	0.00194	58.496
97	97	97	291	1.00	0.75	0.35	0.30	0.40	real effect	10000	60	0.04170	0.00020	0.95810	0.00200	59.457
97	97	97	291	1.00	0.75	0.35	0.30	0.40	real effect	10000	61	0.04360	0.00020	0.95620	0.00204	60.415
97	97	97	291	1.00	0.75	0.35	0.30	0.40	real effect	10000	62	0.04550	0.00020	0.95430	0.00208	61.371
97	97	97	291	1.00	0.75	0.35	0.30	0.40	real effect	10000	63	0.04760	0.00020	0.95220	0.00213	62.326
97	97	97	291	1.00	0.75	0.35	0.30	0.40	real effect	10000	64	0.05010	0.00020	0.94970	0.00218	63.278
97	97	97	291	1.00	0.75	0.35	0.30	0.40	real effect	10000	65	0.05230	0.00020	0.94750	0.00223	64.228
97	97	97	291	1.00	0.75	0.35	0.30	0.40	real effect	10000	66	0.05490	0.00020	0.94490	0.00228	65.175
97	97	97	291	1.00	0.75	0.35	0.30	0.40	real effect	10000	67	0.05700	0.00020	0.94280	0.00232	66.120
97	97	97	291	1.00	0.75	0.35	0.30	0.40	real effect	10000	68	0.05900	0.00020	0.94080	0.00236	67.063
97	97	97	291	1.00	0.75	0.35	0.30	0.40	real effect	10000	69	0.06140	0.00020	0.93840	0.00240	68.004
97	97	97	291	1.00	0.75	0.35	0.30	0.40	real effect	10000	70	0.06400	0.00020	0.93580	0.00245	68.942
97	97	97	291	1.00	0.75	0.35	0.30	0.40	real effect	10000	71	0.06690	0.00020	0.93290	0.00250	69.878
97	97	97	291	1.00	0.75	0.35	0.30	0.40	real effect	10000	72	0.06960	0.00020	0.93020	0.00254	70.811
97	97	97	291	1.00	0.75	0.35	0.30	0.40	real effect	10000	73	0.07230	0.00020	0.92750	0.00259	71.741
97	97	97	291	1.00	0.75	0.35	0.30	0.40	real effect	10000	74	0.07430	0.00020	0.92550	0.00262	72.668
97	97	97	291	1.00	0.75	0.35	0.30	0.40	real effect	10000	75	0.07700	0.00020	0.92280	0.00267	73.594
97	97	97	291	1.00	0.75	0.35	0.30	0.40	real effect	10000	76	0.07960	0.00020	0.92020	0.00271	74.517
97	97	97	291	1.00	0.75	0.35	0.30	0.40	real effect	10000	77	0.08360	0.00020	0.91620	0.00277	75.437
97	97	97	291	1.00	0.75	0.35	0.30	0.40	real effect	10000	78	0.08600	0.00020	0.91380	0.00280	76.353
97	97	97	291	1.00	0.75	0.35	0.30	0.40	real effect	10000	79	0.08890	0.00020	0.91090	0.00285	77.267
97	97	97	291	1.00	0.75	0.35	0.30	0.40	real effect	10000	80	0.09110	0.00020	0.90870	0.00288	78.178
97	97	97	291	1.00	0.75	0.35	0.30	0.40	real effect	10000	81	0.09510	0.00020	0.90470	0.00293	79.087
97	97	97	291	1.00	0.75	0.35	0.30	0.40	real effect	10000	82	0.09820	0.00020	0.90160	0.00298	79.991
97	97	97	291	1.00	0.75	0.35	0.30	0.40	real effect	10000	83	0.10170	0.00020	0.89810	0.00302	80.893
97	97	97	291	1.00	0.75	0.35	0.30	0.40	real effect	10000	84	0.10550	0.00020	0.89430	0.00307	81.791
97	97	97	291	1.00	0.75	0.35	0.30	0.40	real effect	10000	85	0.10860	0.00020	0.89120	0.00311	82.685
97	97	97	291	1.00	0.75	0.35	0.30	0.40	real effect	10000	86	0.11250	0.00020	0.88730	0.00316	83.576
97	97	97	291	1.00	0.75	0.35	0.30	0.40	real effect	10000	87	0.11530	0.00020	0.88450	0.00319	84.464
97	97	97	291	1.00	0.75	0.35	0.30	0.40	real effect	10000	88	0.11900	0.00020	0.88080	0.00324	85.348
97	97	97	291	1.00	0.75	0.35	0.30	0.40	real effect	10000	89	0.12120	0.00020	0.87860	0.00326	86.229
97	97	97	291	1.00	0.75	0.35	0.30	0.40	real effect	10000	90	0.12520	0.00020	0.87460	0.00331	87.108
97	97	97	291	1.00	0.75	0.35	0.30	0.40	real effect	10000	91	0.12910	0.00020	0.87070	0.00335	87.982
97	97	97	291	1.00	0.75	0.35	0.30	0.40	real effect	10000	92	0.13230	0.00020	0.86750	0.00339	88.853
97	97	97	291	1.00	0.75	0.35	0.30	0.40	real effect	10000	93	0.13570	0.00020	0.86410	0.00342	89.721
97	97	97	291	1.00	0.75	0.35	0.30	0.40	real effect	10000	94	0.13920	0.00020	0.86060	0.00346	90.585
97	97	97	291	1.00	0.75	0.35	0.30	0.40	real effect	10000	95	0.14180	0.00020	0.85800	0.00349	91.445
97	97	97	291	1.00	0.75	0.35	0.30	0.40	real effect	10000	96	0.14530	0.00020	0.85450	0.00352	92.303
97	97	97	291	1.00	0.75	0.35	0.30	0.40	real effect	10000	97	0.14920	0.00020	0.85060	0.00356	93.158
97	97	97	291	1.00	0.55	0.35	0.35	0.20	calibration	10000	1	0.00000	0.00000	1.00000	0.00000	1.000
97	97	97	291	1.00	0.55	0.35	0.35	0.20	calibration	10000	2	0.00000	0.00000	1.00000	0.00000	2.000
97	97	97	291	1.00	0.55	0.35	0.35	0.20	calibration	10000	3	0.00000	0.00000	1.00000	0.00000	3.000
97	97	97	291	1.00	0.55	0.35	0.35	0.20	calibration	10000	4	0.00000	0.00000	1.00000	0.00000	4.000
97	97	97	291	1.00	0.55	0.35	0.35	0.20	calibration	10000	5	0.00000	0.00000	1.00000	0.00000	5.000
97	97	97	291	1.00	0.55	0.35	0.35	0.20	calibration	10000	6	0.00000	0.00000	1.00000	0.00000	6.000
97	97	97	291	1.00	0.55	0.35	0.35	0.20	calibration	10000	7	0.00000	0.00030	0.99970	0.00000	7.000
97	97	97	291	1.00	0.55	0.35	0.35	0.20	calibration	10000	8	0.00000	0.00080	0.99920	0.00000	8.000
97	97	97	291	1.00	0.55	0.35	0.35	0.20	calibration	10000	9	0.00000	0.00120	0.99880	0.00000	8.999
97	97	97	291	1.00	0.55	0.35	0.35	0.20	calibration	10000	10	0.00000	0.00220	0.99780	0.00000	9.998
97	97	97	291	1.00	0.55	0.35	0.35	0.20	calibration	10000	11	0.00000	0.00370	0.99630	0.00000	10.995
97	97	97	291	1.00	0.55	0.35	0.35	0.20	calibration	10000	12	0.00000	0.00490	0.99510	0.00000	11.992
97	97	97	291	1.00	0.55	0.35	0.35	0.20	calibration	10000	13	0.00000	0.00590	0.99410	0.00000	12.987
97	97	97	291	1.00	0.55	0.35	0.35	0.20	calibration	10000	14	0.00000	0.00720	0.99280	0.00000	13.981
97	97	97	291	1.00	0.55	0.35	0.35	0.20	calibration	10000	15	0.00000	0.00880	0.99120	0.00000	14.974
97	97	97	291	1.00	0.55	0.35	0.35	0.20	calibration	10000	16	0.00000	0.00930	0.99070	0.00000	15.965
97	97	97	291	1.00	0.55	0.35	0.35	0.20	calibration	10000	17	0.00000	0.00980	0.99020	0.00000	16.956
97	97	97	291	1.00	0.55	0.35	0.35	0.20	calibration	10000	18	0.00000	0.01050	0.98950	0.00000	17.946
97	97	97	291	1.00	0.55	0.35	0.35	0.20	calibration	10000	19	0.00000	0.01110	0.98890	0.00000	18.935
97	97	97	291	1.00	0.55	0.35	0.35	0.20	calibration	10000	20	0.00000	0.01220	0.98780	0.00000	19.924
97	97	97	291	1.00	0.55	0.35	0.35	0.20	calibration	10000	21	0.00000	0.01310	0.98690	0.00000	20.912
97	97	97	291	1.00	0.55	0.35	0.35	0.20	calibration	10000	22	0.00000	0.01360	0.98640	0.00000	21.899
97	97	97	291	1.00	0.55	0.35	0.35	0.20	calibration	10000	23	0.00000	0.01420	0.98580	0.00000	22.885
97	97	97	291	1.00	0.55	0.35	0.35	0.20	calibration	10000	24	0.00000	0.01450	0.98550	0.00000	23.871
97	97	97	291	1.00	0.55	0.35	0.35	0.20	calibration	10000	25	0.00000	0.01480	0.98520	0.00000	24.857
97	97	97	291	1.00	0.55	0.35	0.35	0.20	calibration	10000	26	0.00000	0.01510	0.98490	0.00000	25.842
97	97	97	291	1.00	0.55	0.35	0.35	0.20	calibration	10000	27	0.00000	0.01530	0.98470	0.00000	26.827
97	97	97	291	1.00	0.55	0.35	0.35	0.20	calibration	10000	28	0.00000	0.01580	0.98420	0.00000	27.811
97	97	97	291	1.00	0.55	0.35	0.35	0.20	calibration	10000	29	0.00000	0.01610	0.98390	0.00000	28.796
97	97	97	291	1.00	0.55	0.35	0.35	0.20	calibration	10000	30	0.00000	0.01680	0.98320	0.00000	29.780
97	97	97	291	1.00	0.55	0.35	0.35	0.20	calibration	10000	31	0.00000	0.01740	0.98260	0.00000	30.763
97	97	97	291	1.00	0.55	0.35	0.35	0.20	calibration	10000	32	0.00000	0.01760	0.98240	0.00000	31.745
97	97	97	291	1.00	0.55	0.35	0.35	0.20	calibration	10000	33	0.00000	0.01770	0.98230	0.00000	32.728
97	97	97	291	1.00	0.55	0.35	0.35	0.20	calibration	10000	34	0.00000	0.01820	0.98180	0.00000	33.710
97	97	97	291	1.00	0.55	0.35	0.35	0.20	calibration	10000	35	0.00000	0.01860	0.98140	0.00000	34.692
97	97	97	291	1.00	0.55	0.35	0.35	0.20	calibration	10000	36	0.00000	0.01890	0.98110	0.00000	35.673
97	97	97	291	1.00	0.55	0.35	0.35	0.20	calibration	10000	37	0.00000	0.01920	0.98080	0.00000	36.654
97	97	97	291	1.00	0.55	0.35	0.35	0.20	calibration	10000	38	0.00000	0.01960	0.98040	0.00000	37.635
97	97	97	291	1.00	0.55	0.35	0.35	0.20	calibration	10000	39	0.00000	0.01970	0.98030	0.00000	38.616
97	97	97	291	1.00	0.55	0.35	0.35	0.20	calibration	10000	40	0.00000	0.01980	0.98020	0.00000	39.596
97	97	97	291	1.00	0.55	0.35	0.35	0.20	calibration	10000	41	0.00000	0.01990	0.98010	0.00000	40.576
97	97	97	291	1.00	0.55	0.35	0.35	0.20	calibration	10000	42	0.00000	0.02000	0.98000	0.00000	41.556
97	97	97	291	1.00	0.55	0.35	0.35	0.20	calibration	10000	43	0.00000	0.02020	0.97980	0.00000	42.536
97	97	97	291	1.00	0.55	0.35	0.35	0.20	calibration	10000	44	0.00000	0.02040	0.97960	0.00000	43.516
97	97	97	291	1.00	0.55	0.35	0.35	0.20	calibration	10000	45	0.00000	0.02040	0.97960	0.00000	44.496
97	97	97	291	1.00	0.55	0.35	0.35	0.20	calibration	10000	46	0.00000	0.02050	0.97950	0.00000	45.475
97	97	97	291	1.00	0.55	0.35	0.35	0.20	calibration	10000	47	0.00000	0.02070	0.97930	0.00000	46.455
97	97	97	291	1.00	0.55	0.35	0.35	0.20	calibration	10000	48	0.00000	0.02100	0.97900	0.00000	47.434
97	97	97	291	1.00	0.55	0.35	0.35	0.20	calibration	10000	49	0.00000	0.02120	0.97880	0.00000	48.413
97	97	97	291	1.00	0.55	0.35	0.35	0.20	calibration	10000	50	0.00000	0.02130	0.97870	0.00000	49.392
97	97	97	291	1.00	0.55	0.35	0.35	0.20	calibration	10000	51	0.00000	0.02130	0.97870	0.00000	50.370
97	97	97	291	1.00	0.55	0.35	0.35	0.20	calibration	10000	52	0.00000	0.02170	0.97830	0.00000	51.349
97	97	97	291	1.00	0.55	0.35	0.35	0.20	calibration	10000	53	0.00000	0.02200	0.97800	0.00000	52.328
97	97	97	291	1.00	0.55	0.35	0.35	0.20	calibration	10000	54	0.00000	0.02230	0.97770	0.00000	53.306
97	97	97	291	1.00	0.55	0.35	0.35	0.20	calibration	10000	55	0.00000	0.02240	0.97760	0.00000	54.283
97	97	97	291	1.00	0.55	0.35	0.35	0.20	calibration	10000	56	0.00000	0.02240	0.97760	0.00000	55.261
97	97	97	291	1.00	0.55	0.35	0.35	0.20	calibration	10000	57	0.00000	0.02240	0.97760	0.00000	56.238
97	97	97	291	1.00	0.55	0.35	0.35	0.20	calibration	10000	58	0.00000	0.02260	0.97740	0.00000	57.216
97	97	97	291	1.00	0.55	0.35	0.35	0.20	calibration	10000	59	0.00000	0.02290	0.97710	0.00000	58.193
97	97	97	291	1.00	0.55	0.35	0.35	0.20	calibration	10000	60	0.00000	0.02300	0.97700	0.00000	59.170
97	97	97	291	1.00	0.55	0.35	0.35	0.20	calibration	10000	61	0.00000	0.02310	0.97690	0.00000	60.148
97	97	97	291	1.00	0.55	0.35	0.35	0.20	calibration	10000	62	0.00000	0.02330	0.97670	0.00000	61.124
97	97	97	291	1.00	0.55	0.35	0.35	0.20	calibration	10000	63	0.00000	0.02340	0.97660	0.00000	62.101
97	97	97	291	1.00	0.55	0.35	0.35	0.20	calibration	10000	64	0.00000	0.02350	0.97650	0.00000	63.078
97	97	97	291	1.00	0.55	0.35	0.35	0.20	calibration	10000	65	0.00000	0.02360	0.97640	0.00000	64.054
97	97	97	291	1.00	0.55	0.35	0.35	0.20	calibration	10000	66	0.00000	0.02360	0.97640	0.00000	65.031
97	97	97	291	1.00	0.55	0.35	0.35	0.20	calibration	10000	67	0.00000	0.02370	0.97630	0.00000	66.007
97	97	97	291	1.00	0.55	0.35	0.35	0.20	calibration	10000	68	0.00000	0.02380	0.97620	0.00000	66.983
97	97	97	291	1.00	0.55	0.35	0.35	0.20	calibration	10000	69	0.00000	0.02410	0.97590	0.00000	67.960
97	97	97	291	1.00	0.55	0.35	0.35	0.20	calibration	10000	70	0.00000	0.02410	0.97590	0.00000	68.935
97	97	97	291	1.00	0.55	0.35	0.35	0.20	calibration	10000	71	0.00000	0.02410	0.97590	0.00000	69.911
97	97	97	291	1.00	0.55	0.35	0.35	0.20	calibration	10000	72	0.00000	0.02420	0.97580	0.00000	70.887
97	97	97	291	1.00	0.55	0.35	0.35	0.20	calibration	10000	73	0.00000	0.02440	0.97560	0.00000	71.863
97	97	97	291	1.00	0.55	0.35	0.35	0.20	calibration	10000	74	0.00000	0.02440	0.97560	0.00000	72.839
97	97	97	291	1.00	0.55	0.35	0.35	0.20	calibration	10000	75	0.00000	0.02460	0.97540	0.00000	73.814
97	97	97	291	1.00	0.55	0.35	0.35	0.20	calibration	10000	76	0.00000	0.02470	0.97530	0.00000	74.790
97	97	97	291	1.00	0.55	0.35	0.35	0.20	calibration	10000	77	0.00000	0.02480	0.97520	0.00000	75.765
97	97	97	291	1.00	0.55	0.35	0.35	0.20	calibration	10000	78	0.00000	0.02500	0.97500	0.00000	76.740
97	97	97	291	1.00	0.55	0.35	0.35	0.20	calibration	10000	79	0.00000	0.02500	0.97500	0.00000	77.715
97	97	97	291	1.00	0.55	0.35	0.35	0.20	calibration	10000	80	0.00000	0.02510	0.97490	0.00000	78.690
97	97	97	291	1.00	0.55	0.35	0.35	0.20	calibration	10000	81	0.00000	0.02520	0.97480	0.00000	79.665
97	97	97	291	1.00	0.55	0.35	0.35	0.20	calibration	10000	82	0.00000	0.02530	0.97470	0.00000	80.640
97	97	97	291	1.00	0.55	0.35	0.35	0.20	calibration	10000	83	0.00000	0.02530	0.97470	0.00000	81.615
97	97	97	291	1.00	0.55	0.35	0.35	0.20	calibration	10000	84	0.00000	0.02540	0.97460	0.00000	82.589
97	97	97	291	1.00	0.55	0.35	0.35	0.20	calibration	10000	85	0.00000	0.02560	0.97440	0.00000	83.564
97	97	97	291	1.00	0.55	0.35	0.35	0.20	calibration	10000	86	0.00000	0.02560	0.97440	0.00000	84.538
97	97	97	291	1.00	0.55	0.35	0.35	0.20	calibration	10000	87	0.00000	0.02560	0.97440	0.00000	85.513
97	97	97	291	1.00	0.55	0.35	0.35	0.20	calibration	10000	88	0.00000	0.02560	0.97440	0.00000	86.487
97	97	97	291	1.00	0.55	0.35	0.35	0.20	calibration	10000	89	0.00000	0.02570	0.97430	0.00000	87.461
97	97	97	291	1.00	0.55	0.35	0.35	0.20	calibration	10000	90	0.00000	0.02570	0.97430	0.00000	88.436
97	97	97	291	1.00	0.55	0.35	0.35	0.20	calibration	10000	91	0.00000	0.02570	0.97430	0.00000	89.410
97	97	97	291	1.00	0.55	0.35	0.35	0.20	calibration	10000	92	0.00000	0.02590	0.97410	0.00000	90.384
97	97	97	291	1.00	0.55	0.35	0.35	0.20	calibration	10000	93	0.00000	0.02600	0.97400	0.00000	91.358
97	97	97	291	1.00	0.55	0.35	0.35	0.20	calibration	10000	94	0.00000	0.02600	0.97400	0.00000	92.332
97	97	97	291	1.00	0.55	0.35	0.35	0.20	calibration	10000	95	0.00000	0.02600	0.97400	0.00000	93.306
97	97	97	291	1.00	0.55	0.35	0.35	0.20	calibration	10000	96	0.00000	0.02610	0.97390	0.00000	94.280
97	97	97	291	1.00	0.55	0.35	0.35	0.20	calibration	10000	97	0.00000	0.02610	0.97390	0.00000	95.254
97	97	97	291	1.00	0.60	0.35	0.35	0.25	small real effect	10000	1	0.00000	0.00000	1.00000	0.00000	1.000
97	97	97	291	1.00	0.60	0.35	0.35	0.25	small real effect	10000	2	0.00000	0.00000	1.00000	0.00000	2.000
97	97	97	291	1.00	0.60	0.35	0.35	0.25	small real effect	10000	3	0.00000	0.00000	1.00000	0.00000	3.000
97	97	97	291	1.00	0.60	0.35	0.35	0.25	small real effect	10000	4	0.00000	0.00000	1.00000	0.00000	4.000
97	97	97	291	1.00	0.60	0.35	0.35	0.25	small real effect	10000	5	0.00000	0.00000	1.00000	0.00000	5.000
97	97	97	291	1.00	0.60	0.35	0.35	0.25	small real effect	10000	6	0.00000	0.00000	1.00000	0.00000	6.000
97	97	97	291	1.00	0.60	0.35	0.35	0.25	small real effect	10000	7	0.00000	0.00020	0.99980	0.00000	7.000
97	97	97	291	1.00	0.60	0.35	0.35	0.25	small real effect	10000	8	0.00000	0.00030	0.99970	0.00000	8.000
97	97	97	291	1.00	0.60	0.35	0.35	0.25	small real effect	10000	9	0.00000	0.00070	0.99930	0.00000	8.999
97	97	97	291	1.00	0.60	0.35	0.35	0.25	small real effect	10000	10	0.00000	0.00090	0.99910	0.00000	9.999
97	97	97	291	1.00	0.60	0.35	0.35	0.25	small real effect	10000	11	0.00000	0.00200	0.99800	0.00000	10.998
97	97	97	291	1.00	0.60	0.35	0.35	0.25	small real effect	10000	12	0.00000	0.00220	0.99780	0.00000	11.996
97	97	97	291	1.00	0.60	0.35	0.35	0.25	small real effect	10000	13	0.00000	0.00250	0.99750	0.00000	12.994
97	97	97	291	1.00	0.60	0.35	0.35	0.25	small real effect	10000	14	0.00000	0.00340	0.99660	0.00000	13.991
97	97	97	291	1.00	0.60	0.35	0.35	0.25	small real effect	10000	15	0.00000	0.00390	0.99610	0.00000	14.988
97	97	97	291	1.00	0.60	0.35	0.35	0.25	small real effect	10000	16	0.00000	0.00440	0.99560	0.00000	15.984
97	97	97	291	1.00	0.60	0.35	0.35	0.25	small real effect	10000	17	0.00000	0.00460	0.99540	0.00000	16.980
97	97	97	291	1.00	0.60	0.35	0.35	0.25	small real effect	10000	18	0.00000	0.00490	0.99510	0.00000	17.975
97	97	97	291	1.00	0.60	0.35	0.35	0.25	small real effect	10000	19	0.00000	0.00540	0.99460	0.00000	18.970
97	97	97	291	1.00	0.60	0.35	0.35	0.25	small real effect	10000	20	0.00000	0.00560	0.99440	0.00000	19.965
97	97	97	291	1.00	0.60	0.35	0.35	0.25	small real effect	10000	21	0.00000	0.00560	0.99440	0.00000	20.959
97	97	97	291	1.00	0.60	0.35	0.35	0.25	small real effect	10000	22	0.00000	0.00600	0.99400	0.00000	21.953
97	97	97	291	1.00	0.60	0.35	0.35	0.25	small real effect	10000	23	0.00000	0.00620	0.99380	0.00000	22.947
97	97	97	291	1.00	0.60	0.35	0.35	0.25	small real effect	10000	24	0.00000	0.00620	0.99380	0.00000	23.941
97	97	97	291	1.00	0.60	0.35	0.35	0.25	small real effect	10000	25	0.00000	0.00630	0.99370	0.00000	24.935
97	97	97	291	1.00	0.60	0.35	0.35	0.25	small real effect	10000	26	0.00000	0.00630	0.99370	0.00000	25.929
97	97	97	291	1.00	0.60	0.35	0.35	0.25	small real effect	10000	27	0.00000	0.00650	0.99350	0.00000	26.922
97	97	97	291	1.00	0.60	0.35	0.35	0.25	small real effect	10000	28	0.00000	0.00670	0.99330	0.00000	27.916
97	97	97	291	1.00	0.60	0.35	0.35	0.25	small real effect	10000	29	0.00000	0.00690	0.99310	0.00000	28.909
97	97	97	291	1.00	0.60	0.35	0.35	0.25	small real effect	10000	30	0.00000	0.00700	0.99300	0.00000	29.902
97	97	97	291	1.00	0.60	0.35	0.35	0.25	small real effect	10000	31	0.00000	0.00700	0.99300	0.00000	30.895
97	97	97	291	1.00	0.60	0.35	0.35	0.25	small real effect	10000	32	0.00000	0.00700	0.99300	0.00000	31.888
97	97	97	291	1.00	0.60	0.35	0.35	0.25	small real effect	10000	33	0.00000	0.00700	0.99300	0.00000	32.881
97	97	97	291	1.00	0.60	0.35	0.35	0.25	small real effect	10000	34	0.00000	0.00720	0.99280	0.00000	33.874
97	97	97	291	1.00	0.60	0.35	0.35	0.25	small real effect	10000	35	0.00000	0.00730	0.99270	0.00000	34.867
97	97	97	291	1.00	0.60	0.35	0.35	0.25	small real effect	10000	36	0.00000	0.00750	0.99250	0.00000	35.860
97	97	97	291	1.00	0.60	0.35	0.35	0.25	small real effect	10000	37	0.00000	0.00760	0.99240	0.00000	36.852
97	97	97	291	1.00	0.60	0.35	0.35	0.25	small real effect	10000	38	0.00000	0.00780	0.99220	0.00000	37.845
97	97	97	291	1.00	0.60	0.35	0.35	0.25	small real effect	10000	39	0.00000	0.00780	0.99220	0.00000	38.837
97	97	97	291	1.00	0.60	0.35	0.35	0.25	small real effect	10000	40	0.00000	0.00780	0.99220	0.00000	39.829
97	97	97	291	1.00	0.60	0.35	0.35	0.25	small real effect	10000	41	0.00000	0.00780	0.99220	0.00000	40.821
97	97	97	291	1.00	0.60	0.35	0.35	0.25	small real effect	10000	42	0.00000	0.00780	0.99220	0.00000	41.813
97	97	97	291	1.00	0.60	0.35	0.35	0.25	small real effect	10000	43	0.00000	0.00790	0.99210	0.00000	42.806
97	97	97	291	1.00	0.60	0.35	0.35	0.25	small real effect	10000	44	0.00000	0.00790	0.99210	0.00000	43.798
97	97	97	291	1.00	0.60	0.35	0.35	0.25	small real effect	10000	45	0.00000	0.00800	0.99200	0.00000	44.790
97	97	97	291	1.00	0.60	0.35	0.35	0.25	small real effect	10000	46	0.00000	0.00800	0.99200	0.00000	45.782
97	97	97	291	1.00	0.60	0.35	0.35	0.25	small real effect	10000	47	0.00000	0.00800	0.99200	0.00000	46.774
97	97	97	291	1.00	0.60	0.35	0.35	0.25	small real effect	10000	48	0.00000	0.00810	0.99190	0.00000	47.766
97	97	97	291	1.00	0.60	0.35	0.35	0.25	small real effect	10000	49	0.00000	0.00810	0.99190	0.00000	48.758
97	97	97	291	1.00	0.60	0.35	0.35	0.25	small real effect	10000	50	0.00010	0.00810	0.99180	0.00010	49.750
97	97	97	291	1.00	0.60	0.35	0.35	0.25	small real effect	10000	51	0.00020	0.00810	0.99170	0.00014	50.742
97	97	97	291	1.00	0.60	0.35	0.35	0.25	small real effect	10000	52	0.00020	0.00810	0.99170	0.00014	51.733
97	97	97	291	1.00	0.60	0.35	0.35	0.25	small real effect	10000	53	0.00020	0.00810	0.99170	0.00014	52.725
97	97	97	291	1.00	0.60	0.35	0.35	0.25	small real effect	10000	54	0.00020	0.00810	0.99170	0.00014	53.717
97	97	97	291	1.00	0.60	0.35	0.35	0.25	small real effect	10000	55	0.00020	0.00810	0.99170	0.00014	54.708
97	97	97	291	1.00	0.60	0.35	0.35	0.25	small real effect	10000	56	0.00020	0.00810	0.99170	0.00014	55.700
97	97	97	291	1.00	0.60	0.35	0.35	0.25	small real effect	10000	57	0.00020	0.00810	0.99170	0.00014	56.692
97	97	97	291	1.00	0.60	0.35	0.35	0.25	small real effect	10000	58	0.00020	0.00810	0.99170	0.00014	57.683
97	97	97	291	1.00	0.60	0.35	0.35	0.25	small real effect	10000	59	0.00020	0.00810	0.99170	0.00014	58.675
97	97	97	291	1.00	0.60	0.35	0.35	0.25	small real effect	10000	60	0.00020	0.00810	0.99170	0.00014	59.667
97	97	97	291	1.00	0.60	0.35	0.35	0.25	small real effect	10000	61	0.00020	0.00810	0.99170	0.00014	60.658
97	97	97	291	1.00	0.60	0.35	0.35	0.25	small real effect	10000	62	0.00020	0.00810	0.99170	0.00014	61.650
97	97	97	291	1.00	0.60	0.35	0.35	0.25	small real effect	10000	63	0.00020	0.00810	0.99170	0.00014	62.642
97	97	97	291	1.00	0.60	0.35	0.35	0.25	small real effect	10000	64	0.00020	0.00810	0.99170	0.00014	63.634
97	97	97	291	1.00	0.60	0.35	0.35	0.25	small real effect	10000	65	0.00020	0.00810	0.99170	0.00014	64.625
97	97	97	291	1.00	0.60	0.35	0.35	0.25	small real effect	10000	66	0.00020	0.00810	0.99170	0.00014	65.617
97	97	97	291	1.00	0.60	0.35	0.35	0.25	small real effect	10000	67	0.00020	0.00810	0.99170	0.00014	66.609
97	97	97	291	1.00	0.60	0.35	0.35	0.25	small real effect	10000	68	0.00020	0.00810	0.99170	0.00014	67.600
97	97	97	291	1.00	0.60	0.35	0.35	0.25	small real effect	10000	69	0.00020	0.00810	0.99170	0.00014	68.592
97	97	97	291	1.00	0.60	0.35	0.35	0.25	small real effect	10000	70	0.00020	0.00810	0.99170	0.00014	69.584
97	97	97	291	1.00	0.60	0.35	0.35	0.25	small real effect	10000	71	0.00020	0.00810	0.99170	0.00014	70.576
97	97	97	291	1.00	0.60	0.35	0.35	0.25	small real effect	10000	72	0.00020	0.00820	0.99160	0.00014	71.567
97	97	97	291	1.00	0.60	0.35	0.35	0.25	small real effect	10000	73	0.00020	0.00820	0.99160	0.00014	72.559
97	97	97	291	1.00	0.60	0.35	0.35	0.25	small real effect	10000	74	0.00020	0.00820	0.99160	0.00014	73.550
97	97	97	291	1.00	0.60	0.35	0.35	0.25	small real effect	10000	75	0.00020	0.00820	0.99160	0.00014	74.542
97	97	97	291	1.00	0.60	0.35	0.35	0.25	small real effect	10000	76	0.00020	0.00830	0.99150	0.00014	75.534
97	97	97	291	1.00	0.60	0.35	0.35	0.25	small real effect	10000	77	0.00020	0.00830	0.99150	0.00014	76.525
97	97	97	291	1.00	0.60	0.35	0.35	0.25	small real effect	10000	78	0.00020	0.00830	0.99150	0.00014	77.517
97	97	97	291	1.00	0.60	0.35	0.35	0.25	small real effect	10000	79	0.00020	0.00840	0.99140	0.00014	78.508
97	97	97	291	1.00	0.60	0.35	0.35	0.25	small real effect	10000	80	0.00020	0.00840	0.99140	0.00014	79.499
97	97	97	291	1.00	0.60	0.35	0.35	0.25	small real effect	10000	81	0.00020	0.00840	0.99140	0.00014	80.491
97	97	97	291	1.00	0.60	0.35	0.35	0.25	small real effect	10000	82	0.00020	0.00850	0.99130	0.00014	81.482
97	97	97	291	1.00	0.60	0.35	0.35	0.25	small real effect	10000	83	0.00020	0.00850	0.99130	0.00014	82.474
97	97	97	291	1.00	0.60	0.35	0.35	0.25	small real effect	10000	84	0.00020	0.00860	0.99120	0.00014	83.465
97	97	97	291	1.00	0.60	0.35	0.35	0.25	small real effect	10000	85	0.00020	0.00860	0.99120	0.00014	84.456
97	97	97	291	1.00	0.60	0.35	0.35	0.25	small real effect	10000	86	0.00020	0.00860	0.99120	0.00014	85.447
97	97	97	291	1.00	0.60	0.35	0.35	0.25	small real effect	10000	87	0.00020	0.00860	0.99120	0.00014	86.439
97	97	97	291	1.00	0.60	0.35	0.35	0.25	small real effect	10000	88	0.00020	0.00860	0.99120	0.00014	87.430
97	97	97	291	1.00	0.60	0.35	0.35	0.25	small real effect	10000	89	0.00020	0.00860	0.99120	0.00014	88.421
97	97	97	291	1.00	0.60	0.35	0.35	0.25	small real effect	10000	90	0.00020	0.00860	0.99120	0.00014	89.412
97	97	97	291	1.00	0.60	0.35	0.35	0.25	small real effect	10000	91	0.00020	0.00860	0.99120	0.00014	90.403
97	97	97	291	1.00	0.60	0.35	0.35	0.25	small real effect	10000	92	0.00020	0.00860	0.99120	0.00014	91.394
97	97	97	291	1.00	0.60	0.35	0.35	0.25	small real effect	10000	93	0.00020	0.00860	0.99120	0.00014	92.386
97	97	97	291	1.00	0.60	0.35	0.35	0.25	small real effect	10000	94	0.00020	0.00860	0.99120	0.00014	93.377
97	97	97	291	1.00	0.60	0.35	0.35	0.25	small real effect	10000	95	0.00020	0.00860	0.99120	0.00014	94.368
97	97	97	291	1.00	0.60	0.35	0.35	0.25	small real effect	10000	96	0.00020	0.00860	0.99120	0.00014	95.359
97	97	97	291	1.00	0.60	0.35	0.35	0.25	small real effect	10000	97	0.00020	0.00860	0.99120	0.00014	96.350
97	97	97	291	1.00	0.65	0.35	0.35	0.30	real effect	10000	1	0.00000	0.00000	1.00000	0.00000	1.000
97	97	97	291	1.00	0.65	0.35	0.35	0.30	real effect	10000	2	0.00000	0.00000	1.00000	0.00000	2.000
97	97	97	291	1.00	0.65	0.35	0.35	0.30	real effect	10000	3	0.00000	0.00000	1.00000	0.00000	3.000
97	97	97	291	1.00	0.65	0.35	0.35	0.30	real effect	10000	4	0.00000	0.00000	1.00000	0.00000	4.000
97	97	97	291	1.00	0.65	0.35	0.35	0.30	real effect	10000	5	0.00000	0.00000	1.00000	0.00000	5.000
97	97	97	291	1.00	0.65	0.35	0.35	0.30	real effect	10000	6	0.00000	0.00000	1.00000	0.00000	6.000
97	97	97	291	1.00	0.65	0.35	0.35	0.30	real effect	10000	7	0.00000	0.00010	0.99990	0.00000	7.000
97	97	97	291	1.00	0.65	0.35	0.35	0.30	real effect	10000	8	0.00000	0.00040	0.99960	0.00000	8.000
97	97	97	291	1.00	0.65	0.35	0.35	0.30	real effect	10000	9	0.00000	0.00040	0.99960	0.00000	8.999
97	97	97	291	1.00	0.65	0.35	0.35	0.30	real effect	10000	10	0.00000	0.00060	0.99940	0.00000	9.999
97	97	97	291	1.00	0.65	0.35	0.35	0.30	real effect	10000	11	0.00000	0.00130	0.99870	0.00000	10.998
97	97	97	291	1.00	0.65	0.35	0.35	0.30	real effect	10000	12	0.00000	0.00130	0.99870	0.00000	11.997
97	97	97	291	1.00	0.65	0.35	0.35	0.30	real effect	10000	13	0.00000	0.00150	0.99850	0.00000	12.996
97	97	97	291	1.00	0.65	0.35	0.35	0.30	real effect	10000	14	0.00000	0.00180	0.99820	0.00000	13.994
97	97	97	291	1.00	0.65	0.35	0.35	0.30	real effect	10000	15	0.00000	0.00190	0.99810	0.00000	14.993
97	97	97	291	1.00	0.65	0.35	0.35	0.30	real effect	10000	16	0.00000	0.00190	0.99810	0.00000	15.991
97	97	97	291	1.00	0.65	0.35	0.35	0.30	real effect	10000	17	0.00000	0.00190	0.99810	0.00000	16.989
97	97	97	291	1.00	0.65	0.35	0.35	0.30	real effect	10000	18	0.00000	0.00200	0.99800	0.00000	17.987
97	97	97	291	1.00	0.65	0.35	0.35	0.30	real effect	10000	19	0.00000	0.00200	0.99800	0.00000	18.985
97	97	97	291	1.00	0.65	0.35	0.35	0.30	real effect	10000	20	0.00000	0.00200	0.99800	0.00000	19.983
97	97	97	291	1.00	0.65	0.35	0.35	0.30	real effect	10000	21	0.00000	0.00210	0.99790	0.00000	20.981
97	97	97	291	1.00	0.65	0.35	0.35	0.30	real effect	10000	22	0.00000	0.00210	0.99790	0.00000	21.979
97	97	97	291	1.00	0.65	0.35	0.35	0.30	real effect	10000	23	0.00010	0.00220	0.99770	0.00010	22.977
97	97	97	291	1.00	0.65	0.35	0.35	0.30	real effect	10000	24	0.00010	0.00230	0.99760	0.00010	23.974
97	97	97	291	1.00	0.65	0.35	0.35	0.30	real effect	10000	25	0.00010	0.00230	0.99760	0.00010	24.972
97	97	97	291	1.00	0.65	0.35	0.35	0.30	real effect	10000	26	0.00010	0.00240	0.99750	0.00010	25.970
97	97	97	291	1.00	0.65	0.35	0.35	0.30	real effect	10000	27	0.00010	0.00250	0.99740	0.00010	26.967
97	97	97	291	1.00	0.65	0.35	0.35	0.30	real effect	10000	28	0.00010	0.00250	0.99740	0.00010	27.965
97	97	97	291	1.00	0.65	0.35	0.35	0.30	real effect	10000	29	0.00010	0.00270	0.99720	0.00010	28.962
97	97	97	291	1.00	0.65	0.35	0.35	0.30	real effect	10000	30	0.00010	0.00280	0.99710	0.00010	29.959
97	97	97	291	1.00	0.65	0.35	0.35	0.30	real effect	10000	31	0.00010	0.00280	0.99710	0.00010	30.956
97	97	97	291	1.00	0.65	0.35	0.35	0.30	real effect	10000	32	0.00010	0.00280	0.99710	0.00010	31.953
97	97	97	291	1.00	0.65	0.35	0.35	0.30	real effect	10000	33	0.00010	0.00300	0.99690	0.00010	32.950
97	97	97	291	1.00	0.65	0.35	0.35	0.30	real effect	10000	34	0.00020	0.00300	0.99680	0.00014	33.947
97	97	97	291	1.00	0.65	0.35	0.35	0.30	real effect	10000	35	0.00020	0.00300	0.99680	0.00014	34.944
97	97	97	291	1.00	0.65	0.35	0.35	0.30	real effect	10000	36	0.00020	0.00300	0.99680	0.00014	35.941
97	97	97	291	1.00	0.65	0.35	0.35	0.30	real effect	10000	37	0.00020	0.00300	0.99680	0.00014	36.938
97	97	97	291	1.00	0.65	0.35	0.35	0.30	real effect	10000	38	0.00020	0.00300	0.99680	0.00014	37.934
97	97	97	291	1.00	0.65	0.35	0.35	0.30	real effect	10000	39	0.00020	0.00300	0.99680	0.00014	38.931
97	97	97	291	1.00	0.65	0.35	0.35	0.30	real effect	10000	40	0.00020	0.00310	0.99670	0.00014	39.928
97	97	97	291	1.00	0.65	0.35	0.35	0.30	real effect	10000	41	0.00020	0.00310	0.99670	0.00014	40.925
97	97	97	291	1.00	0.65	0.35	0.35	0.30	real effect	10000	42	0.00020	0.00310	0.99670	0.00014	41.922
97	97	97	291	1.00	0.65	0.35	0.35	0.30	real effect	10000	43	0.00020	0.00320	0.99660	0.00014	42.918
97	97	97	291	1.00	0.65	0.35	0.35	0.30	real effect	10000	44	0.00020	0.00320	0.99660	0.00014	43.915
97	97	97	291	1.00	0.65	0.35	0.35	0.30	real effect	10000	45	0.00030	0.00320	0.99650	0.00017	44.911
97	97	97	291	1.00	0.65	0.35	0.35	0.30	real effect	10000	46	0.00030	0.00320	0.99650	0.00017	45.908
97	97	97	291	1.00	0.65	0.35	0.35	0.30	real effect	10000	47	0.00030	0.00320	0.99650	0.00017	46.904
97	97	97	291	1.00	0.65	0.35	0.35	0.30	real effect	10000	48	0.00030	0.00320	0.99650	0.00017	47.901
97	97	97	291	1.00	0.65	0.35	0.35	0.30	real effect	10000	49	0.00040	0.00320	0.99640	0.00020	48.897
97	97	97	291	1.00	0.65	0.35	0.35	0.30	real effect	10000	50	0.00040	0.00320	0.99640	0.00020	49.894
97	97	97	291	1.00	0.65	0.35	0.35	0.30	real effect	10000	51	0.00040	0.00320	0.99640	0.00020	50.890
97	97	97	291	1.00	0.65	0.35	0.35	0.30	real effect	10000	52	0.00040	0.00320	0.99640	0.00020	51.887
97	97	97	291	1.00	0.65	0.35	0.35	0.30	real effect	10000	53	0.00040	0.00320	0.99640	0.00020	52.883
97	97	97	291	1.00	0.65	0.35	0.35	0.30	real effect	10000	54	0.00040	0.00320	0.99640	0.00020	53.879
97	97	97	291	1.00	0.65	0.35	0.35	0.30	real effect	10000	55	0.00040	0.00320	0.99640	0.00020	54.876
97	97	97	291	1.00	0.65	0.35	0.35	0.30	real effect	10000	56	0.00040	0.00320	0.99640	0.00020	55.872
97	97	97	291	1.00	0.65	0.35	0.35	0.30	real effect	10000	57	0.00050	0.00320	0.99630	0.00022	56.869
97	97	97	291	1.00	0.65	0.35	0.35	0.30	real effect	10000	58	0.00070	0.00320	0.99610	0.00026	57.865
97	97	97	291	1.00	0.65	0.35	0.35	0.30	real effect	10000	59	0.00070	0.00320	0.99610	0.00026	58.861
97	97	97	291	1.00	0.65	0.35	0.35	0.30	real effect	10000	60	0.00070	0.00320	0.99610	0.00026	59.857
97	97	97	291	1.00	0.65	0.35	0.35	0.30	real effect	10000	61	0.00070	0.00320	0.99610	0.00026	60.853
97	97	97	291	1.00	0.65	0.35	0.35	0.30	real effect	10000	62	0.00070	0.00320	0.99610	0.00026	61.849
97	97	97	291	1.00	0.65	0.35	0.35	0.30	real effect	10000	63	0.00080	0.00320	0.99600	0.00028	62.845
97	97	97	291	1.00	0.65	0.35	0.35	0.30	real effect	10000	64	0.00080	0.00320	0.99600	0.00028	63.841
97	97	97	291	1.00	0.65	0.35	0.35	0.30	real effect	10000	65	0.00080	0.00320	0.99600	0.00028	64.837
97	97	97	291	1.00	0.65	0.35	0.35	0.30	real effect	10000	66	0.00080	0.00320	0.99600	0.00028	65.833
97	97	97	291	1.00	0.65	0.35	0.35	0.30	real effect	10000	67	0.00080	0.00320	0.99600	0.00028	66.829
97	97	97	291	1.00	0.65	0.35	0.35	0.30	real effect	10000	68	0.00080	0.00320	0.99600	0.00028	67.825
97	97	97	291	1.00	0.65	0.35	0.35	0.30	real effect	10000	69	0.00080	0.00320	0.99600	0.00028	68.821
97	97	97	291	1.00	0.65	0.35	0.35	0.30	real effect	10000	70	0.00080	0.00320	0.99600	0.00028	69.817
97	97	97	291	1.00	0.65	0.35	0.35	0.30	real effect	10000	71	0.00090	0.00320	0.99590	0.00030	70.813
97	97	97	291	1.00	0.65	0.35	0.35	0.30	real effect	10000	72	0.00100	0.00320	0.99580	0.00032	71.809
97	97	97	291	1.00	0.65	0.35	0.35	0.30	real effect	10000	73	0.00110	0.00320	0.99570	0.00033	72.805
97	97	97	291	1.00	0.65	0.35	0.35	0.30	real effect	10000	74	0.00120	0.00320	0.99560	0.00035	73.801
97	97	97	291	1.00	0.65	0.35	0.35	0.30	real effect	10000	75	0.00120	0.00320	0.99560	0.00035	74.796
97	97	97	291	1.00	0.65	0.35	0.35	0.30	real effect	10000	76	0.00120	0.00320	0.99560	0.00035	75.792
97	97	97	291	1.00	0.65	0.35	0.35	0.30	real effect	10000	77	0.00120	0.00320	0.99560	0.00035	76.788
97	97	97	291	1.00	0.65	0.35	0.35	0.30	real effect	10000	78	0.00120	0.00320	0.99560	0.00035	77.783
97	97	97	291	1.00	0.65	0.35	0.35	0.30	real effect	10000	79	0.00120	0.00320	0.99560	0.00035	78.779
97	97	97	291	1.00	0.65	0.35	0.35	0.30	real effect	10000	80	0.00120	0.00320	0.99560	0.00035	79.774
97	97	97	291	1.00	0.65	0.35	0.35	0.30	real effect	10000	81	0.00120	0.00320	0.99560	0.00035	80.770
97	97	97	291	1.00	0.65	0.35	0.35	0.30	real effect	10000	82	0.00120	0.00320	0.99560	0.00035	81.766
97	97	97	291	1.00	0.65	0.35	0.35	0.30	real effect	10000	83	0.00120	0.00320	0.99560	0.00035	82.761
97	97	97	291	1.00	0.65	0.35	0.35	0.30	real effect	10000	84	0.00120	0.00320	0.99560	0.00035	83.757
97	97	97	291	1.00	0.65	0.35	0.35	0.30	real effect	10000	85	0.00120	0.00320	0.99560	0.00035	84.752
97	97	97	291	1.00	0.65	0.35	0.35	0.30	real effect	10000	86	0.00120	0.00320	0.99560	0.00035	85.748
97	97	97	291	1.00	0.65	0.35	0.35	0.30	real effect	10000	87	0.00120	0.00320	0.99560	0.00035	86.744
97	97	97	291	1.00	0.65	0.35	0.35	0.30	real effect	10000	88	0.00120	0.00320	0.99560	0.00035	87.739
97	97	97	291	1.00	0.65	0.35	0.35	0.30	real effect	10000	89	0.00130	0.00320	0.99550	0.00036	88.735
97	97	97	291	1.00	0.65	0.35	0.35	0.30	real effect	10000	90	0.00130	0.00320	0.99550	0.00036	89.730
97	97	97	291	1.00	0.65	0.35	0.35	0.30	real effect	10000	91	0.00130	0.00320	0.99550	0.00036	90.726
97	97	97	291	1.00	0.65	0.35	0.35	0.30	real effect	10000	92	0.00130	0.00320	0.99550	0.00036	91.721
97	97	97	291	1.00	0.65	0.35	0.35	0.30	real effect	10000	93	0.00130	0.00320	0.99550	0.00036	92.717
97	97	97	291	1.00	0.65	0.35	0.35	0.30	real effect	10000	94	0.00130	0.00320	0.99550	0.00036	93.712
97	97	97	291	1.00	0.65	0.35	0.35	0.30	real effect	10000	95	0.00130	0.00320	0.99550	0.00036	94.708
97	97	97	291	1.00	0.65	0.35	0.35	0.30	real effect	10000	96	0.00130	0.00320	0.99550	0.00036	95.703
97	97	97	291	1.00	0.65	0.35	0.35	0.30	real effect	10000	97	0.00130	0.00320	0.99550	0.00036	96.699
97	97	97	291	1.00	0.70	0.35	0.35	0.35	real effect	10000	1	0.00000	0.00000	1.00000	0.00000	1.000
97	97	97	291	1.00	0.70	0.35	0.35	0.35	real effect	10000	2	0.00000	0.00000	1.00000	0.00000	2.000
97	97	97	291	1.00	0.70	0.35	0.35	0.35	real effect	10000	3	0.00000	0.00000	1.00000	0.00000	3.000
97	97	97	291	1.00	0.70	0.35	0.35	0.35	real effect	10000	4	0.00000	0.00000	1.00000	0.00000	4.000
97	97	97	291	1.00	0.70	0.35	0.35	0.35	real effect	10000	5	0.00000	0.00000	1.00000	0.00000	5.000
97	97	97	291	1.00	0.70	0.35	0.35	0.35	real effect	10000	6	0.00000	0.00000	1.00000	0.00000	6.000
97	97	97	291	1.00	0.70	0.35	0.35	0.35	real effect	10000	7	0.00000	0.00000	1.00000	0.00000	7.000
97	97	97	291	1.00	0.70	0.35	0.35	0.35	real effect	10000	8	0.00000	0.00000	1.00000	0.00000	8.000
97	97	97	291	1.00	0.70	0.35	0.35	0.35	real effect	10000	9	0.00000	0.00000	1.00000	0.00000	9.000
97	97	97	291	1.00	0.70	0.35	0.35	0.35	real effect	10000	10	0.00000	0.00000	1.00000	0.00000	10.000
97	97	97	291	1.00	0.70	0.35	0.35	0.35	real effect	10000	11	0.00000	0.00030	0.99970	0.00000	11.000
97	97	97	291	1.00	0.70	0.35	0.35	0.35	real effect	10000	12	0.00000	0.00050	0.99950	0.00000	12.000
97	97	97	291	1.00	0.70	0.35	0.35	0.35	real effect	10000	13	0.00000	0.00060	0.99940	0.00000	12.999
97	97	97	291	1.00	0.70	0.35	0.35	0.35	real effect	10000	14	0.00000	0.00070	0.99930	0.00000	13.999
97	97	97	291	1.00	0.70	0.35	0.35	0.35	real effect	10000	15	0.00000	0.00080	0.99920	0.00000	14.998
97	97	97	291	1.00	0.70	0.35	0.35	0.35	real effect	10000	16	0.00000	0.00080	0.99920	0.00000	15.997
97	97	97	291	1.00	0.70	0.35	0.35	0.35	real effect	10000	17	0.00000	0.00080	0.99920	0.00000	16.996
97	97	97	291	1.00	0.70	0.35	0.35	0.35	real effect	10000	18	0.00000	0.00090	0.99910	0.00000	17.995
97	97	97	291	1.00	0.70	0.35	0.35	0.35	real effect	10000	19	0.00000	0.00090	0.99910	0.00000	18.995
97	97	97	291	1.00	0.70	0.35	0.35	0.35	real effect	10000	20	0.00000	0.00090	0.99910	0.00000	19.994
97	97	97	291	1.00	0.70	0.35	0.35	0.35	real effect	10000	21	0.00000	0.00090	0.99910	0.00000	20.993
97	97	97	291	1.00	0.70	0.35	0.35	0.35	real effect	10000	22	0.00000	0.00100	0.99900	0.00000	21.992
97	97	97	291	1.00	0.70	0.35	0.35	0.35	real effect	10000	23	0.00000	0.00100	0.99900	0.00000	22.991
97	97	97	291	1.00	0.70	0.35	0.35	0.35	real effect	10000	24	0.00000	0.00100	0.99900	0.00000	23.990
97	97	97	291	1.00	0.70	0.35	0.35	0.35	real effect	10000	25	0.00000	0.00100	0.99900	0.00000	24.989
97	97	97	291	1.00	0.70	0.35	0.35	0.35	real effect	10000	26	0.00000	0.00100	0.99900	0.00000	25.988
97	97	97	291	1.00	0.70	0.35	0.35	0.35	real effect	10000	27	0.00000	0.00100	0.99900	0.00000	26.987
97	97	97	291	1.00	0.70	0.35	0.35	0.35	real effect	10000	28	0.00000	0.00100	0.99900	0.00000	27.986
97	97	97	291	1.00	0.70	0.35	0.35	0.35	real effect	10000	29	0.00000	0.00100	0.99900	0.00000	28.985
97	97	97	291	1.00	0.70	0.35	0.35	0.35	real effect	10000	30	0.00020	0.00100	0.99880	0.00014	29.984
97	97	97	291	1.00	0.70	0.35	0.35	0.35	real effect	10000	31	0.00020	0.00100	0.99880	0.00014	30.983
97	97	97	291	1.00	0.70	0.35	0.35	0.35	real effect	10000	32	0.00030	0.00100	0.99870	0.00017	31.982
97	97	97	291	1.00	0.70	0.35	0.35	0.35	real effect	10000	33	0.00030	0.00100	0.99870	0.00017	32.980
97	97	97	291	1.00	0.70	0.35	0.35	0.35	real effect	10000	34	0.00030	0.00100	0.99870	0.00017	33.979
97	97	97	291	1.00	0.70	0.35	0.35	0.35	real effect	10000	35	0.00050	0.00100	0.99850	0.00022	34.978
97	97	97	291	1.00	0.70	0.35	0.35	0.35	real effect	10000	36	0.00050	0.00100	0.99850	0.00022	35.976
97	97	97	291	1.00	0.70	0.35	0.35	0.35	real effect	10000	37	0.00060	0.00100	0.99840	0.00024	36.975
97	97	97	291	1.00	0.70	0.35	0.35	0.35	real effect	10000	38	0.00060	0.00100	0.99840	0.00024	37.973
97	97	97	291	1.00	0.70	0.35	0.35	0.35	real effect	10000	39	0.00080	0.00100	0.99820	0.00028	38.971
97	97	97	291	1.00	0.70	0.35	0.35	0.35	real effect	10000	40	0.00090	0.00100	0.99810	0.00030	39.970
97	97	97	291	1.00	0.70	0.35	0.35	0.35	real effect	10000	41	0.00100	0.00100	0.99800	0.00032	40.968
97	97	97	291	1.00	0.70	0.35	0.35	0.35	real effect	10000	42	0.00100	0.00100	0.99800	0.00032	41.966
97	97	97	291	1.00	0.70	0.35	0.35	0.35	real effect	10000	43	0.00120	0.00100	0.99780	0.00035	42.964
97	97	97	291	1.00	0.70	0.35	0.35	0.35	real effect	10000	44	0.00140	0.00100	0.99760	0.00037	43.962
97	97	97	291	1.00	0.70	0.35	0.35	0.35	real effect	10000	45	0.00160	0.00100	0.99740	0.00040	44.959
97	97	97	291	1.00	0.70	0.35	0.35	0.35	real effect	10000	46	0.00160	0.00100	0.99740	0.00040	45.956
97	97	97	291	1.00	0.70	0.35	0.35	0.35	real effect	10000	47	0.00160	0.00100	0.99740	0.00040	46.954
97	97	97	291	1.00	0.70	0.35	0.35	0.35	real effect	10000	48	0.00160	0.00100	0.99740	0.00040	47.951
97	97	97	291	1.00	0.70	0.35	0.35	0.35	real effect	10000	49	0.00180	0.00100	0.99720	0.00042	48.949
97	97	97	291	1.00	0.70	0.35	0.35	0.35	real effect	10000	50	0.00190	0.00100	0.99710	0.00044	49.946
97	97	97	291	1.00	0.70	0.35	0.35	0.35	real effect	10000	51	0.00200	0.00100	0.99700	0.00045	50.943
97	97	97	291	1.00	0.70	0.35	0.35	0.35	real effect	10000	52	0.00230	0.00100	0.99670	0.00048	51.940
97	97	97	291	1.00	0.70	0.35	0.35	0.35	real effect	10000	53	0.00240	0.00100	0.99660	0.00049	52.937
97	97	97	291	1.00	0.70	0.35	0.35	0.35	real effect	10000	54	0.00250	0.00100	0.99650	0.00050	53.933
97	97	97	291	1.00	0.70	0.35	0.35	0.35	real effect	10000	55	0.00260	0.00100	0.99640	0.00051	54.930
97	97	97	291	1.00	0.70	0.35	0.35	0.35	real effect	10000	56	0.00260	0.00100	0.99640	0.00051	55.926
97	97	97	291	1.00	0.70	0.35	0.35	0.35	real effect	10000	57	0.00270	0.00100	0.99630	0.00052	56.923
97	97	97	291	1.00	0.70	0.35	0.35	0.35	real effect	10000	58	0.00280	0.00100	0.99620	0.00053	57.919
97	97	97	291	1.00	0.70	0.35	0.35	0.35	real effect	10000	59	0.00300	0.00100	0.99600	0.00055	58.915
97	97	97	291	1.00	0.70	0.35	0.35	0.35	real effect	10000	60	0.00300	0.00100	0.99600	0.00055	59.911
97	97	97	291	1.00	0.70	0.35	0.35	0.35	real effect	10000	61	0.00320	0.00100	0.99580	0.00056	60.907
97	97	97	291	1.00	0.70	0.35	0.35	0.35	real effect	10000	62	0.00320	0.00100	0.99580	0.00056	61.903
97	97	97	291	1.00	0.70	0.35	0.35	0.35	real effect	10000	63	0.00320	0.00100	0.99580	0.00056	62.899
97	97	97	291	1.00	0.70	0.35	0.35	0.35	real effect	10000	64	0.00320	0.00100	0.99580	0.00056	63.895
97	97	97	291	1.00	0.70	0.35	0.35	0.35	real effect	10000	65	0.00340	0.00100	0.99560	0.00058	64.890
97	97	97	291	1.00	0.70	0.35	0.35	0.35	real effect	10000	66	0.00350	0.00100	0.99550	0.00059	65.886
97	97	97	291	1.00	0.70	0.35	0.35	0.35	real effect	10000	67	0.00350	0.00100	0.99550	0.00059	66.881
97	97	97	291	1.00	0.70	0.35	0.35	0.35	real effect	10000	68	0.00360	0.00100	0.99540	0.00060	67.877
97	97	97	291	1.00	0.70	0.35	0.35	0.35	real effect	10000	69	0.00370	0.00100	0.99530	0.00061	68.872
97	97	97	291	1.00	0.70	0.35	0.35	0.35	real effect	10000	70	0.00380	0.00100	0.99520	0.00062	69.868
97	97	97	291	1.00	0.70	0.35	0.35	0.35	real effect	10000	71	0.00400	0.00100	0.99500	0.00063	70.863
97	97	97	291	1.00	0.70	0.35	0.35	0.35	real effect	10000	72	0.00430	0.00100	0.99470	0.00065	71.858
97	97	97	291	1.00	0.70	0.35	0.35	0.35	real effect	10000	73	0.00440	0.00100	0.99460	0.00066	72.853
97	97	97	291	1.00	0.70	0.35	0.35	0.35	real effect	10000	74	0.00440	0.00100	0.99460	0.00066	73.847
97	97	97	291	1.00	0.70	0.35	0.35	0.35	real effect	10000	75	0.00460	0.00100	0.99440	0.00068	74.842
97	97	97	291	1.00	0.70	0.35	0.35	0.35	real effect	10000	76	0.00470	0.00100	0.99430	0.00068	75.836
97	97	97	291	1.00	0.70	0.35	0.35	0.35	real effect	10000	77	0.00500	0.00100	0.99400	0.00071	76.830
97	97	97	291	1.00	0.70	0.35	0.35	0.35	real effect	10000	78	0.00530	0.00100	0.99370	0.00073	77.824
97	97	97	291	1.00	0.70	0.35	0.35	0.35	real effect	10000	79	0.00530	0.00100	0.99370	0.00073	78.818
97	97	97	291	1.00	0.70	0.35	0.35	0.35	real effect	10000	80	0.00560	0.00100	0.99340	0.00075	79.812
97	97	97	291	1.00	0.70	0.35	0.35	0.35	real effect	10000	81	0.00580	0.00100	0.99320	0.00076	80.805
97	97	97	291	1.00	0.70	0.35	0.35	0.35	real effect	10000	82	0.00600	0.00100	0.99300	0.00077	81.798
97	97	97	291	1.00	0.70	0.35	0.35	0.35	real effect	10000	83	0.00610	0.00100	0.99290	0.00078	82.791
97	97	97	291	1.00	0.70	0.35	0.35	0.35	real effect	10000	84	0.00630	0.00100	0.99270	0.00079	83.784
97	97	97	291	1.00	0.70	0.35	0.35	0.35	real effect	10000	85	0.00650	0.00100	0.99250	0.00080	84.777
97	97	97	291	1.00	0.70	0.35	0.35	0.35	real effect	10000	86	0.00650	0.00100	0.99250	0.00080	85.769
97	97	97	291	1.00	0.70	0.35	0.35	0.35	real effect	10000	87	0.00680	0.00100	0.99220	0.00082	86.762
97	97	97	291	1.00	0.70	0.35	0.35	0.35	real effect	10000	88	0.00690	0.00100	0.99210	0.00083	87.754
97	97	97	291	1.00	0.70	0.35	0.35	0.35	real effect	10000	89	0.00770	0.00100	0.99130	0.00087	88.746
97	97	97	291	1.00	0.70	0.35	0.35	0.35	real effect	10000	90	0.00790	0.00100	0.99110	0.00089	89.738
97	97	97	291	1.00	0.70	0.35	0.35	0.35	real effect	10000	91	0.00810	0.00100	0.99090	0.00090	90.729
97	97	97	291	1.00	0.70	0.35	0.35	0.35	real effect	10000	92	0.00840	0.00100	0.99060	0.00091	91.720
97	97	97	291	1.00	0.70	0.35	0.35	0.35	real effect	10000	93	0.00850	0.00100	0.99050	0.00092	92.710
97	97	97	291	1.00	0.70	0.35	0.35	0.35	real effect	10000	94	0.00880	0.00100	0.99020	0.00093	93.701
97	97	97	291	1.00	0.70	0.35	0.35	0.35	real effect	10000	95	0.00920	0.00100	0.98980	0.00095	94.691
97	97	97	291	1.00	0.70	0.35	0.35	0.35	real effect	10000	96	0.00960	0.00100	0.98940	0.00098	95.681
97	97	97	291	1.00	0.70	0.35	0.35	0.35	real effect	10000	97	0.01000	0.00100	0.98900	0.00099	96.670
97	97	97	291	1.00	0.75	0.35	0.35	0.40	real effect	10000	1	0.00000	0.00000	1.00000	0.00000	1.000
97	97	97	291	1.00	0.75	0.35	0.35	0.40	real effect	10000	2	0.00000	0.00000	1.00000	0.00000	2.000
97	97	97	291	1.00	0.75	0.35	0.35	0.40	real effect	10000	3	0.00000	0.00000	1.00000	0.00000	3.000
97	97	97	291	1.00	0.75	0.35	0.35	0.40	real effect	10000	4	0.00000	0.00000	1.00000	0.00000	4.000
97	97	97	291	1.00	0.75	0.35	0.35	0.40	real effect	10000	5	0.00000	0.00000	1.00000	0.00000	5.000
97	97	97	291	1.00	0.75	0.35	0.35	0.40	real effect	10000	6	0.00000	0.00000	1.00000	0.00000	6.000
97	97	97	291	1.00	0.75	0.35	0.35	0.40	real effect	10000	7	0.00000	0.00000	1.00000	0.00000	7.000
97	97	97	291	1.00	0.75	0.35	0.35	0.40	real effect	10000	8	0.00000	0.00010	0.99990	0.00000	8.000
97	97	97	291	1.00	0.75	0.35	0.35	0.40	real effect	10000	9	0.00000	0.00010	0.99990	0.00000	9.000
97	97	97	291	1.00	0.75	0.35	0.35	0.40	real effect	10000	10	0.00000	0.00010	0.99990	0.00000	10.000
97	97	97	291	1.00	0.75	0.35	0.35	0.40	real effect	10000	11	0.00000	0.00030	0.99970	0.00000	11.000
97	97	97	291	1.00	0.75	0.35	0.35	0.40	real effect	10000	12	0.00000	0.00030	0.99970	0.00000	11.999
97	97	97	291	1.00	0.75	0.35	0.35	0.40	real effect	10000	13	0.00000	0.00040	0.99960	0.00000	12.999
97	97	97	291	1.00	0.75	0.35	0.35	0.40	real effect	10000	14	0.00000	0.00040	0.99960	0.00000	13.999
97	97	97	291	1.00	0.75	0.35	0.35	0.40	real effect	10000	15	0.00000	0.00040	0.99960	0.00000	14.998
97	97	97	291	1.00	0.75	0.35	0.35	0.40	real effect	10000	16	0.00000	0.00040	0.99960	0.00000	15.998
97	97	97	291	1.00	0.75	0.35	0.35	0.40	real effect	10000	17	0.00000	0.00050	0.99950	0.00000	16.997
97	97	97	291	1.00	0.75	0.35	0.35	0.40	real effect	10000	18	0.00000	0.00050	0.99950	0.00000	17.997
97	97	97	291	1.00	0.75	0.35	0.35	0.40	real effect	10000	19	0.00000	0.00050	0.99950	0.00000	18.997
97	97	97	291	1.00	0.75	0.35	0.35	0.40	real effect	10000	20	0.00000	0.00050	0.99950	0.00000	19.996
97	97	97	291	1.00	0.75	0.35	0.35	0.40	real effect	10000	21	0.00000	0.00050	0.99950	0.00000	20.995
97	97	97	291	1.00	0.75	0.35	0.35	0.40	real effect	10000	22	0.00000	0.00050	0.99950	0.00000	21.995
97	97	97	291	1.00	0.75	0.35	0.35	0.40	real effect	10000	23	0.00010	0.00060	0.99930	0.00010	22.994
97	97	97	291	1.00	0.75	0.35	0.35	0.40	real effect	10000	24	0.00010	0.00060	0.99930	0.00010	23.994
97	97	97	291	1.00	0.75	0.35	0.35	0.40	real effect	10000	25	0.00020	0.00060	0.99920	0.00014	24.993
97	97	97	291	1.00	0.75	0.35	0.35	0.40	real effect	10000	26	0.00020	0.00060	0.99920	0.00014	25.992
97	97	97	291	1.00	0.75	0.35	0.35	0.40	real effect	10000	27	0.00050	0.00060	0.99890	0.00022	26.991
97	97	97	291	1.00	0.75	0.35	0.35	0.40	real effect	10000	28	0.00080	0.00060	0.99860	0.00028	27.990
97	97	97	291	1.00	0.75	0.35	0.35	0.40	real effect	10000	29	0.00100	0.00060	0.99840	0.00032	28.989
97	97	97	291	1.00	0.75	0.35	0.35	0.40	real effect	10000	30	0.00140	0.00060	0.99800	0.00037	29.987
97	97	97	291	1.00	0.75	0.35	0.35	0.40	real effect	10000	31	0.00150	0.00060	0.99790	0.00039	30.985
97	97	97	291	1.00	0.75	0.35	0.35	0.40	real effect	10000	32	0.00180	0.00060	0.99760	0.00042	31.983
97	97	97	291	1.00	0.75	0.35	0.35	0.40	real effect	10000	33	0.00230	0.00060	0.99710	0.00048	32.981
97	97	97	291	1.00	0.75	0.35	0.35	0.40	real effect	10000	34	0.00260	0.00060	0.99680	0.00051	33.978
97	97	97	291	1.00	0.75	0.35	0.35	0.40	real effect	10000	35	0.00260	0.00060	0.99680	0.00051	34.975
97	97	97	291	1.00	0.75	0.35	0.35	0.40	real effect	10000	36	0.00270	0.00060	0.99670	0.00052	35.972
97	97	97	291	1.00	0.75	0.35	0.35	0.40	real effect	10000	37	0.00320	0.00060	0.99620	0.00056	36.968
97	97	97	291	1.00	0.75	0.35	0.35	0.40	real effect	10000	38	0.00390	0.00060	0.99550	0.00062	37.965
97	97	97	291	1.00	0.75	0.35	0.35	0.40	real effect	10000	39	0.00440	0.00060	0.99500	0.00066	38.960
97	97	97	291	1.00	0.75	0.35	0.35	0.40	real effect	10000	40	0.00500	0.00060	0.99440	0.00071	39.955
97	97	97	291	1.00	0.75	0.35	0.35	0.40	real effect	10000	41	0.00520	0.00060	0.99420	0.00072	40.949
97	97	97	291	1.00	0.75	0.35	0.35	0.40	real effect	10000	42	0.00560	0.00060	0.99380	0.00075	41.944
97	97	97	291	1.00	0.75	0.35	0.35	0.40	real effect	10000	43	0.00610	0.00060	0.99330	0.00078	42.937
97	97	97	291	1.00	0.75	0.35	0.35	0.40	real effect	10000	44	0.00650	0.00060	0.99290	0.00080	43.931
97	97	97	291	1.00	0.75	0.35	0.35	0.40	real effect	10000	45	0.00690	0.00060	0.99250	0.00083	44.924
97	97	97	291	1.00	0.75	0.35	0.35	0.40	real effect	10000	46	0.00740	0.00060	0.99200	0.00086	45.916
97	97	97	291	1.00	0.75	0.35	0.35	0.40	real effect	10000	47	0.00820	0.00060	0.99120	0.00090	46.908
97	97	97	291	1.00	0.75	0.35	0.35	0.40	real effect	10000	48	0.00880	0.00060	0.99060	0.00093	47.899
97	97	97	291	1.00	0.75	0.35	0.35	0.40	real effect	10000	49	0.00910	0.00060	0.99030	0.00095	48.890
97	97	97	291	1.00	0.75	0.35	0.35	0.40	real effect	10000	50	0.00970	0.00060	0.98970	0.00098	49.880
97	97	97	291	1.00	0.75	0.35	0.35	0.40	real effect	10000	51	0.01020	0.00060	0.98920	0.00100	50.870
97	97	97	291	1.00	0.75	0.35	0.35	0.40	real effect	10000	52	0.01080	0.00060	0.98860	0.00103	51.859
97	97	97	291	1.00	0.75	0.35	0.35	0.40	real effect	10000	53	0.01160	0.00060	0.98780	0.00107	52.848
97	97	97	291	1.00	0.75	0.35	0.35	0.40	real effect	10000	54	0.01200	0.00060	0.98740	0.00109	53.836
97	97	97	291	1.00	0.75	0.35	0.35	0.40	real effect	10000	55	0.01240	0.00060	0.98700	0.00111	54.823
97	97	97	291	1.00	0.75	0.35	0.35	0.40	real effect	10000	56	0.01310	0.00060	0.98630	0.00114	55.810
97	97	97	291	1.00	0.75	0.35	0.35	0.40	real effect	10000	57	0.01410	0.00060	0.98530	0.00118	56.796
97	97	97	291	1.00	0.75	0.35	0.35	0.40	real effect	10000	58	0.01510	0.00060	0.98430	0.00122	57.782
97	97	97	291	1.00	0.75	0.35	0.35	0.40	real effect	10000	59	0.01600	0.00060	0.98340	0.00125	58.766
97	97	97	291	1.00	0.75	0.35	0.35	0.40	real effect	10000	60	0.01670	0.00060	0.98270	0.00128	59.749
97	97	97	291	1.00	0.75	0.35	0.35	0.40	real effect	10000	61	0.01780	0.00060	0.98160	0.00132	60.732
97	97	97	291	1.00	0.75	0.35	0.35	0.40	real effect	10000	62	0.01880	0.00060	0.98060	0.00136	61.714
97	97	97	291	1.00	0.75	0.35	0.35	0.40	real effect	10000	63	0.01900	0.00060	0.98040	0.00137	62.694
97	97	97	291	1.00	0.75	0.35	0.35	0.40	real effect	10000	64	0.01980	0.00060	0.97960	0.00139	63.675
97	97	97	291	1.00	0.75	0.35	0.35	0.40	real effect	10000	65	0.02040	0.00060	0.97900	0.00141	64.654
97	97	97	291	1.00	0.75	0.35	0.35	0.40	real effect	10000	66	0.02090	0.00060	0.97850	0.00143	65.633
97	97	97	291	1.00	0.75	0.35	0.35	0.40	real effect	10000	67	0.02160	0.00060	0.97780	0.00145	66.612
97	97	97	291	1.00	0.75	0.35	0.35	0.40	real effect	10000	68	0.02260	0.00060	0.97680	0.00149	67.589
97	97	97	291	1.00	0.75	0.35	0.35	0.40	real effect	10000	69	0.02310	0.00060	0.97630	0.00150	68.566
97	97	97	291	1.00	0.75	0.35	0.35	0.40	real effect	10000	70	0.02400	0.00060	0.97540	0.00153	69.543
97	97	97	291	1.00	0.75	0.35	0.35	0.40	real effect	10000	71	0.02490	0.00060	0.97450	0.00156	70.518
97	97	97	291	1.00	0.75	0.35	0.35	0.40	real effect	10000	72	0.02570	0.00060	0.97370	0.00158	71.492
97	97	97	291	1.00	0.75	0.35	0.35	0.40	real effect	10000	73	0.02630	0.00060	0.97310	0.00160	72.466
97	97	97	291	1.00	0.75	0.35	0.35	0.40	real effect	10000	74	0.02710	0.00060	0.97230	0.00162	73.439
97	97	97	291	1.00	0.75	0.35	0.35	0.40	real effect	10000	75	0.02810	0.00060	0.97130	0.00165	74.412
97	97	97	291	1.00	0.75	0.35	0.35	0.40	real effect	10000	76	0.02920	0.00060	0.97020	0.00168	75.383
97	97	97	291	1.00	0.75	0.35	0.35	0.40	real effect	10000	77	0.03060	0.00060	0.96880	0.00172	76.353
97	97	97	291	1.00	0.75	0.35	0.35	0.40	real effect	10000	78	0.03210	0.00060	0.96730	0.00176	77.322
97	97	97	291	1.00	0.75	0.35	0.35	0.40	real effect	10000	79	0.03270	0.00060	0.96670	0.00178	78.289
97	97	97	291	1.00	0.75	0.35	0.35	0.40	real effect	10000	80	0.03380	0.00060	0.96560	0.00181	79.256
97	97	97	291	1.00	0.75	0.35	0.35	0.40	real effect	10000	81	0.03480	0.00060	0.96460	0.00183	80.221
97	97	97	291	1.00	0.75	0.35	0.35	0.40	real effect	10000	82	0.03560	0.00060	0.96380	0.00185	81.186
97	97	97	291	1.00	0.75	0.35	0.35	0.40	real effect	10000	83	0.03670	0.00060	0.96270	0.00188	82.150
97	97	97	291	1.00	0.75	0.35	0.35	0.40	real effect	10000	84	0.03750	0.00060	0.96190	0.00190	83.112
97	97	97	291	1.00	0.75	0.35	0.35	0.40	real effect	10000	85	0.03840	0.00060	0.96100	0.00192	84.074
97	97	97	291	1.00	0.75	0.35	0.35	0.40	real effect	10000	86	0.03970	0.00060	0.95970	0.00195	85.035
97	97	97	291	1.00	0.75	0.35	0.35	0.40	real effect	10000	87	0.04140	0.00060	0.95800	0.00199	85.995
97	97	97	291	1.00	0.75	0.35	0.35	0.40	real effect	10000	88	0.04370	0.00060	0.95570	0.00204	86.953
97	97	97	291	1.00	0.75	0.35	0.35	0.40	real effect	10000	89	0.04440	0.00060	0.95500	0.00206	87.909
97	97	97	291	1.00	0.75	0.35	0.35	0.40	real effect	10000	90	0.04550	0.00060	0.95390	0.00208	88.864
97	97	97	291	1.00	0.75	0.35	0.35	0.40	real effect	10000	91	0.04660	0.00060	0.95280	0.00211	89.818
97	97	97	291	1.00	0.75	0.35	0.35	0.40	real effect	10000	92	0.04750	0.00060	0.95190	0.00213	90.770
97	97	97	291	1.00	0.75	0.35	0.35	0.40	real effect	10000	93	0.04950	0.00060	0.94990	0.00217	91.722
97	97	97	291	1.00	0.75	0.35	0.35	0.40	real effect	10000	94	0.05090	0.00060	0.94850	0.00220	92.672
97	97	97	291	1.00	0.75	0.35	0.35	0.40	real effect	10000	95	0.05250	0.00060	0.94690	0.00223	93.621
97	97	97	291	1.00	0.75	0.35	0.35	0.40	real effect	10000	96	0.05360	0.00060	0.94580	0.00225	94.568
97	97	97	291	1.00	0.75	0.35	0.35	0.40	real effect	10000	97	0.05510	0.00060	0.94430	0.00228	95.513
97	97	97	291	1.00	0.55	0.35	0.40	0.20	calibration	10000	1	0.00000	0.00000	1.00000	0.00000	1.000
97	97	97	291	1.00	0.55	0.35	0.40	0.20	calibration	10000	2	0.00000	0.00000	1.00000	0.00000	2.000
97	97	97	291	1.00	0.55	0.35	0.40	0.20	calibration	10000	3	0.00000	0.00000	1.00000	0.00000	3.000
97	97	97	291	1.00	0.55	0.35	0.40	0.20	calibration	10000	4	0.00000	0.00000	1.00000	0.00000	4.000
97	97	97	291	1.00	0.55	0.35	0.40	0.20	calibration	10000	5	0.00000	0.00000	1.00000	0.00000	5.000
97	97	97	291	1.00	0.55	0.35	0.40	0.20	calibration	10000	6	0.00000	0.00000	1.00000	0.00000	6.000
97	97	97	291	1.00	0.55	0.35	0.40	0.20	calibration	10000	7	0.00000	0.00030	0.99970	0.00000	7.000
97	97	97	291	1.00	0.55	0.35	0.40	0.20	calibration	10000	8	0.00000	0.00060	0.99940	0.00000	8.000
97	97	97	291	1.00	0.55	0.35	0.40	0.20	calibration	10000	9	0.00000	0.00080	0.99920	0.00000	8.999
97	97	97	291	1.00	0.55	0.35	0.40	0.20	calibration	10000	10	0.00000	0.00160	0.99840	0.00000	9.998
97	97	97	291	1.00	0.55	0.35	0.40	0.20	calibration	10000	11	0.00000	0.00290	0.99710	0.00000	10.997
97	97	97	291	1.00	0.55	0.35	0.40	0.20	calibration	10000	12	0.00000	0.00360	0.99640	0.00000	11.994
97	97	97	291	1.00	0.55	0.35	0.40	0.20	calibration	10000	13	0.00000	0.00430	0.99570	0.00000	12.990
97	97	97	291	1.00	0.55	0.35	0.40	0.20	calibration	10000	14	0.00000	0.00610	0.99390	0.00000	13.986
97	97	97	291	1.00	0.55	0.35	0.40	0.20	calibration	10000	15	0.00000	0.00730	0.99270	0.00000	14.980
97	97	97	291	1.00	0.55	0.35	0.40	0.20	calibration	10000	16	0.00000	0.00800	0.99200	0.00000	15.973
97	97	97	291	1.00	0.55	0.35	0.40	0.20	calibration	10000	17	0.00000	0.00850	0.99150	0.00000	16.965
97	97	97	291	1.00	0.55	0.35	0.40	0.20	calibration	10000	18	0.00000	0.00940	0.99060	0.00000	17.956
97	97	97	291	1.00	0.55	0.35	0.40	0.20	calibration	10000	19	0.00000	0.01040	0.98960	0.00000	18.947
97	97	97	291	1.00	0.55	0.35	0.40	0.20	calibration	10000	20	0.00000	0.01100	0.98900	0.00000	19.936
97	97	97	291	1.00	0.55	0.35	0.40	0.20	calibration	10000	21	0.00000	0.01130	0.98870	0.00000	20.925
97	97	97	291	1.00	0.55	0.35	0.40	0.20	calibration	10000	22	0.00000	0.01200	0.98800	0.00000	21.914
97	97	97	291	1.00	0.55	0.35	0.40	0.20	calibration	10000	23	0.00000	0.01270	0.98730	0.00000	22.902
97	97	97	291	1.00	0.55	0.35	0.40	0.20	calibration	10000	24	0.00000	0.01330	0.98670	0.00000	23.889
97	97	97	291	1.00	0.55	0.35	0.40	0.20	calibration	10000	25	0.00000	0.01400	0.98600	0.00000	24.876
97	97	97	291	1.00	0.55	0.35	0.40	0.20	calibration	10000	26	0.00000	0.01430	0.98570	0.00000	25.862
97	97	97	291	1.00	0.55	0.35	0.40	0.20	calibration	10000	27	0.00000	0.01480	0.98520	0.00000	26.848
97	97	97	291	1.00	0.55	0.35	0.40	0.20	calibration	10000	28	0.00000	0.01500	0.98500	0.00000	27.833
97	97	97	291	1.00	0.55	0.35	0.40	0.20	calibration	10000	29	0.00000	0.01530	0.98470	0.00000	28.818
97	97	97	291	1.00	0.55	0.35	0.40	0.20	calibration	10000	30	0.00000	0.01530	0.98470	0.00000	29.802
97	97	97	291	1.00	0.55	0.35	0.40	0.20	calibration	10000	31	0.00000	0.01530	0.98470	0.00000	30.787
97	97	97	291	1.00	0.55	0.35	0.40	0.20	calibration	10000	32	0.00000	0.01580	0.98420	0.00000	31.772
97	97	97	291	1.00	0.55	0.35	0.40	0.20	calibration	10000	33	0.00000	0.01580	0.98420	0.00000	32.756
97	97	97	291	1.00	0.55	0.35	0.40	0.20	calibration	10000	34	0.00000	0.01590	0.98410	0.00000	33.740
97	97	97	291	1.00	0.55	0.35	0.40	0.20	calibration	10000	35	0.00000	0.01610	0.98390	0.00000	34.724
97	97	97	291	1.00	0.55	0.35	0.40	0.20	calibration	10000	36	0.00000	0.01650	0.98350	0.00000	35.708
97	97	97	291	1.00	0.55	0.35	0.40	0.20	calibration	10000	37	0.00000	0.01680	0.98320	0.00000	36.692
97	97	97	291	1.00	0.55	0.35	0.40	0.20	calibration	10000	38	0.00000	0.01710	0.98290	0.00000	37.675
97	97	97	291	1.00	0.55	0.35	0.40	0.20	calibration	10000	39	0.00000	0.01730	0.98270	0.00000	38.658
97	97	97	291	1.00	0.55	0.35	0.40	0.20	calibration	10000	40	0.00000	0.01730	0.98270	0.00000	39.641
97	97	97	291	1.00	0.55	0.35	0.40	0.20	calibration	10000	41	0.00000	0.01740	0.98260	0.00000	40.623
97	97	97	291	1.00	0.55	0.35	0.40	0.20	calibration	10000	42	0.00000	0.01770	0.98230	0.00000	41.606
97	97	97	291	1.00	0.55	0.35	0.40	0.20	calibration	10000	43	0.00000	0.01800	0.98200	0.00000	42.588
97	97	97	291	1.00	0.55	0.35	0.40	0.20	calibration	10000	44	0.00000	0.01800	0.98200	0.00000	43.570
97	97	97	291	1.00	0.55	0.35	0.40	0.20	calibration	10000	45	0.00000	0.01810	0.98190	0.00000	44.552
97	97	97	291	1.00	0.55	0.35	0.40	0.20	calibration	10000	46	0.00000	0.01830	0.98170	0.00000	45.534
97	97	97	291	1.00	0.55	0.35	0.40	0.20	calibration	10000	47	0.00000	0.01850	0.98150	0.00000	46.516
97	97	97	291	1.00	0.55	0.35	0.40	0.20	calibration	10000	48	0.00000	0.01880	0.98120	0.00000	47.497
97	97	97	291	1.00	0.55	0.35	0.40	0.20	calibration	10000	49	0.00000	0.01890	0.98110	0.00000	48.478
97	97	97	291	1.00	0.55	0.35	0.40	0.20	calibration	10000	50	0.00000	0.01920	0.98080	0.00000	49.460
97	97	97	291	1.00	0.55	0.35	0.40	0.20	calibration	10000	51	0.00000	0.01930	0.98070	0.00000	50.440
97	97	97	291	1.00	0.55	0.35	0.40	0.20	calibration	10000	52	0.00000	0.01950	0.98050	0.00000	51.421
97	97	97	291	1.00	0.55	0.35	0.40	0.20	calibration	10000	53	0.00000	0.01960	0.98040	0.00000	52.402
97	97	97	291	1.00	0.55	0.35	0.40	0.20	calibration	10000	54	0.00000	0.02010	0.97990	0.00000	53.382
97	97	97	291	1.00	0.55	0.35	0.40	0.20	calibration	10000	55	0.00000	0.02010	0.97990	0.00000	54.362
97	97	97	291	1.00	0.55	0.35	0.40	0.20	calibration	10000	56	0.00000	0.02010	0.97990	0.00000	55.342
97	97	97	291	1.00	0.55	0.35	0.40	0.20	calibration	10000	57	0.00000	0.02010	0.97990	0.00000	56.322
97	97	97	291	1.00	0.55	0.35	0.40	0.20	calibration	10000	58	0.00000	0.02010	0.97990	0.00000	57.302
97	97	97	291	1.00	0.55	0.35	0.40	0.20	calibration	10000	59	0.00000	0.02030	0.97970	0.00000	58.282
97	97	97	291	1.00	0.55	0.35	0.40	0.20	calibration	10000	60	0.00000	0.02060	0.97940	0.00000	59.261
97	97	97	291	1.00	0.55	0.35	0.40	0.20	calibration	10000	61	0.00000	0.02070	0.97930	0.00000	60.241
97	97	97	291	1.00	0.55	0.35	0.40	0.20	calibration	10000	62	0.00000	0.02090	0.97910	0.00000	61.220
97	97	97	291	1.00	0.55	0.35	0.40	0.20	calibration	10000	63	0.00000	0.02100	0.97900	0.00000	62.199
97	97	97	291	1.00	0.55	0.35	0.40	0.20	calibration	10000	64	0.00000	0.02100	0.97900	0.00000	63.178
97	97	97	291	1.00	0.55	0.35	0.40	0.20	calibration	10000	65	0.00000	0.02110	0.97890	0.00000	64.157
97	97	97	291	1.00	0.55	0.35	0.40	0.20	calibration	10000	66	0.00000	0.02130	0.97870	0.00000	65.136
97	97	97	291	1.00	0.55	0.35	0.40	0.20	calibration	10000	67	0.00000	0.02130	0.97870	0.00000	66.115
97	97	97	291	1.00	0.55	0.35	0.40	0.20	calibration	10000	68	0.00000	0.02170	0.97830	0.00000	67.093
97	97	97	291	1.00	0.55	0.35	0.40	0.20	calibration	10000	69	0.00000	0.02170	0.97830	0.00000	68.072
97	97	97	291	1.00	0.55	0.35	0.40	0.20	calibration	10000	70	0.00000	0.02180	0.97820	0.00000	69.050
97	97	97	291	1.00	0.55	0.35	0.40	0.20	calibration	10000	71	0.00000	0.02180	0.97820	0.00000	70.028
97	97	97	291	1.00	0.55	0.35	0.40	0.20	calibration	10000	72	0.00000	0.02180	0.97820	0.00000	71.006
97	97	97	291	1.00	0.55	0.35	0.40	0.20	calibration	10000	73	0.00000	0.02190	0.97810	0.00000	71.984
97	97	97	291	1.00	0.55	0.35	0.40	0.20	calibration	10000	74	0.00000	0.02210	0.97790	0.00000	72.963
97	97	97	291	1.00	0.55	0.35	0.40	0.20	calibration	10000	75	0.00000	0.02220	0.97780	0.00000	73.941
97	97	97	291	1.00	0.55	0.35	0.40	0.20	calibration	10000	76	0.00000	0.02230	0.97770	0.00000	74.918
97	97	97	291	1.00	0.55	0.35	0.40	0.20	calibration	10000	77	0.00000	0.02230	0.97770	0.00000	75.896
97	97	97	291	1.00	0.55	0.35	0.40	0.20	calibration	10000	78	0.00000	0.02240	0.97760	0.00000	76.874
97	97	97	291	1.00	0.55	0.35	0.40	0.20	calibration	10000	79	0.00000	0.02250	0.97750	0.00000	77.851
97	97	97	291	1.00	0.55	0.35	0.40	0.20	calibration	10000	80	0.00000	0.02280	0.97720	0.00000	78.829
97	97	97	291	1.00	0.55	0.35	0.40	0.20	calibration	10000	81	0.00000	0.02280	0.97720	0.00000	79.806
97	97	97	291	1.00	0.55	0.35	0.40	0.20	calibration	10000	82	0.00000	0.02290	0.97710	0.00000	80.783
97	97	97	291	1.00	0.55	0.35	0.40	0.20	calibration	10000	83	0.00000	0.02300	0.97700	0.00000	81.760
97	97	97	291	1.00	0.55	0.35	0.40	0.20	calibration	10000	84	0.00000	0.02310	0.97690	0.00000	82.737
97	97	97	291	1.00	0.55	0.35	0.40	0.20	calibration	10000	85	0.00000	0.02310	0.97690	0.00000	83.714
97	97	97	291	1.00	0.55	0.35	0.40	0.20	calibration	10000	86	0.00000	0.02310	0.97690	0.00000	84.691
97	97	97	291	1.00	0.55	0.35	0.40	0.20	calibration	10000	87	0.00000	0.02320	0.97680	0.00000	85.668
97	97	97	291	1.00	0.55	0.35	0.40	0.20	calibration	10000	88	0.00000	0.02320	0.97680	0.00000	86.645
97	97	97	291	1.00	0.55	0.35	0.40	0.20	calibration	10000	89	0.00000	0.02320	0.97680	0.00000	87.622
97	97	97	291	1.00	0.55	0.35	0.40	0.20	calibration	10000	90	0.00000	0.02330	0.97670	0.00000	88.598
97	97	97	291	1.00	0.55	0.35	0.40	0.20	calibration	10000	91	0.00000	0.02350	0.97650	0.00000	89.575
97	97	97	291	1.00	0.55	0.35	0.40	0.20	calibration	10000	92	0.00000	0.02350	0.97650	0.00000	90.552
97	97	97	291	1.00	0.55	0.35	0.40	0.20	calibration	10000	93	0.00000	0.02350	0.97650	0.00000	91.528
97	97	97	291	1.00	0.55	0.35	0.40	0.20	calibration	10000	94	0.00000	0.02350	0.97650	0.00000	92.505
97	97	97	291	1.00	0.55	0.35	0.40	0.20	calibration	10000	95	0.00000	0.02350	0.97650	0.00000	93.481
97	97	97	291	1.00	0.55	0.35	0.40	0.20	calibration	10000	96	0.00000	0.02360	0.97640	0.00000	94.458
97	97	97	291	1.00	0.55	0.35	0.40	0.20	calibration	10000	97	0.00000	0.02360	0.97640	0.00000	95.434
97	97	97	291	1.00	0.60	0.35	0.40	0.25	small real effect	10000	1	0.00000	0.00000	1.00000	0.00000	1.000
97	97	97	291	1.00	0.60	0.35	0.40	0.25	small real effect	10000	2	0.00000	0.00000	1.00000	0.00000	2.000
97	97	97	291	1.00	0.60	0.35	0.40	0.25	small real effect	10000	3	0.00000	0.00000	1.00000	0.00000	3.000
97	97	97	291	1.00	0.60	0.35	0.40	0.25	small real effect	10000	4	0.00000	0.00000	1.00000	0.00000	4.000
97	97	97	291	1.00	0.60	0.35	0.40	0.25	small real effect	10000	5	0.00000	0.00000	1.00000	0.00000	5.000
97	97	97	291	1.00	0.60	0.35	0.40	0.25	small real effect	10000	6	0.00000	0.00000	1.00000	0.00000	6.000
97	97	97	291	1.00	0.60	0.35	0.40	0.25	small real effect	10000	7	0.00000	0.00030	0.99970	0.00000	7.000
97	97	97	291	1.00	0.60	0.35	0.40	0.25	small real effect	10000	8	0.00000	0.00070	0.99930	0.00000	8.000
97	97	97	291	1.00	0.60	0.35	0.40	0.25	small real effect	10000	9	0.00000	0.00090	0.99910	0.00000	8.999
97	97	97	291	1.00	0.60	0.35	0.40	0.25	small real effect	10000	10	0.00000	0.00150	0.99850	0.00000	9.998
97	97	97	291	1.00	0.60	0.35	0.40	0.25	small real effect	10000	11	0.00000	0.00250	0.99750	0.00000	10.997
97	97	97	291	1.00	0.60	0.35	0.40	0.25	small real effect	10000	12	0.00000	0.00300	0.99700	0.00000	11.994
97	97	97	291	1.00	0.60	0.35	0.40	0.25	small real effect	10000	13	0.00000	0.00320	0.99680	0.00000	12.991
97	97	97	291	1.00	0.60	0.35	0.40	0.25	small real effect	10000	14	0.00000	0.00370	0.99630	0.00000	13.988
97	97	97	291	1.00	0.60	0.35	0.40	0.25	small real effect	10000	15	0.00000	0.00410	0.99590	0.00000	14.984
97	97	97	291	1.00	0.60	0.35	0.40	0.25	small real effect	10000	16	0.00000	0.00450	0.99550	0.00000	15.980
97	97	97	291	1.00	0.60	0.35	0.40	0.25	small real effect	10000	17	0.00000	0.00460	0.99540	0.00000	16.976
97	97	97	291	1.00	0.60	0.35	0.40	0.25	small real effect	10000	18	0.00000	0.00540	0.99460	0.00000	17.971
97	97	97	291	1.00	0.60	0.35	0.40	0.25	small real effect	10000	19	0.00000	0.00630	0.99370	0.00000	18.966
97	97	97	291	1.00	0.60	0.35	0.40	0.25	small real effect	10000	20	0.00000	0.00680	0.99320	0.00000	19.959
97	97	97	291	1.00	0.60	0.35	0.40	0.25	small real effect	10000	21	0.00000	0.00700	0.99300	0.00000	20.953
97	97	97	291	1.00	0.60	0.35	0.40	0.25	small real effect	10000	22	0.00000	0.00710	0.99290	0.00000	21.945
97	97	97	291	1.00	0.60	0.35	0.40	0.25	small real effect	10000	23	0.00000	0.00720	0.99280	0.00000	22.938
97	97	97	291	1.00	0.60	0.35	0.40	0.25	small real effect	10000	24	0.00000	0.00730	0.99270	0.00000	23.931
97	97	97	291	1.00	0.60	0.35	0.40	0.25	small real effect	10000	25	0.00000	0.00770	0.99230	0.00000	24.924
97	97	97	291	1.00	0.60	0.35	0.40	0.25	small real effect	10000	26	0.00000	0.00780	0.99220	0.00000	25.916
97	97	97	291	1.00	0.60	0.35	0.40	0.25	small real effect	10000	27	0.00000	0.00790	0.99210	0.00000	26.908
97	97	97	291	1.00	0.60	0.35	0.40	0.25	small real effect	10000	28	0.00000	0.00790	0.99210	0.00000	27.901
97	97	97	291	1.00	0.60	0.35	0.40	0.25	small real effect	10000	29	0.00000	0.00810	0.99190	0.00000	28.893
97	97	97	291	1.00	0.60	0.35	0.40	0.25	small real effect	10000	30	0.00000	0.00830	0.99170	0.00000	29.884
97	97	97	291	1.00	0.60	0.35	0.40	0.25	small real effect	10000	31	0.00000	0.00830	0.99170	0.00000	30.876
97	97	97	291	1.00	0.60	0.35	0.40	0.25	small real effect	10000	32	0.00000	0.00830	0.99170	0.00000	31.868
97	97	97	291	1.00	0.60	0.35	0.40	0.25	small real effect	10000	33	0.00000	0.00830	0.99170	0.00000	32.860
97	97	97	291	1.00	0.60	0.35	0.40	0.25	small real effect	10000	34	0.00000	0.00830	0.99170	0.00000	33.851
97	97	97	291	1.00	0.60	0.35	0.40	0.25	small real effect	10000	35	0.00000	0.00850	0.99150	0.00000	34.843
97	97	97	291	1.00	0.60	0.35	0.40	0.25	small real effect	10000	36	0.00000	0.00850	0.99150	0.00000	35.834
97	97	97	291	1.00	0.60	0.35	0.40	0.25	small real effect	10000	37	0.00000	0.00850	0.99150	0.00000	36.826
97	97	97	291	1.00	0.60	0.35	0.40	0.25	small real effect	10000	38	0.00000	0.00880	0.99120	0.00000	37.818
97	97	97	291	1.00	0.60	0.35	0.40	0.25	small real effect	10000	39	0.00000	0.00890	0.99110	0.00000	38.809
97	97	97	291	1.00	0.60	0.35	0.40	0.25	small real effect	10000	40	0.00000	0.00890	0.99110	0.00000	39.800
97	97	97	291	1.00	0.60	0.35	0.40	0.25	small real effect	10000	41	0.00000	0.00890	0.99110	0.00000	40.791
97	97	97	291	1.00	0.60	0.35	0.40	0.25	small real effect	10000	42	0.00000	0.00910	0.99090	0.00000	41.782
97	97	97	291	1.00	0.60	0.35	0.40	0.25	small real effect	10000	43	0.00000	0.00910	0.99090	0.00000	42.773
97	97	97	291	1.00	0.60	0.35	0.40	0.25	small real effect	10000	44	0.00000	0.00910	0.99090	0.00000	43.764
97	97	97	291	1.00	0.60	0.35	0.40	0.25	small real effect	10000	45	0.00000	0.00920	0.99080	0.00000	44.755
97	97	97	291	1.00	0.60	0.35	0.40	0.25	small real effect	10000	46	0.00000	0.00920	0.99080	0.00000	45.745
97	97	97	291	1.00	0.60	0.35	0.40	0.25	small real effect	10000	47	0.00000	0.00930	0.99070	0.00000	46.736
97	97	97	291	1.00	0.60	0.35	0.40	0.25	small real effect	10000	48	0.00000	0.00930	0.99070	0.00000	47.727
97	97	97	291	1.00	0.60	0.35	0.40	0.25	small real effect	10000	49	0.00000	0.00930	0.99070	0.00000	48.718
97	97	97	291	1.00	0.60	0.35	0.40	0.25	small real effect	10000	50	0.00000	0.00930	0.99070	0.00000	49.708
97	97	97	291	1.00	0.60	0.35	0.40	0.25	small real effect	10000	51	0.00000	0.00930	0.99070	0.00000	50.699
97	97	97	291	1.00	0.60	0.35	0.40	0.25	small real effect	10000	52	0.00000	0.00930	0.99070	0.00000	51.690
97	97	97	291	1.00	0.60	0.35	0.40	0.25	small real effect	10000	53	0.00000	0.00930	0.99070	0.00000	52.681
97	97	97	291	1.00	0.60	0.35	0.40	0.25	small real effect	10000	54	0.00000	0.00930	0.99070	0.00000	53.671
97	97	97	291	1.00	0.60	0.35	0.40	0.25	small real effect	10000	55	0.00000	0.00930	0.99070	0.00000	54.662
97	97	97	291	1.00	0.60	0.35	0.40	0.25	small real effect	10000	56	0.00000	0.00930	0.99070	0.00000	55.653
97	97	97	291	1.00	0.60	0.35	0.40	0.25	small real effect	10000	57	0.00000	0.00930	0.99070	0.00000	56.643
97	97	97	291	1.00	0.60	0.35	0.40	0.25	small real effect	10000	58	0.00000	0.00930	0.99070	0.00000	57.634
97	97	97	291	1.00	0.60	0.35	0.40	0.25	small real effect	10000	59	0.00000	0.00930	0.99070	0.00000	58.625
97	97	97	291	1.00	0.60	0.35	0.40	0.25	small real effect	10000	60	0.00000	0.00940	0.99060	0.00000	59.615
97	97	97	291	1.00	0.60	0.35	0.40	0.25	small real effect	10000	61	0.00000	0.00940	0.99060	0.00000	60.606
97	97	97	291	1.00	0.60	0.35	0.40	0.25	small real effect	10000	62	0.00000	0.00940	0.99060	0.00000	61.597
97	97	97	291	1.00	0.60	0.35	0.40	0.25	small real effect	10000	63	0.00000	0.00940	0.99060	0.00000	62.587
97	97	97	291	1.00	0.60	0.35	0.40	0.25	small real effect	10000	64	0.00000	0.00940	0.99060	0.00000	63.578
97	97	97	291	1.00	0.60	0.35	0.40	0.25	small real effect	10000	65	0.00000	0.00940	0.99060	0.00000	64.568
97	97	97	291	1.00	0.60	0.35	0.40	0.25	small real effect	10000	66	0.00000	0.00940	0.99060	0.00000	65.559
97	97	97	291	1.00	0.60	0.35	0.40	0.25	small real effect	10000	67	0.00000	0.00940	0.99060	0.00000	66.550
97	97	97	291	1.00	0.60	0.35	0.40	0.25	small real effect	10000	68	0.00000	0.00940	0.99060	0.00000	67.540
97	97	97	291	1.00	0.60	0.35	0.40	0.25	small real effect	10000	69	0.00000	0.00940	0.99060	0.00000	68.531
97	97	97	291	1.00	0.60	0.35	0.40	0.25	small real effect	10000	70	0.00000	0.00940	0.99060	0.00000	69.521
97	97	97	291	1.00	0.60	0.35	0.40	0.25	small real effect	10000	71	0.00000	0.00940	0.99060	0.00000	70.512
97	97	97	291	1.00	0.60	0.35	0.40	0.25	small real effect	10000	72	0.00000	0.00940	0.99060	0.00000	71.503
97	97	97	291	1.00	0.60	0.35	0.40	0.25	small real effect	10000	73	0.00000	0.00940	0.99060	0.00000	72.493
97	97	97	291	1.00	0.60	0.35	0.40	0.25	small real effect	10000	74	0.00000	0.00940	0.99060	0.00000	73.484
97	97	97	291	1.00	0.60	0.35	0.40	0.25	small real effect	10000	75	0.00000	0.00940	0.99060	0.00000	74.474
97	97	97	291	1.00	0.60	0.35	0.40	0.25	small real effect	10000	76	0.00000	0.00940	0.99060	0.00000	75.465
97	97	97	291	1.00	0.60	0.35	0.40	0.25	small real effect	10000	77	0.00000	0.00940	0.99060	0.00000	76.456
97	97	97	291	1.00	0.60	0.35	0.40	0.25	small real effect	10000	78	0.00000	0.00940	0.99060	0.00000	77.446
97	97	97	291	1.00	0.60	0.35	0.40	0.25	small real effect	10000	79	0.00000	0.00940	0.99060	0.00000	78.437
97	97	97	291	1.00	0.60	0.35	0.40	0.25	small real effect	10000	80	0.00000	0.00940	0.99060	0.00000	79.427
97	97	97	291	1.00	0.60	0.35	0.40	0.25	small real effect	10000	81	0.00000	0.00940	0.99060	0.00000	80.418
97	97	97	291	1.00	0.60	0.35	0.40	0.25	small real effect	10000	82	0.00000	0.00940	0.99060	0.00000	81.409
97	97	97	291	1.00	0.60	0.35	0.40	0.25	small real effect	10000	83	0.00000	0.00940	0.99060	0.00000	82.399
97	97	97	291	1.00	0.60	0.35	0.40	0.25	small real effect	10000	84	0.00000	0.00940	0.99060	0.00000	83.390
97	97	97	291	1.00	0.60	0.35	0.40	0.25	small real effect	10000	85	0.00000	0.00940	0.99060	0.00000	84.380
97	97	97	291	1.00	0.60	0.35	0.40	0.25	small real effect	10000	86	0.00000	0.00940	0.99060	0.00000	85.371
97	97	97	291	1.00	0.60	0.35	0.40	0.25	small real effect	10000	87	0.00000	0.00940	0.99060	0.00000	86.362
97	97	97	291	1.00	0.60	0.35	0.40	0.25	small real effect	10000	88	0.00000	0.00940	0.99060	0.00000	87.352
97	97	97	291	1.00	0.60	0.35	0.40	0.25	small real effect	10000	89	0.00000	0.00940	0.99060	0.00000	88.343
97	97	97	291	1.00	0.60	0.35	0.40	0.25	small real effect	10000	90	0.00000	0.00940	0.99060	0.00000	89.333
97	97	97	291	1.00	0.60	0.35	0.40	0.25	small real effect	10000	91	0.00000	0.00940	0.99060	0.00000	90.324
97	97	97	291	1.00	0.60	0.35	0.40	0.25	small real effect	10000	92	0.00000	0.00940	0.99060	0.00000	91.315
97	97	97	291	1.00	0.60	0.35	0.40	0.25	small real effect	10000	93	0.00000	0.00940	0.99060	0.00000	92.305
97	97	97	291	1.00	0.60	0.35	0.40	0.25	small real effect	10000	94	0.00000	0.00940	0.99060	0.00000	93.296
97	97	97	291	1.00	0.60	0.35	0.40	0.25	small real effect	10000	95	0.00000	0.00940	0.99060	0.00000	94.286
97	97	97	291	1.00	0.60	0.35	0.40	0.25	small real effect	10000	96	0.00000	0.00940	0.99060	0.00000	95.277
97	97	97	291	1.00	0.60	0.35	0.40	0.25	small real effect	10000	97	0.00000	0.00940	0.99060	0.00000	96.268
97	97	97	291	1.00	0.65	0.35	0.40	0.30	real effect	10000	1	0.00000	0.00000	1.00000	0.00000	1.000
97	97	97	291	1.00	0.65	0.35	0.40	0.30	real effect	10000	2	0.00000	0.00000	1.00000	0.00000	2.000
97	97	97	291	1.00	0.65	0.35	0.40	0.30	real effect	10000	3	0.00000	0.00000	1.00000	0.00000	3.000
97	97	97	291	1.00	0.65	0.35	0.40	0.30	real effect	10000	4	0.00000	0.00000	1.00000	0.00000	4.000
97	97	97	291	1.00	0.65	0.35	0.40	0.30	real effect	10000	5	0.00000	0.00000	1.00000	0.00000	5.000
97	97	97	291	1.00	0.65	0.35	0.40	0.30	real effect	10000	6	0.00000	0.00000	1.00000	0.00000	6.000
97	97	97	291	1.00	0.65	0.35	0.40	0.30	real effect	10000	7	0.00000	0.00030	0.99970	0.00000	7.000
97	97	97	291	1.00	0.65	0.35	0.40	0.30	real effect	10000	8	0.00000	0.00060	0.99940	0.00000	8.000
97	97	97	291	1.00	0.65	0.35	0.40	0.30	real effect	10000	9	0.00000	0.00060	0.99940	0.00000	8.999
97	97	97	291	1.00	0.65	0.35	0.40	0.30	real effect	10000	10	0.00000	0.00090	0.99910	0.00000	9.998
97	97	97	291	1.00	0.65	0.35	0.40	0.30	real effect	10000	11	0.00000	0.00140	0.99860	0.00000	10.998
97	97	97	291	1.00	0.65	0.35	0.40	0.30	real effect	10000	12	0.00000	0.00150	0.99850	0.00000	11.996
97	97	97	291	1.00	0.65	0.35	0.40	0.30	real effect	10000	13	0.00000	0.00170	0.99830	0.00000	12.995
97	97	97	291	1.00	0.65	0.35	0.40	0.30	real effect	10000	14	0.00000	0.00190	0.99810	0.00000	13.993
97	97	97	291	1.00	0.65	0.35	0.40	0.30	real effect	10000	15	0.00000	0.00220	0.99780	0.00000	14.991
97	97	97	291	1.00	0.65	0.35	0.40	0.30	real effect	10000	16	0.00000	0.00220	0.99780	0.00000	15.989
97	97	97	291	1.00	0.65	0.35	0.40	0.30	real effect	10000	17	0.00000	0.00220	0.99780	0.00000	16.987
97	97	97	291	1.00	0.65	0.35	0.40	0.30	real effect	10000	18	0.00000	0.00240	0.99760	0.00000	17.985
97	97	97	291	1.00	0.65	0.35	0.40	0.30	real effect	10000	19	0.00000	0.00260	0.99740	0.00000	18.982
97	97	97	291	1.00	0.65	0.35	0.40	0.30	real effect	10000	20	0.00000	0.00280	0.99720	0.00000	19.980
97	97	97	291	1.00	0.65	0.35	0.40	0.30	real effect	10000	21	0.00000	0.00290	0.99710	0.00000	20.977
97	97	97	291	1.00	0.65	0.35	0.40	0.30	real effect	10000	22	0.00000	0.00300	0.99700	0.00000	21.974
97	97	97	291	1.00	0.65	0.35	0.40	0.30	real effect	10000	23	0.00000	0.00300	0.99700	0.00000	22.971
97	97	97	291	1.00	0.65	0.35	0.40	0.30	real effect	10000	24	0.00000	0.00300	0.99700	0.00000	23.968
97	97	97	291	1.00	0.65	0.35	0.40	0.30	real effect	10000	25	0.00000	0.00300	0.99700	0.00000	24.965
97	97	97	291	1.00	0.65	0.35	0.40	0.30	real effect	10000	26	0.00000	0.00300	0.99700	0.00000	25.962
97	97	97	291	1.00	0.65	0.35	0.40	0.30	real effect	10000	27	0.00000	0.00300	0.99700	0.00000	26.959
97	97	97	291	1.00	0.65	0.35	0.40	0.30	real effect	10000	28	0.00000	0.00300	0.99700	0.00000	27.956
97	97	97	291	1.00	0.65	0.35	0.40	0.30	real effect	10000	29	0.00000	0.00300	0.99700	0.00000	28.953
97	97	97	291	1.00	0.65	0.35	0.40	0.30	real effect	10000	30	0.00000	0.00310	0.99690	0.00000	29.950
97	97	97	291	1.00	0.65	0.35	0.40	0.30	real effect	10000	31	0.00000	0.00310	0.99690	0.00000	30.947
97	97	97	291	1.00	0.65	0.35	0.40	0.30	real effect	10000	32	0.00000	0.00310	0.99690	0.00000	31.944
97	97	97	291	1.00	0.65	0.35	0.40	0.30	real effect	10000	33	0.00000	0.00310	0.99690	0.00000	32.941
97	97	97	291	1.00	0.65	0.35	0.40	0.30	real effect	10000	34	0.00000	0.00310	0.99690	0.00000	33.937
97	97	97	291	1.00	0.65	0.35	0.40	0.30	real effect	10000	35	0.00000	0.00320	0.99680	0.00000	34.934
97	97	97	291	1.00	0.65	0.35	0.40	0.30	real effect	10000	36	0.00000	0.00320	0.99680	0.00000	35.931
97	97	97	291	1.00	0.65	0.35	0.40	0.30	real effect	10000	37	0.00000	0.00320	0.99680	0.00000	36.928
97	97	97	291	1.00	0.65	0.35	0.40	0.30	real effect	10000	38	0.00000	0.00320	0.99680	0.00000	37.925
97	97	97	291	1.00	0.65	0.35	0.40	0.30	real effect	10000	39	0.00000	0.00330	0.99670	0.00000	38.922
97	97	97	291	1.00	0.65	0.35	0.40	0.30	real effect	10000	40	0.00000	0.00330	0.99670	0.00000	39.918
97	97	97	291	1.00	0.65	0.35	0.40	0.30	real effect	10000	41	0.00000	0.00330	0.99670	0.00000	40.915
97	97	97	291	1.00	0.65	0.35	0.40	0.30	real effect	10000	42	0.00000	0.00330	0.99670	0.00000	41.912
97	97	97	291	1.00	0.65	0.35	0.40	0.30	real effect	10000	43	0.00000	0.00330	0.99670	0.00000	42.908
97	97	97	291	1.00	0.65	0.35	0.40	0.30	real effect	10000	44	0.00000	0.00330	0.99670	0.00000	43.905
97	97	97	291	1.00	0.65	0.35	0.40	0.30	real effect	10000	45	0.00000	0.00330	0.99670	0.00000	44.902
97	97	97	291	1.00	0.65	0.35	0.40	0.30	real effect	10000	46	0.00000	0.00330	0.99670	0.00000	45.898
97	97	97	291	1.00	0.65	0.35	0.40	0.30	real effect	10000	47	0.00000	0.00330	0.99670	0.00000	46.895
97	97	97	291	1.00	0.65	0.35	0.40	0.30	real effect	10000	48	0.00010	0.00330	0.99660	0.00010	47.892
97	97	97	291	1.00	0.65	0.35	0.40	0.30	real effect	10000	49	0.00010	0.00330	0.99660	0.00010	48.888
97	97	97	291	1.00	0.65	0.35	0.40	0.30	real effect	10000	50	0.00010	0.00330	0.99660	0.00010	49.885
97	97	97	291	1.00	0.65	0.35	0.40	0.30	real effect	10000	51	0.00010	0.00330	0.99660	0.00010	50.882
97	97	97	291	1.00	0.65	0.35	0.40	0.30	real effect	10000	52	0.00020	0.00330	0.99650	0.00014	51.878
97	97	97	291	1.00	0.65	0.35	0.40	0.30	real effect	10000	53	0.00020	0.00330	0.99650	0.00014	52.875
97	97	97	291	1.00	0.65	0.35	0.40	0.30	real effect	10000	54	0.00020	0.00330	0.99650	0.00014	53.871
97	97	97	291	1.00	0.65	0.35	0.40	0.30	real effect	10000	55	0.00020	0.00330	0.99650	0.00014	54.868
97	97	97	291	1.00	0.65	0.35	0.40	0.30	real effect	10000	56	0.00020	0.00330	0.99650	0.00014	55.864
97	97	97	291	1.00	0.65	0.35	0.40	0.30	real effect	10000	57	0.00020	0.00330	0.99650	0.00014	56.861
97	97	97	291	1.00	0.65	0.35	0.40	0.30	real effect	10000	58	0.00020	0.00330	0.99650	0.00014	57.857
97	97	97	291	1.00	0.65	0.35	0.40	0.30	real effect	10000	59	0.00020	0.00330	0.99650	0.00014	58.854
97	97	97	291	1.00	0.65	0.35	0.40	0.30	real effect	10000	60	0.00020	0.00330	0.99650	0.00014	59.850
97	97	97	291	1.00	0.65	0.35	0.40	0.30	real effect	10000	61	0.00020	0.00330	0.99650	0.00014	60.847
97	97	97	291	1.00	0.65	0.35	0.40	0.30	real effect	10000	62	0.00020	0.00330	0.99650	0.00014	61.843
97	97	97	291	1.00	0.65	0.35	0.40	0.30	real effect	10000	63	0.00020	0.00330	0.99650	0.00014	62.840
97	97	97	291	1.00	0.65	0.35	0.40	0.30	real effect	10000	64	0.00020	0.00330	0.99650	0.00014	63.836
97	97	97	291	1.00	0.65	0.35	0.40	0.30	real effect	10000	65	0.00020	0.00330	0.99650	0.00014	64.833
97	97	97	291	1.00	0.65	0.35	0.40	0.30	real effect	10000	66	0.00020	0.00330	0.99650	0.00014	65.829
97	97	97	291	1.00	0.65	0.35	0.40	0.30	real effect	10000	67	0.00020	0.00330	0.99650	0.00014	66.826
97	97	97	291	1.00	0.65	0.35	0.40	0.30	real effect	10000	68	0.00020	0.00330	0.99650	0.00014	67.822
97	97	97	291	1.00	0.65	0.35	0.40	0.30	real effect	10000	69	0.00020	0.00330	0.99650	0.00014	68.819
97	97	97	291	1.00	0.65	0.35	0.40	0.30	real effect	10000	70	0.00020	0.00330	0.99650	0.00014	69.815
97	97	97	291	1.00	0.65	0.35	0.40	0.30	real effect	10000	71	0.00020	0.00330	0.99650	0.00014	70.812
97	97	97	291	1.00	0.65	0.35	0.40	0.30	real effect	10000	72	0.00020	0.00330	0.99650	0.00014	71.808
97	97	97	291	1.00	0.65	0.35	0.40	0.30	real effect	10000	73	0.00020	0.00330	0.99650	0.00014	72.805
97	97	97	291	1.00	0.65	0.35	0.40	0.30	real effect	10000	74	0.00020	0.00330	0.99650	0.00014	73.801
97	97	97	291	1.00	0.65	0.35	0.40	0.30	real effect	10000	75	0.00020	0.00330	0.99650	0.00014	74.798
97	97	97	291	1.00	0.65	0.35	0.40	0.30	real effect	10000	76	0.00020	0.00330	0.99650	0.00014	75.794
97	97	97	291	1.00	0.65	0.35	0.40	0.30	real effect	10000	77	0.00020	0.00330	0.99650	0.00014	76.791
97	97	97	291	1.00	0.65	0.35	0.40	0.30	real effect	10000	78	0.00020	0.00330	0.99650	0.00014	77.787
97	97	97	291	1.00	0.65	0.35	0.40	0.30	real effect	10000	79	0.00020	0.00330	0.99650	0.00014	78.784
97	97	97	291	1.00	0.65	0.35	0.40	0.30	real effect	10000	80	0.00030	0.00330	0.99640	0.00017	79.780
97	97	97	291	1.00	0.65	0.35	0.40	0.30	real effect	10000	81	0.00030	0.00330	0.99640	0.00017	80.777
97	97	97	291	1.00	0.65	0.35	0.40	0.30	real effect	10000	82	0.00030	0.00330	0.99640	0.00017	81.773
97	97	97	291	1.00	0.65	0.35	0.40	0.30	real effect	10000	83	0.00030	0.00330	0.99640	0.00017	82.769
97	97	97	291	1.00	0.65	0.35	0.40	0.30	real effect	10000	84	0.00030	0.00330	0.99640	0.00017	83.766
97	97	97	291	1.00	0.65	0.35	0.40	0.30	real effect	10000	85	0.00030	0.00330	0.99640	0.00017	84.762
97	97	97	291	1.00	0.65	0.35	0.40	0.30	real effect	10000	86	0.00030	0.00330	0.99640	0.00017	85.759
97	97	97	291	1.00	0.65	0.35	0.40	0.30	real effect	10000	87	0.00030	0.00330	0.99640	0.00017	86.755
97	97	97	291	1.00	0.65	0.35	0.40	0.30	real effect	10000	88	0.00030	0.00330	0.99640	0.00017	87.751
97	97	97	291	1.00	0.65	0.35	0.40	0.30	real effect	10000	89	0.00030	0.00330	0.99640	0.00017	88.748
97	97	97	291	1.00	0.65	0.35	0.40	0.30	real effect	10000	90	0.00030	0.00330	0.99640	0.00017	89.744
97	97	97	291	1.00	0.65	0.35	0.40	0.30	real effect	10000	91	0.00030	0.00330	0.99640	0.00017	90.741
97	97	97	291	1.00	0.65	0.35	0.40	0.30	real effect	10000	92	0.00030	0.00330	0.99640	0.00017	91.737
97	97	97	291	1.00	0.65	0.35	0.40	0.30	real effect	10000	93	0.00040	0.00330	0.99630	0.00020	92.733
97	97	97	291	1.00	0.65	0.35	0.40	0.30	real effect	10000	94	0.00040	0.00330	0.99630	0.00020	93.730
97	97	97	291	1.00	0.65	0.35	0.40	0.30	real effect	10000	95	0.00040	0.00330	0.99630	0.00020	94.726
97	97	97	291	1.00	0.65	0.35	0.40	0.30	real effect	10000	96	0.00040	0.00330	0.99630	0.00020	95.722
97	97	97	291	1.00	0.65	0.35	0.40	0.30	real effect	10000	97	0.00040	0.00330	0.99630	0.00020	96.719
97	97	97	291	1.00	0.70	0.35	0.40	0.35	real effect	10000	1	0.00000	0.00000	1.00000	0.00000	1.000
97	97	97	291	1.00	0.70	0.35	0.40	0.35	real effect	10000	2	0.00000	0.00000	1.00000	0.00000	2.000
97	97	97	291	1.00	0.70	0.35	0.40	0.35	real effect	10000	3	0.00000	0.00000	1.00000	0.00000	3.000
97	97	97	291	1.00	0.70	0.35	0.40	0.35	real effect	10000	4	0.00000	0.00000	1.00000	0.00000	4.000
97	97	97	291	1.00	0.70	0.35	0.40	0.35	real effect	10000	5	0.00000	0.00000	1.00000	0.00000	5.000
97	97	97	291	1.00	0.70	0.35	0.40	0.35	real effect	10000	6	0.00000	0.00000	1.00000	0.00000	6.000
97	97	97	291	1.00	0.70	0.35	0.40	0.35	real effect	10000	7	0.00000	0.00010	0.99990	0.00000	7.000
97	97	97	291	1.00	0.70	0.35	0.40	0.35	real effect	10000	8	0.00000	0.00010	0.99990	0.00000	8.000
97	97	97	291	1.00	0.70	0.35	0.40	0.35	real effect	10000	9	0.00000	0.00010	0.99990	0.00000	9.000
97	97	97	291	1.00	0.70	0.35	0.40	0.35	real effect	10000	10	0.00000	0.00010	0.99990	0.00000	10.000
97	97	97	291	1.00	0.70	0.35	0.40	0.35	real effect	10000	11	0.00000	0.00030	0.99970	0.00000	11.000
97	97	97	291	1.00	0.70	0.35	0.40	0.35	real effect	10000	12	0.00000	0.00040	0.99960	0.00000	11.999
97	97	97	291	1.00	0.70	0.35	0.40	0.35	real effect	10000	13	0.00000	0.00040	0.99960	0.00000	12.999
97	97	97	291	1.00	0.70	0.35	0.40	0.35	real effect	10000	14	0.00000	0.00050	0.99950	0.00000	13.998
97	97	97	291	1.00	0.70	0.35	0.40	0.35	real effect	10000	15	0.00000	0.00050	0.99950	0.00000	14.998
97	97	97	291	1.00	0.70	0.35	0.40	0.35	real effect	10000	16	0.00000	0.00070	0.99930	0.00000	15.998
97	97	97	291	1.00	0.70	0.35	0.40	0.35	real effect	10000	17	0.00000	0.00080	0.99920	0.00000	16.997
97	97	97	291	1.00	0.70	0.35	0.40	0.35	real effect	10000	18	0.00000	0.00090	0.99910	0.00000	17.996
97	97	97	291	1.00	0.70	0.35	0.40	0.35	real effect	10000	19	0.00000	0.00090	0.99910	0.00000	18.995
97	97	97	291	1.00	0.70	0.35	0.40	0.35	real effect	10000	20	0.00000	0.00090	0.99910	0.00000	19.994
97	97	97	291	1.00	0.70	0.35	0.40	0.35	real effect	10000	21	0.00000	0.00090	0.99910	0.00000	20.993
97	97	97	291	1.00	0.70	0.35	0.40	0.35	real effect	10000	22	0.00000	0.00110	0.99890	0.00000	21.992
97	97	97	291	1.00	0.70	0.35	0.40	0.35	real effect	10000	23	0.00000	0.00110	0.99890	0.00000	22.991
97	97	97	291	1.00	0.70	0.35	0.40	0.35	real effect	10000	24	0.00000	0.00110	0.99890	0.00000	23.990
97	97	97	291	1.00	0.70	0.35	0.40	0.35	real effect	10000	25	0.00000	0.00110	0.99890	0.00000	24.989
97	97	97	291	1.00	0.70	0.35	0.40	0.35	real effect	10000	26	0.00000	0.00110	0.99890	0.00000	25.988
97	97	97	291	1.00	0.70	0.35	0.40	0.35	real effect	10000	27	0.00000	0.00110	0.99890	0.00000	26.987
97	97	97	291	1.00	0.70	0.35	0.40	0.35	real effect	10000	28	0.00000	0.00110	0.99890	0.00000	27.986
97	97	97	291	1.00	0.70	0.35	0.40	0.35	real effect	10000	29	0.00000	0.00110	0.99890	0.00000	28.985
97	97	97	291	1.00	0.70	0.35	0.40	0.35	real effect	10000	30	0.00000	0.00110	0.99890	0.00000	29.984
97	97	97	291	1.00	0.70	0.35	0.40	0.35	real effect	10000	31	0.00000	0.00110	0.99890	0.00000	30.983
97	97	97	291	1.00	0.70	0.35	0.40	0.35	real effect	10000	32	0.00010	0.00110	0.99880	0.00010	31.981
97	97	97	291	1.00	0.70	0.35	0.40	0.35	real effect	10000	33	0.00010	0.00110	0.99880	0.00010	32.980
97	97	97	291	1.00	0.70	0.35	0.40	0.35	real effect	10000	34	0.00020	0.00120	0.99860	0.00014	33.979
97	97	97	291	1.00	0.70	0.35	0.40	0.35	real effect	10000	35	0.00020	0.00120	0.99860	0.00014	34.978
97	97	97	291	1.00	0.70	0.35	0.40	0.35	real effect	10000	36	0.00020	0.00120	0.99860	0.00014	35.976
97	97	97	291	1.00	0.70	0.35	0.40	0.35	real effect	10000	37	0.00020	0.00120	0.99860	0.00014	36.975
97	97	97	291	1.00	0.70	0.35	0.40	0.35	real effect	10000	38	0.00020	0.00120	0.99860	0.00014	37.973
97	97	97	291	1.00	0.70	0.35	0.40	0.35	real effect	10000	39	0.00020	0.00120	0.99860	0.00014	38.972
97	97	97	291	1.00	0.70	0.35	0.40	0.35	real effect	10000	40	0.00020	0.00120	0.99860	0.00014	39.971
97	97	97	291	1.00	0.70	0.35	0.40	0.35	real effect	10000	41	0.00020	0.00120	0.99860	0.00014	40.969
97	97	97	291	1.00	0.70	0.35	0.40	0.35	real effect	10000	42	0.00020	0.00120	0.99860	0.00014	41.968
97	97	97	291	1.00	0.70	0.35	0.40	0.35	real effect	10000	43	0.00020	0.00120	0.99860	0.00014	42.966
97	97	97	291	1.00	0.70	0.35	0.40	0.35	real effect	10000	44	0.00020	0.00120	0.99860	0.00014	43.965
97	97	97	291	1.00	0.70	0.35	0.40	0.35	real effect	10000	45	0.00020	0.00120	0.99860	0.00014	44.964
97	97	97	291	1.00	0.70	0.35	0.40	0.35	real effect	10000	46	0.00030	0.00120	0.99850	0.00017	45.962
97	97	97	291	1.00	0.70	0.35	0.40	0.35	real effect	10000	47	0.00030	0.00120	0.99850	0.00017	46.961
97	97	97	291	1.00	0.70	0.35	0.40	0.35	real effect	10000	48	0.00030	0.00120	0.99850	0.00017	47.959
97	97	97	291	1.00	0.70	0.35	0.40	0.35	real effect	10000	49	0.00030	0.00120	0.99850	0.00017	48.958
97	97	97	291	1.00	0.70	0.35	0.40	0.35	real effect	10000	50	0.00030	0.00120	0.99850	0.00017	49.956
97	97	97	291	1.00	0.70	0.35	0.40	0.35	real effect	10000	51	0.00030	0.00120	0.99850	0.00017	50.955
97	97	97	291	1.00	0.70	0.35	0.40	0.35	real effect	10000	52	0.00030	0.00120	0.99850	0.00017	51.953
97	97	97	291	1.00	0.70	0.35	0.40	0.35	real effect	10000	53	0.00030	0.00120	0.99850	0.00017	52.952
97	97	97	291	1.00	0.70	0.35	0.40	0.35	real effect	10000	54	0.00030	0.00120	0.99850	0.00017	53.950
97	97	97	291	1.00	0.70	0.35	0.40	0.35	real effect	10000	55	0.00030	0.00120	0.99850	0.00017	54.949
97	97	97	291	1.00	0.70	0.35	0.40	0.35	real effect	10000	56	0.00040	0.00120	0.99840	0.00020	55.947
97	97	97	291	1.00	0.70	0.35	0.40	0.35	real effect	10000	57	0.00050	0.00120	0.99830	0.00022	56.946
97	97	97	291	1.00	0.70	0.35	0.40	0.35	real effect	10000	58	0.00050	0.00120	0.99830	0.00022	57.944
97	97	97	291	1.00	0.70	0.35	0.40	0.35	real effect	10000	59	0.00050	0.00120	0.99830	0.00022	58.942
97	97	97	291	1.00	0.70	0.35	0.40	0.35	real effect	10000	60	0.00050	0.00120	0.99830	0.00022	59.941
97	97	97	291	1.00	0.70	0.35	0.40	0.35	real effect	10000	61	0.00050	0.00120	0.99830	0.00022	60.939
97	97	97	291	1.00	0.70	0.35	0.40	0.35	real effect	10000	62	0.00050	0.00120	0.99830	0.00022	61.937
97	97	97	291	1.00	0.70	0.35	0.40	0.35	real effect	10000	63	0.00070	0.00120	0.99810	0.00026	62.935
97	97	97	291	1.00	0.70	0.35	0.40	0.35	real effect	10000	64	0.00070	0.00120	0.99810	0.00026	63.934
97	97	97	291	1.00	0.70	0.35	0.40	0.35	real effect	10000	65	0.00070	0.00120	0.99810	0.00026	64.932
97	97	97	291	1.00	0.70	0.35	0.40	0.35	real effect	10000	66	0.00080	0.00120	0.99800	0.00028	65.930
97	97	97	291	1.00	0.70	0.35	0.40	0.35	real effect	10000	67	0.00090	0.00120	0.99790	0.00030	66.928
97	97	97	291	1.00	0.70	0.35	0.40	0.35	real effect	10000	68	0.00100	0.00120	0.99780	0.00032	67.926
97	97	97	291	1.00	0.70	0.35	0.40	0.35	real effect	10000	69	0.00100	0.00120	0.99780	0.00032	68.923
97	97	97	291	1.00	0.70	0.35	0.40	0.35	real effect	10000	70	0.00100	0.00120	0.99780	0.00032	69.921
97	97	97	291	1.00	0.70	0.35	0.40	0.35	real effect	10000	71	0.00110	0.00120	0.99770	0.00033	70.919
97	97	97	291	1.00	0.70	0.35	0.40	0.35	real effect	10000	72	0.00110	0.00120	0.99770	0.00033	71.917
97	97	97	291	1.00	0.70	0.35	0.40	0.35	real effect	10000	73	0.00110	0.00120	0.99770	0.00033	72.914
97	97	97	291	1.00	0.70	0.35	0.40	0.35	real effect	10000	74	0.00110	0.00120	0.99770	0.00033	73.912
97	97	97	291	1.00	0.70	0.35	0.40	0.35	real effect	10000	75	0.00110	0.00120	0.99770	0.00033	74.910
97	97	97	291	1.00	0.70	0.35	0.40	0.35	real effect	10000	76	0.00120	0.00120	0.99760	0.00035	75.907
97	97	97	291	1.00	0.70	0.35	0.40	0.35	real effect	10000	77	0.00120	0.00120	0.99760	0.00035	76.905
97	97	97	291	1.00	0.70	0.35	0.40	0.35	real effect	10000	78	0.00120	0.00120	0.99760	0.00035	77.903
97	97	97	291	1.00	0.70	0.35	0.40	0.35	real effect	10000	79	0.00120	0.00120	0.99760	0.00035	78.900
97	97	97	291	1.00	0.70	0.35	0.40	0.35	real effect	10000	80	0.00120	0.00120	0.99760	0.00035	79.898
97	97	97	291	1.00	0.70	0.35	0.40	0.35	real effect	10000	81	0.00130	0.00120	0.99750	0.00036	80.895
97	97	97	291	1.00	0.70	0.35	0.40	0.35	real effect	10000	82	0.00130	0.00120	0.99750	0.00036	81.893
97	97	97	291	1.00	0.70	0.35	0.40	0.35	real effect	10000	83	0.00130	0.00120	0.99750	0.00036	82.891
97	97	97	291	1.00	0.70	0.35	0.40	0.35	real effect	10000	84	0.00140	0.00120	0.99740	0.00037	83.888
97	97	97	291	1.00	0.70	0.35	0.40	0.35	real effect	10000	85	0.00150	0.00120	0.99730	0.00039	84.885
97	97	97	291	1.00	0.70	0.35	0.40	0.35	real effect	10000	86	0.00150	0.00120	0.99730	0.00039	85.883
97	97	97	291	1.00	0.70	0.35	0.40	0.35	real effect	10000	87	0.00150	0.00120	0.99730	0.00039	86.880
97	97	97	291	1.00	0.70	0.35	0.40	0.35	real effect	10000	88	0.00150	0.00120	0.99730	0.00039	87.877
97	97	97	291	1.00	0.70	0.35	0.40	0.35	real effect	10000	89	0.00160	0.00120	0.99720	0.00040	88.875
97	97	97	291	1.00	0.70	0.35	0.40	0.35	real effect	10000	90	0.00180	0.00120	0.99700	0.00042	89.872
97	97	97	291	1.00	0.70	0.35	0.40	0.35	real effect	10000	91	0.00180	0.00120	0.99700	0.00042	90.869
97	97	97	291	1.00	0.70	0.35	0.40	0.35	real effect	10000	92	0.00180	0.00120	0.99700	0.00042	91.866
97	97	97	291	1.00	0.70	0.35	0.40	0.35	real effect	10000	93	0.00190	0.00120	0.99690	0.00044	92.863
97	97	97	291	1.00	0.70	0.35	0.40	0.35	real effect	10000	94	0.00190	0.00120	0.99690	0.00044	93.860
97	97	97	291	1.00	0.70	0.35	0.40	0.35	real effect	10000	95	0.00190	0.00120	0.99690	0.00044	94.857
97	97	97	291	1.00	0.70	0.35	0.40	0.35	real effect	10000	96	0.00200	0.00120	0.99680	0.00045	95.853
97	97	97	291	1.00	0.70	0.35	0.40	0.35	real effect	10000	97	0.00200	0.00120	0.99680	0.00045	96.850
97	97	97	291	1.00	0.75	0.35	0.40	0.40	real effect	10000	1	0.00000	0.00000	1.00000	0.00000	1.000
97	97	97	291	1.00	0.75	0.35	0.40	0.40	real effect	10000	2	0.00000	0.00000	1.00000	0.00000	2.000
97	97	97	291	1.00	0.75	0.35	0.40	0.40	real effect	10000	3	0.00000	0.00000	1.00000	0.00000	3.000
97	97	97	291	1.00	0.75	0.35	0.40	0.40	real effect	10000	4	0.00000	0.00000	1.00000	0.00000	4.000
97	97	97	291	1.00	0.75	0.35	0.40	0.40	real effect	10000	5	0.00000	0.00000	1.00000	0.00000	5.000
97	97	97	291	1.00	0.75	0.35	0.40	0.40	real effect	10000	6	0.00000	0.00000	1.00000	0.00000	6.000
97	97	97	291	1.00	0.75	0.35	0.40	0.40	real effect	10000	7	0.00000	0.00010	0.99990	0.00000	7.000
97	97	97	291	1.00	0.75	0.35	0.40	0.40	real effect	10000	8	0.00000	0.00020	0.99980	0.00000	8.000
97	97	97	291	1.00	0.75	0.35	0.40	0.40	real effect	10000	9	0.00000	0.00020	0.99980	0.00000	9.000
97	97	97	291	1.00	0.75	0.35	0.40	0.40	real effect	10000	10	0.00000	0.00020	0.99980	0.00000	9.999
97	97	97	291	1.00	0.75	0.35	0.40	0.40	real effect	10000	11	0.00000	0.00030	0.99970	0.00000	10.999
97	97	97	291	1.00	0.75	0.35	0.40	0.40	real effect	10000	12	0.00000	0.00030	0.99970	0.00000	11.999
97	97	97	291	1.00	0.75	0.35	0.40	0.40	real effect	10000	13	0.00000	0.00030	0.99970	0.00000	12.999
97	97	97	291	1.00	0.75	0.35	0.40	0.40	real effect	10000	14	0.00000	0.00030	0.99970	0.00000	13.998
97	97	97	291	1.00	0.75	0.35	0.40	0.40	real effect	10000	15	0.00000	0.00030	0.99970	0.00000	14.998
97	97	97	291	1.00	0.75	0.35	0.40	0.40	real effect	10000	16	0.00000	0.00030	0.99970	0.00000	15.998
97	97	97	291	1.00	0.75	0.35	0.40	0.40	real effect	10000	17	0.00000	0.00030	0.99970	0.00000	16.997
97	97	97	291	1.00	0.75	0.35	0.40	0.40	real effect	10000	18	0.00000	0.00040	0.99960	0.00000	17.997
97	97	97	291	1.00	0.75	0.35	0.40	0.40	real effect	10000	19	0.00000	0.00040	0.99960	0.00000	18.997
97	97	97	291	1.00	0.75	0.35	0.40	0.40	real effect	10000	20	0.00000	0.00040	0.99960	0.00000	19.996
97	97	97	291	1.00	0.75	0.35	0.40	0.40	real effect	10000	21	0.00000	0.00040	0.99960	0.00000	20.996
97	97	97	291	1.00	0.75	0.35	0.40	0.40	real effect	10000	22	0.00000	0.00040	0.99960	0.00000	21.996
97	97	97	291	1.00	0.75	0.35	0.40	0.40	real effect	10000	23	0.00000	0.00040	0.99960	0.00000	22.995
97	97	97	291	1.00	0.75	0.35	0.40	0.40	real effect	10000	24	0.00000	0.00040	0.99960	0.00000	23.995
97	97	97	291	1.00	0.75	0.35	0.40	0.40	real effect	10000	25	0.00000	0.00040	0.99960	0.00000	24.994
97	97	97	291	1.00	0.75	0.35	0.40	0.40	real effect	10000	26	0.00000	0.00040	0.99960	0.00000	25.994
97	97	97	291	1.00	0.75	0.35	0.40	0.40	real effect	10000	27	0.00000	0.00050	0.99950	0.00000	26.994
97	97	97	291	1.00	0.75	0.35	0.40	0.40	real effect	10000	28	0.00000	0.00050	0.99950	0.00000	27.993
97	97	97	291	1.00	0.75	0.35	0.40	0.40	real effect	10000	29	0.00000	0.00050	0.99950	0.00000	28.993
97	97	97	291	1.00	0.75	0.35	0.40	0.40	real effect	10000	30	0.00010	0.00050	0.99940	0.00010	29.992
97	97	97	291	1.00	0.75	0.35	0.40	0.40	real effect	10000	31	0.00010	0.00050	0.99940	0.00010	30.991
97	97	97	291	1.00	0.75	0.35	0.40	0.40	real effect	10000	32	0.00010	0.00050	0.99940	0.00010	31.991
97	97	97	291	1.00	0.75	0.35	0.40	0.40	real effect	10000	33	0.00020	0.00050	0.99930	0.00014	32.990
97	97	97	291	1.00	0.75	0.35	0.40	0.40	real effect	10000	34	0.00020	0.00050	0.99930	0.00014	33.990
97	97	97	291	1.00	0.75	0.35	0.40	0.40	real effect	10000	35	0.00030	0.00050	0.99920	0.00017	34.989
97	97	97	291	1.00	0.75	0.35	0.40	0.40	real effect	10000	36	0.00040	0.00050	0.99910	0.00020	35.988
97	97	97	291	1.00	0.75	0.35	0.40	0.40	real effect	10000	37	0.00050	0.00050	0.99900	0.00022	36.987
97	97	97	291	1.00	0.75	0.35	0.40	0.40	real effect	10000	38	0.00050	0.00050	0.99900	0.00022	37.986
97	97	97	291	1.00	0.75	0.35	0.40	0.40	real effect	10000	39	0.00050	0.00050	0.99900	0.00022	38.985
97	97	97	291	1.00	0.75	0.35	0.40	0.40	real effect	10000	40	0.00070	0.00050	0.99880	0.00026	39.984
97	97	97	291	1.00	0.75	0.35	0.40	0.40	real effect	10000	41	0.00090	0.00050	0.99860	0.00030	40.983
97	97	97	291	1.00	0.75	0.35	0.40	0.40	real effect	10000	42	0.00130	0.00060	0.99810	0.00036	41.982
97	97	97	291	1.00	0.75	0.35	0.40	0.40	real effect	10000	43	0.00150	0.00060	0.99790	0.00039	42.980
97	97	97	291	1.00	0.75	0.35	0.40	0.40	real effect	10000	44	0.00150	0.00060	0.99790	0.00039	43.978
97	97	97	291	1.00	0.75	0.35	0.40	0.40	real effect	10000	45	0.00160	0.00060	0.99780	0.00040	44.975
97	97	97	291	1.00	0.75	0.35	0.40	0.40	real effect	10000	46	0.00170	0.00060	0.99770	0.00041	45.973
97	97	97	291	1.00	0.75	0.35	0.40	0.40	real effect	10000	47	0.00190	0.00060	0.99750	0.00044	46.971
97	97	97	291	1.00	0.75	0.35	0.40	0.40	real effect	10000	48	0.00220	0.00060	0.99720	0.00047	47.968
97	97	97	291	1.00	0.75	0.35	0.40	0.40	real effect	10000	49	0.00230	0.00060	0.99710	0.00048	48.966
97	97	97	291	1.00	0.75	0.35	0.40	0.40	real effect	10000	50	0.00240	0.00060	0.99700	0.00049	49.963
97	97	97	291	1.00	0.75	0.35	0.40	0.40	real effect	10000	51	0.00260	0.00060	0.99680	0.00051	50.960
97	97	97	291	1.00	0.75	0.35	0.40	0.40	real effect	10000	52	0.00290	0.00060	0.99650	0.00054	51.957
97	97	97	291	1.00	0.75	0.35	0.40	0.40	real effect	10000	53	0.00300	0.00060	0.99640	0.00055	52.953
97	97	97	291	1.00	0.75	0.35	0.40	0.40	real effect	10000	54	0.00310	0.00060	0.99630	0.00056	53.950
97	97	97	291	1.00	0.75	0.35	0.40	0.40	real effect	10000	55	0.00320	0.00060	0.99620	0.00056	54.946
97	97	97	291	1.00	0.75	0.35	0.40	0.40	real effect	10000	56	0.00350	0.00060	0.99590	0.00059	55.942
97	97	97	291	1.00	0.75	0.35	0.40	0.40	real effect	10000	57	0.00360	0.00060	0.99580	0.00060	56.938
97	97	97	291	1.00	0.75	0.35	0.40	0.40	real effect	10000	58	0.00380	0.00060	0.99560	0.00062	57.934
97	97	97	291	1.00	0.75	0.35	0.40	0.40	real effect	10000	59	0.00400	0.00060	0.99540	0.00063	58.929
97	97	97	291	1.00	0.75	0.35	0.40	0.40	real effect	10000	60	0.00410	0.00060	0.99530	0.00064	59.925
97	97	97	291	1.00	0.75	0.35	0.40	0.40	real effect	10000	61	0.00420	0.00060	0.99520	0.00065	60.920
97	97	97	291	1.00	0.75	0.35	0.40	0.40	real effect	10000	62	0.00440	0.00060	0.99500	0.00066	61.915
97	97	97	291	1.00	0.75	0.35	0.40	0.40	real effect	10000	63	0.00450	0.00060	0.99490	0.00067	62.910
97	97	97	291	1.00	0.75	0.35	0.40	0.40	real effect	10000	64	0.00470	0.00060	0.99470	0.00068	63.905
97	97	97	291	1.00	0.75	0.35	0.40	0.40	real effect	10000	65	0.00510	0.00060	0.99430	0.00071	64.900
97	97	97	291	1.00	0.75	0.35	0.40	0.40	real effect	10000	66	0.00560	0.00060	0.99380	0.00075	65.894
97	97	97	291	1.00	0.75	0.35	0.40	0.40	real effect	10000	67	0.00590	0.00060	0.99350	0.00077	66.888
97	97	97	291	1.00	0.75	0.35	0.40	0.40	real effect	10000	68	0.00590	0.00060	0.99350	0.00077	67.881
97	97	97	291	1.00	0.75	0.35	0.40	0.40	real effect	10000	69	0.00590	0.00060	0.99350	0.00077	68.875
97	97	97	291	1.00	0.75	0.35	0.40	0.40	real effect	10000	70	0.00630	0.00060	0.99310	0.00079	69.868
97	97	97	291	1.00	0.75	0.35	0.40	0.40	real effect	10000	71	0.00650	0.00060	0.99290	0.00080	70.862
97	97	97	291	1.00	0.75	0.35	0.40	0.40	real effect	10000	72	0.00650	0.00060	0.99290	0.00080	71.854
97	97	97	291	1.00	0.75	0.35	0.40	0.40	real effect	10000	73	0.00700	0.00060	0.99240	0.00083	72.847
97	97	97	291	1.00	0.75	0.35	0.40	0.40	real effect	10000	74	0.00720	0.00060	0.99220	0.00085	73.840
97	97	97	291	1.00	0.75	0.35	0.40	0.40	real effect	10000	75	0.00770	0.00060	0.99170	0.00087	74.832
97	97	97	291	1.00	0.75	0.35	0.40	0.40	real effect	10000	76	0.00780	0.00060	0.99160	0.00088	75.824
97	97	97	291	1.00	0.75	0.35	0.40	0.40	real effect	10000	77	0.00780	0.00060	0.99160	0.00088	76.815
97	97	97	291	1.00	0.75	0.35	0.40	0.40	real effect	10000	78	0.00820	0.00060	0.99120	0.00090	77.807
97	97	97	291	1.00	0.75	0.35	0.40	0.40	real effect	10000	79	0.00840	0.00060	0.99100	0.00091	78.798
97	97	97	291	1.00	0.75	0.35	0.40	0.40	real effect	10000	80	0.00870	0.00060	0.99070	0.00093	79.789
97	97	97	291	1.00	0.75	0.35	0.40	0.40	real effect	10000	81	0.00890	0.00060	0.99050	0.00094	80.780
97	97	97	291	1.00	0.75	0.35	0.40	0.40	real effect	10000	82	0.00920	0.00060	0.99020	0.00095	81.770
97	97	97	291	1.00	0.75	0.35	0.40	0.40	real effect	10000	83	0.00970	0.00060	0.98970	0.00098	82.760
97	97	97	291	1.00	0.75	0.35	0.40	0.40	real effect	10000	84	0.00970	0.00060	0.98970	0.00098	83.750
97	97	97	291	1.00	0.75	0.35	0.40	0.40	real effect	10000	85	0.00970	0.00060	0.98970	0.00098	84.740
97	97	97	291	1.00	0.75	0.35	0.40	0.40	real effect	10000	86	0.01000	0.00060	0.98940	0.00099	85.730
97	97	97	291	1.00	0.75	0.35	0.40	0.40	real effect	10000	87	0.01030	0.00060	0.98910	0.00101	86.719
97	97	97	291	1.00	0.75	0.35	0.40	0.40	real effect	10000	88	0.01060	0.00060	0.98880	0.00102	87.708
97	97	97	291	1.00	0.75	0.35	0.40	0.40	real effect	10000	89	0.01070	0.00060	0.98870	0.00103	88.697
97	97	97	291	1.00	0.75	0.35	0.40	0.40	real effect	10000	90	0.01090	0.00060	0.98850	0.00104	89.686
97	97	97	291	1.00	0.75	0.35	0.40	0.40	real effect	10000	91	0.01110	0.00060	0.98830	0.00105	90.674
97	97	97	291	1.00	0.75	0.35	0.40	0.40	real effect	10000	92	0.01140	0.00060	0.98800	0.00106	91.662
97	97	97	291	1.00	0.75	0.35	0.40	0.40	real effect	10000	93	0.01180	0.00060	0.98760	0.00108	92.650
97	97	97	291	1.00	0.75	0.35	0.40	0.40	real effect	10000	94	0.01220	0.00060	0.98720	0.00110	93.638
97	97	97	291	1.00	0.75	0.35	0.40	0.40	real effect	10000	95	0.01240	0.00060	0.98700	0.00111	94.625
97	97	97	291	1.00	0.75	0.35	0.40	0.40	real effect	10000	96	0.01280	0.00060	0.98660	0.00112	95.612
97	97	97	291	1.00	0.75	0.35	0.40	0.40	real effect	10000	97	0.01300	0.00060	0.98640	0.00113	96.599
97	97	97	291	1.00	0.60	0.40	0.30	0.20	calibration	10000	1	0.00000	0.00000	1.00000	0.00000	1.000
97	97	97	291	1.00	0.60	0.40	0.30	0.20	calibration	10000	2	0.00000	0.00000	1.00000	0.00000	2.000
97	97	97	291	1.00	0.60	0.40	0.30	0.20	calibration	10000	3	0.00000	0.00000	1.00000	0.00000	3.000
97	97	97	291	1.00	0.60	0.40	0.30	0.20	calibration	10000	4	0.00000	0.00000	1.00000	0.00000	4.000
97	97	97	291	1.00	0.60	0.40	0.30	0.20	calibration	10000	5	0.00000	0.00000	1.00000	0.00000	5.000
97	97	97	291	1.00	0.60	0.40	0.30	0.20	calibration	10000	6	0.00000	0.00000	1.00000	0.00000	6.000
97	97	97	291	1.00	0.60	0.40	0.30	0.20	calibration	10000	7	0.00000	0.00040	0.99960	0.00000	7.000
97	97	97	291	1.00	0.60	0.40	0.30	0.20	calibration	10000	8	0.00000	0.00090	0.99910	0.00000	8.000
97	97	97	291	1.00	0.60	0.40	0.30	0.20	calibration	10000	9	0.00000	0.00150	0.99850	0.00000	8.999
97	97	97	291	1.00	0.60	0.40	0.30	0.20	calibration	10000	10	0.00000	0.00260	0.99740	0.00000	9.997
97	97	97	291	1.00	0.60	0.40	0.30	0.20	calibration	10000	11	0.00000	0.00480	0.99520	0.00000	10.995
97	97	97	291	1.00	0.60	0.40	0.30	0.20	calibration	10000	12	0.00000	0.00540	0.99460	0.00000	11.990
97	97	97	291	1.00	0.60	0.40	0.30	0.20	calibration	10000	13	0.00000	0.00600	0.99400	0.00000	12.984
97	97	97	291	1.00	0.60	0.40	0.30	0.20	calibration	10000	14	0.00000	0.00790	0.99210	0.00000	13.978
97	97	97	291	1.00	0.60	0.40	0.30	0.20	calibration	10000	15	0.00000	0.00870	0.99130	0.00000	14.970
97	97	97	291	1.00	0.60	0.40	0.30	0.20	calibration	10000	16	0.00000	0.00960	0.99040	0.00000	15.962
97	97	97	291	1.00	0.60	0.40	0.30	0.20	calibration	10000	17	0.00000	0.01050	0.98950	0.00000	16.952
97	97	97	291	1.00	0.60	0.40	0.30	0.20	calibration	10000	18	0.00000	0.01180	0.98820	0.00000	17.942
97	97	97	291	1.00	0.60	0.40	0.30	0.20	calibration	10000	19	0.00000	0.01220	0.98780	0.00000	18.930
97	97	97	291	1.00	0.60	0.40	0.30	0.20	calibration	10000	20	0.00000	0.01270	0.98730	0.00000	19.918
97	97	97	291	1.00	0.60	0.40	0.30	0.20	calibration	10000	21	0.00000	0.01290	0.98710	0.00000	20.905
97	97	97	291	1.00	0.60	0.40	0.30	0.20	calibration	10000	22	0.00000	0.01430	0.98570	0.00000	21.892
97	97	97	291	1.00	0.60	0.40	0.30	0.20	calibration	10000	23	0.00000	0.01480	0.98520	0.00000	22.878
97	97	97	291	1.00	0.60	0.40	0.30	0.20	calibration	10000	24	0.00000	0.01510	0.98490	0.00000	23.863
97	97	97	291	1.00	0.60	0.40	0.30	0.20	calibration	10000	25	0.00000	0.01530	0.98470	0.00000	24.848
97	97	97	291	1.00	0.60	0.40	0.30	0.20	calibration	10000	26	0.00000	0.01580	0.98420	0.00000	25.833
97	97	97	291	1.00	0.60	0.40	0.30	0.20	calibration	10000	27	0.00000	0.01590	0.98410	0.00000	26.817
97	97	97	291	1.00	0.60	0.40	0.30	0.20	calibration	10000	28	0.00000	0.01630	0.98370	0.00000	27.801
97	97	97	291	1.00	0.60	0.40	0.30	0.20	calibration	10000	29	0.00000	0.01670	0.98330	0.00000	28.785
97	97	97	291	1.00	0.60	0.40	0.30	0.20	calibration	10000	30	0.00000	0.01740	0.98260	0.00000	29.768
97	97	97	291	1.00	0.60	0.40	0.30	0.20	calibration	10000	31	0.00000	0.01770	0.98230	0.00000	30.750
97	97	97	291	1.00	0.60	0.40	0.30	0.20	calibration	10000	32	0.00000	0.01810	0.98190	0.00000	31.733
97	97	97	291	1.00	0.60	0.40	0.30	0.20	calibration	10000	33	0.00000	0.01840	0.98160	0.00000	32.715
97	97	97	291	1.00	0.60	0.40	0.30	0.20	calibration	10000	34	0.00000	0.01890	0.98110	0.00000	33.696
97	97	97	291	1.00	0.60	0.40	0.30	0.20	calibration	10000	35	0.00000	0.01900	0.98100	0.00000	34.677
97	97	97	291	1.00	0.60	0.40	0.30	0.20	calibration	10000	36	0.00000	0.01910	0.98090	0.00000	35.658
97	97	97	291	1.00	0.60	0.40	0.30	0.20	calibration	10000	37	0.00000	0.01920	0.98080	0.00000	36.639
97	97	97	291	1.00	0.60	0.40	0.30	0.20	calibration	10000	38	0.00000	0.01940	0.98060	0.00000	37.620
97	97	97	291	1.00	0.60	0.40	0.30	0.20	calibration	10000	39	0.00000	0.01950	0.98050	0.00000	38.601
97	97	97	291	1.00	0.60	0.40	0.30	0.20	calibration	10000	40	0.00000	0.02000	0.98000	0.00000	39.581
97	97	97	291	1.00	0.60	0.40	0.30	0.20	calibration	10000	41	0.00000	0.02030	0.97970	0.00000	40.561
97	97	97	291	1.00	0.60	0.40	0.30	0.20	calibration	10000	42	0.00000	0.02050	0.97950	0.00000	41.541
97	97	97	291	1.00	0.60	0.40	0.30	0.20	calibration	10000	43	0.00000	0.02070	0.97930	0.00000	42.520
97	97	97	291	1.00	0.60	0.40	0.30	0.20	calibration	10000	44	0.00000	0.02070	0.97930	0.00000	43.500
97	97	97	291	1.00	0.60	0.40	0.30	0.20	calibration	10000	45	0.00000	0.02100	0.97900	0.00000	44.479
97	97	97	291	1.00	0.60	0.40	0.30	0.20	calibration	10000	46	0.00000	0.02100	0.97900	0.00000	45.458
97	97	97	291	1.00	0.60	0.40	0.30	0.20	calibration	10000	47	0.00000	0.02120	0.97880	0.00000	46.437
97	97	97	291	1.00	0.60	0.40	0.30	0.20	calibration	10000	48	0.00000	0.02130	0.97870	0.00000	47.416
97	97	97	291	1.00	0.60	0.40	0.30	0.20	calibration	10000	49	0.00000	0.02140	0.97860	0.00000	48.395
97	97	97	291	1.00	0.60	0.40	0.30	0.20	calibration	10000	50	0.00000	0.02160	0.97840	0.00000	49.373
97	97	97	291	1.00	0.60	0.40	0.30	0.20	calibration	10000	51	0.00000	0.02170	0.97830	0.00000	50.352
97	97	97	291	1.00	0.60	0.40	0.30	0.20	calibration	10000	52	0.00000	0.02180	0.97820	0.00000	51.330
97	97	97	291	1.00	0.60	0.40	0.30	0.20	calibration	10000	53	0.00010	0.02180	0.97810	0.00010	52.308
97	97	97	291	1.00	0.60	0.40	0.30	0.20	calibration	10000	54	0.00010	0.02210	0.97780	0.00010	53.286
97	97	97	291	1.00	0.60	0.40	0.30	0.20	calibration	10000	55	0.00010	0.02210	0.97780	0.00010	54.264
97	97	97	291	1.00	0.60	0.40	0.30	0.20	calibration	10000	56	0.00010	0.02210	0.97780	0.00010	55.242
97	97	97	291	1.00	0.60	0.40	0.30	0.20	calibration	10000	57	0.00010	0.02220	0.97770	0.00010	56.219
97	97	97	291	1.00	0.60	0.40	0.30	0.20	calibration	10000	58	0.00010	0.02220	0.97770	0.00010	57.197
97	97	97	291	1.00	0.60	0.40	0.30	0.20	calibration	10000	59	0.00010	0.02240	0.97750	0.00010	58.175
97	97	97	291	1.00	0.60	0.40	0.30	0.20	calibration	10000	60	0.00010	0.02240	0.97750	0.00010	59.152
97	97	97	291	1.00	0.60	0.40	0.30	0.20	calibration	10000	61	0.00010	0.02260	0.97730	0.00010	60.130
97	97	97	291	1.00	0.60	0.40	0.30	0.20	calibration	10000	62	0.00010	0.02290	0.97700	0.00010	61.107
97	97	97	291	1.00	0.60	0.40	0.30	0.20	calibration	10000	63	0.00010	0.02290	0.97700	0.00010	62.084
97	97	97	291	1.00	0.60	0.40	0.30	0.20	calibration	10000	64	0.00010	0.02310	0.97680	0.00010	63.061
97	97	97	291	1.00	0.60	0.40	0.30	0.20	calibration	10000	65	0.00010	0.02310	0.97680	0.00010	64.038
97	97	97	291	1.00	0.60	0.40	0.30	0.20	calibration	10000	66	0.00010	0.02340	0.97650	0.00010	65.015
97	97	97	291	1.00	0.60	0.40	0.30	0.20	calibration	10000	67	0.00010	0.02370	0.97620	0.00010	65.991
97	97	97	291	1.00	0.60	0.40	0.30	0.20	calibration	10000	68	0.00010	0.02370	0.97620	0.00010	66.968
97	97	97	291	1.00	0.60	0.40	0.30	0.20	calibration	10000	69	0.00010	0.02370	0.97620	0.00010	67.944
97	97	97	291	1.00	0.60	0.40	0.30	0.20	calibration	10000	70	0.00010	0.02380	0.97610	0.00010	68.920
97	97	97	291	1.00	0.60	0.40	0.30	0.20	calibration	10000	71	0.00010	0.02390	0.97600	0.00010	69.896
97	97	97	291	1.00	0.60	0.40	0.30	0.20	calibration	10000	72	0.00010	0.02400	0.97590	0.00010	70.872
97	97	97	291	1.00	0.60	0.40	0.30	0.20	calibration	10000	73	0.00010	0.02400	0.97590	0.00010	71.848
97	97	97	291	1.00	0.60	0.40	0.30	0.20	calibration	10000	74	0.00010	0.02400	0.97590	0.00010	72.824
97	97	97	291	1.00	0.60	0.40	0.30	0.20	calibration	10000	75	0.00010	0.02400	0.97590	0.00010	73.800
97	97	97	291	1.00	0.60	0.40	0.30	0.20	calibration	10000	76	0.00010	0.02410	0.97580	0.00010	74.776
97	97	97	291	1.00	0.60	0.40	0.30	0.20	calibration	10000	77	0.00010	0.02420	0.97570	0.00010	75.751
97	97	97	291	1.00	0.60	0.40	0.30	0.20	calibration	10000	78	0.00010	0.02430	0.97560	0.00010	76.727
97	97	97	291	1.00	0.60	0.40	0.30	0.20	calibration	10000	79	0.00010	0.02430	0.97560	0.00010	77.703
97	97	97	291	1.00	0.60	0.40	0.30	0.20	calibration	10000	80	0.00010	0.02440	0.97550	0.00010	78.678
97	97	97	291	1.00	0.60	0.40	0.30	0.20	calibration	10000	81	0.00010	0.02450	0.97540	0.00010	79.654
97	97	97	291	1.00	0.60	0.40	0.30	0.20	calibration	10000	82	0.00010	0.02460	0.97530	0.00010	80.629
97	97	97	291	1.00	0.60	0.40	0.30	0.20	calibration	10000	83	0.00010	0.02470	0.97520	0.00010	81.605
97	97	97	291	1.00	0.60	0.40	0.30	0.20	calibration	10000	84	0.00010	0.02470	0.97520	0.00010	82.580
97	97	97	291	1.00	0.60	0.40	0.30	0.20	calibration	10000	85	0.00010	0.02480	0.97510	0.00010	83.555
97	97	97	291	1.00	0.60	0.40	0.30	0.20	calibration	10000	86	0.00010	0.02480	0.97510	0.00010	84.530
97	97	97	291	1.00	0.60	0.40	0.30	0.20	calibration	10000	87	0.00010	0.02490	0.97500	0.00010	85.505
97	97	97	291	1.00	0.60	0.40	0.30	0.20	calibration	10000	88	0.00010	0.02490	0.97500	0.00010	86.480
97	97	97	291	1.00	0.60	0.40	0.30	0.20	calibration	10000	89	0.00010	0.02490	0.97500	0.00010	87.455
97	97	97	291	1.00	0.60	0.40	0.30	0.20	calibration	10000	90	0.00010	0.02500	0.97490	0.00010	88.430
97	97	97	291	1.00	0.60	0.40	0.30	0.20	calibration	10000	91	0.00010	0.02530	0.97460	0.00010	89.405
97	97	97	291	1.00	0.60	0.40	0.30	0.20	calibration	10000	92	0.00010	0.02530	0.97460	0.00010	90.380
97	97	97	291	1.00	0.60	0.40	0.30	0.20	calibration	10000	93	0.00010	0.02550	0.97440	0.00010	91.354
97	97	97	291	1.00	0.60	0.40	0.30	0.20	calibration	10000	94	0.00010	0.02570	0.97420	0.00010	92.329
97	97	97	291	1.00	0.60	0.40	0.30	0.20	calibration	10000	95	0.00010	0.02580	0.97410	0.00010	93.303
97	97	97	291	1.00	0.60	0.40	0.30	0.20	calibration	10000	96	0.00010	0.02600	0.97390	0.00010	94.277
97	97	97	291	1.00	0.60	0.40	0.30	0.20	calibration	10000	97	0.00010	0.02600	0.97390	0.00010	95.251
97	97	97	291	1.00	0.65	0.40	0.30	0.25	small real effect	10000	1	0.00000	0.00000	1.00000	0.00000	1.000
97	97	97	291	1.00	0.65	0.40	0.30	0.25	small real effect	10000	2	0.00000	0.00000	1.00000	0.00000	2.000
97	97	97	291	1.00	0.65	0.40	0.30	0.25	small real effect	10000	3	0.00000	0.00000	1.00000	0.00000	3.000
97	97	97	291	1.00	0.65	0.40	0.30	0.25	small real effect	10000	4	0.00000	0.00000	1.00000	0.00000	4.000
97	97	97	291	1.00	0.65	0.40	0.30	0.25	small real effect	10000	5	0.00000	0.00000	1.00000	0.00000	5.000
97	97	97	291	1.00	0.65	0.40	0.30	0.25	small real effect	10000	6	0.00000	0.00000	1.00000	0.00000	6.000
97	97	97	291	1.00	0.65	0.40	0.30	0.25	small real effect	10000	7	0.00000	0.00050	0.99950	0.00000	7.000
97	97	97	291	1.00	0.65	0.40	0.30	0.25	small real effect	10000	8	0.00000	0.00070	0.99930	0.00000	8.000
97	97	97	291	1.00	0.65	0.40	0.30	0.25	small real effect	10000	9	0.00000	0.00090	0.99910	0.00000	8.999
97	97	97	291	1.00	0.65	0.40	0.30	0.25	small real effect	10000	10	0.00000	0.00140	0.99860	0.00000	9.998
97	97	97	291	1.00	0.65	0.40	0.30	0.25	small real effect	10000	11	0.00000	0.00190	0.99810	0.00000	10.996
97	97	97	291	1.00	0.65	0.40	0.30	0.25	small real effect	10000	12	0.00000	0.00230	0.99770	0.00000	11.995
97	97	97	291	1.00	0.65	0.40	0.30	0.25	small real effect	10000	13	0.00000	0.00270	0.99730	0.00000	12.992
97	97	97	291	1.00	0.65	0.40	0.30	0.25	small real effect	10000	14	0.00000	0.00330	0.99670	0.00000	13.990
97	97	97	291	1.00	0.65	0.40	0.30	0.25	small real effect	10000	15	0.00000	0.00370	0.99630	0.00000	14.986
97	97	97	291	1.00	0.65	0.40	0.30	0.25	small real effect	10000	16	0.00000	0.00400	0.99600	0.00000	15.983
97	97	97	291	1.00	0.65	0.40	0.30	0.25	small real effect	10000	17	0.00000	0.00400	0.99600	0.00000	16.979
97	97	97	291	1.00	0.65	0.40	0.30	0.25	small real effect	10000	18	0.00000	0.00450	0.99550	0.00000	17.975
97	97	97	291	1.00	0.65	0.40	0.30	0.25	small real effect	10000	19	0.00000	0.00470	0.99530	0.00000	18.970
97	97	97	291	1.00	0.65	0.40	0.30	0.25	small real effect	10000	20	0.00000	0.00470	0.99530	0.00000	19.965
97	97	97	291	1.00	0.65	0.40	0.30	0.25	small real effect	10000	21	0.00000	0.00490	0.99510	0.00000	20.961
97	97	97	291	1.00	0.65	0.40	0.30	0.25	small real effect	10000	22	0.00000	0.00490	0.99510	0.00000	21.956
97	97	97	291	1.00	0.65	0.40	0.30	0.25	small real effect	10000	23	0.00000	0.00500	0.99500	0.00000	22.951
97	97	97	291	1.00	0.65	0.40	0.30	0.25	small real effect	10000	24	0.00000	0.00530	0.99470	0.00000	23.946
97	97	97	291	1.00	0.65	0.40	0.30	0.25	small real effect	10000	25	0.00000	0.00560	0.99440	0.00000	24.941
97	97	97	291	1.00	0.65	0.40	0.30	0.25	small real effect	10000	26	0.00000	0.00590	0.99410	0.00000	25.935
97	97	97	291	1.00	0.65	0.40	0.30	0.25	small real effect	10000	27	0.00000	0.00600	0.99400	0.00000	26.929
97	97	97	291	1.00	0.65	0.40	0.30	0.25	small real effect	10000	28	0.00000	0.00600	0.99400	0.00000	27.923
97	97	97	291	1.00	0.65	0.40	0.30	0.25	small real effect	10000	29	0.00000	0.00610	0.99390	0.00000	28.917
97	97	97	291	1.00	0.65	0.40	0.30	0.25	small real effect	10000	30	0.00000	0.00630	0.99370	0.00000	29.911
97	97	97	291	1.00	0.65	0.40	0.30	0.25	small real effect	10000	31	0.00000	0.00630	0.99370	0.00000	30.905
97	97	97	291	1.00	0.65	0.40	0.30	0.25	small real effect	10000	32	0.00010	0.00650	0.99340	0.00010	31.898
97	97	97	291	1.00	0.65	0.40	0.30	0.25	small real effect	10000	33	0.00010	0.00650	0.99340	0.00010	32.892
97	97	97	291	1.00	0.65	0.40	0.30	0.25	small real effect	10000	34	0.00010	0.00660	0.99330	0.00010	33.885
97	97	97	291	1.00	0.65	0.40	0.30	0.25	small real effect	10000	35	0.00010	0.00660	0.99330	0.00010	34.879
97	97	97	291	1.00	0.65	0.40	0.30	0.25	small real effect	10000	36	0.00020	0.00670	0.99310	0.00014	35.872
97	97	97	291	1.00	0.65	0.40	0.30	0.25	small real effect	10000	37	0.00020	0.00670	0.99310	0.00014	36.865
97	97	97	291	1.00	0.65	0.40	0.30	0.25	small real effect	10000	38	0.00020	0.00680	0.99300	0.00014	37.858
97	97	97	291	1.00	0.65	0.40	0.30	0.25	small real effect	10000	39	0.00020	0.00680	0.99300	0.00014	38.851
97	97	97	291	1.00	0.65	0.40	0.30	0.25	small real effect	10000	40	0.00020	0.00690	0.99290	0.00014	39.844
97	97	97	291	1.00	0.65	0.40	0.30	0.25	small real effect	10000	41	0.00030	0.00690	0.99280	0.00017	40.837
97	97	97	291	1.00	0.65	0.40	0.30	0.25	small real effect	10000	42	0.00030	0.00700	0.99270	0.00017	41.830
97	97	97	291	1.00	0.65	0.40	0.30	0.25	small real effect	10000	43	0.00030	0.00700	0.99270	0.00017	42.822
97	97	97	291	1.00	0.65	0.40	0.30	0.25	small real effect	10000	44	0.00040	0.00700	0.99260	0.00020	43.815
97	97	97	291	1.00	0.65	0.40	0.30	0.25	small real effect	10000	45	0.00050	0.00700	0.99250	0.00022	44.808
97	97	97	291	1.00	0.65	0.40	0.30	0.25	small real effect	10000	46	0.00060	0.00710	0.99230	0.00024	45.800
97	97	97	291	1.00	0.65	0.40	0.30	0.25	small real effect	10000	47	0.00060	0.00710	0.99230	0.00024	46.792
97	97	97	291	1.00	0.65	0.40	0.30	0.25	small real effect	10000	48	0.00060	0.00710	0.99230	0.00024	47.785
97	97	97	291	1.00	0.65	0.40	0.30	0.25	small real effect	10000	49	0.00060	0.00710	0.99230	0.00024	48.777
97	97	97	291	1.00	0.65	0.40	0.30	0.25	small real effect	10000	50	0.00060	0.00720	0.99220	0.00024	49.769
97	97	97	291	1.00	0.65	0.40	0.30	0.25	small real effect	10000	51	0.00070	0.00730	0.99200	0.00026	50.762
97	97	97	291	1.00	0.65	0.40	0.30	0.25	small real effect	10000	52	0.00080	0.00730	0.99190	0.00028	51.754
97	97	97	291	1.00	0.65	0.40	0.30	0.25	small real effect	10000	53	0.00080	0.00740	0.99180	0.00028	52.745
97	97	97	291	1.00	0.65	0.40	0.30	0.25	small real effect	10000	54	0.00080	0.00740	0.99180	0.00028	53.737
97	97	97	291	1.00	0.65	0.40	0.30	0.25	small real effect	10000	55	0.00090	0.00760	0.99150	0.00030	54.729
97	97	97	291	1.00	0.65	0.40	0.30	0.25	small real effect	10000	56	0.00090	0.00770	0.99140	0.00030	55.721
97	97	97	291	1.00	0.65	0.40	0.30	0.25	small real effect	10000	57	0.00090	0.00770	0.99140	0.00030	56.712
97	97	97	291	1.00	0.65	0.40	0.30	0.25	small real effect	10000	58	0.00090	0.00780	0.99130	0.00030	57.703
97	97	97	291	1.00	0.65	0.40	0.30	0.25	small real effect	10000	59	0.00090	0.00780	0.99130	0.00030	58.695
97	97	97	291	1.00	0.65	0.40	0.30	0.25	small real effect	10000	60	0.00100	0.00780	0.99120	0.00032	59.686
97	97	97	291	1.00	0.65	0.40	0.30	0.25	small real effect	10000	61	0.00100	0.00780	0.99120	0.00032	60.677
97	97	97	291	1.00	0.65	0.40	0.30	0.25	small real effect	10000	62	0.00100	0.00780	0.99120	0.00032	61.668
97	97	97	291	1.00	0.65	0.40	0.30	0.25	small real effect	10000	63	0.00100	0.00780	0.99120	0.00032	62.660
97	97	97	291	1.00	0.65	0.40	0.30	0.25	small real effect	10000	64	0.00100	0.00780	0.99120	0.00032	63.651
97	97	97	291	1.00	0.65	0.40	0.30	0.25	small real effect	10000	65	0.00110	0.00780	0.99110	0.00033	64.642
97	97	97	291	1.00	0.65	0.40	0.30	0.25	small real effect	10000	66	0.00120	0.00780	0.99100	0.00035	65.633
97	97	97	291	1.00	0.65	0.40	0.30	0.25	small real effect	10000	67	0.00120	0.00780	0.99100	0.00035	66.624
97	97	97	291	1.00	0.65	0.40	0.30	0.25	small real effect	10000	68	0.00120	0.00780	0.99100	0.00035	67.615
97	97	97	291	1.00	0.65	0.40	0.30	0.25	small real effect	10000	69	0.00130	0.00780	0.99090	0.00036	68.606
97	97	97	291	1.00	0.65	0.40	0.30	0.25	small real effect	10000	70	0.00130	0.00780	0.99090	0.00036	69.597
97	97	97	291	1.00	0.65	0.40	0.30	0.25	small real effect	10000	71	0.00130	0.00780	0.99090	0.00036	70.588
97	97	97	291	1.00	0.65	0.40	0.30	0.25	small real effect	10000	72	0.00140	0.00780	0.99080	0.00037	71.579
97	97	97	291	1.00	0.65	0.40	0.30	0.25	small real effect	10000	73	0.00140	0.00800	0.99060	0.00037	72.570
97	97	97	291	1.00	0.65	0.40	0.30	0.25	small real effect	10000	74	0.00150	0.00800	0.99050	0.00039	73.560
97	97	97	291	1.00	0.65	0.40	0.30	0.25	small real effect	10000	75	0.00160	0.00800	0.99040	0.00040	74.551
97	97	97	291	1.00	0.65	0.40	0.30	0.25	small real effect	10000	76	0.00170	0.00810	0.99020	0.00041	75.541
97	97	97	291	1.00	0.65	0.40	0.30	0.25	small real effect	10000	77	0.00190	0.00810	0.99000	0.00044	76.531
97	97	97	291	1.00	0.65	0.40	0.30	0.25	small real effect	10000	78	0.00210	0.00810	0.98980	0.00046	77.521
97	97	97	291	1.00	0.65	0.40	0.30	0.25	small real effect	10000	79	0.00210	0.00810	0.98980	0.00046	78.511
97	97	97	291	1.00	0.65	0.40	0.30	0.25	small real effect	10000	80	0.00210	0.00810	0.98980	0.00046	79.501
97	97	97	291	1.00	0.65	0.40	0.30	0.25	small real effect	10000	81	0.00220	0.00820	0.98960	0.00047	80.491
97	97	97	291	1.00	0.65	0.40	0.30	0.25	small real effect	10000	82	0.00220	0.00830	0.98950	0.00047	81.480
97	97	97	291	1.00	0.65	0.40	0.30	0.25	small real effect	10000	83	0.00220	0.00830	0.98950	0.00047	82.470
97	97	97	291	1.00	0.65	0.40	0.30	0.25	small real effect	10000	84	0.00230	0.00830	0.98940	0.00048	83.459
97	97	97	291	1.00	0.65	0.40	0.30	0.25	small real effect	10000	85	0.00230	0.00830	0.98940	0.00048	84.449
97	97	97	291	1.00	0.65	0.40	0.30	0.25	small real effect	10000	86	0.00240	0.00830	0.98930	0.00049	85.438
97	97	97	291	1.00	0.65	0.40	0.30	0.25	small real effect	10000	87	0.00250	0.00830	0.98920	0.00050	86.427
97	97	97	291	1.00	0.65	0.40	0.30	0.25	small real effect	10000	88	0.00250	0.00830	0.98920	0.00050	87.417
97	97	97	291	1.00	0.65	0.40	0.30	0.25	small real effect	10000	89	0.00250	0.00830	0.98920	0.00050	88.406
97	97	97	291	1.00	0.65	0.40	0.30	0.25	small real effect	10000	90	0.00250	0.00830	0.98920	0.00050	89.395
97	97	97	291	1.00	0.65	0.40	0.30	0.25	small real effect	10000	91	0.00260	0.00830	0.98910	0.00051	90.384
97	97	97	291	1.00	0.65	0.40	0.30	0.25	small real effect	10000	92	0.00260	0.00830	0.98910	0.00051	91.373
97	97	97	291	1.00	0.65	0.40	0.30	0.25	small real effect	10000	93	0.00270	0.00830	0.98900	0.00052	92.362
97	97	97	291	1.00	0.65	0.40	0.30	0.25	small real effect	10000	94	0.00280	0.00830	0.98890	0.00053	93.351
97	97	97	291	1.00	0.65	0.40	0.30	0.25	small real effect	10000	95	0.00280	0.00830	0.98890	0.00053	94.340
97	97	97	291	1.00	0.65	0.40	0.30	0.25	small real effect	10000	96	0.00290	0.00830	0.98880	0.00054	95.329
97	97	97	291	1.00	0.65	0.40	0.30	0.25	small real effect	10000	97	0.00300	0.00830	0.98870	0.00055	96.318
97	97	97	291	1.00	0.70	0.40	0.30	0.30	real effect	10000	1	0.00000	0.00000	1.00000	0.00000	1.000
97	97	97	291	1.00	0.70	0.40	0.30	0.30	real effect	10000	2	0.00000	0.00000	1.00000	0.00000	2.000
97	97	97	291	1.00	0.70	0.40	0.30	0.30	real effect	10000	3	0.00000	0.00000	1.00000	0.00000	3.000
97	97	97	291	1.00	0.70	0.40	0.30	0.30	real effect	10000	4	0.00000	0.00000	1.00000	0.00000	4.000
97	97	97	291	1.00	0.70	0.40	0.30	0.30	real effect	10000	5	0.00000	0.00000	1.00000	0.00000	5.000
97	97	97	291	1.00	0.70	0.40	0.30	0.30	real effect	10000	6	0.00000	0.00000	1.00000	0.00000	6.000
97	97	97	291	1.00	0.70	0.40	0.30	0.30	real effect	10000	7	0.00000	0.00020	0.99980	0.00000	7.000
97	97	97	291	1.00	0.70	0.40	0.30	0.30	real effect	10000	8	0.00000	0.00020	0.99980	0.00000	8.000
97	97	97	291	1.00	0.70	0.40	0.30	0.30	real effect	10000	9	0.00000	0.00020	0.99980	0.00000	9.000
97	97	97	291	1.00	0.70	0.40	0.30	0.30	real effect	10000	10	0.00000	0.00040	0.99960	0.00000	9.999
97	97	97	291	1.00	0.70	0.40	0.30	0.30	real effect	10000	11	0.00000	0.00060	0.99940	0.00000	10.999
97	97	97	291	1.00	0.70	0.40	0.30	0.30	real effect	10000	12	0.00000	0.00070	0.99930	0.00000	11.998
97	97	97	291	1.00	0.70	0.40	0.30	0.30	real effect	10000	13	0.00000	0.00070	0.99930	0.00000	12.998
97	97	97	291	1.00	0.70	0.40	0.30	0.30	real effect	10000	14	0.00000	0.00090	0.99910	0.00000	13.997
97	97	97	291	1.00	0.70	0.40	0.30	0.30	real effect	10000	15	0.00000	0.00120	0.99880	0.00000	14.996
97	97	97	291	1.00	0.70	0.40	0.30	0.30	real effect	10000	16	0.00000	0.00140	0.99860	0.00000	15.995
97	97	97	291	1.00	0.70	0.40	0.30	0.30	real effect	10000	17	0.00000	0.00140	0.99860	0.00000	16.994
97	97	97	291	1.00	0.70	0.40	0.30	0.30	real effect	10000	18	0.00000	0.00150	0.99850	0.00000	17.992
97	97	97	291	1.00	0.70	0.40	0.30	0.30	real effect	10000	19	0.00000	0.00160	0.99840	0.00000	18.991
97	97	97	291	1.00	0.70	0.40	0.30	0.30	real effect	10000	20	0.00000	0.00160	0.99840	0.00000	19.989
97	97	97	291	1.00	0.70	0.40	0.30	0.30	real effect	10000	21	0.00000	0.00160	0.99840	0.00000	20.987
97	97	97	291	1.00	0.70	0.40	0.30	0.30	real effect	10000	22	0.00000	0.00160	0.99840	0.00000	21.986
97	97	97	291	1.00	0.70	0.40	0.30	0.30	real effect	10000	23	0.00000	0.00160	0.99840	0.00000	22.984
97	97	97	291	1.00	0.70	0.40	0.30	0.30	real effect	10000	24	0.00000	0.00160	0.99840	0.00000	23.983
97	97	97	291	1.00	0.70	0.40	0.30	0.30	real effect	10000	25	0.00000	0.00160	0.99840	0.00000	24.981
97	97	97	291	1.00	0.70	0.40	0.30	0.30	real effect	10000	26	0.00010	0.00160	0.99830	0.00010	25.979
97	97	97	291	1.00	0.70	0.40	0.30	0.30	real effect	10000	27	0.00020	0.00160	0.99820	0.00014	26.978
97	97	97	291	1.00	0.70	0.40	0.30	0.30	real effect	10000	28	0.00020	0.00160	0.99820	0.00014	27.976
97	97	97	291	1.00	0.70	0.40	0.30	0.30	real effect	10000	29	0.00030	0.00160	0.99810	0.00017	28.974
97	97	97	291	1.00	0.70	0.40	0.30	0.30	real effect	10000	30	0.00030	0.00160	0.99810	0.00017	29.972
97	97	97	291	1.00	0.70	0.40	0.30	0.30	real effect	10000	31	0.00030	0.00160	0.99810	0.00017	30.970
97	97	97	291	1.00	0.70	0.40	0.30	0.30	real effect	10000	32	0.00030	0.00160	0.99810	0.00017	31.968
97	97	97	291	1.00	0.70	0.40	0.30	0.30	real effect	10000	33	0.00040	0.00160	0.99800	0.00020	32.967
97	97	97	291	1.00	0.70	0.40	0.30	0.30	real effect	10000	34	0.00060	0.00160	0.99780	0.00024	33.965
97	97	97	291	1.00	0.70	0.40	0.30	0.30	real effect	10000	35	0.00080	0.00160	0.99760	0.00028	34.962
97	97	97	291	1.00	0.70	0.40	0.30	0.30	real effect	10000	36	0.00100	0.00160	0.99740	0.00032	35.960
97	97	97	291	1.00	0.70	0.40	0.30	0.30	real effect	10000	37	0.00100	0.00160	0.99740	0.00032	36.957
97	97	97	291	1.00	0.70	0.40	0.30	0.30	real effect	10000	38	0.00110	0.00160	0.99730	0.00033	37.955
97	97	97	291	1.00	0.70	0.40	0.30	0.30	real effect	10000	39	0.00120	0.00160	0.99720	0.00035	38.952
97	97	97	291	1.00	0.70	0.40	0.30	0.30	real effect	10000	40	0.00120	0.00160	0.99720	0.00035	39.949
97	97	97	291	1.00	0.70	0.40	0.30	0.30	real effect	10000	41	0.00120	0.00160	0.99720	0.00035	40.946
97	97	97	291	1.00	0.70	0.40	0.30	0.30	real effect	10000	42	0.00140	0.00160	0.99700	0.00037	41.944
97	97	97	291	1.00	0.70	0.40	0.30	0.30	real effect	10000	43	0.00150	0.00160	0.99690	0.00039	42.941
97	97	97	291	1.00	0.70	0.40	0.30	0.30	real effect	10000	44	0.00170	0.00160	0.99670	0.00041	43.938
97	97	97	291	1.00	0.70	0.40	0.30	0.30	real effect	10000	45	0.00170	0.00160	0.99670	0.00041	44.934
97	97	97	291	1.00	0.70	0.40	0.30	0.30	real effect	10000	46	0.00200	0.00160	0.99640	0.00045	45.931
97	97	97	291	1.00	0.70	0.40	0.30	0.30	real effect	10000	47	0.00220	0.00170	0.99610	0.00047	46.927
97	97	97	291	1.00	0.70	0.40	0.30	0.30	real effect	10000	48	0.00220	0.00170	0.99610	0.00047	47.923
97	97	97	291	1.00	0.70	0.40	0.30	0.30	real effect	10000	49	0.00220	0.00170	0.99610	0.00047	48.919
97	97	97	291	1.00	0.70	0.40	0.30	0.30	real effect	10000	50	0.00270	0.00170	0.99560	0.00052	49.916
97	97	97	291	1.00	0.70	0.40	0.30	0.30	real effect	10000	51	0.00280	0.00170	0.99550	0.00053	50.911
97	97	97	291	1.00	0.70	0.40	0.30	0.30	real effect	10000	52	0.00300	0.00170	0.99530	0.00055	51.907
97	97	97	291	1.00	0.70	0.40	0.30	0.30	real effect	10000	53	0.00350	0.00170	0.99480	0.00059	52.902
97	97	97	291	1.00	0.70	0.40	0.30	0.30	real effect	10000	54	0.00360	0.00170	0.99470	0.00060	53.897
97	97	97	291	1.00	0.70	0.40	0.30	0.30	real effect	10000	55	0.00410	0.00170	0.99420	0.00064	54.892
97	97	97	291	1.00	0.70	0.40	0.30	0.30	real effect	10000	56	0.00460	0.00180	0.99360	0.00068	55.886
97	97	97	291	1.00	0.70	0.40	0.30	0.30	real effect	10000	57	0.00470	0.00180	0.99350	0.00068	56.879
97	97	97	291	1.00	0.70	0.40	0.30	0.30	real effect	10000	58	0.00490	0.00180	0.99330	0.00070	57.873
97	97	97	291	1.00	0.70	0.40	0.30	0.30	real effect	10000	59	0.00530	0.00180	0.99290	0.00073	58.866
97	97	97	291	1.00	0.70	0.40	0.30	0.30	real effect	10000	60	0.00540	0.00180	0.99280	0.00073	59.859
97	97	97	291	1.00	0.70	0.40	0.30	0.30	real effect	10000	61	0.00570	0.00180	0.99250	0.00075	60.852
97	97	97	291	1.00	0.70	0.40	0.30	0.30	real effect	10000	62	0.00590	0.00180	0.99230	0.00077	61.844
97	97	97	291	1.00	0.70	0.40	0.30	0.30	real effect	10000	63	0.00650	0.00180	0.99170	0.00080	62.837
97	97	97	291	1.00	0.70	0.40	0.30	0.30	real effect	10000	64	0.00680	0.00180	0.99140	0.00082	63.828
97	97	97	291	1.00	0.70	0.40	0.30	0.30	real effect	10000	65	0.00700	0.00180	0.99120	0.00083	64.820
97	97	97	291	1.00	0.70	0.40	0.30	0.30	real effect	10000	66	0.00720	0.00180	0.99100	0.00085	65.811
97	97	97	291	1.00	0.70	0.40	0.30	0.30	real effect	10000	67	0.00780	0.00180	0.99040	0.00088	66.802
97	97	97	291	1.00	0.70	0.40	0.30	0.30	real effect	10000	68	0.00800	0.00180	0.99020	0.00089	67.792
97	97	97	291	1.00	0.70	0.40	0.30	0.30	real effect	10000	69	0.00860	0.00180	0.98960	0.00092	68.782
97	97	97	291	1.00	0.70	0.40	0.30	0.30	real effect	10000	70	0.00930	0.00180	0.98890	0.00096	69.772
97	97	97	291	1.00	0.70	0.40	0.30	0.30	real effect	10000	71	0.00990	0.00180	0.98830	0.00099	70.761
97	97	97	291	1.00	0.70	0.40	0.30	0.30	real effect	10000	72	0.01000	0.00180	0.98820	0.00099	71.749
97	97	97	291	1.00	0.70	0.40	0.30	0.30	real effect	10000	73	0.01060	0.00180	0.98760	0.00102	72.737
97	97	97	291	1.00	0.70	0.40	0.30	0.30	real effect	10000	74	0.01120	0.00190	0.98690	0.00105	73.725
97	97	97	291	1.00	0.70	0.40	0.30	0.30	real effect	10000	75	0.01160	0.00190	0.98650	0.00107	74.712
97	97	97	291	1.00	0.70	0.40	0.30	0.30	real effect	10000	76	0.01180	0.00190	0.98630	0.00108	75.698
97	97	97	291	1.00	0.70	0.40	0.30	0.30	real effect	10000	77	0.01210	0.00190	0.98600	0.00109	76.685
97	97	97	291	1.00	0.70	0.40	0.30	0.30	real effect	10000	78	0.01240	0.00190	0.98570	0.00111	77.671
97	97	97	291	1.00	0.70	0.40	0.30	0.30	real effect	10000	79	0.01270	0.00190	0.98540	0.00112	78.656
97	97	97	291	1.00	0.70	0.40	0.30	0.30	real effect	10000	80	0.01320	0.00190	0.98490	0.00114	79.642
97	97	97	291	1.00	0.70	0.40	0.30	0.30	real effect	10000	81	0.01360	0.00190	0.98450	0.00116	80.627
97	97	97	291	1.00	0.70	0.40	0.30	0.30	real effect	10000	82	0.01400	0.00190	0.98410	0.00117	81.611
97	97	97	291	1.00	0.70	0.40	0.30	0.30	real effect	10000	83	0.01440	0.00190	0.98370	0.00119	82.595
97	97	97	291	1.00	0.70	0.40	0.30	0.30	real effect	10000	84	0.01480	0.00190	0.98330	0.00121	83.579
97	97	97	291	1.00	0.70	0.40	0.30	0.30	real effect	10000	85	0.01510	0.00190	0.98300	0.00122	84.562
97	97	97	291	1.00	0.70	0.40	0.30	0.30	real effect	10000	86	0.01510	0.00190	0.98300	0.00122	85.545
97	97	97	291	1.00	0.70	0.40	0.30	0.30	real effect	10000	87	0.01540	0.00190	0.98270	0.00123	86.528
97	97	97	291	1.00	0.70	0.40	0.30	0.30	real effect	10000	88	0.01560	0.00190	0.98250	0.00124	87.511
97	97	97	291	1.00	0.70	0.40	0.30	0.30	real effect	10000	89	0.01600	0.00190	0.98210	0.00125	88.494
97	97	97	291	1.00	0.70	0.40	0.30	0.30	real effect	10000	90	0.01680	0.00190	0.98130	0.00129	89.476
97	97	97	291	1.00	0.70	0.40	0.30	0.30	real effect	10000	91	0.01730	0.00190	0.98080	0.00130	90.457
97	97	97	291	1.00	0.70	0.40	0.30	0.30	real effect	10000	92	0.01770	0.00190	0.98040	0.00132	91.438
97	97	97	291	1.00	0.70	0.40	0.30	0.30	real effect	10000	93	0.01810	0.00190	0.98000	0.00133	92.418
97	97	97	291	1.00	0.70	0.40	0.30	0.30	real effect	10000	94	0.01850	0.00190	0.97960	0.00135	93.398
97	97	97	291	1.00	0.70	0.40	0.30	0.30	real effect	10000	95	0.01900	0.00190	0.97910	0.00137	94.378
97	97	97	291	1.00	0.70	0.40	0.30	0.30	real effect	10000	96	0.01930	0.00190	0.97880	0.00138	95.357
97	97	97	291	1.00	0.70	0.40	0.30	0.30	real effect	10000	97	0.01970	0.00190	0.97840	0.00139	96.336
97	97	97	291	1.00	0.75	0.40	0.30	0.35	real effect	10000	1	0.00000	0.00000	1.00000	0.00000	1.000
97	97	97	291	1.00	0.75	0.40	0.30	0.35	real effect	10000	2	0.00000	0.00000	1.00000	0.00000	2.000
97	97	97	291	1.00	0.75	0.40	0.30	0.35	real effect	10000	3	0.00000	0.00000	1.00000	0.00000	3.000
97	97	97	291	1.00	0.75	0.40	0.30	0.35	real effect	10000	4	0.00000	0.00000	1.00000	0.00000	4.000
97	97	97	291	1.00	0.75	0.40	0.30	0.35	real effect	10000	5	0.00000	0.00000	1.00000	0.00000	5.000
97	97	97	291	1.00	0.75	0.40	0.30	0.35	real effect	10000	6	0.00000	0.00000	1.00000	0.00000	6.000
97	97	97	291	1.00	0.75	0.40	0.30	0.35	real effect	10000	7	0.00000	0.00000	1.00000	0.00000	7.000
97	97	97	291	1.00	0.75	0.40	0.30	0.35	real effect	10000	8	0.00000	0.00000	1.00000	0.00000	8.000
97	97	97	291	1.00	0.75	0.40	0.30	0.35	real effect	10000	9	0.00000	0.00000	1.00000	0.00000	9.000
97	97	97	291	1.00	0.75	0.40	0.30	0.35	real effect	10000	10	0.00000	0.00020	0.99980	0.00000	10.000
97	97	97	291	1.00	0.75	0.40	0.30	0.35	real effect	10000	11	0.00000	0.00050	0.99950	0.00000	11.000
97	97	97	291	1.00	0.75	0.40	0.30	0.35	real effect	10000	12	0.00000	0.00060	0.99940	0.00000	11.999
97	97	97	291	1.00	0.75	0.40	0.30	0.35	real effect	10000	13	0.00000	0.00060	0.99940	0.00000	12.999
97	97	97	291	1.00	0.75	0.40	0.30	0.35	real effect	10000	14	0.00000	0.00070	0.99930	0.00000	13.998
97	97	97	291	1.00	0.75	0.40	0.30	0.35	real effect	10000	15	0.00000	0.00090	0.99910	0.00000	14.997
97	97	97	291	1.00	0.75	0.40	0.30	0.35	real effect	10000	16	0.00000	0.00100	0.99900	0.00000	15.996
97	97	97	291	1.00	0.75	0.40	0.30	0.35	real effect	10000	17	0.00000	0.00110	0.99890	0.00000	16.995
97	97	97	291	1.00	0.75	0.40	0.30	0.35	real effect	10000	18	0.00000	0.00110	0.99890	0.00000	17.994
97	97	97	291	1.00	0.75	0.40	0.30	0.35	real effect	10000	19	0.00000	0.00110	0.99890	0.00000	18.993
97	97	97	291	1.00	0.75	0.40	0.30	0.35	real effect	10000	20	0.00000	0.00110	0.99890	0.00000	19.992
97	97	97	291	1.00	0.75	0.40	0.30	0.35	real effect	10000	21	0.00000	0.00110	0.99890	0.00000	20.991
97	97	97	291	1.00	0.75	0.40	0.30	0.35	real effect	10000	22	0.00000	0.00110	0.99890	0.00000	21.990
97	97	97	291	1.00	0.75	0.40	0.30	0.35	real effect	10000	23	0.00000	0.00110	0.99890	0.00000	22.989
97	97	97	291	1.00	0.75	0.40	0.30	0.35	real effect	10000	24	0.00020	0.00110	0.99870	0.00014	23.988
97	97	97	291	1.00	0.75	0.40	0.30	0.35	real effect	10000	25	0.00030	0.00110	0.99860	0.00017	24.986
97	97	97	291	1.00	0.75	0.40	0.30	0.35	real effect	10000	26	0.00040	0.00110	0.99850	0.00020	25.985
97	97	97	291	1.00	0.75	0.40	0.30	0.35	real effect	10000	27	0.00080	0.00130	0.99790	0.00028	26.984
97	97	97	291	1.00	0.75	0.40	0.30	0.35	real effect	10000	28	0.00120	0.00130	0.99750	0.00035	27.982
97	97	97	291	1.00	0.75	0.40	0.30	0.35	real effect	10000	29	0.00120	0.00130	0.99750	0.00035	28.979
97	97	97	291	1.00	0.75	0.40	0.30	0.35	real effect	10000	30	0.00120	0.00130	0.99750	0.00035	29.977
97	97	97	291	1.00	0.75	0.40	0.30	0.35	real effect	10000	31	0.00150	0.00130	0.99720	0.00039	30.974
97	97	97	291	1.00	0.75	0.40	0.30	0.35	real effect	10000	32	0.00160	0.00130	0.99710	0.00040	31.971
97	97	97	291	1.00	0.75	0.40	0.30	0.35	real effect	10000	33	0.00230	0.00130	0.99640	0.00048	32.968
97	97	97	291	1.00	0.75	0.40	0.30	0.35	real effect	10000	34	0.00290	0.00130	0.99580	0.00054	33.965
97	97	97	291	1.00	0.75	0.40	0.30	0.35	real effect	10000	35	0.00330	0.00130	0.99540	0.00057	34.961
97	97	97	291	1.00	0.75	0.40	0.30	0.35	real effect	10000	36	0.00370	0.00130	0.99500	0.00061	35.956
97	97	97	291	1.00	0.75	0.40	0.30	0.35	real effect	10000	37	0.00460	0.00130	0.99410	0.00068	36.951
97	97	97	291	1.00	0.75	0.40	0.30	0.35	real effect	10000	38	0.00490	0.00130	0.99380	0.00070	37.945
97	97	97	291	1.00	0.75	0.40	0.30	0.35	real effect	10000	39	0.00540	0.00130	0.99330	0.00073	38.939
97	97	97	291	1.00	0.75	0.40	0.30	0.35	real effect	10000	40	0.00610	0.00130	0.99260	0.00078	39.932
97	97	97	291	1.00	0.75	0.40	0.30	0.35	real effect	10000	41	0.00700	0.00130	0.99170	0.00083	40.925
97	97	97	291	1.00	0.75	0.40	0.30	0.35	real effect	10000	42	0.00780	0.00130	0.99090	0.00088	41.916
97	97	97	291	1.00	0.75	0.40	0.30	0.35	real effect	10000	43	0.00880	0.00130	0.98990	0.00093	42.907
97	97	97	291	1.00	0.75	0.40	0.30	0.35	real effect	10000	44	0.00930	0.00130	0.98940	0.00096	43.897
97	97	97	291	1.00	0.75	0.40	0.30	0.35	real effect	10000	45	0.01030	0.00130	0.98840	0.00101	44.887
97	97	97	291	1.00	0.75	0.40	0.30	0.35	real effect	10000	46	0.01170	0.00130	0.98700	0.00108	45.875
97	97	97	291	1.00	0.75	0.40	0.30	0.35	real effect	10000	47	0.01270	0.00130	0.98600	0.00112	46.862
97	97	97	291	1.00	0.75	0.40	0.30	0.35	real effect	10000	48	0.01370	0.00130	0.98500	0.00116	47.848
97	97	97	291	1.00	0.75	0.40	0.30	0.35	real effect	10000	49	0.01430	0.00130	0.98440	0.00119	48.833
97	97	97	291	1.00	0.75	0.40	0.30	0.35	real effect	10000	50	0.01530	0.00130	0.98340	0.00123	49.817
97	97	97	291	1.00	0.75	0.40	0.30	0.35	real effect	10000	51	0.01680	0.00130	0.98190	0.00129	50.801
97	97	97	291	1.00	0.75	0.40	0.30	0.35	real effect	10000	52	0.01750	0.00130	0.98120	0.00131	51.783
97	97	97	291	1.00	0.75	0.40	0.30	0.35	real effect	10000	53	0.01880	0.00130	0.97990	0.00136	52.764
97	97	97	291	1.00	0.75	0.40	0.30	0.35	real effect	10000	54	0.01960	0.00130	0.97910	0.00139	53.744
97	97	97	291	1.00	0.75	0.40	0.30	0.35	real effect	10000	55	0.02100	0.00130	0.97770	0.00143	54.723
97	97	97	291	1.00	0.75	0.40	0.30	0.35	real effect	10000	56	0.02160	0.00130	0.97710	0.00145	55.701
97	97	97	291	1.00	0.75	0.40	0.30	0.35	real effect	10000	57	0.02250	0.00130	0.97620	0.00148	56.678
97	97	97	291	1.00	0.75	0.40	0.30	0.35	real effect	10000	58	0.02350	0.00130	0.97520	0.00151	57.654
97	97	97	291	1.00	0.75	0.40	0.30	0.35	real effect	10000	59	0.02540	0.00130	0.97330	0.00157	58.629
97	97	97	291	1.00	0.75	0.40	0.30	0.35	real effect	10000	60	0.02690	0.00130	0.97180	0.00162	59.602
97	97	97	291	1.00	0.75	0.40	0.30	0.35	real effect	10000	61	0.02800	0.00130	0.97070	0.00165	60.574
97	97	97	291	1.00	0.75	0.40	0.30	0.35	real effect	10000	62	0.03010	0.00130	0.96860	0.00171	61.545
97	97	97	291	1.00	0.75	0.40	0.30	0.35	real effect	10000	63	0.03150	0.00130	0.96720	0.00175	62.514
97	97	97	291	1.00	0.75	0.40	0.30	0.35	real effect	10000	64	0.03330	0.00130	0.96540	0.00179	63.481
97	97	97	291	1.00	0.75	0.40	0.30	0.35	real effect	10000	65	0.03500	0.00130	0.96370	0.00184	64.446
97	97	97	291	1.00	0.75	0.40	0.30	0.35	real effect	10000	66	0.03640	0.00130	0.96230	0.00187	65.410
97	97	97	291	1.00	0.75	0.40	0.30	0.35	real effect	10000	67	0.03820	0.00130	0.96050	0.00192	66.372
97	97	97	291	1.00	0.75	0.40	0.30	0.35	real effect	10000	68	0.04010	0.00130	0.95860	0.00196	67.333
97	97	97	291	1.00	0.75	0.40	0.30	0.35	real effect	10000	69	0.04150	0.00130	0.95720	0.00199	68.291
97	97	97	291	1.00	0.75	0.40	0.30	0.35	real effect	10000	70	0.04320	0.00130	0.95550	0.00203	69.248
97	97	97	291	1.00	0.75	0.40	0.30	0.35	real effect	10000	71	0.04520	0.00130	0.95350	0.00208	70.204
97	97	97	291	1.00	0.75	0.40	0.30	0.35	real effect	10000	72	0.04680	0.00130	0.95190	0.00211	71.157
97	97	97	291	1.00	0.75	0.40	0.30	0.35	real effect	10000	73	0.04860	0.00130	0.95010	0.00215	72.109
97	97	97	291	1.00	0.75	0.40	0.30	0.35	real effect	10000	74	0.05090	0.00130	0.94780	0.00220	73.059
97	97	97	291	1.00	0.75	0.40	0.30	0.35	real effect	10000	75	0.05280	0.00130	0.94590	0.00224	74.007
97	97	97	291	1.00	0.75	0.40	0.30	0.35	real effect	10000	76	0.05430	0.00130	0.94440	0.00227	74.953
97	97	97	291	1.00	0.75	0.40	0.30	0.35	real effect	10000	77	0.05620	0.00130	0.94250	0.00230	75.897
97	97	97	291	1.00	0.75	0.40	0.30	0.35	real effect	10000	78	0.05740	0.00130	0.94130	0.00233	76.840
97	97	97	291	1.00	0.75	0.40	0.30	0.35	real effect	10000	79	0.05910	0.00130	0.93960	0.00236	77.781
97	97	97	291	1.00	0.75	0.40	0.30	0.35	real effect	10000	80	0.06030	0.00130	0.93840	0.00238	78.721
97	97	97	291	1.00	0.75	0.40	0.30	0.35	real effect	10000	81	0.06300	0.00130	0.93570	0.00243	79.659
97	97	97	291	1.00	0.75	0.40	0.30	0.35	real effect	10000	82	0.06410	0.00130	0.93460	0.00245	80.595
97	97	97	291	1.00	0.75	0.40	0.30	0.35	real effect	10000	83	0.06640	0.00130	0.93230	0.00249	81.530
97	97	97	291	1.00	0.75	0.40	0.30	0.35	real effect	10000	84	0.06930	0.00130	0.92940	0.00254	82.462
97	97	97	291	1.00	0.75	0.40	0.30	0.35	real effect	10000	85	0.07210	0.00130	0.92660	0.00259	83.391
97	97	97	291	1.00	0.75	0.40	0.30	0.35	real effect	10000	86	0.07420	0.00130	0.92450	0.00262	84.318
97	97	97	291	1.00	0.75	0.40	0.30	0.35	real effect	10000	87	0.07590	0.00130	0.92280	0.00265	85.242
97	97	97	291	1.00	0.75	0.40	0.30	0.35	real effect	10000	88	0.07840	0.00130	0.92030	0.00269	86.165
97	97	97	291	1.00	0.75	0.40	0.30	0.35	real effect	10000	89	0.08040	0.00130	0.91830	0.00272	87.085
97	97	97	291	1.00	0.75	0.40	0.30	0.35	real effect	10000	90	0.08290	0.00130	0.91580	0.00276	88.004
97	97	97	291	1.00	0.75	0.40	0.30	0.35	real effect	10000	91	0.08550	0.00130	0.91320	0.00280	88.920
97	97	97	291	1.00	0.75	0.40	0.30	0.35	real effect	10000	92	0.08780	0.00130	0.91090	0.00283	89.833
97	97	97	291	1.00	0.75	0.40	0.30	0.35	real effect	10000	93	0.09040	0.00130	0.90830	0.00287	90.744
97	97	97	291	1.00	0.75	0.40	0.30	0.35	real effect	10000	94	0.09270	0.00130	0.90600	0.00290	91.652
97	97	97	291	1.00	0.75	0.40	0.30	0.35	real effect	10000	95	0.09410	0.00130	0.90460	0.00292	92.558
97	97	97	291	1.00	0.75	0.40	0.30	0.35	real effect	10000	96	0.09570	0.00130	0.90300	0.00294	93.463
97	97	97	291	1.00	0.75	0.40	0.30	0.35	real effect	10000	97	0.09840	0.00130	0.90030	0.00298	94.366
97	97	97	291	1.00	0.80	0.40	0.30	0.40	real effect	10000	1	0.00000	0.00000	1.00000	0.00000	1.000
97	97	97	291	1.00	0.80	0.40	0.30	0.40	real effect	10000	2	0.00000	0.00000	1.00000	0.00000	2.000
97	97	97	291	1.00	0.80	0.40	0.30	0.40	real effect	10000	3	0.00000	0.00000	1.00000	0.00000	3.000
97	97	97	291	1.00	0.80	0.40	0.30	0.40	real effect	10000	4	0.00000	0.00000	1.00000	0.00000	4.000
97	97	97	291	1.00	0.80	0.40	0.30	0.40	real effect	10000	5	0.00000	0.00000	1.00000	0.00000	5.000
97	97	97	291	1.00	0.80	0.40	0.30	0.40	real effect	10000	6	0.00000	0.00000	1.00000	0.00000	6.000
97	97	97	291	1.00	0.80	0.40	0.30	0.40	real effect	10000	7	0.00000	0.00000	1.00000	0.00000	7.000
97	97	97	291	1.00	0.80	0.40	0.30	0.40	real effect	10000	8	0.00000	0.00000	1.00000	0.00000	8.000
97	97	97	291	1.00	0.80	0.40	0.30	0.40	real effect	10000	9	0.00000	0.00000	1.00000	0.00000	9.000
97	97	97	291	1.00	0.80	0.40	0.30	0.40	real effect	10000	10	0.00000	0.00000	1.00000	0.00000	10.000
97	97	97	291	1.00	0.80	0.40	0.30	0.40	real effect	10000	11	0.00000	0.00000	1.00000	0.00000	11.000
97	97	97	291	1.00	0.80	0.40	0.30	0.40	real effect	10000	12	0.00000	0.00000	1.00000	0.00000	12.000
97	97	97	291	1.00	0.80	0.40	0.30	0.40	real effect	10000	13	0.00000	0.00000	1.00000	0.00000	13.000
97	97	97	291	1.00	0.80	0.40	0.30	0.40	real effect	10000	14	0.00000	0.00010	0.99990	0.00000	14.000
97	97	97	291	1.00	0.80	0.40	0.30	0.40	real effect	10000	15	0.00000	0.00020	0.99980	0.00000	15.000
97	97	97	291	1.00	0.80	0.40	0.30	0.40	real effect	10000	16	0.00000	0.00020	0.99980	0.00000	16.000
97	97	97	291	1.00	0.80	0.40	0.30	0.40	real effect	10000	17	0.00000	0.00020	0.99980	0.00000	17.000
97	97	97	291	1.00	0.80	0.40	0.30	0.40	real effect	10000	18	0.00000	0.00020	0.99980	0.00000	17.999
97	97	97	291	1.00	0.80	0.40	0.30	0.40	real effect	10000	19	0.00000	0.00030	0.99970	0.00000	18.999
97	97	97	291	1.00	0.80	0.40	0.30	0.40	real effect	10000	20	0.00000	0.00030	0.99970	0.00000	19.999
97	97	97	291	1.00	0.80	0.40	0.30	0.40	real effect	10000	21	0.00000	0.00030	0.99970	0.00000	20.998
97	97	97	291	1.00	0.80	0.40	0.30	0.40	real effect	10000	22	0.00000	0.00030	0.99970	0.00000	21.998
97	97	97	291	1.00	0.80	0.40	0.30	0.40	real effect	10000	23	0.00030	0.00030	0.99940	0.00017	22.998
97	97	97	291	1.00	0.80	0.40	0.30	0.40	real effect	10000	24	0.00070	0.00030	0.99900	0.00026	23.997
97	97	97	291	1.00	0.80	0.40	0.30	0.40	real effect	10000	25	0.00090	0.00030	0.99880	0.00030	24.996
97	97	97	291	1.00	0.80	0.40	0.30	0.40	real effect	10000	26	0.00130	0.00030	0.99840	0.00036	25.995
97	97	97	291	1.00	0.80	0.40	0.30	0.40	real effect	10000	27	0.00170	0.00030	0.99800	0.00041	26.994
97	97	97	291	1.00	0.80	0.40	0.30	0.40	real effect	10000	28	0.00230	0.00030	0.99740	0.00048	27.991
97	97	97	291	1.00	0.80	0.40	0.30	0.40	real effect	10000	29	0.00280	0.00030	0.99690	0.00053	28.989
97	97	97	291	1.00	0.80	0.40	0.30	0.40	real effect	10000	30	0.00340	0.00030	0.99630	0.00058	29.986
97	97	97	291	1.00	0.80	0.40	0.30	0.40	real effect	10000	31	0.00420	0.00030	0.99550	0.00065	30.982
97	97	97	291	1.00	0.80	0.40	0.30	0.40	real effect	10000	32	0.00540	0.00030	0.99430	0.00073	31.978
97	97	97	291	1.00	0.80	0.40	0.30	0.40	real effect	10000	33	0.00660	0.00030	0.99310	0.00081	32.972
97	97	97	291	1.00	0.80	0.40	0.30	0.40	real effect	10000	34	0.00860	0.00030	0.99110	0.00092	33.965
97	97	97	291	1.00	0.80	0.40	0.30	0.40	real effect	10000	35	0.00960	0.00030	0.99010	0.00098	34.956
97	97	97	291	1.00	0.80	0.40	0.30	0.40	real effect	10000	36	0.01130	0.00030	0.98840	0.00106	35.946
97	97	97	291	1.00	0.80	0.40	0.30	0.40	real effect	10000	37	0.01350	0.00030	0.98620	0.00115	36.935
97	97	97	291	1.00	0.80	0.40	0.30	0.40	real effect	10000	38	0.01550	0.00030	0.98420	0.00124	37.921
97	97	97	291	1.00	0.80	0.40	0.30	0.40	real effect	10000	39	0.01700	0.00030	0.98270	0.00129	38.905
97	97	97	291	1.00	0.80	0.40	0.30	0.40	real effect	10000	40	0.01910	0.00030	0.98060	0.00137	39.888
97	97	97	291	1.00	0.80	0.40	0.30	0.40	real effect	10000	41	0.02160	0.00030	0.97810	0.00145	40.868
97	97	97	291	1.00	0.80	0.40	0.30	0.40	real effect	10000	42	0.02400	0.00030	0.97570	0.00153	41.846
97	97	97	291	1.00	0.80	0.40	0.30	0.40	real effect	10000	43	0.02630	0.00030	0.97340	0.00160	42.822
97	97	97	291	1.00	0.80	0.40	0.30	0.40	real effect	10000	44	0.02980	0.00030	0.96990	0.00170	43.795
97	97	97	291	1.00	0.80	0.40	0.30	0.40	real effect	10000	45	0.03280	0.00030	0.96690	0.00178	44.765
97	97	97	291	1.00	0.80	0.40	0.30	0.40	real effect	10000	46	0.03690	0.00030	0.96280	0.00189	45.732
97	97	97	291	1.00	0.80	0.40	0.30	0.40	real effect	10000	47	0.04010	0.00030	0.95960	0.00196	46.695
97	97	97	291	1.00	0.80	0.40	0.30	0.40	real effect	10000	48	0.04380	0.00030	0.95590	0.00205	47.655
97	97	97	291	1.00	0.80	0.40	0.30	0.40	real effect	10000	49	0.04760	0.00030	0.95210	0.00213	48.611
97	97	97	291	1.00	0.80	0.40	0.30	0.40	real effect	10000	50	0.05280	0.00030	0.94690	0.00224	49.563
97	97	97	291	1.00	0.80	0.40	0.30	0.40	real effect	10000	51	0.05610	0.00030	0.94360	0.00230	50.510
97	97	97	291	1.00	0.80	0.40	0.30	0.40	real effect	10000	52	0.06000	0.00030	0.93970	0.00237	51.453
97	97	97	291	1.00	0.80	0.40	0.30	0.40	real effect	10000	53	0.06570	0.00030	0.93400	0.00248	52.393
97	97	97	291	1.00	0.80	0.40	0.30	0.40	real effect	10000	54	0.06970	0.00030	0.93000	0.00255	53.327
97	97	97	291	1.00	0.80	0.40	0.30	0.40	real effect	10000	55	0.07390	0.00030	0.92580	0.00262	54.257
97	97	97	291	1.00	0.80	0.40	0.30	0.40	real effect	10000	56	0.07880	0.00030	0.92090	0.00269	55.183
97	97	97	291	1.00	0.80	0.40	0.30	0.40	real effect	10000	57	0.08330	0.00030	0.91640	0.00276	56.104
97	97	97	291	1.00	0.80	0.40	0.30	0.40	real effect	10000	58	0.08770	0.00030	0.91200	0.00283	57.020
97	97	97	291	1.00	0.80	0.40	0.30	0.40	real effect	10000	59	0.09270	0.00030	0.90700	0.00290	57.932
97	97	97	291	1.00	0.80	0.40	0.30	0.40	real effect	10000	60	0.09860	0.00030	0.90110	0.00298	58.839
97	97	97	291	1.00	0.80	0.40	0.30	0.40	real effect	10000	61	0.10310	0.00030	0.89660	0.00304	59.740
97	97	97	291	1.00	0.80	0.40	0.30	0.40	real effect	10000	62	0.10820	0.00030	0.89150	0.00311	60.637
97	97	97	291	1.00	0.80	0.40	0.30	0.40	real effect	10000	63	0.11380	0.00030	0.88590	0.00318	61.528
97	97	97	291	1.00	0.80	0.40	0.30	0.40	real effect	10000	64	0.12030	0.00030	0.87940	0.00325	62.414
97	97	97	291	1.00	0.80	0.40	0.30	0.40	real effect	10000	65	0.12640	0.00030	0.87330	0.00332	63.294
97	97	97	291	1.00	0.80	0.40	0.30	0.40	real effect	10000	66	0.13230	0.00030	0.86740	0.00339	64.167
97	97	97	291	1.00	0.80	0.40	0.30	0.40	real effect	10000	67	0.13810	0.00030	0.86160	0.00345	65.034
97	97	97	291	1.00	0.80	0.40	0.30	0.40	real effect	10000	68	0.14320	0.00030	0.85650	0.00350	65.896
97	97	97	291	1.00	0.80	0.40	0.30	0.40	real effect	10000	69	0.14870	0.00030	0.85100	0.00356	66.752
97	97	97	291	1.00	0.80	0.40	0.30	0.40	real effect	10000	70	0.15390	0.00030	0.84580	0.00361	67.603
97	97	97	291	1.00	0.80	0.40	0.30	0.40	real effect	10000	71	0.16000	0.00030	0.83970	0.00367	68.449
97	97	97	291	1.00	0.80	0.40	0.30	0.40	real effect	10000	72	0.16450	0.00030	0.83520	0.00371	69.289
97	97	97	291	1.00	0.80	0.40	0.30	0.40	real effect	10000	73	0.17080	0.00030	0.82890	0.00376	70.124
97	97	97	291	1.00	0.80	0.40	0.30	0.40	real effect	10000	74	0.17660	0.00030	0.82310	0.00381	70.953
97	97	97	291	1.00	0.80	0.40	0.30	0.40	real effect	10000	75	0.18260	0.00030	0.81710	0.00386	71.776
97	97	97	291	1.00	0.80	0.40	0.30	0.40	real effect	10000	76	0.18830	0.00030	0.81140	0.00391	72.593
97	97	97	291	1.00	0.80	0.40	0.30	0.40	real effect	10000	77	0.19440	0.00030	0.80530	0.00396	73.404
97	97	97	291	1.00	0.80	0.40	0.30	0.40	real effect	10000	78	0.20050	0.00030	0.79920	0.00400	74.210
97	97	97	291	1.00	0.80	0.40	0.30	0.40	real effect	10000	79	0.20610	0.00030	0.79360	0.00405	75.009
97	97	97	291	1.00	0.80	0.40	0.30	0.40	real effect	10000	80	0.21360	0.00030	0.78610	0.00410	75.803
97	97	97	291	1.00	0.80	0.40	0.30	0.40	real effect	10000	81	0.22030	0.00030	0.77940	0.00414	76.589
97	97	97	291	1.00	0.80	0.40	0.30	0.40	real effect	10000	82	0.22730	0.00030	0.77240	0.00419	77.368
97	97	97	291	1.00	0.80	0.40	0.30	0.40	real effect	10000	83	0.23400	0.00030	0.76570	0.00423	78.141
97	97	97	291	1.00	0.80	0.40	0.30	0.40	real effect	10000	84	0.23890	0.00030	0.76080	0.00426	78.906
97	97	97	291	1.00	0.80	0.40	0.30	0.40	real effect	10000	85	0.24490	0.00030	0.75480	0.00430	79.667
97	97	97	291	1.00	0.80	0.40	0.30	0.40	real effect	10000	86	0.25180	0.00030	0.74790	0.00434	80.422
97	97	97	291	1.00	0.80	0.40	0.30	0.40	real effect	10000	87	0.25660	0.00030	0.74310	0.00437	81.170
97	97	97	291	1.00	0.80	0.40	0.30	0.40	real effect	10000	88	0.26400	0.00030	0.73570	0.00441	81.913
97	97	97	291	1.00	0.80	0.40	0.30	0.40	real effect	10000	89	0.27020	0.00030	0.72950	0.00444	82.648
97	97	97	291	1.00	0.80	0.40	0.30	0.40	real effect	10000	90	0.27610	0.00030	0.72360	0.00447	83.378
97	97	97	291	1.00	0.80	0.40	0.30	0.40	real effect	10000	91	0.28260	0.00030	0.71710	0.00450	84.102
97	97	97	291	1.00	0.80	0.40	0.30	0.40	real effect	10000	92	0.28800	0.00030	0.71170	0.00453	84.819
97	97	97	291	1.00	0.80	0.40	0.30	0.40	real effect	10000	93	0.29410	0.00030	0.70560	0.00456	85.530
97	97	97	291	1.00	0.80	0.40	0.30	0.40	real effect	10000	94	0.30050	0.00030	0.69920	0.00458	86.236
97	97	97	291	1.00	0.80	0.40	0.30	0.40	real effect	10000	95	0.30770	0.00030	0.69200	0.00462	86.935
97	97	97	291	1.00	0.80	0.40	0.30	0.40	real effect	10000	96	0.31470	0.00030	0.68500	0.00464	87.627
97	97	97	291	1.00	0.80	0.40	0.30	0.40	real effect	10000	97	0.32110	0.00030	0.67860	0.00467	88.312
97	97	97	291	1.00	0.60	0.40	0.35	0.20	calibration	10000	1	0.00000	0.00000	1.00000	0.00000	1.000
97	97	97	291	1.00	0.60	0.40	0.35	0.20	calibration	10000	2	0.00000	0.00000	1.00000	0.00000	2.000
97	97	97	291	1.00	0.60	0.40	0.35	0.20	calibration	10000	3	0.00000	0.00000	1.00000	0.00000	3.000
97	97	97	291	1.00	0.60	0.40	0.35	0.20	calibration	10000	4	0.00000	0.00000	1.00000	0.00000	4.000
97	97	97	291	1.00	0.60	0.40	0.35	0.20	calibration	10000	5	0.00000	0.00000	1.00000	0.00000	5.000
97	97	97	291	1.00	0.60	0.40	0.35	0.20	calibration	10000	6	0.00000	0.00000	1.00000	0.00000	6.000
97	97	97	291	1.00	0.60	0.40	0.35	0.20	calibration	10000	7	0.00000	0.00060	0.99940	0.00000	7.000
97	97	97	291	1.00	0.60	0.40	0.35	0.20	calibration	10000	8	0.00000	0.00090	0.99910	0.00000	7.999
97	97	97	291	1.00	0.60	0.40	0.35	0.20	calibration	10000	9	0.00000	0.00110	0.99890	0.00000	8.998
97	97	97	291	1.00	0.60	0.40	0.35	0.20	calibration	10000	10	0.00000	0.00190	0.99810	0.00000	9.997
97	97	97	291	1.00	0.60	0.40	0.35	0.20	calibration	10000	11	0.00000	0.00350	0.99650	0.00000	10.995
97	97	97	291	1.00	0.60	0.40	0.35	0.20	calibration	10000	12	0.00000	0.00390	0.99610	0.00000	11.992
97	97	97	291	1.00	0.60	0.40	0.35	0.20	calibration	10000	13	0.00000	0.00440	0.99560	0.00000	12.988
97	97	97	291	1.00	0.60	0.40	0.35	0.20	calibration	10000	14	0.00000	0.00610	0.99390	0.00000	13.984
97	97	97	291	1.00	0.60	0.40	0.35	0.20	calibration	10000	15	0.00000	0.00730	0.99270	0.00000	14.978
97	97	97	291	1.00	0.60	0.40	0.35	0.20	calibration	10000	16	0.00000	0.00810	0.99190	0.00000	15.970
97	97	97	291	1.00	0.60	0.40	0.35	0.20	calibration	10000	17	0.00000	0.00900	0.99100	0.00000	16.962
97	97	97	291	1.00	0.60	0.40	0.35	0.20	calibration	10000	18	0.00000	0.01050	0.98950	0.00000	17.953
97	97	97	291	1.00	0.60	0.40	0.35	0.20	calibration	10000	19	0.00000	0.01160	0.98840	0.00000	18.943
97	97	97	291	1.00	0.60	0.40	0.35	0.20	calibration	10000	20	0.00000	0.01190	0.98810	0.00000	19.931
97	97	97	291	1.00	0.60	0.40	0.35	0.20	calibration	10000	21	0.00000	0.01260	0.98740	0.00000	20.919
97	97	97	291	1.00	0.60	0.40	0.35	0.20	calibration	10000	22	0.00000	0.01340	0.98660	0.00000	21.907
97	97	97	291	1.00	0.60	0.40	0.35	0.20	calibration	10000	23	0.00000	0.01400	0.98600	0.00000	22.893
97	97	97	291	1.00	0.60	0.40	0.35	0.20	calibration	10000	24	0.00000	0.01430	0.98570	0.00000	23.879
97	97	97	291	1.00	0.60	0.40	0.35	0.20	calibration	10000	25	0.00000	0.01490	0.98510	0.00000	24.865
97	97	97	291	1.00	0.60	0.40	0.35	0.20	calibration	10000	26	0.00000	0.01500	0.98500	0.00000	25.850
97	97	97	291	1.00	0.60	0.40	0.35	0.20	calibration	10000	27	0.00000	0.01570	0.98430	0.00000	26.835
97	97	97	291	1.00	0.60	0.40	0.35	0.20	calibration	10000	28	0.00000	0.01580	0.98420	0.00000	27.819
97	97	97	291	1.00	0.60	0.40	0.35	0.20	calibration	10000	29	0.00000	0.01610	0.98390	0.00000	28.803
97	97	97	291	1.00	0.60	0.40	0.35	0.20	calibration	10000	30	0.00000	0.01620	0.98380	0.00000	29.787
97	97	97	291	1.00	0.60	0.40	0.35	0.20	calibration	10000	31	0.00000	0.01700	0.98300	0.00000	30.771
97	97	97	291	1.00	0.60	0.40	0.35	0.20	calibration	10000	32	0.00000	0.01750	0.98250	0.00000	31.754
97	97	97	291	1.00	0.60	0.40	0.35	0.20	calibration	10000	33	0.00000	0.01770	0.98230	0.00000	32.737
97	97	97	291	1.00	0.60	0.40	0.35	0.20	calibration	10000	34	0.00000	0.01780	0.98220	0.00000	33.719
97	97	97	291	1.00	0.60	0.40	0.35	0.20	calibration	10000	35	0.00000	0.01810	0.98190	0.00000	34.701
97	97	97	291	1.00	0.60	0.40	0.35	0.20	calibration	10000	36	0.00000	0.01860	0.98140	0.00000	35.683
97	97	97	291	1.00	0.60	0.40	0.35	0.20	calibration	10000	37	0.00000	0.01890	0.98110	0.00000	36.664
97	97	97	291	1.00	0.60	0.40	0.35	0.20	calibration	10000	38	0.00000	0.01910	0.98090	0.00000	37.646
97	97	97	291	1.00	0.60	0.40	0.35	0.20	calibration	10000	39	0.00000	0.01940	0.98060	0.00000	38.627
97	97	97	291	1.00	0.60	0.40	0.35	0.20	calibration	10000	40	0.00000	0.01960	0.98040	0.00000	39.607
97	97	97	291	1.00	0.60	0.40	0.35	0.20	calibration	10000	41	0.00000	0.01970	0.98030	0.00000	40.587
97	97	97	291	1.00	0.60	0.40	0.35	0.20	calibration	10000	42	0.00000	0.02010	0.97990	0.00000	41.568
97	97	97	291	1.00	0.60	0.40	0.35	0.20	calibration	10000	43	0.00000	0.02030	0.97970	0.00000	42.548
97	97	97	291	1.00	0.60	0.40	0.35	0.20	calibration	10000	44	0.00000	0.02060	0.97940	0.00000	43.527
97	97	97	291	1.00	0.60	0.40	0.35	0.20	calibration	10000	45	0.00000	0.02080	0.97920	0.00000	44.507
97	97	97	291	1.00	0.60	0.40	0.35	0.20	calibration	10000	46	0.00000	0.02100	0.97900	0.00000	45.486
97	97	97	291	1.00	0.60	0.40	0.35	0.20	calibration	10000	47	0.00000	0.02110	0.97890	0.00000	46.465
97	97	97	291	1.00	0.60	0.40	0.35	0.20	calibration	10000	48	0.00000	0.02120	0.97880	0.00000	47.444
97	97	97	291	1.00	0.60	0.40	0.35	0.20	calibration	10000	49	0.00000	0.02140	0.97860	0.00000	48.423
97	97	97	291	1.00	0.60	0.40	0.35	0.20	calibration	10000	50	0.00000	0.02150	0.97850	0.00000	49.401
97	97	97	291	1.00	0.60	0.40	0.35	0.20	calibration	10000	51	0.00000	0.02170	0.97830	0.00000	50.380
97	97	97	291	1.00	0.60	0.40	0.35	0.20	calibration	10000	52	0.00000	0.02210	0.97790	0.00000	51.358
97	97	97	291	1.00	0.60	0.40	0.35	0.20	calibration	10000	53	0.00000	0.02240	0.97760	0.00000	52.336
97	97	97	291	1.00	0.60	0.40	0.35	0.20	calibration	10000	54	0.00000	0.02260	0.97740	0.00000	53.314
97	97	97	291	1.00	0.60	0.40	0.35	0.20	calibration	10000	55	0.00000	0.02270	0.97730	0.00000	54.291
97	97	97	291	1.00	0.60	0.40	0.35	0.20	calibration	10000	56	0.00000	0.02270	0.97730	0.00000	55.268
97	97	97	291	1.00	0.60	0.40	0.35	0.20	calibration	10000	57	0.00000	0.02280	0.97720	0.00000	56.246
97	97	97	291	1.00	0.60	0.40	0.35	0.20	calibration	10000	58	0.00000	0.02290	0.97710	0.00000	57.223
97	97	97	291	1.00	0.60	0.40	0.35	0.20	calibration	10000	59	0.00000	0.02300	0.97700	0.00000	58.200
97	97	97	291	1.00	0.60	0.40	0.35	0.20	calibration	10000	60	0.00000	0.02310	0.97690	0.00000	59.177
97	97	97	291	1.00	0.60	0.40	0.35	0.20	calibration	10000	61	0.00000	0.02320	0.97680	0.00000	60.154
97	97	97	291	1.00	0.60	0.40	0.35	0.20	calibration	10000	62	0.00000	0.02320	0.97680	0.00000	61.131
97	97	97	291	1.00	0.60	0.40	0.35	0.20	calibration	10000	63	0.00000	0.02330	0.97670	0.00000	62.107
97	97	97	291	1.00	0.60	0.40	0.35	0.20	calibration	10000	64	0.00000	0.02350	0.97650	0.00000	63.084
97	97	97	291	1.00	0.60	0.40	0.35	0.20	calibration	10000	65	0.00000	0.02350	0.97650	0.00000	64.061
97	97	97	291	1.00	0.60	0.40	0.35	0.20	calibration	10000	66	0.00000	0.02360	0.97640	0.00000	65.037
97	97	97	291	1.00	0.60	0.40	0.35	0.20	calibration	10000	67	0.00000	0.02370	0.97630	0.00000	66.013
97	97	97	291	1.00	0.60	0.40	0.35	0.20	calibration	10000	68	0.00000	0.02380	0.97620	0.00000	66.990
97	97	97	291	1.00	0.60	0.40	0.35	0.20	calibration	10000	69	0.00000	0.02390	0.97610	0.00000	67.966
97	97	97	291	1.00	0.60	0.40	0.35	0.20	calibration	10000	70	0.00000	0.02390	0.97610	0.00000	68.942
97	97	97	291	1.00	0.60	0.40	0.35	0.20	calibration	10000	71	0.00000	0.02390	0.97610	0.00000	69.918
97	97	97	291	1.00	0.60	0.40	0.35	0.20	calibration	10000	72	0.00000	0.02400	0.97600	0.00000	70.894
97	97	97	291	1.00	0.60	0.40	0.35	0.20	calibration	10000	73	0.00000	0.02420	0.97580	0.00000	71.870
97	97	97	291	1.00	0.60	0.40	0.35	0.20	calibration	10000	74	0.00000	0.02430	0.97570	0.00000	72.846
97	97	97	291	1.00	0.60	0.40	0.35	0.20	calibration	10000	75	0.00000	0.02430	0.97570	0.00000	73.822
97	97	97	291	1.00	0.60	0.40	0.35	0.20	calibration	10000	76	0.00000	0.02440	0.97560	0.00000	74.797
97	97	97	291	1.00	0.60	0.40	0.35	0.20	calibration	10000	77	0.00000	0.02440	0.97560	0.00000	75.773
97	97	97	291	1.00	0.60	0.40	0.35	0.20	calibration	10000	78	0.00000	0.02470	0.97530	0.00000	76.749
97	97	97	291	1.00	0.60	0.40	0.35	0.20	calibration	10000	79	0.00000	0.02480	0.97520	0.00000	77.724
97	97	97	291	1.00	0.60	0.40	0.35	0.20	calibration	10000	80	0.00000	0.02500	0.97500	0.00000	78.699
97	97	97	291	1.00	0.60	0.40	0.35	0.20	calibration	10000	81	0.00000	0.02500	0.97500	0.00000	79.674
97	97	97	291	1.00	0.60	0.40	0.35	0.20	calibration	10000	82	0.00000	0.02500	0.97500	0.00000	80.649
97	97	97	291	1.00	0.60	0.40	0.35	0.20	calibration	10000	83	0.00000	0.02500	0.97500	0.00000	81.624
97	97	97	291	1.00	0.60	0.40	0.35	0.20	calibration	10000	84	0.00000	0.02500	0.97500	0.00000	82.599
97	97	97	291	1.00	0.60	0.40	0.35	0.20	calibration	10000	85	0.00000	0.02530	0.97470	0.00000	83.574
97	97	97	291	1.00	0.60	0.40	0.35	0.20	calibration	10000	86	0.00000	0.02540	0.97460	0.00000	84.549
97	97	97	291	1.00	0.60	0.40	0.35	0.20	calibration	10000	87	0.00000	0.02540	0.97460	0.00000	85.523
97	97	97	291	1.00	0.60	0.40	0.35	0.20	calibration	10000	88	0.00000	0.02540	0.97460	0.00000	86.498
97	97	97	291	1.00	0.60	0.40	0.35	0.20	calibration	10000	89	0.00000	0.02550	0.97450	0.00000	87.473
97	97	97	291	1.00	0.60	0.40	0.35	0.20	calibration	10000	90	0.00000	0.02560	0.97440	0.00000	88.447
97	97	97	291	1.00	0.60	0.40	0.35	0.20	calibration	10000	91	0.00000	0.02560	0.97440	0.00000	89.422
97	97	97	291	1.00	0.60	0.40	0.35	0.20	calibration	10000	92	0.00000	0.02560	0.97440	0.00000	90.396
97	97	97	291	1.00	0.60	0.40	0.35	0.20	calibration	10000	93	0.00000	0.02560	0.97440	0.00000	91.370
97	97	97	291	1.00	0.60	0.40	0.35	0.20	calibration	10000	94	0.00000	0.02570	0.97430	0.00000	92.345
97	97	97	291	1.00	0.60	0.40	0.35	0.20	calibration	10000	95	0.00000	0.02580	0.97420	0.00000	93.319
97	97	97	291	1.00	0.60	0.40	0.35	0.20	calibration	10000	96	0.00000	0.02590	0.97410	0.00000	94.293
97	97	97	291	1.00	0.60	0.40	0.35	0.20	calibration	10000	97	0.00000	0.02590	0.97410	0.00000	95.267
97	97	97	291	1.00	0.65	0.40	0.35	0.25	small real effect	10000	1	0.00000	0.00000	1.00000	0.00000	1.000
97	97	97	291	1.00	0.65	0.40	0.35	0.25	small real effect	10000	2	0.00000	0.00000	1.00000	0.00000	2.000
97	97	97	291	1.00	0.65	0.40	0.35	0.25	small real effect	10000	3	0.00000	0.00000	1.00000	0.00000	3.000
97	97	97	291	1.00	0.65	0.40	0.35	0.25	small real effect	10000	4	0.00000	0.00000	1.00000	0.00000	4.000
97	97	97	291	1.00	0.65	0.40	0.35	0.25	small real effect	10000	5	0.00000	0.00000	1.00000	0.00000	5.000
97	97	97	291	1.00	0.65	0.40	0.35	0.25	small real effect	10000	6	0.00000	0.00000	1.00000	0.00000	6.000
97	97	97	291	1.00	0.65	0.40	0.35	0.25	small real effect	10000	7	0.00000	0.00030	0.99970	0.00000	7.000
97	97	97	291	1.00	0.65	0.40	0.35	0.25	small real effect	10000	8	0.00000	0.00060	0.99940	0.00000	8.000
97	97	97	291	1.00	0.65	0.40	0.35	0.25	small real effect	10000	9	0.00000	0.00060	0.99940	0.00000	8.999
97	97	97	291	1.00	0.65	0.40	0.35	0.25	small real effect	10000	10	0.00000	0.00070	0.99930	0.00000	9.998
97	97	97	291	1.00	0.65	0.40	0.35	0.25	small real effect	10000	11	0.00000	0.00190	0.99810	0.00000	10.998
97	97	97	291	1.00	0.65	0.40	0.35	0.25	small real effect	10000	12	0.00000	0.00210	0.99790	0.00000	11.996
97	97	97	291	1.00	0.65	0.40	0.35	0.25	small real effect	10000	13	0.00000	0.00220	0.99780	0.00000	12.994
97	97	97	291	1.00	0.65	0.40	0.35	0.25	small real effect	10000	14	0.00000	0.00320	0.99680	0.00000	13.992
97	97	97	291	1.00	0.65	0.40	0.35	0.25	small real effect	10000	15	0.00000	0.00400	0.99600	0.00000	14.988
97	97	97	291	1.00	0.65	0.40	0.35	0.25	small real effect	10000	16	0.00000	0.00440	0.99560	0.00000	15.984
97	97	97	291	1.00	0.65	0.40	0.35	0.25	small real effect	10000	17	0.00000	0.00440	0.99560	0.00000	16.980
97	97	97	291	1.00	0.65	0.40	0.35	0.25	small real effect	10000	18	0.00000	0.00480	0.99520	0.00000	17.976
97	97	97	291	1.00	0.65	0.40	0.35	0.25	small real effect	10000	19	0.00000	0.00480	0.99520	0.00000	18.971
97	97	97	291	1.00	0.65	0.40	0.35	0.25	small real effect	10000	20	0.00000	0.00550	0.99450	0.00000	19.966
97	97	97	291	1.00	0.65	0.40	0.35	0.25	small real effect	10000	21	0.00000	0.00610	0.99390	0.00000	20.960
97	97	97	291	1.00	0.65	0.40	0.35	0.25	small real effect	10000	22	0.00000	0.00610	0.99390	0.00000	21.954
97	97	97	291	1.00	0.65	0.40	0.35	0.25	small real effect	10000	23	0.00000	0.00610	0.99390	0.00000	22.948
97	97	97	291	1.00	0.65	0.40	0.35	0.25	small real effect	10000	24	0.00000	0.00630	0.99370	0.00000	23.942
97	97	97	291	1.00	0.65	0.40	0.35	0.25	small real effect	10000	25	0.00000	0.00640	0.99360	0.00000	24.936
97	97	97	291	1.00	0.65	0.40	0.35	0.25	small real effect	10000	26	0.00000	0.00660	0.99340	0.00000	25.930
97	97	97	291	1.00	0.65	0.40	0.35	0.25	small real effect	10000	27	0.00000	0.00670	0.99330	0.00000	26.923
97	97	97	291	1.00	0.65	0.40	0.35	0.25	small real effect	10000	28	0.00000	0.00680	0.99320	0.00000	27.916
97	97	97	291	1.00	0.65	0.40	0.35	0.25	small real effect	10000	29	0.00000	0.00690	0.99310	0.00000	28.909
97	97	97	291	1.00	0.65	0.40	0.35	0.25	small real effect	10000	30	0.00000	0.00700	0.99300	0.00000	29.902
97	97	97	291	1.00	0.65	0.40	0.35	0.25	small real effect	10000	31	0.00000	0.00710	0.99290	0.00000	30.895
97	97	97	291	1.00	0.65	0.40	0.35	0.25	small real effect	10000	32	0.00010	0.00710	0.99280	0.00010	31.888
97	97	97	291	1.00	0.65	0.40	0.35	0.25	small real effect	10000	33	0.00010	0.00720	0.99270	0.00010	32.881
97	97	97	291	1.00	0.65	0.40	0.35	0.25	small real effect	10000	34	0.00010	0.00720	0.99270	0.00010	33.874
97	97	97	291	1.00	0.65	0.40	0.35	0.25	small real effect	10000	35	0.00010	0.00720	0.99270	0.00010	34.867
97	97	97	291	1.00	0.65	0.40	0.35	0.25	small real effect	10000	36	0.00010	0.00730	0.99260	0.00010	35.859
97	97	97	291	1.00	0.65	0.40	0.35	0.25	small real effect	10000	37	0.00010	0.00740	0.99250	0.00010	36.852
97	97	97	291	1.00	0.65	0.40	0.35	0.25	small real effect	10000	38	0.00010	0.00750	0.99240	0.00010	37.844
97	97	97	291	1.00	0.65	0.40	0.35	0.25	small real effect	10000	39	0.00010	0.00760	0.99230	0.00010	38.837
97	97	97	291	1.00	0.65	0.40	0.35	0.25	small real effect	10000	40	0.00010	0.00770	0.99220	0.00010	39.829
97	97	97	291	1.00	0.65	0.40	0.35	0.25	small real effect	10000	41	0.00010	0.00770	0.99220	0.00010	40.821
97	97	97	291	1.00	0.65	0.40	0.35	0.25	small real effect	10000	42	0.00010	0.00780	0.99210	0.00010	41.813
97	97	97	291	1.00	0.65	0.40	0.35	0.25	small real effect	10000	43	0.00010	0.00780	0.99210	0.00010	42.806
97	97	97	291	1.00	0.65	0.40	0.35	0.25	small real effect	10000	44	0.00010	0.00780	0.99210	0.00010	43.798
97	97	97	291	1.00	0.65	0.40	0.35	0.25	small real effect	10000	45	0.00010	0.00780	0.99210	0.00010	44.790
97	97	97	291	1.00	0.65	0.40	0.35	0.25	small real effect	10000	46	0.00010	0.00780	0.99210	0.00010	45.782
97	97	97	291	1.00	0.65	0.40	0.35	0.25	small real effect	10000	47	0.00010	0.00780	0.99210	0.00010	46.774
97	97	97	291	1.00	0.65	0.40	0.35	0.25	small real effect	10000	48	0.00010	0.00780	0.99210	0.00010	47.766
97	97	97	291	1.00	0.65	0.40	0.35	0.25	small real effect	10000	49	0.00010	0.00780	0.99210	0.00010	48.758
97	97	97	291	1.00	0.65	0.40	0.35	0.25	small real effect	10000	50	0.00010	0.00790	0.99200	0.00010	49.750
97	97	97	291	1.00	0.65	0.40	0.35	0.25	small real effect	10000	51	0.00010	0.00800	0.99190	0.00010	50.742
97	97	97	291	1.00	0.65	0.40	0.35	0.25	small real effect	10000	52	0.00020	0.00800	0.99180	0.00014	51.734
97	97	97	291	1.00	0.65	0.40	0.35	0.25	small real effect	10000	53	0.00020	0.00800	0.99180	0.00014	52.726
97	97	97	291	1.00	0.65	0.40	0.35	0.25	small real effect	10000	54	0.00020	0.00800	0.99180	0.00014	53.718
97	97	97	291	1.00	0.65	0.40	0.35	0.25	small real effect	10000	55	0.00020	0.00800	0.99180	0.00014	54.710
97	97	97	291	1.00	0.65	0.40	0.35	0.25	small real effect	10000	56	0.00030	0.00800	0.99170	0.00017	55.701
97	97	97	291	1.00	0.65	0.40	0.35	0.25	small real effect	10000	57	0.00040	0.00810	0.99150	0.00020	56.693
97	97	97	291	1.00	0.65	0.40	0.35	0.25	small real effect	10000	58	0.00040	0.00810	0.99150	0.00020	57.685
97	97	97	291	1.00	0.65	0.40	0.35	0.25	small real effect	10000	59	0.00040	0.00810	0.99150	0.00020	58.676
97	97	97	291	1.00	0.65	0.40	0.35	0.25	small real effect	10000	60	0.00060	0.00820	0.99120	0.00024	59.668
97	97	97	291	1.00	0.65	0.40	0.35	0.25	small real effect	10000	61	0.00060	0.00830	0.99110	0.00024	60.659
97	97	97	291	1.00	0.65	0.40	0.35	0.25	small real effect	10000	62	0.00060	0.00830	0.99110	0.00024	61.650
97	97	97	291	1.00	0.65	0.40	0.35	0.25	small real effect	10000	63	0.00060	0.00830	0.99110	0.00024	62.641
97	97	97	291	1.00	0.65	0.40	0.35	0.25	small real effect	10000	64	0.00060	0.00830	0.99110	0.00024	63.632
97	97	97	291	1.00	0.65	0.40	0.35	0.25	small real effect	10000	65	0.00060	0.00830	0.99110	0.00024	64.623
97	97	97	291	1.00	0.65	0.40	0.35	0.25	small real effect	10000	66	0.00060	0.00850	0.99090	0.00024	65.614
97	97	97	291	1.00	0.65	0.40	0.35	0.25	small real effect	10000	67	0.00060	0.00850	0.99090	0.00024	66.605
97	97	97	291	1.00	0.65	0.40	0.35	0.25	small real effect	10000	68	0.00070	0.00850	0.99080	0.00026	67.596
97	97	97	291	1.00	0.65	0.40	0.35	0.25	small real effect	10000	69	0.00070	0.00850	0.99080	0.00026	68.587
97	97	97	291	1.00	0.65	0.40	0.35	0.25	small real effect	10000	70	0.00070	0.00860	0.99070	0.00026	69.578
97	97	97	291	1.00	0.65	0.40	0.35	0.25	small real effect	10000	71	0.00070	0.00860	0.99070	0.00026	70.568
97	97	97	291	1.00	0.65	0.40	0.35	0.25	small real effect	10000	72	0.00070	0.00870	0.99060	0.00026	71.559
97	97	97	291	1.00	0.65	0.40	0.35	0.25	small real effect	10000	73	0.00070	0.00880	0.99050	0.00026	72.550
97	97	97	291	1.00	0.65	0.40	0.35	0.25	small real effect	10000	74	0.00070	0.00880	0.99050	0.00026	73.540
97	97	97	291	1.00	0.65	0.40	0.35	0.25	small real effect	10000	75	0.00070	0.00880	0.99050	0.00026	74.531
97	97	97	291	1.00	0.65	0.40	0.35	0.25	small real effect	10000	76	0.00070	0.00880	0.99050	0.00026	75.521
97	97	97	291	1.00	0.65	0.40	0.35	0.25	small real effect	10000	77	0.00080	0.00880	0.99040	0.00028	76.512
97	97	97	291	1.00	0.65	0.40	0.35	0.25	small real effect	10000	78	0.00080	0.00890	0.99030	0.00028	77.502
97	97	97	291	1.00	0.65	0.40	0.35	0.25	small real effect	10000	79	0.00080	0.00900	0.99020	0.00028	78.492
97	97	97	291	1.00	0.65	0.40	0.35	0.25	small real effect	10000	80	0.00080	0.00900	0.99020	0.00028	79.483
97	97	97	291	1.00	0.65	0.40	0.35	0.25	small real effect	10000	81	0.00080	0.00900	0.99020	0.00028	80.473
97	97	97	291	1.00	0.65	0.40	0.35	0.25	small real effect	10000	82	0.00080	0.00900	0.99020	0.00028	81.463
97	97	97	291	1.00	0.65	0.40	0.35	0.25	small real effect	10000	83	0.00080	0.00900	0.99020	0.00028	82.453
97	97	97	291	1.00	0.65	0.40	0.35	0.25	small real effect	10000	84	0.00080	0.00900	0.99020	0.00028	83.443
97	97	97	291	1.00	0.65	0.40	0.35	0.25	small real effect	10000	85	0.00080	0.00910	0.99010	0.00028	84.434
97	97	97	291	1.00	0.65	0.40	0.35	0.25	small real effect	10000	86	0.00080	0.00910	0.99010	0.00028	85.424
97	97	97	291	1.00	0.65	0.40	0.35	0.25	small real effect	10000	87	0.00080	0.00910	0.99010	0.00028	86.414
97	97	97	291	1.00	0.65	0.40	0.35	0.25	small real effect	10000	88	0.00090	0.00920	0.98990	0.00030	87.404
97	97	97	291	1.00	0.65	0.40	0.35	0.25	small real effect	10000	89	0.00090	0.00920	0.98990	0.00030	88.394
97	97	97	291	1.00	0.65	0.40	0.35	0.25	small real effect	10000	90	0.00090	0.00930	0.98980	0.00030	89.384
97	97	97	291	1.00	0.65	0.40	0.35	0.25	small real effect	10000	91	0.00090	0.00930	0.98980	0.00030	90.374
97	97	97	291	1.00	0.65	0.40	0.35	0.25	small real effect	10000	92	0.00090	0.00930	0.98980	0.00030	91.363
97	97	97	291	1.00	0.65	0.40	0.35	0.25	small real effect	10000	93	0.00090	0.00940	0.98970	0.00030	92.353
97	97	97	291	1.00	0.65	0.40	0.35	0.25	small real effect	10000	94	0.00090	0.00940	0.98970	0.00030	93.343
97	97	97	291	1.00	0.65	0.40	0.35	0.25	small real effect	10000	95	0.00090	0.00950	0.98960	0.00030	94.332
97	97	97	291	1.00	0.65	0.40	0.35	0.25	small real effect	10000	96	0.00100	0.00950	0.98950	0.00032	95.322
97	97	97	291	1.00	0.65	0.40	0.35	0.25	small real effect	10000	97	0.00100	0.00950	0.98950	0.00032	96.312
97	97	97	291	1.00	0.70	0.40	0.35	0.30	real effect	10000	1	0.00000	0.00000	1.00000	0.00000	1.000
97	97	97	291	1.00	0.70	0.40	0.35	0.30	real effect	10000	2	0.00000	0.00000	1.00000	0.00000	2.000
97	97	97	291	1.00	0.70	0.40	0.35	0.30	real effect	10000	3	0.00000	0.00000	1.00000	0.00000	3.000
97	97	97	291	1.00	0.70	0.40	0.35	0.30	real effect	10000	4	0.00000	0.00000	1.00000	0.00000	4.000
97	97	97	291	1.00	0.70	0.40	0.35	0.30	real effect	10000	5	0.00000	0.00000	1.00000	0.00000	5.000
97	97	97	291	1.00	0.70	0.40	0.35	0.30	real effect	10000	6	0.00000	0.00000	1.00000	0.00000	6.000
97	97	97	291	1.00	0.70	0.40	0.35	0.30	real effect	10000	7	0.00000	0.00000	1.00000	0.00000	7.000
97	97	97	291	1.00	0.70	0.40	0.35	0.30	real effect	10000	8	0.00000	0.00020	0.99980	0.00000	8.000
97	97	97	291	1.00	0.70	0.40	0.35	0.30	real effect	10000	9	0.00000	0.00020	0.99980	0.00000	9.000
97	97	97	291	1.00	0.70	0.40	0.35	0.30	real effect	10000	10	0.00000	0.00020	0.99980	0.00000	10.000
97	97	97	291	1.00	0.70	0.40	0.35	0.30	real effect	10000	11	0.00000	0.00090	0.99910	0.00000	10.999
97	97	97	291	1.00	0.70	0.40	0.35	0.30	real effect	10000	12	0.00000	0.00100	0.99900	0.00000	11.998
97	97	97	291	1.00	0.70	0.40	0.35	0.30	real effect	10000	13	0.00000	0.00110	0.99890	0.00000	12.998
97	97	97	291	1.00	0.70	0.40	0.35	0.30	real effect	10000	14	0.00000	0.00120	0.99880	0.00000	13.996
97	97	97	291	1.00	0.70	0.40	0.35	0.30	real effect	10000	15	0.00000	0.00130	0.99870	0.00000	14.995
97	97	97	291	1.00	0.70	0.40	0.35	0.30	real effect	10000	16	0.00000	0.00140	0.99860	0.00000	15.994
97	97	97	291	1.00	0.70	0.40	0.35	0.30	real effect	10000	17	0.00000	0.00160	0.99840	0.00000	16.992
97	97	97	291	1.00	0.70	0.40	0.35	0.30	real effect	10000	18	0.00000	0.00160	0.99840	0.00000	17.991
97	97	97	291	1.00	0.70	0.40	0.35	0.30	real effect	10000	19	0.00000	0.00190	0.99810	0.00000	18.989
97	97	97	291	1.00	0.70	0.40	0.35	0.30	real effect	10000	20	0.00000	0.00210	0.99790	0.00000	19.987
97	97	97	291	1.00	0.70	0.40	0.35	0.30	real effect	10000	21	0.00000	0.00210	0.99790	0.00000	20.985
97	97	97	291	1.00	0.70	0.40	0.35	0.30	real effect	10000	22	0.00000	0.00210	0.99790	0.00000	21.983
97	97	97	291	1.00	0.70	0.40	0.35	0.30	real effect	10000	23	0.00000	0.00230	0.99770	0.00000	22.981
97	97	97	291	1.00	0.70	0.40	0.35	0.30	real effect	10000	24	0.00000	0.00230	0.99770	0.00000	23.979
97	97	97	291	1.00	0.70	0.40	0.35	0.30	real effect	10000	25	0.00000	0.00230	0.99770	0.00000	24.977
97	97	97	291	1.00	0.70	0.40	0.35	0.30	real effect	10000	26	0.00000	0.00230	0.99770	0.00000	25.974
97	97	97	291	1.00	0.70	0.40	0.35	0.30	real effect	10000	27	0.00010	0.00230	0.99760	0.00010	26.972
97	97	97	291	1.00	0.70	0.40	0.35	0.30	real effect	10000	28	0.00010	0.00240	0.99750	0.00010	27.970
97	97	97	291	1.00	0.70	0.40	0.35	0.30	real effect	10000	29	0.00010	0.00240	0.99750	0.00010	28.967
97	97	97	291	1.00	0.70	0.40	0.35	0.30	real effect	10000	30	0.00010	0.00240	0.99750	0.00010	29.965
97	97	97	291	1.00	0.70	0.40	0.35	0.30	real effect	10000	31	0.00010	0.00240	0.99750	0.00010	30.962
97	97	97	291	1.00	0.70	0.40	0.35	0.30	real effect	10000	32	0.00010	0.00240	0.99750	0.00010	31.959
97	97	97	291	1.00	0.70	0.40	0.35	0.30	real effect	10000	33	0.00010	0.00240	0.99750	0.00010	32.957
97	97	97	291	1.00	0.70	0.40	0.35	0.30	real effect	10000	34	0.00010	0.00240	0.99750	0.00010	33.955
97	97	97	291	1.00	0.70	0.40	0.35	0.30	real effect	10000	35	0.00010	0.00250	0.99740	0.00010	34.952
97	97	97	291	1.00	0.70	0.40	0.35	0.30	real effect	10000	36	0.00010	0.00250	0.99740	0.00010	35.949
97	97	97	291	1.00	0.70	0.40	0.35	0.30	real effect	10000	37	0.00040	0.00280	0.99680	0.00020	36.947
97	97	97	291	1.00	0.70	0.40	0.35	0.30	real effect	10000	38	0.00050	0.00280	0.99670	0.00022	37.944
97	97	97	291	1.00	0.70	0.40	0.35	0.30	real effect	10000	39	0.00050	0.00290	0.99660	0.00022	38.940
97	97	97	291	1.00	0.70	0.40	0.35	0.30	real effect	10000	40	0.00050	0.00290	0.99660	0.00022	39.937
97	97	97	291	1.00	0.70	0.40	0.35	0.30	real effect	10000	41	0.00060	0.00290	0.99650	0.00024	40.934
97	97	97	291	1.00	0.70	0.40	0.35	0.30	real effect	10000	42	0.00060	0.00290	0.99650	0.00024	41.930
97	97	97	291	1.00	0.70	0.40	0.35	0.30	real effect	10000	43	0.00060	0.00290	0.99650	0.00024	42.926
97	97	97	291	1.00	0.70	0.40	0.35	0.30	real effect	10000	44	0.00070	0.00290	0.99640	0.00026	43.923
97	97	97	291	1.00	0.70	0.40	0.35	0.30	real effect	10000	45	0.00070	0.00290	0.99640	0.00026	44.919
97	97	97	291	1.00	0.70	0.40	0.35	0.30	real effect	10000	46	0.00080	0.00290	0.99630	0.00028	45.916
97	97	97	291	1.00	0.70	0.40	0.35	0.30	real effect	10000	47	0.00080	0.00290	0.99630	0.00028	46.912
97	97	97	291	1.00	0.70	0.40	0.35	0.30	real effect	10000	48	0.00090	0.00290	0.99620	0.00030	47.908
97	97	97	291	1.00	0.70	0.40	0.35	0.30	real effect	10000	49	0.00090	0.00290	0.99620	0.00030	48.905
97	97	97	291	1.00	0.70	0.40	0.35	0.30	real effect	10000	50	0.00090	0.00290	0.99620	0.00030	49.901
97	97	97	291	1.00	0.70	0.40	0.35	0.30	real effect	10000	51	0.00090	0.00290	0.99620	0.00030	50.897
97	97	97	291	1.00	0.70	0.40	0.35	0.30	real effect	10000	52	0.00100	0.00290	0.99610	0.00032	51.893
97	97	97	291	1.00	0.70	0.40	0.35	0.30	real effect	10000	53	0.00110	0.00290	0.99600	0.00033	52.889
97	97	97	291	1.00	0.70	0.40	0.35	0.30	real effect	10000	54	0.00120	0.00290	0.99590	0.00035	53.885
97	97	97	291	1.00	0.70	0.40	0.35	0.30	real effect	10000	55	0.00120	0.00290	0.99590	0.00035	54.881
97	97	97	291	1.00	0.70	0.40	0.35	0.30	real effect	10000	56	0.00140	0.00290	0.99570	0.00037	55.877
97	97	97	291	1.00	0.70	0.40	0.35	0.30	real effect	10000	57	0.00140	0.00290	0.99570	0.00037	56.873
97	97	97	291	1.00	0.70	0.40	0.35	0.30	real effect	10000	58	0.00150	0.00290	0.99560	0.00039	57.868
97	97	97	291	1.00	0.70	0.40	0.35	0.30	real effect	10000	59	0.00150	0.00290	0.99560	0.00039	58.864
97	97	97	291	1.00	0.70	0.40	0.35	0.30	real effect	10000	60	0.00160	0.00290	0.99550	0.00040	59.860
97	97	97	291	1.00	0.70	0.40	0.35	0.30	real effect	10000	61	0.00180	0.00290	0.99530	0.00042	60.855
97	97	97	291	1.00	0.70	0.40	0.35	0.30	real effect	10000	62	0.00210	0.00290	0.99500	0.00046	61.850
97	97	97	291	1.00	0.70	0.40	0.35	0.30	real effect	10000	63	0.00210	0.00290	0.99500	0.00046	62.846
97	97	97	291	1.00	0.70	0.40	0.35	0.30	real effect	10000	64	0.00220	0.00290	0.99490	0.00047	63.840
97	97	97	291	1.00	0.70	0.40	0.35	0.30	real effect	10000	65	0.00230	0.00290	0.99480	0.00048	64.835
97	97	97	291	1.00	0.70	0.40	0.35	0.30	real effect	10000	66	0.00230	0.00290	0.99480	0.00048	65.830
97	97	97	291	1.00	0.70	0.40	0.35	0.30	real effect	10000	67	0.00240	0.00290	0.99470	0.00049	66.825
97	97	97	291	1.00	0.70	0.40	0.35	0.30	real effect	10000	68	0.00240	0.00290	0.99470	0.00049	67.820
97	97	97	291	1.00	0.70	0.40	0.35	0.30	real effect	10000	69	0.00250	0.00290	0.99460	0.00050	68.814
97	97	97	291	1.00	0.70	0.40	0.35	0.30	real effect	10000	70	0.00250	0.00290	0.99460	0.00050	69.809
97	97	97	291	1.00	0.70	0.40	0.35	0.30	real effect	10000	71	0.00260	0.00290	0.99450	0.00051	70.804
97	97	97	291	1.00	0.70	0.40	0.35	0.30	real effect	10000	72	0.00260	0.00290	0.99450	0.00051	71.798
97	97	97	291	1.00	0.70	0.40	0.35	0.30	real effect	10000	73	0.00280	0.00290	0.99430	0.00053	72.793
97	97	97	291	1.00	0.70	0.40	0.35	0.30	real effect	10000	74	0.00290	0.00290	0.99420	0.00054	73.787
97	97	97	291	1.00	0.70	0.40	0.35	0.30	real effect	10000	75	0.00300	0.00290	0.99410	0.00055	74.781
97	97	97	291	1.00	0.70	0.40	0.35	0.30	real effect	10000	76	0.00300	0.00290	0.99410	0.00055	75.775
97	97	97	291	1.00	0.70	0.40	0.35	0.30	real effect	10000	77	0.00330	0.00290	0.99380	0.00057	76.769
97	97	97	291	1.00	0.70	0.40	0.35	0.30	real effect	10000	78	0.00330	0.00290	0.99380	0.00057	77.763
97	97	97	291	1.00	0.70	0.40	0.35	0.30	real effect	10000	79	0.00340	0.00290	0.99370	0.00058	78.757
97	97	97	291	1.00	0.70	0.40	0.35	0.30	real effect	10000	80	0.00340	0.00290	0.99370	0.00058	79.751
97	97	97	291	1.00	0.70	0.40	0.35	0.30	real effect	10000	81	0.00370	0.00290	0.99340	0.00061	80.744
97	97	97	291	1.00	0.70	0.40	0.35	0.30	real effect	10000	82	0.00390	0.00290	0.99320	0.00062	81.738
97	97	97	291	1.00	0.70	0.40	0.35	0.30	real effect	10000	83	0.00400	0.00290	0.99310	0.00063	82.731
97	97	97	291	1.00	0.70	0.40	0.35	0.30	real effect	10000	84	0.00420	0.00290	0.99290	0.00065	83.724
97	97	97	291	1.00	0.70	0.40	0.35	0.30	real effect	10000	85	0.00450	0.00290	0.99260	0.00067	84.717
97	97	97	291	1.00	0.70	0.40	0.35	0.30	real effect	10000	86	0.00480	0.00290	0.99230	0.00069	85.710
97	97	97	291	1.00	0.70	0.40	0.35	0.30	real effect	10000	87	0.00510	0.00290	0.99200	0.00071	86.702
97	97	97	291	1.00	0.70	0.40	0.35	0.30	real effect	10000	88	0.00510	0.00290	0.99200	0.00071	87.694
97	97	97	291	1.00	0.70	0.40	0.35	0.30	real effect	10000	89	0.00540	0.00290	0.99170	0.00073	88.686
97	97	97	291	1.00	0.70	0.40	0.35	0.30	real effect	10000	90	0.00550	0.00290	0.99160	0.00074	89.677
97	97	97	291	1.00	0.70	0.40	0.35	0.30	real effect	10000	91	0.00580	0.00290	0.99130	0.00076	90.669
97	97	97	291	1.00	0.70	0.40	0.35	0.30	real effect	10000	92	0.00620	0.00290	0.99090	0.00078	91.660
97	97	97	291	1.00	0.70	0.40	0.35	0.30	real effect	10000	93	0.00620	0.00290	0.99090	0.00078	92.651
97	97	97	291	1.00	0.70	0.40	0.35	0.30	real effect	10000	94	0.00650	0.00290	0.99060	0.00080	93.642
97	97	97	291	1.00	0.70	0.40	0.35	0.30	real effect	10000	95	0.00700	0.00290	0.99010	0.00083	94.633
97	97	97	291	1.00	0.70	0.40	0.35	0.30	real effect	10000	96	0.00710	0.00290	0.99000	0.00084	95.623
97	97	97	291	1.00	0.70	0.40	0.35	0.30	real effect	10000	97	0.00750	0.00290	0.98960	0.00086	96.613
97	97	97	291	1.00	0.75	0.40	0.35	0.35	real effect	10000	1	0.00000	0.00000	1.00000	0.00000	1.000
97	97	97	291	1.00	0.75	0.40	0.35	0.35	real effect	10000	2	0.00000	0.00000	1.00000	0.00000	2.000
97	97	97	291	1.00	0.75	0.40	0.35	0.35	real effect	10000	3	0.00000	0.00000	1.00000	0.00000	3.000
97	97	97	291	1.00	0.75	0.40	0.35	0.35	real effect	10000	4	0.00000	0.00000	1.00000	0.00000	4.000
97	97	97	291	1.00	0.75	0.40	0.35	0.35	real effect	10000	5	0.00000	0.00000	1.00000	0.00000	5.000
97	97	97	291	1.00	0.75	0.40	0.35	0.35	real effect	10000	6	0.00000	0.00000	1.00000	0.00000	6.000
97	97	97	291	1.00	0.75	0.40	0.35	0.35	real effect	10000	7	0.00000	0.00000	1.00000	0.00000	7.000
97	97	97	291	1.00	0.75	0.40	0.35	0.35	real effect	10000	8	0.00000	0.00000	1.00000	0.00000	8.000
97	97	97	291	1.00	0.75	0.40	0.35	0.35	real effect	10000	9	0.00000	0.00020	0.99980	0.00000	9.000
97	97	97	291	1.00	0.75	0.40	0.35	0.35	real effect	10000	10	0.00000	0.00020	0.99980	0.00000	10.000
97	97	97	291	1.00	0.75	0.40	0.35	0.35	real effect	10000	11	0.00000	0.00030	0.99970	0.00000	11.000
97	97	97	291	1.00	0.75	0.40	0.35	0.35	real effect	10000	12	0.00000	0.00050	0.99950	0.00000	11.999
97	97	97	291	1.00	0.75	0.40	0.35	0.35	real effect	10000	13	0.00000	0.00050	0.99950	0.00000	12.999
97	97	97	291	1.00	0.75	0.40	0.35	0.35	real effect	10000	14	0.00000	0.00060	0.99940	0.00000	13.998
97	97	97	291	1.00	0.75	0.40	0.35	0.35	real effect	10000	15	0.00000	0.00060	0.99940	0.00000	14.998
97	97	97	291	1.00	0.75	0.40	0.35	0.35	real effect	10000	16	0.00000	0.00070	0.99930	0.00000	15.997
97	97	97	291	1.00	0.75	0.40	0.35	0.35	real effect	10000	17	0.00000	0.00070	0.99930	0.00000	16.996
97	97	97	291	1.00	0.75	0.40	0.35	0.35	real effect	10000	18	0.00000	0.00070	0.99930	0.00000	17.996
97	97	97	291	1.00	0.75	0.40	0.35	0.35	real effect	10000	19	0.00000	0.00080	0.99920	0.00000	18.995
97	97	97	291	1.00	0.75	0.40	0.35	0.35	real effect	10000	20	0.00000	0.00090	0.99910	0.00000	19.994
97	97	97	291	1.00	0.75	0.40	0.35	0.35	real effect	10000	21	0.00000	0.00090	0.99910	0.00000	20.993
97	97	97	291	1.00	0.75	0.40	0.35	0.35	real effect	10000	22	0.00000	0.00090	0.99910	0.00000	21.992
97	97	97	291	1.00	0.75	0.40	0.35	0.35	real effect	10000	23	0.00000	0.00100	0.99900	0.00000	22.991
97	97	97	291	1.00	0.75	0.40	0.35	0.35	real effect	10000	24	0.00000	0.00100	0.99900	0.00000	23.991
97	97	97	291	1.00	0.75	0.40	0.35	0.35	real effect	10000	25	0.00000	0.00100	0.99900	0.00000	24.989
97	97	97	291	1.00	0.75	0.40	0.35	0.35	real effect	10000	26	0.00000	0.00100	0.99900	0.00000	25.988
97	97	97	291	1.00	0.75	0.40	0.35	0.35	real effect	10000	27	0.00020	0.00100	0.99880	0.00014	26.988
97	97	97	291	1.00	0.75	0.40	0.35	0.35	real effect	10000	28	0.00030	0.00100	0.99870	0.00017	27.986
97	97	97	291	1.00	0.75	0.40	0.35	0.35	real effect	10000	29	0.00030	0.00100	0.99870	0.00017	28.985
97	97	97	291	1.00	0.75	0.40	0.35	0.35	real effect	10000	30	0.00040	0.00100	0.99860	0.00020	29.984
97	97	97	291	1.00	0.75	0.40	0.35	0.35	real effect	10000	31	0.00050	0.00100	0.99850	0.00022	30.982
97	97	97	291	1.00	0.75	0.40	0.35	0.35	real effect	10000	32	0.00060	0.00100	0.99840	0.00024	31.981
97	97	97	291	1.00	0.75	0.40	0.35	0.35	real effect	10000	33	0.00080	0.00100	0.99820	0.00028	32.979
97	97	97	291	1.00	0.75	0.40	0.35	0.35	real effect	10000	34	0.00090	0.00100	0.99810	0.00030	33.977
97	97	97	291	1.00	0.75	0.40	0.35	0.35	real effect	10000	35	0.00090	0.00100	0.99810	0.00030	34.975
97	97	97	291	1.00	0.75	0.40	0.35	0.35	real effect	10000	36	0.00090	0.00100	0.99810	0.00030	35.974
97	97	97	291	1.00	0.75	0.40	0.35	0.35	real effect	10000	37	0.00150	0.00100	0.99750	0.00039	36.972
97	97	97	291	1.00	0.75	0.40	0.35	0.35	real effect	10000	38	0.00160	0.00100	0.99740	0.00040	37.969
97	97	97	291	1.00	0.75	0.40	0.35	0.35	real effect	10000	39	0.00170	0.00100	0.99730	0.00041	38.967
97	97	97	291	1.00	0.75	0.40	0.35	0.35	real effect	10000	40	0.00190	0.00100	0.99710	0.00044	39.964
97	97	97	291	1.00	0.75	0.40	0.35	0.35	real effect	10000	41	0.00190	0.00100	0.99710	0.00044	40.961
97	97	97	291	1.00	0.75	0.40	0.35	0.35	real effect	10000	42	0.00230	0.00100	0.99670	0.00048	41.958
97	97	97	291	1.00	0.75	0.40	0.35	0.35	real effect	10000	43	0.00250	0.00100	0.99650	0.00050	42.955
97	97	97	291	1.00	0.75	0.40	0.35	0.35	real effect	10000	44	0.00260	0.00100	0.99640	0.00051	43.951
97	97	97	291	1.00	0.75	0.40	0.35	0.35	real effect	10000	45	0.00330	0.00100	0.99570	0.00057	44.948
97	97	97	291	1.00	0.75	0.40	0.35	0.35	real effect	10000	46	0.00370	0.00100	0.99530	0.00061	45.943
97	97	97	291	1.00	0.75	0.40	0.35	0.35	real effect	10000	47	0.00400	0.00100	0.99500	0.00063	46.939
97	97	97	291	1.00	0.75	0.40	0.35	0.35	real effect	10000	48	0.00450	0.00100	0.99450	0.00067	47.934
97	97	97	291	1.00	0.75	0.40	0.35	0.35	real effect	10000	49	0.00460	0.00100	0.99440	0.00068	48.928
97	97	97	291	1.00	0.75	0.40	0.35	0.35	real effect	10000	50	0.00500	0.00100	0.99400	0.00071	49.923
97	97	97	291	1.00	0.75	0.40	0.35	0.35	real effect	10000	51	0.00590	0.00100	0.99310	0.00077	50.917
97	97	97	291	1.00	0.75	0.40	0.35	0.35	real effect	10000	52	0.00620	0.00100	0.99280	0.00078	51.910
97	97	97	291	1.00	0.75	0.40	0.35	0.35	real effect	10000	53	0.00670	0.00100	0.99230	0.00082	52.903
97	97	97	291	1.00	0.75	0.40	0.35	0.35	real effect	10000	54	0.00710	0.00100	0.99190	0.00084	53.895
97	97	97	291	1.00	0.75	0.40	0.35	0.35	real effect	10000	55	0.00760	0.00100	0.99140	0.00087	54.887
97	97	97	291	1.00	0.75	0.40	0.35	0.35	real effect	10000	56	0.00820	0.00100	0.99080	0.00090	55.878
97	97	97	291	1.00	0.75	0.40	0.35	0.35	real effect	10000	57	0.00920	0.00100	0.98980	0.00095	56.869
97	97	97	291	1.00	0.75	0.40	0.35	0.35	real effect	10000	58	0.00970	0.00100	0.98930	0.00098	57.859
97	97	97	291	1.00	0.75	0.40	0.35	0.35	real effect	10000	59	0.00990	0.00100	0.98910	0.00099	58.848
97	97	97	291	1.00	0.75	0.40	0.35	0.35	real effect	10000	60	0.01040	0.00100	0.98860	0.00101	59.837
97	97	97	291	1.00	0.75	0.40	0.35	0.35	real effect	10000	61	0.01080	0.00100	0.98820	0.00103	60.826
97	97	97	291	1.00	0.75	0.40	0.35	0.35	real effect	10000	62	0.01130	0.00100	0.98770	0.00106	61.814
97	97	97	291	1.00	0.75	0.40	0.35	0.35	real effect	10000	63	0.01190	0.00100	0.98710	0.00108	62.802
97	97	97	291	1.00	0.75	0.40	0.35	0.35	real effect	10000	64	0.01270	0.00110	0.98620	0.00112	63.789
97	97	97	291	1.00	0.75	0.40	0.35	0.35	real effect	10000	65	0.01300	0.00110	0.98590	0.00113	64.775
97	97	97	291	1.00	0.75	0.40	0.35	0.35	real effect	10000	66	0.01370	0.00110	0.98520	0.00116	65.761
97	97	97	291	1.00	0.75	0.40	0.35	0.35	real effect	10000	67	0.01410	0.00110	0.98480	0.00118	66.746
97	97	97	291	1.00	0.75	0.40	0.35	0.35	real effect	10000	68	0.01440	0.00110	0.98450	0.00119	67.731
97	97	97	291	1.00	0.75	0.40	0.35	0.35	real effect	10000	69	0.01520	0.00110	0.98370	0.00122	68.715
97	97	97	291	1.00	0.75	0.40	0.35	0.35	real effect	10000	70	0.01580	0.00110	0.98310	0.00125	69.699
97	97	97	291	1.00	0.75	0.40	0.35	0.35	real effect	10000	71	0.01620	0.00110	0.98270	0.00126	70.682
97	97	97	291	1.00	0.75	0.40	0.35	0.35	real effect	10000	72	0.01670	0.00110	0.98220	0.00128	71.665
97	97	97	291	1.00	0.75	0.40	0.35	0.35	real effect	10000	73	0.01750	0.00110	0.98140	0.00131	72.647
97	97	97	291	1.00	0.75	0.40	0.35	0.35	real effect	10000	74	0.01770	0.00110	0.98120	0.00132	73.628
97	97	97	291	1.00	0.75	0.40	0.35	0.35	real effect	10000	75	0.01840	0.00110	0.98050	0.00134	74.610
97	97	97	291	1.00	0.75	0.40	0.35	0.35	real effect	10000	76	0.01890	0.00110	0.98000	0.00136	75.590
97	97	97	291	1.00	0.75	0.40	0.35	0.35	real effect	10000	77	0.01940	0.00110	0.97950	0.00138	76.570
97	97	97	291	1.00	0.75	0.40	0.35	0.35	real effect	10000	78	0.01960	0.00110	0.97930	0.00139	77.550
97	97	97	291	1.00	0.75	0.40	0.35	0.35	real effect	10000	79	0.02060	0.00110	0.97830	0.00142	78.529
97	97	97	291	1.00	0.75	0.40	0.35	0.35	real effect	10000	80	0.02140	0.00110	0.97750	0.00145	79.507
97	97	97	291	1.00	0.75	0.40	0.35	0.35	real effect	10000	81	0.02190	0.00110	0.97700	0.00146	80.485
97	97	97	291	1.00	0.75	0.40	0.35	0.35	real effect	10000	82	0.02300	0.00110	0.97590	0.00150	81.462
97	97	97	291	1.00	0.75	0.40	0.35	0.35	real effect	10000	83	0.02360	0.00110	0.97530	0.00152	82.438
97	97	97	291	1.00	0.75	0.40	0.35	0.35	real effect	10000	84	0.02430	0.00110	0.97460	0.00154	83.413
97	97	97	291	1.00	0.75	0.40	0.35	0.35	real effect	10000	85	0.02550	0.00110	0.97340	0.00158	84.388
97	97	97	291	1.00	0.75	0.40	0.35	0.35	real effect	10000	86	0.02630	0.00110	0.97260	0.00160	85.361
97	97	97	291	1.00	0.75	0.40	0.35	0.35	real effect	10000	87	0.02700	0.00110	0.97190	0.00162	86.334
97	97	97	291	1.00	0.75	0.40	0.35	0.35	real effect	10000	88	0.02790	0.00110	0.97100	0.00165	87.305
97	97	97	291	1.00	0.75	0.40	0.35	0.35	real effect	10000	89	0.02840	0.00110	0.97050	0.00166	88.276
97	97	97	291	1.00	0.75	0.40	0.35	0.35	real effect	10000	90	0.02930	0.00110	0.96960	0.00169	89.247
97	97	97	291	1.00	0.75	0.40	0.35	0.35	real effect	10000	91	0.03020	0.00110	0.96870	0.00171	90.216
97	97	97	291	1.00	0.75	0.40	0.35	0.35	real effect	10000	92	0.03130	0.00110	0.96760	0.00174	91.185
97	97	97	291	1.00	0.75	0.40	0.35	0.35	real effect	10000	93	0.03240	0.00110	0.96650	0.00177	92.153
97	97	97	291	1.00	0.75	0.40	0.35	0.35	real effect	10000	94	0.03430	0.00110	0.96460	0.00182	93.119
97	97	97	291	1.00	0.75	0.40	0.35	0.35	real effect	10000	95	0.03590	0.00110	0.96300	0.00186	94.084
97	97	97	291	1.00	0.75	0.40	0.35	0.35	real effect	10000	96	0.03740	0.00110	0.96150	0.00190	95.047
97	97	97	291	1.00	0.75	0.40	0.35	0.35	real effect	10000	97	0.03790	0.00110	0.96100	0.00191	96.008
97	97	97	291	1.00	0.80	0.40	0.35	0.40	real effect	10000	1	0.00000	0.00000	1.00000	0.00000	1.000
97	97	97	291	1.00	0.80	0.40	0.35	0.40	real effect	10000	2	0.00000	0.00000	1.00000	0.00000	2.000
97	97	97	291	1.00	0.80	0.40	0.35	0.40	real effect	10000	3	0.00000	0.00000	1.00000	0.00000	3.000
97	97	97	291	1.00	0.80	0.40	0.35	0.40	real effect	10000	4	0.00000	0.00000	1.00000	0.00000	4.000
97	97	97	291	1.00	0.80	0.40	0.35	0.40	real effect	10000	5	0.00000	0.00000	1.00000	0.00000	5.000
97	97	97	291	1.00	0.80	0.40	0.35	0.40	real effect	10000	6	0.00000	0.00000	1.00000	0.00000	6.000
97	97	97	291	1.00	0.80	0.40	0.35	0.40	real effect	10000	7	0.00000	0.00000	1.00000	0.00000	7.000
97	97	97	291	1.00	0.80	0.40	0.35	0.40	real effect	10000	8	0.00000	0.00000	1.00000	0.00000	8.000
97	97	97	291	1.00	0.80	0.40	0.35	0.40	real effect	10000	9	0.00000	0.00000	1.00000	0.00000	9.000
97	97	97	291	1.00	0.80	0.40	0.35	0.40	real effect	10000	10	0.00000	0.00000	1.00000	0.00000	10.000
97	97	97	291	1.00	0.80	0.40	0.35	0.40	real effect	10000	11	0.00000	0.00000	1.00000	0.00000	11.000
97	97	97	291	1.00	0.80	0.40	0.35	0.40	real effect	10000	12	0.00000	0.00000	1.00000	0.00000	12.000
97	97	97	291	1.00	0.80	0.40	0.35	0.40	real effect	10000	13	0.00000	0.00000	1.00000	0.00000	13.000
97	97	97	291	1.00	0.80	0.40	0.35	0.40	real effect	10000	14	0.00000	0.00000	1.00000	0.00000	14.000
97	97	97	291	1.00	0.80	0.40	0.35	0.40	real effect	10000	15	0.00000	0.00000	1.00000	0.00000	15.000
97	97	97	291	1.00	0.80	0.40	0.35	0.40	real effect	10000	16	0.00000	0.00010	0.99990	0.00000	16.000
97	97	97	291	1.00	0.80	0.40	0.35	0.40	real effect	10000	17	0.00000	0.00010	0.99990	0.00000	17.000
97	97	97	291	1.00	0.80	0.40	0.35	0.40	real effect	10000	18	0.00000	0.00020	0.99980	0.00000	18.000
97	97	97	291	1.00	0.80	0.40	0.35	0.40	real effect	10000	19	0.00000	0.00020	0.99980	0.00000	19.000
97	97	97	291	1.00	0.80	0.40	0.35	0.40	real effect	10000	20	0.00000	0.00020	0.99980	0.00000	19.999
97	97	97	291	1.00	0.80	0.40	0.35	0.40	real effect	10000	21	0.00000	0.00020	0.99980	0.00000	20.999
97	97	97	291	1.00	0.80	0.40	0.35	0.40	real effect	10000	22	0.00000	0.00020	0.99980	0.00000	21.999
97	97	97	291	1.00	0.80	0.40	0.35	0.40	real effect	10000	23	0.00000	0.00020	0.99980	0.00000	22.999
97	97	97	291	1.00	0.80	0.40	0.35	0.40	real effect	10000	24	0.00000	0.00020	0.99980	0.00000	23.999
97	97	97	291	1.00	0.80	0.40	0.35	0.40	real effect	10000	25	0.00010	0.00020	0.99970	0.00010	24.998
97	97	97	291	1.00	0.80	0.40	0.35	0.40	real effect	10000	26	0.00030	0.00020	0.99950	0.00017	25.998
97	97	97	291	1.00	0.80	0.40	0.35	0.40	real effect	10000	27	0.00050	0.00020	0.99930	0.00022	26.998
97	97	97	291	1.00	0.80	0.40	0.35	0.40	real effect	10000	28	0.00090	0.00020	0.99890	0.00030	27.997
97	97	97	291	1.00	0.80	0.40	0.35	0.40	real effect	10000	29	0.00110	0.00020	0.99870	0.00033	28.996
97	97	97	291	1.00	0.80	0.40	0.35	0.40	real effect	10000	30	0.00190	0.00020	0.99790	0.00044	29.994
97	97	97	291	1.00	0.80	0.40	0.35	0.40	real effect	10000	31	0.00200	0.00020	0.99780	0.00045	30.992
97	97	97	291	1.00	0.80	0.40	0.35	0.40	real effect	10000	32	0.00290	0.00020	0.99690	0.00054	31.990
97	97	97	291	1.00	0.80	0.40	0.35	0.40	real effect	10000	33	0.00300	0.00020	0.99680	0.00055	32.987
97	97	97	291	1.00	0.80	0.40	0.35	0.40	real effect	10000	34	0.00350	0.00020	0.99630	0.00059	33.984
97	97	97	291	1.00	0.80	0.40	0.35	0.40	real effect	10000	35	0.00360	0.00020	0.99620	0.00060	34.980
97	97	97	291	1.00	0.80	0.40	0.35	0.40	real effect	10000	36	0.00440	0.00020	0.99540	0.00066	35.976
97	97	97	291	1.00	0.80	0.40	0.35	0.40	real effect	10000	37	0.00530	0.00020	0.99450	0.00073	36.972
97	97	97	291	1.00	0.80	0.40	0.35	0.40	real effect	10000	38	0.00600	0.00020	0.99380	0.00077	37.966
97	97	97	291	1.00	0.80	0.40	0.35	0.40	real effect	10000	39	0.00710	0.00020	0.99270	0.00084	38.960
97	97	97	291	1.00	0.80	0.40	0.35	0.40	real effect	10000	40	0.00790	0.00020	0.99190	0.00089	39.953
97	97	97	291	1.00	0.80	0.40	0.35	0.40	real effect	10000	41	0.00960	0.00020	0.99020	0.00098	40.945
97	97	97	291	1.00	0.80	0.40	0.35	0.40	real effect	10000	42	0.01100	0.00020	0.98880	0.00104	41.935
97	97	97	291	1.00	0.80	0.40	0.35	0.40	real effect	10000	43	0.01270	0.00020	0.98710	0.00112	42.924
97	97	97	291	1.00	0.80	0.40	0.35	0.40	real effect	10000	44	0.01440	0.00020	0.98540	0.00119	43.911
97	97	97	291	1.00	0.80	0.40	0.35	0.40	real effect	10000	45	0.01600	0.00020	0.98380	0.00125	44.896
97	97	97	291	1.00	0.80	0.40	0.35	0.40	real effect	10000	46	0.01710	0.00020	0.98270	0.00130	45.880
97	97	97	291	1.00	0.80	0.40	0.35	0.40	real effect	10000	47	0.01860	0.00020	0.98120	0.00135	46.863
97	97	97	291	1.00	0.80	0.40	0.35	0.40	real effect	10000	48	0.02020	0.00020	0.97960	0.00141	47.844
97	97	97	291	1.00	0.80	0.40	0.35	0.40	real effect	10000	49	0.02210	0.00020	0.97770	0.00147	48.824
97	97	97	291	1.00	0.80	0.40	0.35	0.40	real effect	10000	50	0.02420	0.00020	0.97560	0.00154	49.801
97	97	97	291	1.00	0.80	0.40	0.35	0.40	real effect	10000	51	0.02580	0.00020	0.97400	0.00159	50.777
97	97	97	291	1.00	0.80	0.40	0.35	0.40	real effect	10000	52	0.02760	0.00020	0.97220	0.00164	51.751
97	97	97	291	1.00	0.80	0.40	0.35	0.40	real effect	10000	53	0.02860	0.00020	0.97120	0.00167	52.723
97	97	97	291	1.00	0.80	0.40	0.35	0.40	real effect	10000	54	0.03040	0.00020	0.96940	0.00172	53.694
97	97	97	291	1.00	0.80	0.40	0.35	0.40	real effect	10000	55	0.03280	0.00020	0.96700	0.00178	54.664
97	97	97	291	1.00	0.80	0.40	0.35	0.40	real effect	10000	56	0.03550	0.00020	0.96430	0.00185	55.631
97	97	97	291	1.00	0.80	0.40	0.35	0.40	real effect	10000	57	0.03800	0.00020	0.96180	0.00191	56.595
97	97	97	291	1.00	0.80	0.40	0.35	0.40	real effect	10000	58	0.03980	0.00020	0.96000	0.00195	57.557
97	97	97	291	1.00	0.80	0.40	0.35	0.40	real effect	10000	59	0.04140	0.00020	0.95840	0.00199	58.517
97	97	97	291	1.00	0.80	0.40	0.35	0.40	real effect	10000	60	0.04360	0.00020	0.95620	0.00204	59.475
97	97	97	291	1.00	0.80	0.40	0.35	0.40	real effect	10000	61	0.04610	0.00020	0.95370	0.00210	60.431
97	97	97	291	1.00	0.80	0.40	0.35	0.40	real effect	10000	62	0.04860	0.00020	0.95120	0.00215	61.385
97	97	97	291	1.00	0.80	0.40	0.35	0.40	real effect	10000	63	0.05080	0.00020	0.94900	0.00220	62.336
97	97	97	291	1.00	0.80	0.40	0.35	0.40	real effect	10000	64	0.05350	0.00020	0.94630	0.00225	63.285
97	97	97	291	1.00	0.80	0.40	0.35	0.40	real effect	10000	65	0.05490	0.00020	0.94490	0.00228	64.231
97	97	97	291	1.00	0.80	0.40	0.35	0.40	real effect	10000	66	0.05780	0.00020	0.94200	0.00233	65.176
97	97	97	291	1.00	0.80	0.40	0.35	0.40	real effect	10000	67	0.06070	0.00020	0.93910	0.00239	66.118
97	97	97	291	1.00	0.80	0.40	0.35	0.40	real effect	10000	68	0.06290	0.00020	0.93690	0.00243	67.058
97	97	97	291	1.00	0.80	0.40	0.35	0.40	real effect	10000	69	0.06610	0.00020	0.93370	0.00248	67.994
97	97	97	291	1.00	0.80	0.40	0.35	0.40	real effect	10000	70	0.06880	0.00020	0.93100	0.00253	68.928
97	97	97	291	1.00	0.80	0.40	0.35	0.40	real effect	10000	71	0.07090	0.00020	0.92890	0.00257	69.859
97	97	97	291	1.00	0.80	0.40	0.35	0.40	real effect	10000	72	0.07420	0.00020	0.92560	0.00262	70.788
97	97	97	291	1.00	0.80	0.40	0.35	0.40	real effect	10000	73	0.07790	0.00020	0.92190	0.00268	71.714
97	97	97	291	1.00	0.80	0.40	0.35	0.40	real effect	10000	74	0.08030	0.00020	0.91950	0.00272	72.635
97	97	97	291	1.00	0.80	0.40	0.35	0.40	real effect	10000	75	0.08260	0.00020	0.91720	0.00275	73.555
97	97	97	291	1.00	0.80	0.40	0.35	0.40	real effect	10000	76	0.08500	0.00020	0.91480	0.00279	74.472
97	97	97	291	1.00	0.80	0.40	0.35	0.40	real effect	10000	77	0.08730	0.00020	0.91250	0.00282	75.387
97	97	97	291	1.00	0.80	0.40	0.35	0.40	real effect	10000	78	0.09050	0.00020	0.90930	0.00287	76.299
97	97	97	291	1.00	0.80	0.40	0.35	0.40	real effect	10000	79	0.09380	0.00020	0.90600	0.00292	77.209
97	97	97	291	1.00	0.80	0.40	0.35	0.40	real effect	10000	80	0.09780	0.00020	0.90200	0.00297	78.115
97	97	97	291	1.00	0.80	0.40	0.35	0.40	real effect	10000	81	0.10090	0.00020	0.89890	0.00301	79.017
97	97	97	291	1.00	0.80	0.40	0.35	0.40	real effect	10000	82	0.10420	0.00020	0.89560	0.00306	79.916
97	97	97	291	1.00	0.80	0.40	0.35	0.40	real effect	10000	83	0.10750	0.00020	0.89230	0.00310	80.811
97	97	97	291	1.00	0.80	0.40	0.35	0.40	real effect	10000	84	0.11080	0.00020	0.88900	0.00314	81.704
97	97	97	291	1.00	0.80	0.40	0.35	0.40	real effect	10000	85	0.11400	0.00020	0.88580	0.00318	82.593
97	97	97	291	1.00	0.80	0.40	0.35	0.40	real effect	10000	86	0.11780	0.00020	0.88200	0.00322	83.478
97	97	97	291	1.00	0.80	0.40	0.35	0.40	real effect	10000	87	0.12150	0.00020	0.87830	0.00327	84.360
97	97	97	291	1.00	0.80	0.40	0.35	0.40	real effect	10000	88	0.12520	0.00020	0.87460	0.00331	85.239
97	97	97	291	1.00	0.80	0.40	0.35	0.40	real effect	10000	89	0.12810	0.00020	0.87170	0.00334	86.113
97	97	97	291	1.00	0.80	0.40	0.35	0.40	real effect	10000	90	0.13170	0.00020	0.86810	0.00338	86.985
97	97	97	291	1.00	0.80	0.40	0.35	0.40	real effect	10000	91	0.13580	0.00020	0.86400	0.00343	87.853
97	97	97	291	1.00	0.80	0.40	0.35	0.40	real effect	10000	92	0.13970	0.00020	0.86010	0.00347	88.717
97	97	97	291	1.00	0.80	0.40	0.35	0.40	real effect	10000	93	0.14350	0.00020	0.85630	0.00351	89.577
97	97	97	291	1.00	0.80	0.40	0.35	0.40	real effect	10000	94	0.14720	0.00020	0.85260	0.00354	90.433
97	97	97	291	1.00	0.80	0.40	0.35	0.40	real effect	10000	95	0.15210	0.00020	0.84770	0.00359	91.286
97	97	97	291	1.00	0.80	0.40	0.35	0.40	real effect	10000	96	0.15600	0.00020	0.84380	0.00363	92.134
97	97	97	291	1.00	0.80	0.40	0.35	0.40	real effect	10000	97	0.16050	0.00020	0.83930	0.00367	92.978
97	97	97	291	1.00	0.60	0.40	0.40	0.20	calibration	10000	1	0.00000	0.00000	1.00000	0.00000	1.000
97	97	97	291	1.00	0.60	0.40	0.40	0.20	calibration	10000	2	0.00000	0.00000	1.00000	0.00000	2.000
97	97	97	291	1.00	0.60	0.40	0.40	0.20	calibration	10000	3	0.00000	0.00000	1.00000	0.00000	3.000
97	97	97	291	1.00	0.60	0.40	0.40	0.20	calibration	10000	4	0.00000	0.00000	1.00000	0.00000	4.000
97	97	97	291	1.00	0.60	0.40	0.40	0.20	calibration	10000	5	0.00000	0.00000	1.00000	0.00000	5.000
97	97	97	291	1.00	0.60	0.40	0.40	0.20	calibration	10000	6	0.00000	0.00000	1.00000	0.00000	6.000
97	97	97	291	1.00	0.60	0.40	0.40	0.20	calibration	10000	7	0.00000	0.00070	0.99930	0.00000	7.000
97	97	97	291	1.00	0.60	0.40	0.40	0.20	calibration	10000	8	0.00000	0.00100	0.99900	0.00000	7.999
97	97	97	291	1.00	0.60	0.40	0.40	0.20	calibration	10000	9	0.00000	0.00120	0.99880	0.00000	8.998
97	97	97	291	1.00	0.60	0.40	0.40	0.20	calibration	10000	10	0.00000	0.00240	0.99760	0.00000	9.997
97	97	97	291	1.00	0.60	0.40	0.40	0.20	calibration	10000	11	0.00000	0.00380	0.99620	0.00000	10.995
97	97	97	291	1.00	0.60	0.40	0.40	0.20	calibration	10000	12	0.00000	0.00440	0.99560	0.00000	11.991
97	97	97	291	1.00	0.60	0.40	0.40	0.20	calibration	10000	13	0.00000	0.00500	0.99500	0.00000	12.986
97	97	97	291	1.00	0.60	0.40	0.40	0.20	calibration	10000	14	0.00000	0.00750	0.99250	0.00000	13.982
97	97	97	291	1.00	0.60	0.40	0.40	0.20	calibration	10000	15	0.00000	0.00870	0.99130	0.00000	14.974
97	97	97	291	1.00	0.60	0.40	0.40	0.20	calibration	10000	16	0.00000	0.00960	0.99040	0.00000	15.965
97	97	97	291	1.00	0.60	0.40	0.40	0.20	calibration	10000	17	0.00000	0.01050	0.98950	0.00000	16.956
97	97	97	291	1.00	0.60	0.40	0.40	0.20	calibration	10000	18	0.00000	0.01220	0.98780	0.00000	17.945
97	97	97	291	1.00	0.60	0.40	0.40	0.20	calibration	10000	19	0.00000	0.01300	0.98700	0.00000	18.933
97	97	97	291	1.00	0.60	0.40	0.40	0.20	calibration	10000	20	0.00000	0.01360	0.98640	0.00000	19.920
97	97	97	291	1.00	0.60	0.40	0.40	0.20	calibration	10000	21	0.00000	0.01370	0.98630	0.00000	20.906
97	97	97	291	1.00	0.60	0.40	0.40	0.20	calibration	10000	22	0.00000	0.01400	0.98600	0.00000	21.893
97	97	97	291	1.00	0.60	0.40	0.40	0.20	calibration	10000	23	0.00000	0.01480	0.98520	0.00000	22.879
97	97	97	291	1.00	0.60	0.40	0.40	0.20	calibration	10000	24	0.00000	0.01550	0.98450	0.00000	23.864
97	97	97	291	1.00	0.60	0.40	0.40	0.20	calibration	10000	25	0.00000	0.01570	0.98430	0.00000	24.848
97	97	97	291	1.00	0.60	0.40	0.40	0.20	calibration	10000	26	0.00000	0.01640	0.98360	0.00000	25.833
97	97	97	291	1.00	0.60	0.40	0.40	0.20	calibration	10000	27	0.00000	0.01680	0.98320	0.00000	26.816
97	97	97	291	1.00	0.60	0.40	0.40	0.20	calibration	10000	28	0.00000	0.01760	0.98240	0.00000	27.799
97	97	97	291	1.00	0.60	0.40	0.40	0.20	calibration	10000	29	0.00000	0.01810	0.98190	0.00000	28.782
97	97	97	291	1.00	0.60	0.40	0.40	0.20	calibration	10000	30	0.00000	0.01830	0.98170	0.00000	29.764
97	97	97	291	1.00	0.60	0.40	0.40	0.20	calibration	10000	31	0.00000	0.01860	0.98140	0.00000	30.745
97	97	97	291	1.00	0.60	0.40	0.40	0.20	calibration	10000	32	0.00000	0.01880	0.98120	0.00000	31.727
97	97	97	291	1.00	0.60	0.40	0.40	0.20	calibration	10000	33	0.00000	0.01910	0.98090	0.00000	32.708
97	97	97	291	1.00	0.60	0.40	0.40	0.20	calibration	10000	34	0.00000	0.01940	0.98060	0.00000	33.689
97	97	97	291	1.00	0.60	0.40	0.40	0.20	calibration	10000	35	0.00000	0.01960	0.98040	0.00000	34.670
97	97	97	291	1.00	0.60	0.40	0.40	0.20	calibration	10000	36	0.00000	0.02000	0.98000	0.00000	35.650
97	97	97	291	1.00	0.60	0.40	0.40	0.20	calibration	10000	37	0.00000	0.02020	0.97980	0.00000	36.630
97	97	97	291	1.00	0.60	0.40	0.40	0.20	calibration	10000	38	0.00000	0.02030	0.97970	0.00000	37.610
97	97	97	291	1.00	0.60	0.40	0.40	0.20	calibration	10000	39	0.00000	0.02030	0.97970	0.00000	38.590
97	97	97	291	1.00	0.60	0.40	0.40	0.20	calibration	10000	40	0.00000	0.02040	0.97960	0.00000	39.569
97	97	97	291	1.00	0.60	0.40	0.40	0.20	calibration	10000	41	0.00000	0.02070	0.97930	0.00000	40.549
97	97	97	291	1.00	0.60	0.40	0.40	0.20	calibration	10000	42	0.00000	0.02070	0.97930	0.00000	41.528
97	97	97	291	1.00	0.60	0.40	0.40	0.20	calibration	10000	43	0.00000	0.02100	0.97900	0.00000	42.507
97	97	97	291	1.00	0.60	0.40	0.40	0.20	calibration	10000	44	0.00000	0.02110	0.97890	0.00000	43.486
97	97	97	291	1.00	0.60	0.40	0.40	0.20	calibration	10000	45	0.00000	0.02130	0.97870	0.00000	44.465
97	97	97	291	1.00	0.60	0.40	0.40	0.20	calibration	10000	46	0.00000	0.02140	0.97860	0.00000	45.444
97	97	97	291	1.00	0.60	0.40	0.40	0.20	calibration	10000	47	0.00000	0.02160	0.97840	0.00000	46.423
97	97	97	291	1.00	0.60	0.40	0.40	0.20	calibration	10000	48	0.00000	0.02180	0.97820	0.00000	47.401
97	97	97	291	1.00	0.60	0.40	0.40	0.20	calibration	10000	49	0.00000	0.02180	0.97820	0.00000	48.379
97	97	97	291	1.00	0.60	0.40	0.40	0.20	calibration	10000	50	0.00000	0.02190	0.97810	0.00000	49.357
97	97	97	291	1.00	0.60	0.40	0.40	0.20	calibration	10000	51	0.00000	0.02190	0.97810	0.00000	50.336
97	97	97	291	1.00	0.60	0.40	0.40	0.20	calibration	10000	52	0.00000	0.02200	0.97800	0.00000	51.314
97	97	97	291	1.00	0.60	0.40	0.40	0.20	calibration	10000	53	0.00000	0.02200	0.97800	0.00000	52.292
97	97	97	291	1.00	0.60	0.40	0.40	0.20	calibration	10000	54	0.00000	0.02220	0.97780	0.00000	53.270
97	97	97	291	1.00	0.60	0.40	0.40	0.20	calibration	10000	55	0.00000	0.02230	0.97770	0.00000	54.247
97	97	97	291	1.00	0.60	0.40	0.40	0.20	calibration	10000	56	0.00000	0.02250	0.97750	0.00000	55.225
97	97	97	291	1.00	0.60	0.40	0.40	0.20	calibration	10000	57	0.00000	0.02270	0.97730	0.00000	56.203
97	97	97	291	1.00	0.60	0.40	0.40	0.20	calibration	10000	58	0.00000	0.02280	0.97720	0.00000	57.180
97	97	97	291	1.00	0.60	0.40	0.40	0.20	calibration	10000	59	0.00000	0.02290	0.97710	0.00000	58.157
97	97	97	291	1.00	0.60	0.40	0.40	0.20	calibration	10000	60	0.00000	0.02290	0.97710	0.00000	59.134
97	97	97	291	1.00	0.60	0.40	0.40	0.20	calibration	10000	61	0.00000	0.02300	0.97700	0.00000	60.111
97	97	97	291	1.00	0.60	0.40	0.40	0.20	calibration	10000	62	0.00000	0.02310	0.97690	0.00000	61.088
97	97	97	291	1.00	0.60	0.40	0.40	0.20	calibration	10000	63	0.00000	0.02330	0.97670	0.00000	62.065
97	97	97	291	1.00	0.60	0.40	0.40	0.20	calibration	10000	64	0.00000	0.02350	0.97650	0.00000	63.042
97	97	97	291	1.00	0.60	0.40	0.40	0.20	calibration	10000	65	0.00000	0.02370	0.97630	0.00000	64.018
97	97	97	291	1.00	0.60	0.40	0.40	0.20	calibration	10000	66	0.00000	0.02370	0.97630	0.00000	64.995
97	97	97	291	1.00	0.60	0.40	0.40	0.20	calibration	10000	67	0.00000	0.02380	0.97620	0.00000	65.971
97	97	97	291	1.00	0.60	0.40	0.40	0.20	calibration	10000	68	0.00000	0.02380	0.97620	0.00000	66.947
97	97	97	291	1.00	0.60	0.40	0.40	0.20	calibration	10000	69	0.00000	0.02390	0.97610	0.00000	67.923
97	97	97	291	1.00	0.60	0.40	0.40	0.20	calibration	10000	70	0.00000	0.02400	0.97600	0.00000	68.900
97	97	97	291	1.00	0.60	0.40	0.40	0.20	calibration	10000	71	0.00000	0.02420	0.97580	0.00000	69.876
97	97	97	291	1.00	0.60	0.40	0.40	0.20	calibration	10000	72	0.00000	0.02430	0.97570	0.00000	70.851
97	97	97	291	1.00	0.60	0.40	0.40	0.20	calibration	10000	73	0.00000	0.02430	0.97570	0.00000	71.827
97	97	97	291	1.00	0.60	0.40	0.40	0.20	calibration	10000	74	0.00000	0.02430	0.97570	0.00000	72.803
97	97	97	291	1.00	0.60	0.40	0.40	0.20	calibration	10000	75	0.00000	0.02440	0.97560	0.00000	73.778
97	97	97	291	1.00	0.60	0.40	0.40	0.20	calibration	10000	76	0.00000	0.02450	0.97550	0.00000	74.754
97	97	97	291	1.00	0.60	0.40	0.40	0.20	calibration	10000	77	0.00000	0.02470	0.97530	0.00000	75.730
97	97	97	291	1.00	0.60	0.40	0.40	0.20	calibration	10000	78	0.00000	0.02470	0.97530	0.00000	76.705
97	97	97	291	1.00	0.60	0.40	0.40	0.20	calibration	10000	79	0.00000	0.02490	0.97510	0.00000	77.680
97	97	97	291	1.00	0.60	0.40	0.40	0.20	calibration	10000	80	0.00000	0.02490	0.97510	0.00000	78.655
97	97	97	291	1.00	0.60	0.40	0.40	0.20	calibration	10000	81	0.00000	0.02520	0.97480	0.00000	79.630
97	97	97	291	1.00	0.60	0.40	0.40	0.20	calibration	10000	82	0.00000	0.02540	0.97460	0.00000	80.605
97	97	97	291	1.00	0.60	0.40	0.40	0.20	calibration	10000	83	0.00000	0.02550	0.97450	0.00000	81.580
97	97	97	291	1.00	0.60	0.40	0.40	0.20	calibration	10000	84	0.00000	0.02550	0.97450	0.00000	82.554
97	97	97	291	1.00	0.60	0.40	0.40	0.20	calibration	10000	85	0.00000	0.02550	0.97450	0.00000	83.529
97	97	97	291	1.00	0.60	0.40	0.40	0.20	calibration	10000	86	0.00000	0.02550	0.97450	0.00000	84.503
97	97	97	291	1.00	0.60	0.40	0.40	0.20	calibration	10000	87	0.00000	0.02560	0.97440	0.00000	85.478
97	97	97	291	1.00	0.60	0.40	0.40	0.20	calibration	10000	88	0.00000	0.02570	0.97430	0.00000	86.452
97	97	97	291	1.00	0.60	0.40	0.40	0.20	calibration	10000	89	0.00000	0.02570	0.97430	0.00000	87.426
97	97	97	291	1.00	0.60	0.40	0.40	0.20	calibration	10000	90	0.00000	0.02570	0.97430	0.00000	88.401
97	97	97	291	1.00	0.60	0.40	0.40	0.20	calibration	10000	91	0.00000	0.02580	0.97420	0.00000	89.375
97	97	97	291	1.00	0.60	0.40	0.40	0.20	calibration	10000	92	0.00000	0.02590	0.97410	0.00000	90.349
97	97	97	291	1.00	0.60	0.40	0.40	0.20	calibration	10000	93	0.00000	0.02610	0.97390	0.00000	91.323
97	97	97	291	1.00	0.60	0.40	0.40	0.20	calibration	10000	94	0.00000	0.02640	0.97360	0.00000	92.297
97	97	97	291	1.00	0.60	0.40	0.40	0.20	calibration	10000	95	0.00000	0.02640	0.97360	0.00000	93.271
97	97	97	291	1.00	0.60	0.40	0.40	0.20	calibration	10000	96	0.00000	0.02650	0.97350	0.00000	94.244
97	97	97	291	1.00	0.60	0.40	0.40	0.20	calibration	10000	97	0.00000	0.02670	0.97330	0.00000	95.218
97	97	97	291	1.00	0.65	0.40	0.40	0.25	small real effect	10000	1	0.00000	0.00000	1.00000	0.00000	1.000
97	97	97	291	1.00	0.65	0.40	0.40	0.25	small real effect	10000	2	0.00000	0.00000	1.00000	0.00000	2.000
97	97	97	291	1.00	0.65	0.40	0.40	0.25	small real effect	10000	3	0.00000	0.00000	1.00000	0.00000	3.000
97	97	97	291	1.00	0.65	0.40	0.40	0.25	small real effect	10000	4	0.00000	0.00000	1.00000	0.00000	4.000
97	97	97	291	1.00	0.65	0.40	0.40	0.25	small real effect	10000	5	0.00000	0.00000	1.00000	0.00000	5.000
97	97	97	291	1.00	0.65	0.40	0.40	0.25	small real effect	10000	6	0.00000	0.00000	1.00000	0.00000	6.000
97	97	97	291	1.00	0.65	0.40	0.40	0.25	small real effect	10000	7	0.00000	0.00000	1.00000	0.00000	7.000
97	97	97	291	1.00	0.65	0.40	0.40	0.25	small real effect	10000	8	0.00000	0.00010	0.99990	0.00000	8.000
97	97	97	291	1.00	0.65	0.40	0.40	0.25	small real effect	10000	9	0.00000	0.00010	0.99990	0.00000	9.000
97	97	97	291	1.00	0.65	0.40	0.40	0.25	small real effect	10000	10	0.00000	0.00020	0.99980	0.00000	10.000
97	97	97	291	1.00	0.65	0.40	0.40	0.25	small real effect	10000	11	0.00000	0.00100	0.99900	0.00000	11.000
97	97	97	291	1.00	0.65	0.40	0.40	0.25	small real effect	10000	12	0.00000	0.00110	0.99890	0.00000	11.999
97	97	97	291	1.00	0.65	0.40	0.40	0.25	small real effect	10000	13	0.00000	0.00130	0.99870	0.00000	12.998
97	97	97	291	1.00	0.65	0.40	0.40	0.25	small real effect	10000	14	0.00000	0.00250	0.99750	0.00000	13.996
97	97	97	291	1.00	0.65	0.40	0.40	0.25	small real effect	10000	15	0.00000	0.00270	0.99730	0.00000	14.994
97	97	97	291	1.00	0.65	0.40	0.40	0.25	small real effect	10000	16	0.00000	0.00350	0.99650	0.00000	15.991
97	97	97	291	1.00	0.65	0.40	0.40	0.25	small real effect	10000	17	0.00000	0.00370	0.99630	0.00000	16.988
97	97	97	291	1.00	0.65	0.40	0.40	0.25	small real effect	10000	18	0.00000	0.00470	0.99530	0.00000	17.984
97	97	97	291	1.00	0.65	0.40	0.40	0.25	small real effect	10000	19	0.00000	0.00490	0.99510	0.00000	18.979
97	97	97	291	1.00	0.65	0.40	0.40	0.25	small real effect	10000	20	0.00000	0.00490	0.99510	0.00000	19.974
97	97	97	291	1.00	0.65	0.40	0.40	0.25	small real effect	10000	21	0.00000	0.00530	0.99470	0.00000	20.969
97	97	97	291	1.00	0.65	0.40	0.40	0.25	small real effect	10000	22	0.00000	0.00560	0.99440	0.00000	21.964
97	97	97	291	1.00	0.65	0.40	0.40	0.25	small real effect	10000	23	0.00000	0.00580	0.99420	0.00000	22.958
97	97	97	291	1.00	0.65	0.40	0.40	0.25	small real effect	10000	24	0.00000	0.00620	0.99380	0.00000	23.953
97	97	97	291	1.00	0.65	0.40	0.40	0.25	small real effect	10000	25	0.00000	0.00640	0.99360	0.00000	24.946
97	97	97	291	1.00	0.65	0.40	0.40	0.25	small real effect	10000	26	0.00000	0.00650	0.99350	0.00000	25.940
97	97	97	291	1.00	0.65	0.40	0.40	0.25	small real effect	10000	27	0.00000	0.00650	0.99350	0.00000	26.933
97	97	97	291	1.00	0.65	0.40	0.40	0.25	small real effect	10000	28	0.00000	0.00650	0.99350	0.00000	27.927
97	97	97	291	1.00	0.65	0.40	0.40	0.25	small real effect	10000	29	0.00000	0.00660	0.99340	0.00000	28.921
97	97	97	291	1.00	0.65	0.40	0.40	0.25	small real effect	10000	30	0.00000	0.00680	0.99320	0.00000	29.914
97	97	97	291	1.00	0.65	0.40	0.40	0.25	small real effect	10000	31	0.00000	0.00680	0.99320	0.00000	30.907
97	97	97	291	1.00	0.65	0.40	0.40	0.25	small real effect	10000	32	0.00000	0.00690	0.99310	0.00000	31.900
97	97	97	291	1.00	0.65	0.40	0.40	0.25	small real effect	10000	33	0.00000	0.00700	0.99300	0.00000	32.893
97	97	97	291	1.00	0.65	0.40	0.40	0.25	small real effect	10000	34	0.00000	0.00700	0.99300	0.00000	33.886
97	97	97	291	1.00	0.65	0.40	0.40	0.25	small real effect	10000	35	0.00000	0.00710	0.99290	0.00000	34.879
97	97	97	291	1.00	0.65	0.40	0.40	0.25	small real effect	10000	36	0.00010	0.00710	0.99280	0.00010	35.872
97	97	97	291	1.00	0.65	0.40	0.40	0.25	small real effect	10000	37	0.00010	0.00720	0.99270	0.00010	36.865
97	97	97	291	1.00	0.65	0.40	0.40	0.25	small real effect	10000	38	0.00010	0.00730	0.99260	0.00010	37.858
97	97	97	291	1.00	0.65	0.40	0.40	0.25	small real effect	10000	39	0.00010	0.00730	0.99260	0.00010	38.850
97	97	97	291	1.00	0.65	0.40	0.40	0.25	small real effect	10000	40	0.00010	0.00730	0.99260	0.00010	39.843
97	97	97	291	1.00	0.65	0.40	0.40	0.25	small real effect	10000	41	0.00010	0.00730	0.99260	0.00010	40.836
97	97	97	291	1.00	0.65	0.40	0.40	0.25	small real effect	10000	42	0.00010	0.00760	0.99230	0.00010	41.828
97	97	97	291	1.00	0.65	0.40	0.40	0.25	small real effect	10000	43	0.00010	0.00760	0.99230	0.00010	42.821
97	97	97	291	1.00	0.65	0.40	0.40	0.25	small real effect	10000	44	0.00010	0.00770	0.99220	0.00010	43.813
97	97	97	291	1.00	0.65	0.40	0.40	0.25	small real effect	10000	45	0.00010	0.00780	0.99210	0.00010	44.805
97	97	97	291	1.00	0.65	0.40	0.40	0.25	small real effect	10000	46	0.00010	0.00780	0.99210	0.00010	45.797
97	97	97	291	1.00	0.65	0.40	0.40	0.25	small real effect	10000	47	0.00010	0.00780	0.99210	0.00010	46.789
97	97	97	291	1.00	0.65	0.40	0.40	0.25	small real effect	10000	48	0.00010	0.00790	0.99200	0.00010	47.781
97	97	97	291	1.00	0.65	0.40	0.40	0.25	small real effect	10000	49	0.00010	0.00790	0.99200	0.00010	48.773
97	97	97	291	1.00	0.65	0.40	0.40	0.25	small real effect	10000	50	0.00010	0.00790	0.99200	0.00010	49.765
97	97	97	291	1.00	0.65	0.40	0.40	0.25	small real effect	10000	51	0.00010	0.00790	0.99200	0.00010	50.757
97	97	97	291	1.00	0.65	0.40	0.40	0.25	small real effect	10000	52	0.00010	0.00790	0.99200	0.00010	51.749
97	97	97	291	1.00	0.65	0.40	0.40	0.25	small real effect	10000	53	0.00010	0.00790	0.99200	0.00010	52.741
97	97	97	291	1.00	0.65	0.40	0.40	0.25	small real effect	10000	54	0.00010	0.00790	0.99200	0.00010	53.733
97	97	97	291	1.00	0.65	0.40	0.40	0.25	small real effect	10000	55	0.00010	0.00790	0.99200	0.00010	54.725
97	97	97	291	1.00	0.65	0.40	0.40	0.25	small real effect	10000	56	0.00010	0.00790	0.99200	0.00010	55.717
97	97	97	291	1.00	0.65	0.40	0.40	0.25	small real effect	10000	57	0.00010	0.00790	0.99200	0.00010	56.709
97	97	97	291	1.00	0.65	0.40	0.40	0.25	small real effect	10000	58	0.00010	0.00790	0.99200	0.00010	57.701
97	97	97	291	1.00	0.65	0.40	0.40	0.25	small real effect	10000	59	0.00010	0.00790	0.99200	0.00010	58.693
97	97	97	291	1.00	0.65	0.40	0.40	0.25	small real effect	10000	60	0.00010	0.00790	0.99200	0.00010	59.685
97	97	97	291	1.00	0.65	0.40	0.40	0.25	small real effect	10000	61	0.00010	0.00800	0.99190	0.00010	60.677
97	97	97	291	1.00	0.65	0.40	0.40	0.25	small real effect	10000	62	0.00010	0.00800	0.99190	0.00010	61.669
97	97	97	291	1.00	0.65	0.40	0.40	0.25	small real effect	10000	63	0.00010	0.00800	0.99190	0.00010	62.661
97	97	97	291	1.00	0.65	0.40	0.40	0.25	small real effect	10000	64	0.00010	0.00800	0.99190	0.00010	63.653
97	97	97	291	1.00	0.65	0.40	0.40	0.25	small real effect	10000	65	0.00010	0.00800	0.99190	0.00010	64.645
97	97	97	291	1.00	0.65	0.40	0.40	0.25	small real effect	10000	66	0.00010	0.00810	0.99180	0.00010	65.637
97	97	97	291	1.00	0.65	0.40	0.40	0.25	small real effect	10000	67	0.00010	0.00810	0.99180	0.00010	66.629
97	97	97	291	1.00	0.65	0.40	0.40	0.25	small real effect	10000	68	0.00010	0.00810	0.99180	0.00010	67.620
97	97	97	291	1.00	0.65	0.40	0.40	0.25	small real effect	10000	69	0.00010	0.00810	0.99180	0.00010	68.612
97	97	97	291	1.00	0.65	0.40	0.40	0.25	small real effect	10000	70	0.00010	0.00820	0.99170	0.00010	69.604
97	97	97	291	1.00	0.65	0.40	0.40	0.25	small real effect	10000	71	0.00010	0.00820	0.99170	0.00010	70.596
97	97	97	291	1.00	0.65	0.40	0.40	0.25	small real effect	10000	72	0.00010	0.00820	0.99170	0.00010	71.587
97	97	97	291	1.00	0.65	0.40	0.40	0.25	small real effect	10000	73	0.00010	0.00820	0.99170	0.00010	72.579
97	97	97	291	1.00	0.65	0.40	0.40	0.25	small real effect	10000	74	0.00010	0.00820	0.99170	0.00010	73.571
97	97	97	291	1.00	0.65	0.40	0.40	0.25	small real effect	10000	75	0.00010	0.00820	0.99170	0.00010	74.562
97	97	97	291	1.00	0.65	0.40	0.40	0.25	small real effect	10000	76	0.00010	0.00820	0.99170	0.00010	75.554
97	97	97	291	1.00	0.65	0.40	0.40	0.25	small real effect	10000	77	0.00010	0.00820	0.99170	0.00010	76.546
97	97	97	291	1.00	0.65	0.40	0.40	0.25	small real effect	10000	78	0.00010	0.00820	0.99170	0.00010	77.538
97	97	97	291	1.00	0.65	0.40	0.40	0.25	small real effect	10000	79	0.00010	0.00820	0.99170	0.00010	78.529
97	97	97	291	1.00	0.65	0.40	0.40	0.25	small real effect	10000	80	0.00010	0.00820	0.99170	0.00010	79.521
97	97	97	291	1.00	0.65	0.40	0.40	0.25	small real effect	10000	81	0.00010	0.00820	0.99170	0.00010	80.513
97	97	97	291	1.00	0.65	0.40	0.40	0.25	small real effect	10000	82	0.00010	0.00820	0.99170	0.00010	81.504
97	97	97	291	1.00	0.65	0.40	0.40	0.25	small real effect	10000	83	0.00010	0.00820	0.99170	0.00010	82.496
97	97	97	291	1.00	0.65	0.40	0.40	0.25	small real effect	10000	84	0.00010	0.00820	0.99170	0.00010	83.488
97	97	97	291	1.00	0.65	0.40	0.40	0.25	small real effect	10000	85	0.00010	0.00820	0.99170	0.00010	84.480
97	97	97	291	1.00	0.65	0.40	0.40	0.25	small real effect	10000	86	0.00010	0.00820	0.99170	0.00010	85.471
97	97	97	291	1.00	0.65	0.40	0.40	0.25	small real effect	10000	87	0.00010	0.00820	0.99170	0.00010	86.463
97	97	97	291	1.00	0.65	0.40	0.40	0.25	small real effect	10000	88	0.00010	0.00830	0.99160	0.00010	87.455
97	97	97	291	1.00	0.65	0.40	0.40	0.25	small real effect	10000	89	0.00010	0.00830	0.99160	0.00010	88.446
97	97	97	291	1.00	0.65	0.40	0.40	0.25	small real effect	10000	90	0.00010	0.00830	0.99160	0.00010	89.438
97	97	97	291	1.00	0.65	0.40	0.40	0.25	small real effect	10000	91	0.00010	0.00830	0.99160	0.00010	90.429
97	97	97	291	1.00	0.65	0.40	0.40	0.25	small real effect	10000	92	0.00010	0.00830	0.99160	0.00010	91.421
97	97	97	291	1.00	0.65	0.40	0.40	0.25	small real effect	10000	93	0.00010	0.00830	0.99160	0.00010	92.413
97	97	97	291	1.00	0.65	0.40	0.40	0.25	small real effect	10000	94	0.00010	0.00840	0.99150	0.00010	93.404
97	97	97	291	1.00	0.65	0.40	0.40	0.25	small real effect	10000	95	0.00010	0.00840	0.99150	0.00010	94.396
97	97	97	291	1.00	0.65	0.40	0.40	0.25	small real effect	10000	96	0.00010	0.00840	0.99150	0.00010	95.387
97	97	97	291	1.00	0.65	0.40	0.40	0.25	small real effect	10000	97	0.00010	0.00850	0.99140	0.00010	96.379
97	97	97	291	1.00	0.70	0.40	0.40	0.30	real effect	10000	1	0.00000	0.00000	1.00000	0.00000	1.000
97	97	97	291	1.00	0.70	0.40	0.40	0.30	real effect	10000	2	0.00000	0.00000	1.00000	0.00000	2.000
97	97	97	291	1.00	0.70	0.40	0.40	0.30	real effect	10000	3	0.00000	0.00000	1.00000	0.00000	3.000
97	97	97	291	1.00	0.70	0.40	0.40	0.30	real effect	10000	4	0.00000	0.00000	1.00000	0.00000	4.000
97	97	97	291	1.00	0.70	0.40	0.40	0.30	real effect	10000	5	0.00000	0.00000	1.00000	0.00000	5.000
97	97	97	291	1.00	0.70	0.40	0.40	0.30	real effect	10000	6	0.00000	0.00000	1.00000	0.00000	6.000
97	97	97	291	1.00	0.70	0.40	0.40	0.30	real effect	10000	7	0.00000	0.00000	1.00000	0.00000	7.000
97	97	97	291	1.00	0.70	0.40	0.40	0.30	real effect	10000	8	0.00000	0.00010	0.99990	0.00000	8.000
97	97	97	291	1.00	0.70	0.40	0.40	0.30	real effect	10000	9	0.00000	0.00020	0.99980	0.00000	9.000
97	97	97	291	1.00	0.70	0.40	0.40	0.30	real effect	10000	10	0.00000	0.00030	0.99970	0.00000	10.000
97	97	97	291	1.00	0.70	0.40	0.40	0.30	real effect	10000	11	0.00000	0.00100	0.99900	0.00000	10.999
97	97	97	291	1.00	0.70	0.40	0.40	0.30	real effect	10000	12	0.00000	0.00100	0.99900	0.00000	11.998
97	97	97	291	1.00	0.70	0.40	0.40	0.30	real effect	10000	13	0.00000	0.00110	0.99890	0.00000	12.997
97	97	97	291	1.00	0.70	0.40	0.40	0.30	real effect	10000	14	0.00000	0.00110	0.99890	0.00000	13.996
97	97	97	291	1.00	0.70	0.40	0.40	0.30	real effect	10000	15	0.00000	0.00120	0.99880	0.00000	14.995
97	97	97	291	1.00	0.70	0.40	0.40	0.30	real effect	10000	16	0.00000	0.00120	0.99880	0.00000	15.994
97	97	97	291	1.00	0.70	0.40	0.40	0.30	real effect	10000	17	0.00000	0.00130	0.99870	0.00000	16.993
97	97	97	291	1.00	0.70	0.40	0.40	0.30	real effect	10000	18	0.00000	0.00150	0.99850	0.00000	17.991
97	97	97	291	1.00	0.70	0.40	0.40	0.30	real effect	10000	19	0.00000	0.00160	0.99840	0.00000	18.990
97	97	97	291	1.00	0.70	0.40	0.40	0.30	real effect	10000	20	0.00000	0.00180	0.99820	0.00000	19.988
97	97	97	291	1.00	0.70	0.40	0.40	0.30	real effect	10000	21	0.00000	0.00190	0.99810	0.00000	20.987
97	97	97	291	1.00	0.70	0.40	0.40	0.30	real effect	10000	22	0.00000	0.00200	0.99800	0.00000	21.985
97	97	97	291	1.00	0.70	0.40	0.40	0.30	real effect	10000	23	0.00000	0.00200	0.99800	0.00000	22.983
97	97	97	291	1.00	0.70	0.40	0.40	0.30	real effect	10000	24	0.00000	0.00200	0.99800	0.00000	23.981
97	97	97	291	1.00	0.70	0.40	0.40	0.30	real effect	10000	25	0.00000	0.00200	0.99800	0.00000	24.979
97	97	97	291	1.00	0.70	0.40	0.40	0.30	real effect	10000	26	0.00000	0.00200	0.99800	0.00000	25.977
97	97	97	291	1.00	0.70	0.40	0.40	0.30	real effect	10000	27	0.00000	0.00200	0.99800	0.00000	26.975
97	97	97	291	1.00	0.70	0.40	0.40	0.30	real effect	10000	28	0.00000	0.00200	0.99800	0.00000	27.973
97	97	97	291	1.00	0.70	0.40	0.40	0.30	real effect	10000	29	0.00000	0.00200	0.99800	0.00000	28.971
97	97	97	291	1.00	0.70	0.40	0.40	0.30	real effect	10000	30	0.00000	0.00200	0.99800	0.00000	29.969
97	97	97	291	1.00	0.70	0.40	0.40	0.30	real effect	10000	31	0.00000	0.00200	0.99800	0.00000	30.967
97	97	97	291	1.00	0.70	0.40	0.40	0.30	real effect	10000	32	0.00000	0.00200	0.99800	0.00000	31.965
97	97	97	291	1.00	0.70	0.40	0.40	0.30	real effect	10000	33	0.00000	0.00200	0.99800	0.00000	32.963
97	97	97	291	1.00	0.70	0.40	0.40	0.30	real effect	10000	34	0.00000	0.00200	0.99800	0.00000	33.961
97	97	97	291	1.00	0.70	0.40	0.40	0.30	real effect	10000	35	0.00000	0.00200	0.99800	0.00000	34.959
97	97	97	291	1.00	0.70	0.40	0.40	0.30	real effect	10000	36	0.00000	0.00200	0.99800	0.00000	35.957
97	97	97	291	1.00	0.70	0.40	0.40	0.30	real effect	10000	37	0.00000	0.00200	0.99800	0.00000	36.955
97	97	97	291	1.00	0.70	0.40	0.40	0.30	real effect	10000	38	0.00000	0.00210	0.99790	0.00000	37.953
97	97	97	291	1.00	0.70	0.40	0.40	0.30	real effect	10000	39	0.00000	0.00210	0.99790	0.00000	38.951
97	97	97	291	1.00	0.70	0.40	0.40	0.30	real effect	10000	40	0.00000	0.00210	0.99790	0.00000	39.949
97	97	97	291	1.00	0.70	0.40	0.40	0.30	real effect	10000	41	0.00000	0.00210	0.99790	0.00000	40.946
97	97	97	291	1.00	0.70	0.40	0.40	0.30	real effect	10000	42	0.00000	0.00210	0.99790	0.00000	41.944
97	97	97	291	1.00	0.70	0.40	0.40	0.30	real effect	10000	43	0.00000	0.00210	0.99790	0.00000	42.942
97	97	97	291	1.00	0.70	0.40	0.40	0.30	real effect	10000	44	0.00000	0.00210	0.99790	0.00000	43.940
97	97	97	291	1.00	0.70	0.40	0.40	0.30	real effect	10000	45	0.00010	0.00220	0.99770	0.00010	44.938
97	97	97	291	1.00	0.70	0.40	0.40	0.30	real effect	10000	46	0.00010	0.00230	0.99760	0.00010	45.936
97	97	97	291	1.00	0.70	0.40	0.40	0.30	real effect	10000	47	0.00020	0.00240	0.99740	0.00014	46.933
97	97	97	291	1.00	0.70	0.40	0.40	0.30	real effect	10000	48	0.00030	0.00240	0.99730	0.00017	47.931
97	97	97	291	1.00	0.70	0.40	0.40	0.30	real effect	10000	49	0.00030	0.00240	0.99730	0.00017	48.928
97	97	97	291	1.00	0.70	0.40	0.40	0.30	real effect	10000	50	0.00030	0.00240	0.99730	0.00017	49.925
97	97	97	291	1.00	0.70	0.40	0.40	0.30	real effect	10000	51	0.00030	0.00240	0.99730	0.00017	50.923
97	97	97	291	1.00	0.70	0.40	0.40	0.30	real effect	10000	52	0.00040	0.00240	0.99720	0.00020	51.920
97	97	97	291	1.00	0.70	0.40	0.40	0.30	real effect	10000	53	0.00040	0.00240	0.99720	0.00020	52.917
97	97	97	291	1.00	0.70	0.40	0.40	0.30	real effect	10000	54	0.00040	0.00240	0.99720	0.00020	53.914
97	97	97	291	1.00	0.70	0.40	0.40	0.30	real effect	10000	55	0.00040	0.00240	0.99720	0.00020	54.911
97	97	97	291	1.00	0.70	0.40	0.40	0.30	real effect	10000	56	0.00040	0.00240	0.99720	0.00020	55.909
97	97	97	291	1.00	0.70	0.40	0.40	0.30	real effect	10000	57	0.00040	0.00240	0.99720	0.00020	56.906
97	97	97	291	1.00	0.70	0.40	0.40	0.30	real effect	10000	58	0.00040	0.00240	0.99720	0.00020	57.903
97	97	97	291	1.00	0.70	0.40	0.40	0.30	real effect	10000	59	0.00050	0.00240	0.99710	0.00022	58.900
97	97	97	291	1.00	0.70	0.40	0.40	0.30	real effect	10000	60	0.00050	0.00240	0.99710	0.00022	59.897
97	97	97	291	1.00	0.70	0.40	0.40	0.30	real effect	10000	61	0.00060	0.00240	0.99700	0.00024	60.895
97	97	97	291	1.00	0.70	0.40	0.40	0.30	real effect	10000	62	0.00060	0.00240	0.99700	0.00024	61.892
97	97	97	291	1.00	0.70	0.40	0.40	0.30	real effect	10000	63	0.00060	0.00240	0.99700	0.00024	62.889
97	97	97	291	1.00	0.70	0.40	0.40	0.30	real effect	10000	64	0.00060	0.00240	0.99700	0.00024	63.886
97	97	97	291	1.00	0.70	0.40	0.40	0.30	real effect	10000	65	0.00060	0.00240	0.99700	0.00024	64.882
97	97	97	291	1.00	0.70	0.40	0.40	0.30	real effect	10000	66	0.00060	0.00240	0.99700	0.00024	65.879
97	97	97	291	1.00	0.70	0.40	0.40	0.30	real effect	10000	67	0.00060	0.00240	0.99700	0.00024	66.876
97	97	97	291	1.00	0.70	0.40	0.40	0.30	real effect	10000	68	0.00060	0.00240	0.99700	0.00024	67.874
97	97	97	291	1.00	0.70	0.40	0.40	0.30	real effect	10000	69	0.00060	0.00240	0.99700	0.00024	68.871
97	97	97	291	1.00	0.70	0.40	0.40	0.30	real effect	10000	70	0.00060	0.00240	0.99700	0.00024	69.868
97	97	97	291	1.00	0.70	0.40	0.40	0.30	real effect	10000	71	0.00060	0.00240	0.99700	0.00024	70.865
97	97	97	291	1.00	0.70	0.40	0.40	0.30	real effect	10000	72	0.00060	0.00240	0.99700	0.00024	71.862
97	97	97	291	1.00	0.70	0.40	0.40	0.30	real effect	10000	73	0.00060	0.00240	0.99700	0.00024	72.859
97	97	97	291	1.00	0.70	0.40	0.40	0.30	real effect	10000	74	0.00060	0.00240	0.99700	0.00024	73.856
97	97	97	291	1.00	0.70	0.40	0.40	0.30	real effect	10000	75	0.00060	0.00240	0.99700	0.00024	74.853
97	97	97	291	1.00	0.70	0.40	0.40	0.30	real effect	10000	76	0.00060	0.00240	0.99700	0.00024	75.850
97	97	97	291	1.00	0.70	0.40	0.40	0.30	real effect	10000	77	0.00060	0.00250	0.99690	0.00024	76.847
97	97	97	291	1.00	0.70	0.40	0.40	0.30	real effect	10000	78	0.00070	0.00250	0.99680	0.00026	77.843
97	97	97	291	1.00	0.70	0.40	0.40	0.30	real effect	10000	79	0.00070	0.00250	0.99680	0.00026	78.840
97	97	97	291	1.00	0.70	0.40	0.40	0.30	real effect	10000	80	0.00080	0.00250	0.99670	0.00028	79.837
97	97	97	291	1.00	0.70	0.40	0.40	0.30	real effect	10000	81	0.00080	0.00250	0.99670	0.00028	80.834
97	97	97	291	1.00	0.70	0.40	0.40	0.30	real effect	10000	82	0.00080	0.00250	0.99670	0.00028	81.830
97	97	97	291	1.00	0.70	0.40	0.40	0.30	real effect	10000	83	0.00090	0.00250	0.99660	0.00030	82.827
97	97	97	291	1.00	0.70	0.40	0.40	0.30	real effect	10000	84	0.00090	0.00250	0.99660	0.00030	83.824
97	97	97	291	1.00	0.70	0.40	0.40	0.30	real effect	10000	85	0.00090	0.00250	0.99660	0.00030	84.820
97	97	97	291	1.00	0.70	0.40	0.40	0.30	real effect	10000	86	0.00100	0.00250	0.99650	0.00032	85.817
97	97	97	291	1.00	0.70	0.40	0.40	0.30	real effect	10000	87	0.00110	0.00250	0.99640	0.00033	86.813
97	97	97	291	1.00	0.70	0.40	0.40	0.30	real effect	10000	88	0.00110	0.00250	0.99640	0.00033	87.810
97	97	97	291	1.00	0.70	0.40	0.40	0.30	real effect	10000	89	0.00110	0.00250	0.99640	0.00033	88.806
97	97	97	291	1.00	0.70	0.40	0.40	0.30	real effect	10000	90	0.00130	0.00250	0.99620	0.00036	89.803
97	97	97	291	1.00	0.70	0.40	0.40	0.30	real effect	10000	91	0.00130	0.00250	0.99620	0.00036	90.799
97	97	97	291	1.00	0.70	0.40	0.40	0.30	real effect	10000	92	0.00130	0.00250	0.99620	0.00036	91.795
97	97	97	291	1.00	0.70	0.40	0.40	0.30	real effect	10000	93	0.00150	0.00250	0.99600	0.00039	92.791
97	97	97	291	1.00	0.70	0.40	0.40	0.30	real effect	10000	94	0.00150	0.00250	0.99600	0.00039	93.787
97	97	97	291	1.00	0.70	0.40	0.40	0.30	real effect	10000	95	0.00150	0.00250	0.99600	0.00039	94.783
97	97	97	291	1.00	0.70	0.40	0.40	0.30	real effect	10000	96	0.00150	0.00250	0.99600	0.00039	95.779
97	97	97	291	1.00	0.70	0.40	0.40	0.30	real effect	10000	97	0.00150	0.00250	0.99600	0.00039	96.775
97	97	97	291	1.00	0.75	0.40	0.40	0.35	real effect	10000	1	0.00000	0.00000	1.00000	0.00000	1.000
97	97	97	291	1.00	0.75	0.40	0.40	0.35	real effect	10000	2	0.00000	0.00000	1.00000	0.00000	2.000
97	97	97	291	1.00	0.75	0.40	0.40	0.35	real effect	10000	3	0.00000	0.00000	1.00000	0.00000	3.000
97	97	97	291	1.00	0.75	0.40	0.40	0.35	real effect	10000	4	0.00000	0.00000	1.00000	0.00000	4.000
97	97	97	291	1.00	0.75	0.40	0.40	0.35	real effect	10000	5	0.00000	0.00000	1.00000	0.00000	5.000
97	97	97	291	1.00	0.75	0.40	0.40	0.35	real effect	10000	6	0.00000	0.00000	1.00000	0.00000	6.000
97	97	97	291	1.00	0.75	0.40	0.40	0.35	real effect	10000	7	0.00000	0.00010	0.99990	0.00000	7.000
97	97	97	291	1.00	0.75	0.40	0.40	0.35	real effect	10000	8	0.00000	0.00020	0.99980	0.00000	8.000
97	97	97	291	1.00	0.75	0.40	0.40	0.35	real effect	10000	9	0.00000	0.00020	0.99980	0.00000	9.000
97	97	97	291	1.00	0.75	0.40	0.40	0.35	real effect	10000	10	0.00000	0.00020	0.99980	0.00000	9.999
97	97	97	291	1.00	0.75	0.40	0.40	0.35	real effect	10000	11	0.00000	0.00030	0.99970	0.00000	10.999
97	97	97	291	1.00	0.75	0.40	0.40	0.35	real effect	10000	12	0.00000	0.00030	0.99970	0.00000	11.999
97	97	97	291	1.00	0.75	0.40	0.40	0.35	real effect	10000	13	0.00000	0.00030	0.99970	0.00000	12.999
97	97	97	291	1.00	0.75	0.40	0.40	0.35	real effect	10000	14	0.00000	0.00050	0.99950	0.00000	13.998
97	97	97	291	1.00	0.75	0.40	0.40	0.35	real effect	10000	15	0.00000	0.00050	0.99950	0.00000	14.998
97	97	97	291	1.00	0.75	0.40	0.40	0.35	real effect	10000	16	0.00000	0.00050	0.99950	0.00000	15.997
97	97	97	291	1.00	0.75	0.40	0.40	0.35	real effect	10000	17	0.00000	0.00060	0.99940	0.00000	16.997
97	97	97	291	1.00	0.75	0.40	0.40	0.35	real effect	10000	18	0.00000	0.00070	0.99930	0.00000	17.996
97	97	97	291	1.00	0.75	0.40	0.40	0.35	real effect	10000	19	0.00000	0.00080	0.99920	0.00000	18.996
97	97	97	291	1.00	0.75	0.40	0.40	0.35	real effect	10000	20	0.00000	0.00080	0.99920	0.00000	19.995
97	97	97	291	1.00	0.75	0.40	0.40	0.35	real effect	10000	21	0.00000	0.00080	0.99920	0.00000	20.994
97	97	97	291	1.00	0.75	0.40	0.40	0.35	real effect	10000	22	0.00000	0.00080	0.99920	0.00000	21.993
97	97	97	291	1.00	0.75	0.40	0.40	0.35	real effect	10000	23	0.00000	0.00080	0.99920	0.00000	22.992
97	97	97	291	1.00	0.75	0.40	0.40	0.35	real effect	10000	24	0.00000	0.00080	0.99920	0.00000	23.992
97	97	97	291	1.00	0.75	0.40	0.40	0.35	real effect	10000	25	0.00000	0.00080	0.99920	0.00000	24.991
97	97	97	291	1.00	0.75	0.40	0.40	0.35	real effect	10000	26	0.00010	0.00080	0.99910	0.00010	25.990
97	97	97	291	1.00	0.75	0.40	0.40	0.35	real effect	10000	27	0.00010	0.00080	0.99910	0.00010	26.989
97	97	97	291	1.00	0.75	0.40	0.40	0.35	real effect	10000	28	0.00010	0.00080	0.99910	0.00010	27.988
97	97	97	291	1.00	0.75	0.40	0.40	0.35	real effect	10000	29	0.00020	0.00080	0.99900	0.00014	28.987
97	97	97	291	1.00	0.75	0.40	0.40	0.35	real effect	10000	30	0.00030	0.00080	0.99890	0.00017	29.986
97	97	97	291	1.00	0.75	0.40	0.40	0.35	real effect	10000	31	0.00040	0.00080	0.99880	0.00020	30.985
97	97	97	291	1.00	0.75	0.40	0.40	0.35	real effect	10000	32	0.00040	0.00080	0.99880	0.00020	31.984
97	97	97	291	1.00	0.75	0.40	0.40	0.35	real effect	10000	33	0.00040	0.00080	0.99880	0.00020	32.983
97	97	97	291	1.00	0.75	0.40	0.40	0.35	real effect	10000	34	0.00040	0.00080	0.99880	0.00020	33.982
97	97	97	291	1.00	0.75	0.40	0.40	0.35	real effect	10000	35	0.00040	0.00080	0.99880	0.00020	34.980
97	97	97	291	1.00	0.75	0.40	0.40	0.35	real effect	10000	36	0.00050	0.00080	0.99870	0.00022	35.979
97	97	97	291	1.00	0.75	0.40	0.40	0.35	real effect	10000	37	0.00050	0.00080	0.99870	0.00022	36.978
97	97	97	291	1.00	0.75	0.40	0.40	0.35	real effect	10000	38	0.00070	0.00080	0.99850	0.00026	37.977
97	97	97	291	1.00	0.75	0.40	0.40	0.35	real effect	10000	39	0.00080	0.00080	0.99840	0.00028	38.975
97	97	97	291	1.00	0.75	0.40	0.40	0.35	real effect	10000	40	0.00100	0.00080	0.99820	0.00032	39.974
97	97	97	291	1.00	0.75	0.40	0.40	0.35	real effect	10000	41	0.00120	0.00080	0.99800	0.00035	40.972
97	97	97	291	1.00	0.75	0.40	0.40	0.35	real effect	10000	42	0.00130	0.00080	0.99790	0.00036	41.970
97	97	97	291	1.00	0.75	0.40	0.40	0.35	real effect	10000	43	0.00150	0.00080	0.99770	0.00039	42.968
97	97	97	291	1.00	0.75	0.40	0.40	0.35	real effect	10000	44	0.00160	0.00080	0.99760	0.00040	43.965
97	97	97	291	1.00	0.75	0.40	0.40	0.35	real effect	10000	45	0.00170	0.00080	0.99750	0.00041	44.963
97	97	97	291	1.00	0.75	0.40	0.40	0.35	real effect	10000	46	0.00180	0.00080	0.99740	0.00042	45.960
97	97	97	291	1.00	0.75	0.40	0.40	0.35	real effect	10000	47	0.00180	0.00080	0.99740	0.00042	46.958
97	97	97	291	1.00	0.75	0.40	0.40	0.35	real effect	10000	48	0.00180	0.00080	0.99740	0.00042	47.955
97	97	97	291	1.00	0.75	0.40	0.40	0.35	real effect	10000	49	0.00190	0.00080	0.99730	0.00044	48.953
97	97	97	291	1.00	0.75	0.40	0.40	0.35	real effect	10000	50	0.00210	0.00080	0.99710	0.00046	49.950
97	97	97	291	1.00	0.75	0.40	0.40	0.35	real effect	10000	51	0.00210	0.00080	0.99710	0.00046	50.947
97	97	97	291	1.00	0.75	0.40	0.40	0.35	real effect	10000	52	0.00230	0.00080	0.99690	0.00048	51.944
97	97	97	291	1.00	0.75	0.40	0.40	0.35	real effect	10000	53	0.00260	0.00080	0.99660	0.00051	52.941
97	97	97	291	1.00	0.75	0.40	0.40	0.35	real effect	10000	54	0.00260	0.00080	0.99660	0.00051	53.938
97	97	97	291	1.00	0.75	0.40	0.40	0.35	real effect	10000	55	0.00290	0.00080	0.99630	0.00054	54.934
97	97	97	291	1.00	0.75	0.40	0.40	0.35	real effect	10000	56	0.00300	0.00080	0.99620	0.00055	55.931
97	97	97	291	1.00	0.75	0.40	0.40	0.35	real effect	10000	57	0.00300	0.00080	0.99620	0.00055	56.927
97	97	97	291	1.00	0.75	0.40	0.40	0.35	real effect	10000	58	0.00330	0.00080	0.99590	0.00057	57.923
97	97	97	291	1.00	0.75	0.40	0.40	0.35	real effect	10000	59	0.00340	0.00080	0.99580	0.00058	58.919
97	97	97	291	1.00	0.75	0.40	0.40	0.35	real effect	10000	60	0.00360	0.00080	0.99560	0.00060	59.915
97	97	97	291	1.00	0.75	0.40	0.40	0.35	real effect	10000	61	0.00370	0.00090	0.99540	0.00061	60.910
97	97	97	291	1.00	0.75	0.40	0.40	0.35	real effect	10000	62	0.00390	0.00090	0.99520	0.00062	61.906
97	97	97	291	1.00	0.75	0.40	0.40	0.35	real effect	10000	63	0.00410	0.00090	0.99500	0.00064	62.901
97	97	97	291	1.00	0.75	0.40	0.40	0.35	real effect	10000	64	0.00440	0.00090	0.99470	0.00066	63.896
97	97	97	291	1.00	0.75	0.40	0.40	0.35	real effect	10000	65	0.00480	0.00090	0.99430	0.00069	64.891
97	97	97	291	1.00	0.75	0.40	0.40	0.35	real effect	10000	66	0.00480	0.00090	0.99430	0.00069	65.885
97	97	97	291	1.00	0.75	0.40	0.40	0.35	real effect	10000	67	0.00510	0.00090	0.99400	0.00071	66.879
97	97	97	291	1.00	0.75	0.40	0.40	0.35	real effect	10000	68	0.00520	0.00090	0.99390	0.00072	67.873
97	97	97	291	1.00	0.75	0.40	0.40	0.35	real effect	10000	69	0.00540	0.00090	0.99370	0.00073	68.867
97	97	97	291	1.00	0.75	0.40	0.40	0.35	real effect	10000	70	0.00550	0.00090	0.99360	0.00074	69.861
97	97	97	291	1.00	0.75	0.40	0.40	0.35	real effect	10000	71	0.00580	0.00090	0.99330	0.00076	70.854
97	97	97	291	1.00	0.75	0.40	0.40	0.35	real effect	10000	72	0.00590	0.00090	0.99320	0.00077	71.848
97	97	97	291	1.00	0.75	0.40	0.40	0.35	real effect	10000	73	0.00620	0.00090	0.99290	0.00078	72.841
97	97	97	291	1.00	0.75	0.40	0.40	0.35	real effect	10000	74	0.00620	0.00090	0.99290	0.00078	73.834
97	97	97	291	1.00	0.75	0.40	0.40	0.35	real effect	10000	75	0.00630	0.00090	0.99280	0.00079	74.827
97	97	97	291	1.00	0.75	0.40	0.40	0.35	real effect	10000	76	0.00630	0.00090	0.99280	0.00079	75.819
97	97	97	291	1.00	0.75	0.40	0.40	0.35	real effect	10000	77	0.00650	0.00090	0.99260	0.00080	76.812
97	97	97	291	1.00	0.75	0.40	0.40	0.35	real effect	10000	78	0.00650	0.00090	0.99260	0.00080	77.805
97	97	97	291	1.00	0.75	0.40	0.40	0.35	real effect	10000	79	0.00650	0.00090	0.99260	0.00080	78.797
97	97	97	291	1.00	0.75	0.40	0.40	0.35	real effect	10000	80	0.00650	0.00090	0.99260	0.00080	79.790
97	97	97	291	1.00	0.75	0.40	0.40	0.35	real effect	10000	81	0.00680	0.00090	0.99230	0.00082	80.783
97	97	97	291	1.00	0.75	0.40	0.40	0.35	real effect	10000	82	0.00730	0.00090	0.99180	0.00085	81.775
97	97	97	291	1.00	0.75	0.40	0.40	0.35	real effect	10000	83	0.00760	0.00090	0.99150	0.00087	82.767
97	97	97	291	1.00	0.75	0.40	0.40	0.35	real effect	10000	84	0.00780	0.00090	0.99130	0.00088	83.758
97	97	97	291	1.00	0.75	0.40	0.40	0.35	real effect	10000	85	0.00790	0.00090	0.99120	0.00089	84.749
97	97	97	291	1.00	0.75	0.40	0.40	0.35	real effect	10000	86	0.00800	0.00090	0.99110	0.00089	85.741
97	97	97	291	1.00	0.75	0.40	0.40	0.35	real effect	10000	87	0.00810	0.00090	0.99100	0.00090	86.732
97	97	97	291	1.00	0.75	0.40	0.40	0.35	real effect	10000	88	0.00820	0.00090	0.99090	0.00090	87.723
97	97	97	291	1.00	0.75	0.40	0.40	0.35	real effect	10000	89	0.00840	0.00090	0.99070	0.00091	88.714
97	97	97	291	1.00	0.75	0.40	0.40	0.35	real effect	10000	90	0.00850	0.00090	0.99060	0.00092	89.704
97	97	97	291	1.00	0.75	0.40	0.40	0.35	real effect	10000	91	0.00880	0.00090	0.99030	0.00093	90.695
97	97	97	291	1.00	0.75	0.40	0.40	0.35	real effect	10000	92	0.00900	0.00090	0.99010	0.00094	91.685
97	97	97	291	1.00	0.75	0.40	0.40	0.35	real effect	10000	93	0.00960	0.00090	0.98950	0.00098	92.675
97	97	97	291	1.00	0.75	0.40	0.40	0.35	real effect	10000	94	0.00960	0.00090	0.98950	0.00098	93.665
97	97	97	291	1.00	0.75	0.40	0.40	0.35	real effect	10000	95	0.00970	0.00090	0.98940	0.00098	94.654
97	97	97	291	1.00	0.75	0.40	0.40	0.35	real effect	10000	96	0.00990	0.00090	0.98920	0.00099	95.644
97	97	97	291	1.00	0.75	0.40	0.40	0.35	real effect	10000	97	0.01030	0.00090	0.98880	0.00101	96.633
97	97	97	291	1.00	0.80	0.40	0.40	0.40	real effect	10000	1	0.00000	0.00000	1.00000	0.00000	1.000
97	97	97	291	1.00	0.80	0.40	0.40	0.40	real effect	10000	2	0.00000	0.00000	1.00000	0.00000	2.000
97	97	97	291	1.00	0.80	0.40	0.40	0.40	real effect	10000	3	0.00000	0.00000	1.00000	0.00000	3.000
97	97	97	291	1.00	0.80	0.40	0.40	0.40	real effect	10000	4	0.00000	0.00000	1.00000	0.00000	4.000
97	97	97	291	1.00	0.80	0.40	0.40	0.40	real effect	10000	5	0.00000	0.00000	1.00000	0.00000	5.000
97	97	97	291	1.00	0.80	0.40	0.40	0.40	real effect	10000	6	0.00000	0.00000	1.00000	0.00000	6.000
97	97	97	291	1.00	0.80	0.40	0.40	0.40	real effect	10000	7	0.00000	0.00000	1.00000	0.00000	7.000
97	97	97	291	1.00	0.80	0.40	0.40	0.40	real effect	10000	8	0.00000	0.00000	1.00000	0.00000	8.000
97	97	97	291	1.00	0.80	0.40	0.40	0.40	real effect	10000	9	0.00000	0.00000	1.00000	0.00000	9.000
97	97	97	291	1.00	0.80	0.40	0.40	0.40	real effect	10000	10	0.00000	0.00000	1.00000	0.00000	10.000
97	97	97	291	1.00	0.80	0.40	0.40	0.40	real effect	10000	11	0.00000	0.00000	1.00000	0.00000	11.000
97	97	97	291	1.00	0.80	0.40	0.40	0.40	real effect	10000	12	0.00000	0.00000	1.00000	0.00000	12.000
97	97	97	291	1.00	0.80	0.40	0.40	0.40	real effect	10000	13	0.00000	0.00000	1.00000	0.00000	13.000
97	97	97	291	1.00	0.80	0.40	0.40	0.40	real effect	10000	14	0.00000	0.00000	1.00000	0.00000	14.000
97	97	97	291	1.00	0.80	0.40	0.40	0.40	real effect	10000	15	0.00000	0.00000	1.00000	0.00000	15.000
97	97	97	291	1.00	0.80	0.40	0.40	0.40	real effect	10000	16	0.00000	0.00000	1.00000	0.00000	16.000
97	97	97	291	1.00	0.80	0.40	0.40	0.40	real effect	10000	17	0.00000	0.00000	1.00000	0.00000	17.000
97	97	97	291	1.00	0.80	0.40	0.40	0.40	real effect	10000	18	0.00000	0.00000	1.00000	0.00000	18.000
97	97	97	291	1.00	0.80	0.40	0.40	0.40	real effect	10000	19	0.00000	0.00000	1.00000	0.00000	19.000
97	97	97	291	1.00	0.80	0.40	0.40	0.40	real effect	10000	20	0.00000	0.00000	1.00000	0.00000	20.000
97	97	97	291	1.00	0.80	0.40	0.40	0.40	real effect	10000	21	0.00000	0.00000	1.00000	0.00000	21.000
97	97	97	291	1.00	0.80	0.40	0.40	0.40	real effect	10000	22	0.00000	0.00000	1.00000	0.00000	22.000
97	97	97	291	1.00	0.80	0.40	0.40	0.40	real effect	10000	23	0.00000	0.00000	1.00000	0.00000	23.000
97	97	97	291	1.00	0.80	0.40	0.40	0.40	real effect	10000	24	0.00000	0.00010	0.99990	0.00000	24.000
97	97	97	291	1.00	0.80	0.40	0.40	0.40	real effect	10000	25	0.00010	0.00010	0.99980	0.00010	25.000
97	97	97	291	1.00	0.80	0.40	0.40	0.40	real effect	10000	26	0.00010	0.00010	0.99980	0.00010	26.000
97	97	97	291	1.00	0.80	0.40	0.40	0.40	real effect	10000	27	0.00010	0.00020	0.99970	0.00010	27.000
97	97	97	291	1.00	0.80	0.40	0.40	0.40	real effect	10000	28	0.00050	0.00020	0.99930	0.00022	27.999
97	97	97	291	1.00	0.80	0.40	0.40	0.40	real effect	10000	29	0.00070	0.00020	0.99910	0.00026	28.998
97	97	97	291	1.00	0.80	0.40	0.40	0.40	real effect	10000	30	0.00080	0.00020	0.99900	0.00028	29.998
97	97	97	291	1.00	0.80	0.40	0.40	0.40	real effect	10000	31	0.00110	0.00020	0.99870	0.00033	30.997
97	97	97	291	1.00	0.80	0.40	0.40	0.40	real effect	10000	32	0.00120	0.00020	0.99860	0.00035	31.995
97	97	97	291	1.00	0.80	0.40	0.40	0.40	real effect	10000	33	0.00170	0.00020	0.99810	0.00041	32.994
97	97	97	291	1.00	0.80	0.40	0.40	0.40	real effect	10000	34	0.00200	0.00020	0.99780	0.00045	33.992
97	97	97	291	1.00	0.80	0.40	0.40	0.40	real effect	10000	35	0.00210	0.00020	0.99770	0.00046	34.990
97	97	97	291	1.00	0.80	0.40	0.40	0.40	real effect	10000	36	0.00230	0.00020	0.99750	0.00048	35.987
97	97	97	291	1.00	0.80	0.40	0.40	0.40	real effect	10000	37	0.00230	0.00020	0.99750	0.00048	36.985
97	97	97	291	1.00	0.80	0.40	0.40	0.40	real effect	10000	38	0.00290	0.00020	0.99690	0.00054	37.983
97	97	97	291	1.00	0.80	0.40	0.40	0.40	real effect	10000	39	0.00350	0.00020	0.99630	0.00059	38.979
97	97	97	291	1.00	0.80	0.40	0.40	0.40	real effect	10000	40	0.00400	0.00020	0.99580	0.00063	39.976
97	97	97	291	1.00	0.80	0.40	0.40	0.40	real effect	10000	41	0.00440	0.00020	0.99540	0.00066	40.971
97	97	97	291	1.00	0.80	0.40	0.40	0.40	real effect	10000	42	0.00500	0.00020	0.99480	0.00071	41.967
97	97	97	291	1.00	0.80	0.40	0.40	0.40	real effect	10000	43	0.00510	0.00020	0.99470	0.00071	42.962
97	97	97	291	1.00	0.80	0.40	0.40	0.40	real effect	10000	44	0.00570	0.00020	0.99410	0.00075	43.956
97	97	97	291	1.00	0.80	0.40	0.40	0.40	real effect	10000	45	0.00610	0.00020	0.99370	0.00078	44.950
97	97	97	291	1.00	0.80	0.40	0.40	0.40	real effect	10000	46	0.00690	0.00020	0.99290	0.00083	45.944
97	97	97	291	1.00	0.80	0.40	0.40	0.40	real effect	10000	47	0.00740	0.00020	0.99240	0.00086	46.937
97	97	97	291	1.00	0.80	0.40	0.40	0.40	real effect	10000	48	0.00760	0.00020	0.99220	0.00087	47.929
97	97	97	291	1.00	0.80	0.40	0.40	0.40	real effect	10000	49	0.00810	0.00020	0.99170	0.00090	48.922
97	97	97	291	1.00	0.80	0.40	0.40	0.40	real effect	10000	50	0.00900	0.00020	0.99080	0.00094	49.913
97	97	97	291	1.00	0.80	0.40	0.40	0.40	real effect	10000	51	0.00980	0.00020	0.99000	0.00099	50.904
97	97	97	291	1.00	0.80	0.40	0.40	0.40	real effect	10000	52	0.01050	0.00020	0.98930	0.00102	51.894
97	97	97	291	1.00	0.80	0.40	0.40	0.40	real effect	10000	53	0.01110	0.00020	0.98870	0.00105	52.883
97	97	97	291	1.00	0.80	0.40	0.40	0.40	real effect	10000	54	0.01160	0.00020	0.98820	0.00107	53.872
97	97	97	291	1.00	0.80	0.40	0.40	0.40	real effect	10000	55	0.01250	0.00020	0.98730	0.00111	54.860
97	97	97	291	1.00	0.80	0.40	0.40	0.40	real effect	10000	56	0.01290	0.00020	0.98690	0.00113	55.848
97	97	97	291	1.00	0.80	0.40	0.40	0.40	real effect	10000	57	0.01360	0.00020	0.98620	0.00116	56.835
97	97	97	291	1.00	0.80	0.40	0.40	0.40	real effect	10000	58	0.01460	0.00020	0.98520	0.00120	57.821
97	97	97	291	1.00	0.80	0.40	0.40	0.40	real effect	10000	59	0.01520	0.00020	0.98460	0.00122	58.806
97	97	97	291	1.00	0.80	0.40	0.40	0.40	real effect	10000	60	0.01670	0.00020	0.98310	0.00128	59.791
97	97	97	291	1.00	0.80	0.40	0.40	0.40	real effect	10000	61	0.01770	0.00020	0.98210	0.00132	60.774
97	97	97	291	1.00	0.80	0.40	0.40	0.40	real effect	10000	62	0.01850	0.00020	0.98130	0.00135	61.756
97	97	97	291	1.00	0.80	0.40	0.40	0.40	real effect	10000	63	0.01940	0.00020	0.98040	0.00138	62.737
97	97	97	291	1.00	0.80	0.40	0.40	0.40	real effect	10000	64	0.02020	0.00020	0.97960	0.00141	63.718
97	97	97	291	1.00	0.80	0.40	0.40	0.40	real effect	10000	65	0.02130	0.00020	0.97850	0.00144	64.697
97	97	97	291	1.00	0.80	0.40	0.40	0.40	real effect	10000	66	0.02220	0.00020	0.97760	0.00147	65.676
97	97	97	291	1.00	0.80	0.40	0.40	0.40	real effect	10000	67	0.02350	0.00020	0.97630	0.00151	66.653
97	97	97	291	1.00	0.80	0.40	0.40	0.40	real effect	10000	68	0.02430	0.00020	0.97550	0.00154	67.629
97	97	97	291	1.00	0.80	0.40	0.40	0.40	real effect	10000	69	0.02510	0.00020	0.97470	0.00156	68.605
97	97	97	291	1.00	0.80	0.40	0.40	0.40	real effect	10000	70	0.02650	0.00020	0.97330	0.00161	69.580
97	97	97	291	1.00	0.80	0.40	0.40	0.40	real effect	10000	71	0.02770	0.00020	0.97210	0.00164	70.553
97	97	97	291	1.00	0.80	0.40	0.40	0.40	real effect	10000	72	0.02850	0.00020	0.97130	0.00166	71.525
97	97	97	291	1.00	0.80	0.40	0.40	0.40	real effect	10000	73	0.02940	0.00020	0.97040	0.00169	72.496
97	97	97	291	1.00	0.80	0.40	0.40	0.40	real effect	10000	74	0.03020	0.00020	0.96960	0.00171	73.467
97	97	97	291	1.00	0.80	0.40	0.40	0.40	real effect	10000	75	0.03140	0.00020	0.96840	0.00174	74.436
97	97	97	291	1.00	0.80	0.40	0.40	0.40	real effect	10000	76	0.03260	0.00020	0.96720	0.00178	75.405
97	97	97	291	1.00	0.80	0.40	0.40	0.40	real effect	10000	77	0.03400	0.00020	0.96580	0.00181	76.372
97	97	97	291	1.00	0.80	0.40	0.40	0.40	real effect	10000	78	0.03490	0.00020	0.96490	0.00184	77.338
97	97	97	291	1.00	0.80	0.40	0.40	0.40	real effect	10000	79	0.03650	0.00020	0.96330	0.00188	78.303
97	97	97	291	1.00	0.80	0.40	0.40	0.40	real effect	10000	80	0.03700	0.00020	0.96280	0.00189	79.266
97	97	97	291	1.00	0.80	0.40	0.40	0.40	real effect	10000	81	0.03850	0.00020	0.96130	0.00192	80.229
97	97	97	291	1.00	0.80	0.40	0.40	0.40	real effect	10000	82	0.03900	0.00020	0.96080	0.00194	81.190
97	97	97	291	1.00	0.80	0.40	0.40	0.40	real effect	10000	83	0.04120	0.00020	0.95860	0.00199	82.151
97	97	97	291	1.00	0.80	0.40	0.40	0.40	real effect	10000	84	0.04210	0.00020	0.95770	0.00201	83.109
97	97	97	291	1.00	0.80	0.40	0.40	0.40	real effect	10000	85	0.04310	0.00020	0.95670	0.00203	84.067
97	97	97	291	1.00	0.80	0.40	0.40	0.40	real effect	10000	86	0.04450	0.00020	0.95530	0.00206	85.024
97	97	97	291	1.00	0.80	0.40	0.40	0.40	real effect	10000	87	0.04570	0.00020	0.95410	0.00209	85.979
97	97	97	291	1.00	0.80	0.40	0.40	0.40	real effect	10000	88	0.04810	0.00020	0.95170	0.00214	86.933
97	97	97	291	1.00	0.80	0.40	0.40	0.40	real effect	10000	89	0.04970	0.00020	0.95010	0.00217	87.885
97	97	97	291	1.00	0.80	0.40	0.40	0.40	real effect	10000	90	0.05100	0.00020	0.94880	0.00220	88.835
97	97	97	291	1.00	0.80	0.40	0.40	0.40	real effect	10000	91	0.05300	0.00020	0.94680	0.00224	89.784
97	97	97	291	1.00	0.80	0.40	0.40	0.40	real effect	10000	92	0.05480	0.00020	0.94500	0.00228	90.731
97	97	97	291	1.00	0.80	0.40	0.40	0.40	real effect	10000	93	0.05630	0.00020	0.94350	0.00231	91.676
97	97	97	291	1.00	0.80	0.40	0.40	0.40	real effect	10000	94	0.05810	0.00020	0.94170	0.00234	92.619
97	97	97	291	1.00	0.80	0.40	0.40	0.40	real effect	10000	95	0.05920	0.00020	0.94060	0.00236	93.561
97	97	97	291	1.00	0.80	0.40	0.40	0.40	real effect	10000	96	0.06100	0.00020	0.93880	0.00239	94.501
97	97	97	291	1.00	0.80	0.40	0.40	0.40	real effect	10000	97	0.06320	0.00020	0.93660	0.00243	95.440
